Local AI extraction: qwen2.5:3b at http://127.0.0.1:11434
[probe] https://overpass-api.de/api/interpreter ok (probe returned 187)
run=osm_overpass_health_facilities-20260908155115 chunks=36 kinds=hospital limit=100000 budget=720min
[local-ai] Mata Anandmayee Hosiptal: extracted
[local-ai] Punjabi Hospital: extracted
[local-ai] Prakash Hospital Pvt Ltd: extracted
[local-ai] Sumitra Hospital: extracted
[local-ai] Kailash Hospital & Heart Institute: extracted
[local-ai] Mariampur Hospital: extracted
[local-ai] Tulsi Hospital: extracted
[local-ai] Maternity Home: extracted
[local-ai] Agarwal Hospital: extracted
[local-ai] Rama Krishna Mission Hospital: extracted
[local-ai] Kushinagar Clinic: extracted
[local-ai] Yashoda Super Speciality Hospital, Anand Vihar: extracted
[local-ai] Dhanvantri Jeevan Rekha Limited: extracted
[local-ai] Lala Lajpat Rai and Associate Hospital: extracted
[local-ai] Shanti Gopal Hospital: extracted
[local-ai] NMC Hospital: extracted
[local-ai] Devishiv Hospital, Lucknow: extracted
[local-ai] Bhardwaj Hospital: extracted
[local-ai] Jeevan Jyoti Hospital: extracted
[local-ai] Ojjus Hospital: extracted
[local-ai] Sri Narayan Ashram Hospital: extracted
[local-ai] Government Hospital Nandganj: extracted
[local-ai] Ramakrishna Math and Ramakrishna Mission Sevashrama: extracted
[local-ai] DWH Deoria: extracted
[local-ai] Pushpanjali Hospital and Research Centre: extracted
[checkpoint] saved 25 records
[local-ai] Accident and Emergency Hospital: extracted
[local-ai] ESI Hospital: extracted
[local-ai] Homeopathic Clinic: extracted
[local-ai] Hospital Front Gate: extracted
[local-ai] Women's Hospital: extracted
[local-ai] Ravi Hospital, Agra: extracted
[local-ai] tha agra nasri gournd: extracted
[local-ai] Vishwani Hospital: extracted
[local-ai] Ojas Hospital: extracted
[local-ai] Prabha Trauma Criticare Centre: extracted
[local-ai] Saran Hospital, Dayalbagh: extracted
[local-ai] Sarojini Nyadu Emergency Hospital: extracted
[local-ai] Vaibhav Hospital: extracted
[local-ai] Shyamlal Hospital: extracted
[local-ai] Jai Hospital: extracted
[local-ai] Amret Shri Hospitel at Tej Nager Crossing: extracted
[local-ai] Dr. Ashutosh Saxena: extracted
[local-ai] Bharadwaj Hospital: extracted
[local-ai] Ambey Hospital: extracted
[local-ai] Chehak Hospital: extracted
[local-ai] Parth Sarathi Clinic: extracted
[local-ai] Mahajan Hospital and Research Center: extracted
[local-ai] Sachakhand Hospital: extracted
[local-ai] Sparsh Malhotra Superspeciality Hospital: extracted
[local-ai] Surya hospital: extracted
[checkpoint] saved 50 records
[local-ai] Goyal City Hospital, Agra: extracted
[local-ai] Sri Krishan Hospital: extracted
[local-ai] Medical Shop: extracted
[local-ai] G.K. hospital: extracted
[local-ai] Dr. Arun Child Hospital: extracted
[local-ai] Gargi Hospital: extracted
[local-ai] Maya Hospital: extracted
[local-ai] Avadh Hospital And Heart Centre: extracted
[local-ai] wel fare: extracted
[local-ai] Sumitra Hospital: extracted
[local-ai] rail way hospital: extracted
[local-ai] Dr. Nawal Kishore Multispeciality Hospital: extracted
[local-ai] Dr. Kamlesh Tandon Hospital: extracted
[local-ai] Vardaan Hospital: extracted
[local-ai] Albatiya Hospial: extracted
[local-ai] Pluse Hospital: extracted
[local-ai] Dr. U.C. Verma: extracted
[local-ai] FH Medical College & Hospital, Etmadpur: extracted
[local-ai] National Jalma Institute for Leprosy: extracted
[local-ai] A.S. Hospital: extracted
[local-ai] Bhardwaj Hospital: extracted
[local-ai] Kotpal Hospital: extracted
[local-ai] Cloudnine Hospital: extracted
[local-ai] awasthi hospital: extracted
[local-ai] R.P.Hospital: extracted
[checkpoint] saved 75 records
[local-ai] Samvedna Hospital, Varanasi: extracted
[local-ai] Dr.N.N. Aggarwal: extracted
[local-ai] Dr. Dinesh Garg: extracted
[local-ai] Dr.Rekha Gupta: extracted
[local-ai] Aastha Hospital: extracted
[local-ai] Dr.Sunil Kohli: extracted
[local-ai] Vohra Nursing home: extracted
[local-ai] Dinesh Medical Store: extracted
[local-ai] Dr. Praveen Garg: extracted
[local-ai] Agarwal Hospital: extracted
[local-ai] GG Nursing Home: extracted
[local-ai] Sanjeevni Hospital: extracted
[local-ai] J.K. Hospital, Hathras Road: extracted
[local-ai] Ramdevi Cheritable Hospital, Jalesar Road: extracted
[local-ai] Sen Hospital: extracted
[local-ai] Pushpanjali Hospital: extracted
[local-ai] Masjid: extracted
[local-ai] Holy Public School: extracted
[local-ai] Kamayani Hospital: extracted
[local-ai] Amit Jaggi Memorial Hospital: extracted
[local-ai] Vikas Jain Hospital: extracted
[local-ai] Netra Kendra: extracted
[local-ai] Malhotra Hospital: extracted
[local-ai] Rainbow Hospital: extracted
[local-ai] Synergy Hospital: extracted
[checkpoint] saved 100 records
[local-ai] Dixit Hospital: extracted
[local-ai] Carewell Hospital: extracted
[local-ai] CHC Mauranipur: extracted
[local-ai] Priti Hospital: extracted
[local-ai] Jeevan Jyoti Hospital, Allahabad: extracted
[local-ai] St Marry Hospitals: extracted
[local-ai] Eye7 Chaudhary Eye Centre: extracted
[local-ai] Hawashpur hospital CHC: extracted
[local-ai] Dr. Atul Gupta, Physician: extracted
[local-ai] Dr. Sanjay Goel, Physician: extracted
[local-ai] Dr. Punjani: extracted
[local-ai] Prem Hospital: extracted
[local-ai] Madhu Nursing Home: extracted
[local-ai] Sumit Nursing Home: extracted
[local-ai] government hospital: extracted
[local-ai] Bhaskar Hospital: extracted
[local-ai] Saraswathi Hospital and Research Centre: extracted
[local-ai] Metro Hospital: extracted
[local-ai] Jagrani Hospital: extracted
[local-ai] Sidiaqui nursing home: extracted
[local-ai] MLB Medical College and Hospital: extracted
[local-ai] District Male Hospital Jhansi: extracted
[local-ai] Command Hospital: extracted
[local-ai] North Central Railway Divisional Hospital: extracted
[local-ai] Nirmal Hospital: extracted
[checkpoint] saved 125 records
[local-ai] Savitri Hospital: extracted
[local-ai] Goverment hospital,Didai: extracted
[local-ai] St Judes Hospital: extracted
[local-ai] Lifeline Hospital: extracted
[local-ai] Jhansi Orthopedic Hospital and Research Centre: extracted
[local-ai] Goverment Auervedic Medical College & Hospital: extracted
[local-ai] आनन्दित: extracted
[local-ai] Faculty of dental science: extracted
[local-ai] Neo Multi Speciality Hospital: extracted
[local-ai] Heritage Hospitals Ltd: extracted
[local-ai] Sushila Jaswant Rai Hospital: extracted
[local-ai] Vardan Multi Speciality Hospital: extracted
[local-ai] Jhokan Bag Hospital: extracted
[local-ai] Shifa Hospital Shahabuddinpur: extracted
[local-ai] Shanti Mangalick Hospital: extracted
[local-ai] Shrimati angoori devi hospital: extracted
[local-ai] Hospital: extracted
[local-ai] Subharti University: extracted
[local-ai] govt hosprital bhunna: extracted
[local-ai] SRI HORILAL PARWATI INTER COLLAGE BHUNNA: extracted
[local-ai] Tahir Memorial Hospital: extracted
[local-ai] Dr. Bhimrao Ambedkar Multispeciality Hospital: extracted
[local-ai] St Thomas Hospital: extracted
[local-ai] J L Rohatgi Hospital: extracted
[local-ai] Ajanta Hospital & IVF Centre: extracted
[checkpoint] saved 150 records
[local-ai] Mansarovar Eye Hospital: extracted
[local-ai] S.R.N. Hospital, M.L. N. Medical College: extracted
[local-ai] K.D. Medical College Hospital & Research Center Trauma Center: extracted
[local-ai] Star Hospital Pvt.Ltd.: extracted
[local-ai] Shakuntla Multi Speciality Hospital: extracted
[local-ai] Dr Fateh Singh Hospital: extracted
[local-ai] Bhola Hospital: extracted
[local-ai] Roop Netralaya Meerut Laser and Eye Care Center Pvt Ltd): extracted
[local-ai] Varshney Eye and Ortho Care Center: extracted
[local-ai] Shifa Eye Research Centre(Ana Eye Hospital): extracted
[local-ai] Shekhar Rastogi Eye Hospital: extracted
[local-ai] Merry Gold Hospital: extracted
[local-ai] Vaishali Maternity and Infertility Centre: extracted
[local-ai] Kailash Chand Jain Memorial Hospital: extracted
[local-ai] R.K.Sindhi Sangh Maternity Hospital: extracted
[local-ai] Sakshi Medicare: extracted
[local-ai] Dr. K. C Singhal Hospital and Research Centre: extracted
[local-ai] Ambedkar Scan Hospital (Pvt.) Ltd.: extracted
[local-ai] Ganga Childrens Hospital: extracted
[local-ai] Saxena Hospital: extracted
[local-ai] Chandra Laxmi Hospital, Maliwara Chowk: extracted
[local-ai] Sanjeevani Hospital, Gorakhpur: extracted
[local-ai] Ram Tej Hospital: extracted
[local-ai] Shantideep Heart and Lung Institute: extracted
[local-ai] Seema Hospital: extracted
[checkpoint] saved 175 records
[local-ai] Rama Medical College Hospital, Kanpur Nagar: extracted
[local-ai] Saroj Hospital and Research Centre: extracted
[local-ai] R G Hospital, Bareilly: extracted
[local-ai] Siromani Hospital: extracted
[local-ai] Shivani Hospital Pvt Ltd: extracted
[local-ai] Patel Hospital, Sant Kabir Nagar: extracted
[local-ai] Shanti Madan Hospital: extracted
[local-ai] Nav Jyoti Eye Hospital and Laser Centre: extracted
[local-ai] Shree Krishna Hospital, Ghaziabad: extracted
[local-ai] Shekhar Hospital and Research Center: extracted
[local-ai] Shekhar Hospital: extracted
[local-ai] Raj Chandra Hospital And Research Centre: extracted
[local-ai] Sanjeevani Hospital, Deoria: extracted
[local-ai] Lokpriya Hospital, Modinagar: extracted
[local-ai] Nishant Maternity And Children Hospital: extracted
[local-ai] Sadhana Hospital: extracted
[local-ai] Sadbhavna Medical and Trauma Centre: extracted
[local-ai] Khan Hospital: extracted
[local-ai] Sanjeevan Medicare: extracted
[local-ai] Sanjeevani Hospital, Aligarh: extracted
[local-ai] Nisa General and Welfare Hospital: extracted
[local-ai] Kedia Hospital: extracted
[local-ai] Khanna Eye Hospital: extracted
[local-ai] Keshlata Hospital BLY: extracted
[local-ai] Karunashray Hospital: extracted
[checkpoint] saved 200 records
[local-ai] Metro Hospital and Trauma Centre: extracted
[local-ai] New Yashlok Hospital: extracted
[local-ai] HR Hospital: extracted
[local-ai] Mittal Eye Hospital: extracted
[local-ai] K N Joshi Hospital: extracted
[local-ai] Rida Hospital: extracted
[local-ai] Dr Arti Manoj Hospital: extracted
[local-ai] Samarpit Hospital: extracted
[local-ai] Tulsi Hospitals Ltd: extracted
[local-ai] Eves Hospital: extracted
[local-ai] Lokpriya Hospital, Ghaziabad: extracted
[local-ai] Krishnalok Hospital, Unnao: extracted
[local-ai] Dr Jiyalal Memorial Hospital Pvt Ltd: extracted
[local-ai] Dwarka Hospital: extracted
[local-ai] Sunheri Devi Trauma and Maternity Centre: extracted
[local-ai] Jeevani Hospital: extracted
[local-ai] Aligarh Hospital and Maternity Centre: extracted
[local-ai] Akash Hospital: extracted
[local-ai] S.R Hospital and Diagnostic Point: extracted
[local-ai] Param Jyoti Eye Center: extracted
[local-ai] Mangalam Hospital, Meerut: extracted
[local-ai] Parth Hospital, Jaunpur: extracted
[local-ai] Shri Gangaram Memorial Hospital: extracted
[local-ai] Maa Durga Hospital and Research Center: extracted
[local-ai] Kailash Institute Of Naturopathy Ayurveda And Yoga: extracted
[checkpoint] saved 225 records
[local-ai] District Hospital: extracted
[local-ai] Anand Lok Hospital: extracted
[local-ai] Vardhman Medicare: extracted
[local-ai] Hamid Hospital: extracted
[local-ai] Shri Hari Kamal Netra Neelaym and Laser Centre: extracted
[local-ai] Mrityunjay Neuro-Ortho-Spinal-Trauma-Rehab-Maternity Centre: extracted
[local-ai] Manjusha Medical and Research Centre: extracted
[local-ai] Kadambari Hospital: extracted
[local-ai] Roshan Hospital: extracted
[local-ai] Madan Maternity and Laproscopic Surgery Centre: extracted
[local-ai] Zohra Hospital: extracted
[local-ai] Teotia Chikitshalya and Prasuti Grah: extracted
[local-ai] Muktesh Endoscopy Clinic and Hospital: extracted
[local-ai] Maa Saraswati Hospital: extracted
[local-ai] Khare Surgical Centre: extracted
[local-ai] Rishi Hospital: extracted
[local-ai] Regional Hospital, Bareilly: extracted
[local-ai] Renuka Hospital, Aligarh: extracted
[local-ai] Rehman Hospital: extracted
[local-ai] Rekha Drishti Eye Care Hospital: extracted
[local-ai] Regency Hospital: extracted
[local-ai] Real Reliance Hospital: extracted
[local-ai] Ravi Sadhana Hospital: extracted
[local-ai] Rathi Hospital - Aligarh: extracted
[local-ai] Ratandeep Hospital: extracted
[checkpoint] saved 250 records
[local-ai] Ratan Singh Hospital: extracted
[local-ai] Royal Cancer Institute and Research Centre: extracted
[local-ai] Ranjana Nursing and Maternity Home: extracted
[local-ai] Ranjana Hospital: extracted
[local-ai] Ramakrishna Mission Home Of Service: extracted
[local-ai] Hora Hospital: extracted
[local-ai] Dr.Shyama Prasad Mukherjee (Civil) Hospital: extracted
[local-ai] Vardan Children Hospital: extracted
[local-ai] Vardan Eye Hospital, Ghaziabad: extracted
[local-ai] Vardan Hospital, Ambedkar Nagar: extracted
[local-ai] Vardhaman Trauma and Infertility Pvt Ltd: extracted
[local-ai] North Star Hospital and Joint Replacement center: extracted
[local-ai] Nitin Surgical Center: extracted
[local-ai] Nishat Hospital: extracted
[local-ai] Astha Hospital: extracted
[local-ai] Rana Hospital Pvt. Ltd: extracted
[local-ai] रामकृष्ण मिशन सेवाश्रम, मथुरा: extracted
[local-ai] Singh Medical And Surgical Centre: extracted
[local-ai] Get-Well Hospital: extracted
[local-ai] Holy Cross Hospital, Ghaziabad: extracted
[local-ai] Rama Shiv Hospital: extracted
[local-ai] Rama Hospital: extracted
[local-ai] Rama Singhal Maternity Hospital: extracted
[local-ai] Rama Medical College Hospital and Research centre, Ghaziabad: extracted
[local-ai] Holistic Cure Hospital: extracted
[checkpoint] saved 275 records
[local-ai] Jeevan Jyoti Hospital, Firozabad: extracted
[local-ai] Rama Krishna Hospital, Muzaffarnagar: extracted
[local-ai] Rama Hospital, Allahabad: extracted
[local-ai] Madhav Eye Hospital: extracted
[local-ai] Sri Ram Janaki Netralaya: extracted
[local-ai] Jamea Hospital: extracted
[local-ai] Jan Kalyan Eye Hospiyal: extracted
[local-ai] Raksha Hospital and Trauma Centre: extracted
[local-ai] Krishna Heart Centre: extracted
[local-ai] Rama Hospital And Jaishipra Medical Centre - Bulandshahr: extracted
[local-ai] Rama Child Care Centre: extracted
[local-ai] Ram Sewak Kankane Hospital Pvt Ltd: extracted
[local-ai] Ashutosh Speciality Hospital And Trauma Center: extracted
[local-ai] Krishna Hospital and Trauma Centre: extracted
[local-ai] Viduraj Hospital and Child Surgery Centre: extracted
[local-ai] Geeta Hospital, Sultanpur: extracted
[local-ai] Ram Raghu Hospital: extracted
[local-ai] Geeta Eye Hospital: extracted
[local-ai] Surya Super Speciality Hospital: extracted
[local-ai] Surya Hospital: extracted
[local-ai] St Lukes Hospital: extracted
[local-ai] St Mary Hospital: extracted
[local-ai] St. Josephs Hospital, Rampur: extracted
[local-ai] Bhargava Hospital: extracted
[local-ai] Sunayan Eye Centre: extracted
[checkpoint] saved 300 records
[local-ai] Urmil Hospital, Lucknow: extracted
[local-ai] St. Catherine's Hospital: extracted
[local-ai] Avantika Hospital: extracted
[local-ai] New Shiv Raj Hospital: extracted
[local-ai] Nasir Hospital: extracted
[local-ai] Nav Jyoti Eye Hospital: extracted
[local-ai] Eye Q Super Speciality Eye Hospitals: extracted
[local-ai] Guru Kripa Jagriti Hospital And Research Centre: extracted
[local-ai] Dr. Pannalal Hospital And Research Centre Ltd. - Aligarh: extracted
[local-ai] Prakash Netralaya and Rentina Foundation: extracted
[local-ai] Gulati Eye Hospital and Medical Care Centre: extracted
[local-ai] Paliwal Eye and Retina Centre: extracted
[local-ai] Chandra Mother And Eye Care Pvt Ltd: extracted
[local-ai] Shikhar Hospital: extracted
[local-ai] Saral Krishna Hospital: extracted
[local-ai] Shri Siddhi Vinayak Hosptial: extracted
[local-ai] Mukti Mission Sewa Hospital: extracted
[local-ai] Baghel Hospital: extracted
[local-ai] Asha Hospital, Mathura: extracted
[local-ai] Ajanta Hospital and Ivf Centre Pvt. Limited: extracted
[local-ai] Santosh Hospital, Meerut: extracted
[local-ai] Jahangir Memorial Charitable Hospital: extracted
[local-ai] Meghna Hospital and Research Center: extracted
[local-ai] Maurya Hospital: extracted
[local-ai] Moolchand Sharbati Devi Hospital: extracted
[checkpoint] saved 325 records
[local-ai] Sri Krishna Hospital and Urology Centre: extracted
[local-ai] Apex Multi Speciality Hospital: extracted
[local-ai] Ganga Ram Hospital: extracted
[local-ai] Sarita Medicare and Maternity Home: extracted
[local-ai] Jain Hospital, Kanpur Nagar: extracted
[local-ai] Madnani Medicare Pvt Ltd: extracted
[local-ai] Shivam Akshayavat Hospital: extracted
[local-ai] Lifeline Hospital and Research Centre: extracted
[local-ai] Green City Hospital: extracted
[local-ai] Jamuna Sewa Sadan and Research Centre: extracted
[local-ai] Agarwal Eye Care Hospital: extracted
[local-ai] Sanmukh Hospital: extracted
[local-ai] Sharma Laser Vision Centre: extracted
[local-ai] Dewa Hospital, Jankipuram: extracted
[local-ai] Biraj Maternity and Child Care: extracted
[local-ai] Rajul Endoscopy Centre and Hospital: extracted
[local-ai] Dr. Ravi Khanna's New Born Child and Critical Care Centre -Bareilly: extracted
[local-ai] Varanasi Hospital And Medical Research Centre: extracted
[local-ai] Tc Eye Care: extracted
[local-ai] Jeevan Deep Hospital, Bhadohi: extracted
[local-ai] S R Hospital, Muzaffarnagar: extracted
[local-ai] Tandon Hospital, Kheri: extracted
[local-ai] Asha Hospital and Maternity Center: extracted
[local-ai] GREEN HOSPITAL AND TRUMA CENTER: extracted
[local-ai] Chiranjeev Hospital: extracted
[checkpoint] saved 350 records
[local-ai] Kamla Hospital and Maternity Center: extracted
[local-ai] Netra Jyoti Kendra, Faizabad: extracted
[local-ai] Sanmati Hospital, Baghpat: extracted
[local-ai] Shakuntala Hospital: extracted
[local-ai] Anoushka Hospital: extracted
[local-ai] Prabhkar Medical Centre: extracted
[local-ai] Shreya Hospital, Moradabad: extracted
[local-ai] Urmila Hospital and Trauma Center: extracted
[local-ai] Sunrise Diagnostics and Maternity Care Centre: extracted
[local-ai] Dhanwantri Tomer Hospital: extracted
[local-ai] Deoria Eye Hospital: extracted
[local-ai] Harish Hospital, Bulandshahr: extracted
[local-ai] Manipal hospital: extracted
[local-ai] Virendra Hospital, Allahabad: extracted
[local-ai] Mittal Hospital and Diagnostic Centre: extracted
[local-ai] Svasti Hospital: extracted
[local-ai] Kiran Hospital, Gonda: extracted
[local-ai] Astha Multispeciality Hospital: extracted
[local-ai] Ajay Hospital Accident Care and Surgical Hospital: extracted
[local-ai] Varun Trauma and Burn Center Pvt Ltd: extracted
[local-ai] Rajeev Gandhi Memorial Hospital and Research Centre: extracted
[local-ai] Chiranjeev Hospital and Heart Centre: extracted
[local-ai] Dwivedi Hospital: extracted
[local-ai] Nipun Hospital: extracted
[local-ai] Krishnalok Hospital, Kanpur Nagar: extracted
[checkpoint] saved 375 records
[local-ai] City Hospital and Orthopaedic and Taruma Center: extracted
[local-ai] Swati Hospital and Research Center: extracted
[local-ai] Shanti Mangalick Hospital, Shahganj: extracted
[local-ai] Janseva Hospital, Varanasi: extracted
[local-ai] Shalimar Hospital: extracted
[local-ai] Arvind Surgical and Research Centre Pvt.Ltd.: extracted
[local-ai] Kailash Eye and General Hospital: extracted
[local-ai] Dr. M.C. Agarwal Hospital and Research Centre (P) Ltd.: extracted
[local-ai] K K Hospital and Maternity Center: extracted
[local-ai] Mahsa Hospital: extracted
[local-ai] Shiv Krishna Hospital: extracted
[local-ai] K L Memorial Hospital Pvt Ltd: extracted
[local-ai] Mahanagar Hospital: extracted
[local-ai] Arunoday Hospital: extracted
[local-ai] Shrimati Champa Devi Medical Surgical And Maternity Centre - Bulandshahr: extracted
[local-ai] Sneha Hospital: extracted
[local-ai] Varuna Hospital: extracted
[local-ai] Vivek Hospital, Varanasi: extracted
[local-ai] Jagdamba Hospital: extracted
[local-ai] Nawabganj Seva Hospital: extracted
[local-ai] Vivekanand Hospital, Agra: extracted
[local-ai] Vivek Netralaya: extracted
[local-ai] Viveka Nand Hospital and Research Centre: extracted
[local-ai] Asian Vivekananda Hospital and Research Center: extracted
[local-ai] Siddharth Multi Speciality Hospital Science and Research Center: extracted
[checkpoint] saved 400 records
[local-ai] I T S Hospital: extracted
[local-ai] Jeevan Raksha Hospital: extracted
[local-ai] Huma Hospital: extracted
[local-ai] The South City Hospital and Trauma Centre: extracted
[local-ai] Sharda Hospital, Ballia: extracted
[local-ai] Govind Hospital and Research Centre: extracted
[local-ai] Sarthak Surgical Center: extracted
[local-ai] Tyagi Hospital: extracted
[local-ai] Fortune Hospital: extracted
[local-ai] Cosmos Hospital: extracted
[local-ai] Ktc's Vedanta (A Hospital And Research Centre) Kanpur Ortho And Trauma Centre Pvt Ltd: extracted
[local-ai] Maheshwari Hospital Pvt Ltd,: extracted
[local-ai] Yatharth Hospital, Gautam Buddha Nagar: extracted
[local-ai] Simhans Hospital: extracted
[local-ai] Waseem Hospital: extracted
[local-ai] Sadana Fracture and Medical Centre: extracted
[local-ai] Sankatmochan Netralaya and Dental Care: extracted
[local-ai] Navjeevan Hospital, Varanasi: extracted
[local-ai] Kundan Hospital: extracted
[local-ai] Government District Hospital, Gautam Buddha Nagar: extracted
[local-ai] Faran Hopital: extracted
[local-ai] Phoenix Hospital, Allahabad: extracted
[local-ai] Rml Mehrotra Pathology: extracted
[local-ai] Sardar Patel Hospital: extracted
[local-ai] Shivam Care Centre: extracted
[checkpoint] saved 425 records
[local-ai] Jeevan Hospital And Trauma Centre: extracted
[local-ai] Sanjay Fracture Clinic and Maternity Centre: extracted
[local-ai] Jeevan Dhara Hospital: extracted
[local-ai] Heera Lal Hospital and Heart Care Centre: extracted
[local-ai] Vedanta Hospital: extracted
[local-ai] Sun Eye Hospital And Laser Centre Pvt Ltd: extracted
[local-ai] Dr. Sarojini Singh Hospital: extracted
[local-ai] Soumya Hospital: extracted
[local-ai] Tej Bahadur Sapru Hospital: extracted
[local-ai] Nandini Medicare: extracted
[local-ai] Dewa Hospital: extracted
[local-ai] Dewan Hospital and Urology Centre: extracted
[local-ai] Dey's Hospital: extracted
[local-ai] Dhanwantare Hospital: extracted
[local-ai] Devlok Hospital: extracted
[local-ai] Precision Eye Care: extracted
[local-ai] Dharam Dutt City Hospital: extracted
[local-ai] Sudarshan Hospital: extracted
[local-ai] Priya Hospital, Agra: extracted
[local-ai] Prem Dharam Hospital and Diagnostics: extracted
[local-ai] Prem Maternity Home: extracted
[local-ai] Shyam Children and Maternity Centre: extracted
[local-ai] Upadhyay Hospital, Agra: extracted
[local-ai] Yashlok Hospital, Bulandshahr: extracted
[local-ai] Shubham Hospital, Agra: extracted
[checkpoint] saved 450 records
[local-ai] Shubham Hospitals: extracted
[local-ai] Jain Hospital, Shahjahanpur: extracted
[local-ai] Sirohi Hospital and Maternity Home: extracted
[local-ai] Shirdi Sai Hospital: extracted
[local-ai] Hira Hospital: extracted
[local-ai] Surgical and Maternity Centre Ahuja Hospital: extracted
[local-ai] Suman Hospital, Bareilly: extracted
[local-ai] Sulaxmi Hospital: extracted
[local-ai] Yashlok Hospital, Faizabad: extracted
[local-ai] Eye-Q Super Speciality Eye Hospitals, Rajajipuram: extracted
[local-ai] Our Lady Of Graces Hospital: extracted
[local-ai] Mayo Medical Centre Pvt.Ltd: extracted
[local-ai] Balaji Hospital: extracted
[local-ai] Jagdish Prasad Nigam Memorial Hospital Pvt Ltd: extracted
[local-ai] Jagdish Hospital: extracted
[local-ai] Jai Baba Hospital: extracted
[local-ai] Jay Devi Multispeciality Hospital: extracted
[local-ai] Ganesh Hospital, Ghaziabad: extracted
[local-ai] Jain Eye Hospital, Muzaffarnagar: extracted
[local-ai] Jain Hospital and Research Centre: extracted
[local-ai] Jain Hospital, Allahabad: extracted
[local-ai] Rajrani Hospital: extracted
[local-ai] City Central Hospital: extracted
[local-ai] K.K. Jain Hospital (Only For Sahara): extracted
[local-ai] Prime Hospital: extracted
[checkpoint] saved 475 records
[local-ai] Presidency Hospital: extracted
[local-ai] Santushti Hospital Pvt Ltd.: extracted
[local-ai] L.P.S . Institute Of Cardilogy: extracted
[local-ai] Gopal Hospital: extracted
[local-ai] Abha Nursing Home Pvt Ltd: extracted
[local-ai] Vardaan Hospital, Varanasi: extracted
[local-ai] Aayushmaan Hospital: extracted
[local-ai] Ram Janani Hospital: extracted
[local-ai] Dayalu Hospital: extracted
[local-ai] Dayawati Hospital: extracted
[local-ai] Maa Sharada Hospital: extracted
[local-ai] Deepak Hospital: extracted
[local-ai] Dayawati Hospital, Saharanpur: extracted
[local-ai] Maa Sherawali Hospital India Pvt. Ltd.: extracted
[local-ai] Dr Gambhir Home For Surgical Service: extracted
[local-ai] Hnm Shah Hospital: extracted
[local-ai] Krishna Heart Care and Maternity Home: extracted
[local-ai] Krishna Family Hospital and Infertility Center: extracted
[local-ai] Krishna Hospital, Bareilly: extracted
[local-ai] District Hospital: extracted
[local-ai] Sarvodaya Hospital: extracted
[local-ai] Madhu Hospital: extracted
[local-ai] Aasha Deep Hospital: extracted
[local-ai] J P Memorial Hospital: extracted
[local-ai] Dr. Rani Ghai Hospital Pvt. Ltd.: extracted
[checkpoint] saved 500 records
[local-ai] R. N. Pandey Hospital and Maternity Centre: extracted
[local-ai] Luthra Laser Eye Centre: extracted
[local-ai] Modern Hospital, Agra: extracted
[local-ai] Aruna Jain Memorial Heart and Medicare Centre: extracted
[local-ai] Mangla Hospital, Mathura: extracted
[local-ai] Maya Hospital: extracted
[local-ai] Mangla Hospital, Agra: extracted
[local-ai] R.N. Hospital: extracted
[local-ai] CHC, bachhrawan: extracted
[local-ai] Shiva Hospital, Lucknow: extracted
[local-ai] Shivaji Hospital: extracted
[local-ai] Shivalik Hospital, Ghaziabad: extracted
[local-ai] S.S. Medicare Centre: extracted
[local-ai] Sangam Hospital, Allahabad: extracted
[local-ai] Priya Hospital, Allahabad: extracted
[local-ai] Bhaskar Hospital Multispeciality and Advance Trauma: extracted
[local-ai] Dr. G.K Shrivastava Hospital: extracted
[local-ai] Anand Mulispecilty Hospital: extracted
[local-ai] Indraprastha Hospital, Meerut: extracted
[local-ai] Candy Maternity and Surgical Care: extracted
[local-ai] District Eye Hospital: extracted
[local-ai] Mainawati Hospital: extracted
[local-ai] Kaka Hospital, Bulandshahr: extracted
[local-ai] Kailash Medicare and Research Center: extracted
[local-ai] Chandrakiran Hospital: extracted
[checkpoint] saved 525 records
[local-ai] Shiv Lok Hospital: extracted
[local-ai] Shiv Netralay: extracted
[local-ai] Kalawati Hospital, Etah: extracted
[local-ai] Kalawati Hospital, Amroha: extracted
[local-ai] Kmc Hospital and Research Centre: extracted
[local-ai] Annapurna Child and Maternity Clinic Pvt Ltd: extracted
[local-ai] C.L. Gupta Eye Institute: extracted
[local-ai] Ahuja Hospitals: extracted
[local-ai] Vinayak Eye And Maternity Hospital: extracted
[local-ai] Netra Jyoti Centre: extracted
[local-ai] Kanpur Trauma and Ortho. Centre: extracted
[local-ai] Madhulok Hospital: extracted
[local-ai] Kalyani Ayurvedic Hospital: extracted
[local-ai] Murari Lal Hospital: extracted
[local-ai] Lala Amba Prasad Smarak Chikitsalaya: extracted
[local-ai] Janak Tandon Hospital and Heart Centre: extracted
[local-ai] Siddarth Hospital Research Centre: extracted
[local-ai] Harsha Hospital, Lucknow: extracted
[local-ai] Aarogya Hospital, Ghaziabad: extracted
[local-ai] Agrawal Eye Hospital: extracted
[local-ai] Kailash Hospital, Bareilly: extracted
[local-ai] District Hospital, Pilibhit: extracted
[local-ai] R K Hospital and Maternity Hospital: extracted
[local-ai] Lucknow Gastroenterology and Gynaecology Centre: extracted
[local-ai] Centre For Sight, Delhi Gate: extracted
[checkpoint] saved 550 records
[local-ai] Teerthankar Mahaveer Hospital and Research Centre: extracted
[local-ai] Pannalal Shyamlal Hospital: extracted
[local-ai] Shivjyoti Mahila Chikitsalaya and Maternity Home: extracted
[local-ai] Mairaj Hospital: extracted
[local-ai] Chandralok Hospital: extracted
[local-ai] Shivnath Hospital: extracted
[local-ai] Yashlok Hospital And Nursing Home: extracted
[local-ai] Global Hospital: extracted
[local-ai] Shri Ram Ganga Hospital: extracted
[local-ai] Ajay Hospital and Paediatric Speciality Center: extracted
[local-ai] Navjeevan Hospital, Sultanpur: extracted
[local-ai] Pulmonic Hospital: extracted
[local-ai] Mahajan Hospital: extracted
[local-ai] Mahadeva Hospital and Maternity Home: extracted
[local-ai] Madhuraj Multi Speciality Hospital: extracted
[local-ai] Icare Eye Hospital And Post Graduate Institute Glaucoma Research Centre: extracted
[local-ai] Star Hospital, Kushinagar: extracted
[local-ai] Singh Hospital, Ghazipur: extracted
[local-ai] Amardeep Hospital & Research Centre: extracted
[local-ai] Joel Hospital: extracted
[local-ai] Divya Chikitsa Bhawan: extracted
[local-ai] Raj Scanning Ltd and Lucknow Cancer Institute: extracted
[local-ai] Sharnam Eye Centre and Laser Services: extracted
[local-ai] Rajendra Nagar Hospital: extracted
[local-ai] Aliganj Orthopadic and Orthoscopy Centre: extracted
[checkpoint] saved 575 records
[local-ai] Nav Jyoti Hospital, Allahabad: extracted
[local-ai] Navdeep Hospital: extracted
[local-ai] Navin Hospital, Dadri: extracted
[local-ai] Navin Hospital, Noida: extracted
[local-ai] Navjeevan Child Care Centre: extracted
[local-ai] Deepmala Hospital: extracted
[local-ai] Anandit Patient Care Home: extracted
[local-ai] Sushila Maternity And Nursing Home: extracted
[local-ai] Timenear Hospital: extracted
[local-ai] Broadwell Christian Hospital: extracted
[local-ai] C L Memorail Hospital and Maternity Home Pvt Ltd: extracted
[local-ai] Prabha Hospital: extracted
[local-ai] Central Medical and Maternity Care: extracted
[local-ai] jeevan hospital: extracted
[local-ai] Brijraj Hospital: extracted
[local-ai] Divyaman Hospital: extracted
[local-ai] M M Hospitals: extracted
[local-ai] Abhilasha Hospital And Research Centre Pvt.Ltd: extracted
[local-ai] P.D.S Hospital: extracted
[local-ai] R.K. Hospital and Trauma Research Centre: extracted
[local-ai] R.K Netralaya: extracted
[local-ai] R. C. Hospital: extracted
[local-ai] R K Medicare: extracted
[local-ai] R K Devi Eye Research Institute: extracted
[local-ai] Giri Pushpa Aarogya Hospital: extracted
[checkpoint] saved 600 records
[local-ai] Leela Heart And Medicare Centre: extracted
[local-ai] Durga Hospital: extracted
[local-ai] Kilkari Shishu and Bal Chikitsa: extracted
[local-ai] Life Line Hospital, Meerut: extracted
[local-ai] Life Care Hospital, Gautam Buddha Nagar: extracted
[local-ai] Tirupati Eye Center: extracted
[local-ai] Shree Ram Hospital, Agra: extracted
[local-ai] Hind Institute Of Medical Sciences: extracted
[local-ai] Vandana Super Speciality Hospital: extracted
[local-ai] Firoz Specialist Hospital: extracted
[local-ai] Tyagi Surgical Hospital: extracted
[local-ai] Getwell physiotherapy center: extracted
[local-ai] New Leelamani Hospital: extracted
[local-ai] M V Hospital and Research Centre: extracted
[local-ai] Dhiraji Hospital: extracted
[local-ai] Anubhav Hospital: extracted
[local-ai] Yug Hospital: extracted
[local-ai] Radhe Shyam Hospital: extracted
[local-ai] Dr Subodh Agrawal Memorial (SAM) Eye Hospital: extracted
[local-ai] Ahsan Eye & General Hospital: extracted
[local-ai] Shah Hospital: extracted
[local-ai] Shri Baba Hospital and Trauma Centre: extracted
[local-ai] Sheela Health Care: extracted
[local-ai] Prakash Eye Hospital and Laser Centre, Meerut: extracted
[local-ai] Sparsh Multispeciality Hospital: extracted
[checkpoint] saved 625 records
[local-ai] Meenakshi Hospital, Ghaziabad: extracted
[local-ai] Varun Hospital: extracted
[local-ai] Umang Nursing Home: extracted
[local-ai] Chaudhary Hospital: extracted
[local-ai] Sushila Jaswantrai Maternity and General Hospital: extracted
[local-ai] Ashirvad Hospital and Research Center: extracted
[local-ai] Om Laxmi Hospital and Maternity Centre: extracted
[local-ai] Rizvi Surgical Centre: extracted
[local-ai] Manglam Orthocare Centre: extracted
[local-ai] Sangeeta Ram Lavania Hospital: extracted
[local-ai] Sunita Hospital: extracted
[local-ai] Eshan Hospitals: extracted
[local-ai] Santosh Hospital, Kanpur Nagar: extracted
[local-ai] Mahendra Gayatri Hospital: extracted
[local-ai] Sudha Surgical Hospital: extracted
[local-ai] Dr. A.K. Saxena Eye Hospital: extracted
[local-ai] Sarodaya Hospital, Allahabad: extracted
[local-ai] Vishal Hospital and Heart Centre: extracted
[local-ai] Shambhavi Hospital: extracted
[local-ai] Sai Hospital, Bareilly: extracted
[local-ai] Rohilkhand Medical College and Hospital, Bareilly: extracted
[local-ai] Jeevan Jyoti Hospital and Medical Research Centre: extracted
[local-ai] Dev Nandini Hospital: extracted
[local-ai] Pulse Hospital and Trauma Centre: extracted
[local-ai] Kodai Shukla Nidaan Kendra: extracted
[checkpoint] saved 650 records
[local-ai] Centre For Sight, Meerut Cantonment: extracted
[local-ai] Aman Hospital: extracted
[local-ai] Jeevan Prakash Hospital and Research Centre: extracted
[local-ai] Sahibabad Medicare Centre: extracted
[local-ai] Om Surgical Center and Maternity Home: extracted
[local-ai] Urmila Hospital, Saharanpur: extracted
[local-ai] Vatsalya Hospital, Varanasi: extracted
[local-ai] Sarmesh Hospital: extracted
[local-ai] Utkarsh Hospital and Maternity Home: extracted
[local-ai] Jeevan Speciality Hospital and Test Tube Baby Centre: extracted
[local-ai] Chandra Hospital, Lucknow: extracted
[local-ai] Dev Eye Care: extracted
[local-ai] Dev Matenity Home: extracted
[local-ai] Meerut Kidney Hospital: extracted
[local-ai] Meerut Eye Centre: extracted
[local-ai] Alliance Hospital: extracted
[local-ai] Daliganj Hospital: extracted
[local-ai] New Vision Eye and Medical Care: extracted
[local-ai] New Life Hospital, Varanasi: extracted
[local-ai] New Metro Hospital: extracted
[local-ai] New Sahara Hospital: extracted
[local-ai] Shri Krishna Hospital: extracted
[local-ai] Vinayak Hospital: extracted
[local-ai] Shri Om Hospital: extracted
[local-ai] Anand Hospital and Child Care Centre: extracted
[checkpoint] saved 675 records
[local-ai] Agarwal Mother and Child Hospital: extracted
[local-ai] Shri Paramhans Yoganand Dharmarth Netra Chikatsala: extracted
[local-ai] Shri Laxmi Life Line Hospital: extracted
[local-ai] Anand Hospital: extracted
[local-ai] Anand Hospital: extracted
[local-ai] Shri Raghuwar Shyam Hospital and Research Centre Pvt. Ltd.: extracted
[local-ai] Anand Hospital: extracted
[local-ai] Anand Hospital: extracted
[local-ai] Malik Hospital, Bulandshahr: extracted
[local-ai] Life Care Hospital, Gorakhpur: extracted
[local-ai] Guru Nanak Children and Maternity Hospital: extracted
[local-ai] Ruma Hospital: extracted
[local-ai] S D Hospital, Kanpur Nagar: extracted
[local-ai] S P Surgical Centre: extracted
[local-ai] S S Hospital, Pilibhit: extracted
[local-ai] S. C. Trivedi Memorial Mother and Child Trust Hospital: extracted
[local-ai] Shree Ram Laxminarayan Marwari Hindu Hospital - Varanasi: extracted
[local-ai] S. R. Medical Institute and Research Centre: extracted
[local-ai] Tilak Hospital and Maternity Home: extracted
[local-ai] The Relief Orthopaedic Center: extracted
[local-ai] The Orient Hospital: extracted
[local-ai] The Gastro Liver Hospital: extracted
[local-ai] Tewari Eye Centre, Vaishali: extracted
[local-ai] Alaknanda Hospital Pvt Ltd.: extracted
[local-ai] Shivganga Hospital: extracted
[checkpoint] saved 700 records
[local-ai] Anupam Nursing Home Pvt Ltd: extracted
[local-ai] Shujaat Hospital: extracted
[local-ai] Sushrut Hospital Maternity and Trauma Centre: extracted
[local-ai] Shyam Hospital and Research Center: extracted
[local-ai] Rukhsana Medical and Trauma Centre: extracted
[local-ai] B. M Hospital: extracted
[local-ai] Sushila Hospital: extracted
[local-ai] Eye Care and Surgical Centre: extracted
[local-ai] Shivani Heart Centre: extracted
[local-ai] Saral Hospital: extracted
[local-ai] Lohchab Nursing Home: extracted
[local-ai] Ganpati Hospitaland Maternity Centre: extracted
[local-ai] Kailash Hospital, Muzaffarnagar: extracted
[local-ai] Uttam Hospital: extracted
[local-ai] Garg Hospital, Bulandshahr: extracted
[local-ai] Jeevan Deep Hospital, Baghpat: extracted
[local-ai] Shahdana Hospital: extracted
[local-ai] Jeevanlok Hospital: extracted
[local-ai] Shri Shyamlal Memorial Hospital: extracted
[local-ai] Shri Vinayak Hospital: extracted
[local-ai] Shriram Hospital: extracted
[local-ai] Shubh Netra Kendra: extracted
[local-ai] Shubham Hospital, Varanasi: extracted
[local-ai] Netra Jyoti Hospital and Research Center: extracted
[local-ai] Mohan Swarup Hospital (Badalpur Charity Trust): extracted
[checkpoint] saved 725 records
[local-ai] Shreekiran Hospital: extracted
[local-ai] Brij Medical Centre, Ghaziabad: extracted
[local-ai] Javitri Hospital: extracted
[local-ai] Shraddha Hospital, Jaunpur: extracted
[local-ai] Sheetala Care Centre: extracted
[local-ai] Kapoor Orthopaedic Centre: extracted
[local-ai] Mahaveer Hospital And Trauma Centre: extracted
[local-ai] Ayushman Hospital, Varanasi: extracted
[local-ai] Arushi Medical Center: extracted
[local-ai] Jwala Hospital: extracted
[local-ai] Vimal Shree Hospital and Maternity Home: extracted
[local-ai] Gargi Hospital - Ghaziabad: extracted
[local-ai] Sheela Hospital and Trauma Center: extracted
[local-ai] Sheel Hospital, Bareilly: extracted
[local-ai] Sharp Sight Centre, Indirapuram: extracted
[local-ai] Dharampal Memorial Hospital - Ghaziabad: extracted
[local-ai] Shyama Hospital: extracted
[local-ai] Globus Hospital for Joint Replacement: extracted
[local-ai] Vikas Hospital: extracted
[local-ai] J S Tomar Memorial Hospital Pvt. Ltd. - Noida: extracted
[local-ai] Delhi Surgical and Maternity Center: extracted
[local-ai] Jeewan Jyoti Hospital, Saharanpur: extracted
[local-ai] Saras Health Care Pvt Ltd: extracted
[local-ai] Arya physiotherapy clinic: extracted
[local-ai] Neera Hospital - Lucknow: extracted
[checkpoint] saved 750 records
[local-ai] Tamanna Hospital: extracted
[local-ai] Harsh Hospital and Maternity Home, Allahabad: extracted
[local-ai] Hari Surgical Home: extracted
[local-ai] Indraprastha Hospital, Unnao: extracted
[local-ai] Rajaram Kalawati Hospital: extracted
[local-ai] Yash Hospital, Moradabad: extracted
[local-ai] Miranda Clinic: extracted
[local-ai] Dr M Khan Hospital BLY: extracted
[local-ai] Sarvodaya Hospital and Trauma Centre: extracted
[local-ai] New Agra Hospital: extracted
[local-ai] Mithraj Maternity Hospital: extracted
[local-ai] Prabhat Hospital, Allahabad: extracted
[local-ai] Famity Hospital and Research Centre: extracted
[local-ai] Shivam Hospital, Gautam Buddha Nagar: extracted
[local-ai] Neeraj Lifecare and Stone Centre: extracted
[local-ai] Jyoti Hospital, Muzaffarnagar: extracted
[local-ai] Shivlok Hospital: extracted
[local-ai] Shivam Hospital, Bulandshahr: extracted
[local-ai] Shivam Hospital and Heart Centre: extracted
[local-ai] Swastik Surgical: extracted
[local-ai] Devki Nandan Hospital: extracted
[local-ai] Chandra Hospital and Heart Centre: extracted
[local-ai] Eye Clinic: extracted
[local-ai] Centre For Sight: extracted
[local-ai] Tarawati Super Speciality Hospital: extracted
[checkpoint] saved 775 records
[local-ai] Divya Lapro Endo Surgery Centre: extracted
[local-ai] Ajit Surgical and Maternity Centre: extracted
[local-ai] Laxmi Devi Kishanchand Memorial Hospital: extracted
[local-ai] Metro Hospital, Kanpur Nagar: extracted
[local-ai] Kamla Devi Memorial Hospital And Fertility Centre: extracted
[local-ai] Gautam Eye Hospital: extracted
[local-ai] Khairabad Eye Hospital: extracted
[local-ai] Avadh Hospital: extracted
[local-ai] Prachi Hospital Pvt Ltd: extracted
[local-ai] D.V. Hospital: extracted
[local-ai] Priyadarshini Hospital: extracted
[local-ai] Banerjee Hospital: extracted
[local-ai] Indira Gandhi Eye Hospital And Research Centre: extracted
[local-ai] Mother and Child Care Centre, Kanpur Nagar: extracted
[local-ai] Swaraj Hospital: extracted
[local-ai] Metro Heart Institute and Metro Multi Speciality Hospital: extracted
[local-ai] Nagpal Eye Care and Research Centre: extracted
[local-ai] Chandra Orthopedic Maternity Centre and Research Institute: extracted
[local-ai] Sparsh Medicare and Trauma Centre: extracted
[local-ai] UP Rural Institute Of Medical Sciences and Research: extracted
[local-ai] Spm Hospital Research and Trauma Centre: extracted
[local-ai] Sanjivani Hospital, Budaun: extracted
[local-ai] Sri Ram Research Centre: extracted
[local-ai] Sushila Devi Memorial Hospital: extracted
[local-ai] Prasoon Hospital: extracted
[checkpoint] saved 800 records
[local-ai] Netaji Subhash Chandra Bose District Hospital: extracted
[local-ai] Siddhi Vinayak Health Care Centre: extracted
[local-ai] Shakuntala Hospital Ltd: extracted
[local-ai] Kohli Children Hospital: extracted
[local-ai] Sanjay Hospital, Bulandshahr: extracted
[local-ai] Hanumant Endosurgery Center: extracted
[local-ai] Kamla Devi Hospital: extracted
[local-ai] Pashupati Nursing Home: extracted
[local-ai] K K Hospital And Kidney Centre: extracted
[local-ai] J P Hospital: extracted
[local-ai] Akash Hospital and E.N.T Care Centre: extracted
[local-ai] Ajay Pratima Hospital: extracted
[local-ai] Mangalam Hospital and Heart Centre, Faizabad: extracted
[local-ai] Raghuveer Hospital, Raebareli: extracted
[local-ai] Galaxy Hospital: extracted
[local-ai] Dr. D. D. Tripathi Memorial Hospital: extracted
[local-ai] F.I. Hosptial: extracted
[local-ai] Jiwan Jyoti Christian Hospital: extracted
[local-ai] Ayushman Hospital and Maternity Centre: extracted
[local-ai] Anand Eye Centre: extracted
[local-ai] Medical Care Centre and Hospital: extracted
[local-ai] Chhaparia Hospital: extracted
[local-ai] Heritage Hospital, Bulandshahr: extracted
[local-ai] Kashi Medicare: extracted
[local-ai] Divyajyoti Speciality Hospital: extracted
[checkpoint] saved 825 records
[local-ai] Sahu Hospital and Research Centre: extracted
[local-ai] Apollo Laser Netra Chikatsalaya: extracted
[local-ai] Centre For Neurosciences and Trauma: extracted
[local-ai] Nelson Children Hospital: extracted
[local-ai] Parvati Hospital Pvt Ltd: extracted
[local-ai] Angel Eyes Lasik Center: extracted
[local-ai] Mahashweta Hospital Pvt. Ltd.: extracted
[local-ai] B. N. K. Hospital: extracted
[local-ai] Lifeline Hospital, Jhansi: extracted
[local-ai] G.S Chandraul Hospital and Reasearch Centre: extracted
[local-ai] Isha Hosital: extracted
[local-ai] Dr. Agrawals Life Line Hospital: extracted
[local-ai] M.M Children Hospital: extracted
[local-ai] Jawahar Eye,Ent Hospital And Laser Centre: extracted
[local-ai] Dr.Rajeev Hospital: extracted
[local-ai] Apex Eye Hospital: extracted
[local-ai] Care Hospital - Varanasi: extracted
[local-ai] J.D.Hospital, Agra: extracted
[local-ai] Harriet Benson Memorial Hospital: extracted
[local-ai] Suri Medical Foundation Hospital: extracted
[local-ai] Ojha Hospital: extracted
[local-ai] Netra Nidan Eye Hospital: extracted
[local-ai] Ganga Hospital, Allahabad: extracted
[local-ai] Surbhi Mother and Child Care: extracted
[local-ai] Dr. B.N. Behal Memorial Hospital: extracted
[checkpoint] saved 850 records
[local-ai] Sri Bhagwan Das Hospital: extracted
[local-ai] Vineeta Hospital Pvt Ltd: extracted
[local-ai] Swarn Jayanti Samudaik Hospital: extracted
[local-ai] Nangalia Hospital: extracted
[local-ai] Dr. Maheshwari's Hospital: extracted
[local-ai] Bhavya Hospital: extracted
[local-ai] Lifeline Hospital, Agra: extracted
[local-ai] Mehrotra Ear , Nose, Throat Hospital and Research Centre: extracted
[local-ai] Diveeksha Eye clinic: extracted
[local-ai] Singh Ortho Maternity Centre: extracted
[local-ai] J.L.Rohatgi Hospital and Jawaharlal Rohatagi Smarak Netra Chikitsalaya: extracted
[local-ai] Bk Heart Hospital Pvt Ltd: extracted
[local-ai] Kilkari Child and Mother Care Centre: extracted
[local-ai] Kopal Hospital: extracted
[local-ai] Kids Care Hospital: extracted
[local-ai] Sapna Hospital: extracted
[local-ai] Rohit Laproscopic Surgical Center: extracted
[local-ai] J.P Hospital, Gorakhpur: extracted
[local-ai] Prasant Superspeciality Hospital: extracted
[local-ai] J.P. Memorial Hospital- Allahabad: extracted
[local-ai] Sai Jyoti Eye Care Centre: extracted
[local-ai] Gayatri Hospital, Lucknow: extracted
[local-ai] Vatsalya Children Hospital, Jhansi: extracted
[local-ai] Max Hospital: extracted
[local-ai] Aditya Hospital and Heart Care Centre: extracted
[checkpoint] saved 875 records
[local-ai] District Hospital Hamirpur: extracted
[local-ai] Singh Medicare Centre: extracted
[local-ai] Saubhagya Hospital, Kanpur Nagar: extracted
[local-ai] Globe Medicare: extracted
[local-ai] Gautam Budha National Hospital: extracted
[local-ai] Swami Harshankaranand Ji Hospital and Research Center: extracted
[local-ai] Radha Hospital, Jalaun: extracted
[local-ai] Raj Hospital, Kanpur Nagar: extracted
[local-ai] BDG Hospital: extracted
[local-ai] Jeevan Hospital and Stone Centre: extracted
[local-ai] Sri Sai Surgical and Maternity Hospital: extracted
[local-ai] Sanjeevani Hospital, Muzaffarnagar: extracted
[local-ai] Sarvodaya Hospital, Bareilly: extracted
[local-ai] D.Shri Bhwani Prasad Hospital: extracted
[local-ai] Spandan Care: extracted
[local-ai] Kanika Hospital Pvt Ltd: extracted
[local-ai] Apollo Hospitals , Noida: extracted
[local-ai] CHC, Tulsipur: extracted
[local-ai] Laxman Seth Hospital and test tube baby Center: extracted
[local-ai] Saba Hospital, Mau: extracted
[local-ai] Srijan Hospital: extracted
[local-ai] Canossa Hospital: extracted
[local-ai] Amrit Child Care And Maternity Home: extracted
[local-ai] Uttam Hospital: extracted
[local-ai] Prakash Eye Centre: extracted
[checkpoint] saved 900 records
[local-ai] Sharda Hospital, Pilibhit: extracted
[local-ai] Happy Family Hospital, Jhansi: extracted
[local-ai] Shakuntala Hospital and Research Center: extracted
[local-ai] Nirmal Hospital and Laproscopic Surgery Centre: extracted
[local-ai] Neeldev Maternity Hospital: extracted
[local-ai] Saba Hospital, Azamgarh: extracted
[local-ai] Bharti Hospital, Gorakhpur: extracted
[local-ai] Amir Bano Memorial Hospital: extracted
[local-ai] Heartline Cardiac Care Centre: extracted
[local-ai] Bohra Speciality Hospital and Trauma Center: extracted
[local-ai] Sri Hari Hospital and Stone Centre: extracted
[local-ai] Bishop Conrad Memorial Hospital: extracted
[local-ai] Vinod Hospital: extracted
[local-ai] Anoop Hospital: extracted
[local-ai] Gokhale Hospital: extracted
[local-ai] Sanawar Hospital: extracted
[local-ai] Utkarsh Hospital, Mathura: extracted
[local-ai] Dr. Sarkar Multispeciality Hospital and UMA IVF center: extracted
[local-ai] Zainiss Hospital: extracted
[local-ai] Ila Hospital: extracted
[local-ai] Attreya Hospital and Polyclinic (P)Ltd: extracted
[local-ai] Makkhan Lal Hospital: extracted
[local-ai] Gopi Krishna Hospital: extracted
[local-ai] Gomti Hospital and Research Centre Pvt Ltd: extracted
[local-ai] Gola Eye Hospital: extracted
[checkpoint] saved 925 records
[local-ai] Yashraj Hospital: extracted
[local-ai] Vidya Hospital, Gautam Buddha Nagar: extracted
[local-ai] Susanjeevani Hospital Maternity and Eye Care Centre: extracted
[local-ai] Gupta Hospital - Lucknow: extracted
[local-ai] Gupta Eye Care Centre: extracted
[local-ai] Green Cross Medical center: extracted
[local-ai] Kulwanti Hospitals: extracted
[local-ai] Surbhi Hospital: extracted
[local-ai] Udyaan Healthcare: extracted
[local-ai] Microsurgery Centre: extracted
[local-ai] Vatsalya Hospital, Mathura: extracted
[local-ai] Aditya Urology Centre and Maternity Home: extracted
[local-ai] Vishnu Kamal Hospital: extracted
[local-ai] Metro Hospital And Heart Institute: extracted
[local-ai] Sundaram Hospital, Allahabad: extracted
[local-ai] Chiranjeev Hospital, Indra Chowk: extracted
[local-ai] Rajvansh Hospital & Institute of medical science.: extracted
[local-ai] Harshan Hriday Sansthan: extracted
[local-ai] Jeevan Jyoti Hospital and Diagnostic Centre: extracted
[local-ai] Fatima Hospital, Gorakhpur: extracted
[local-ai] IDST Mayo Hospital: extracted
[local-ai] Vijay Memorial Hospital: extracted
[local-ai] Kulshreshtha Eye Centre And Laser Services: extracted
[local-ai] D.M.C. Hospital: extracted
[local-ai] Sri Lohia Hospital: extracted
[checkpoint] saved 950 records
[local-ai] Fatima Hospital: extracted
[local-ai] Sitapur Eye Hospital: extracted
[local-ai] Anand Orthopadic and Trauma Centre: extracted
[local-ai] Krishna Life Line Hospital: extracted
[local-ai] Raja Ram Hospital: extracted
[local-ai] Smt Biran Devi Modi Zanana Hospital: extracted
[local-ai] Handa Hospital, Lucknow: extracted
[local-ai] Netra Jyoti Kendra, Agra: extracted
[local-ai] Sushila General Hospital: extracted
[local-ai] Yatharth Wellness Hospital and Trauma Centre: extracted
[local-ai] Santosh Medical and Dental College Hospitals: extracted
[local-ai] Mahesh Hospital, Bulandshahr: extracted
[local-ai] Life Line Hospital, Varanasi: extracted
[local-ai] Kamakhaya Hospital: extracted
[local-ai] Divya Deep Maternity and Heart Centre: extracted
[local-ai] Chandra Hospital: extracted
[local-ai] Parakh Hospital, Ghaziabad: extracted
[local-ai] Manjula Hospital And Trauma Centre: extracted
[local-ai] Mother And Child Care Centre, Lucknow: extracted
[local-ai] Seva Sadan Hospital, Kaushambi: extracted
[local-ai] Happy Home Hospital: extracted
[local-ai] Sah Hospital: extracted
[local-ai] Life Line Hospital and Diagnostic Centre: extracted
[local-ai] Sunetra Eye, Laser and Dental Care Centre: extracted
[local-ai] L.N. Mishra Central Hospital: extracted
[checkpoint] saved 975 records
[local-ai] Indo Gulf Jan Seva Trust Hospital: extracted
[local-ai] Gaurav Charitable Hospital: extracted
[local-ai] Phulwari Children Hospital: extracted
[local-ai] Pawanagar Mahavir Hospital and Research Center: extracted
[local-ai] Ishwari Devi Hospital: extracted
[local-ai] K.K Hospital: extracted
[local-ai] Lucknow Hospital: extracted
[local-ai] Prakash Hospital: extracted
[local-ai] Ayushman Hospital: extracted
[local-ai] Muskan Azra Hospital: extracted
[local-ai] Prakash Hospital: extracted
[local-ai] Hindu Sewa Sadan Hospital: extracted
[local-ai] Sikandra Hospital: extracted
[local-ai] Yashlok Hospital and Research Hospital: extracted
[local-ai] Farrukhabad City Hospital Pvt Ltd - Farrukhabad: extracted
[local-ai] Siddhi Vinayaka Medical Centre: extracted
[local-ai] Rajdhani Hospital, Lucknow: extracted
[local-ai] R.P.Medicare: extracted
[local-ai] Saraswati Heart Care: extracted
[local-ai] Kartik Hospital: extracted
[local-ai] Sri Sitaram Memorial Hospital: extracted
[local-ai] Ashirwad Maternity and Surgical Centre Pvt. Ltd.: extracted
[local-ai] Srijan Hospital, Varanasi: extracted
[local-ai] Amarnath Hospital: extracted
[local-ai] Sri Sai Netralaya: extracted
[checkpoint] saved 1000 records
[local-ai] O P Chaudhary Hospital and Research Centre: extracted
[local-ai] Mehta Nursing Home and Maternity Hospital and Ortho: extracted
[local-ai] Divy Deep Hospital: extracted
[local-ai] Sahara Hospital, Meerut: extracted
[local-ai] Bhopal Memorial Hospital: extracted
[local-ai] Heart Care and Pathology Centre: extracted
[local-ai] Jaya Hospital, Allahabad: extracted
[local-ai] K D Hospital, Deoria: extracted
[local-ai] Satya Trauma and Maternity Center: extracted
[local-ai] Guru Teg Bhadur Charitable Hospital, Kanpur Nagar: extracted
[local-ai] Maa Vaishno Child And Maternity Clinic: extracted
[local-ai] K G Nanda Hospital: extracted
[local-ai] Maurya Hospital and Taruma Centre: extracted
[local-ai] Dr M Prakash Hospital And Medical Research Centre: extracted
[local-ai] Sarvodaya Hospital and Research Centren: extracted
[local-ai] Sahu Rameshwar Saran Kothiwal Hospital and Heart Car: extracted
[local-ai] Sewa Hospital and IVF Centre: extracted
[local-ai] Sen Maternity and Eye Hospital: extracted
[local-ai] Aashadeep Hospital: extracted
[local-ai] Spandan Heart Care and Diagnostic Centre: extracted
[local-ai] Vaijayanti Hospital: extracted
[local-ai] Garg Hospital: extracted
[local-ai] Sushila Saxena Hospital: extracted
[local-ai] Dr.Neeraj Surgical Hospital: extracted
[local-ai] Kanha Karanwal Hospital: extracted
[checkpoint] saved 1025 records
[local-ai] Prayag Healthcare Center: extracted
[local-ai] Rajdhani Hospital and Maternity Centre: extracted
[local-ai] Gandhi Hospital, Meerut: extracted
[local-ai] Vasu Hospital: extracted
[local-ai] Pooja Hospital, Allahabad: extracted
[local-ai] Popular Hospital: extracted
[local-ai] Prabhakar Hospital: extracted
[local-ai] Harsh Maternity And Nursing Home: extracted
[local-ai] Sarang Children Hospital: extracted
[local-ai] Raj Eye Hospital: extracted
[local-ai] Sukhdevi Hospital: extracted
[local-ai] S K Hospital Bareilly: extracted
[local-ai] Seema Health Care and Research Center: extracted
[local-ai] Seth Shankar Multi Speciality Hospital Pvt Ltd.: extracted
[local-ai] Sethi Hospital, Sitapur: extracted
[local-ai] Pulse Medicare: extracted
[local-ai] Mother Child Care Unit: extracted
[local-ai] Jan Seva Hospital: extracted
[local-ai] Star Hospital and Laproscopic Surgical Centre: extracted
[local-ai] City Hospital - Ghaziabad: extracted
[local-ai] Lal Hospital and Research Centre: extracted
[local-ai] Prankur Hospital and Cancer Research Centre: extracted
[local-ai] G.R. Hospital: extracted
[local-ai] J.P. Hospital, Agra: extracted
[local-ai] Vijay Nursing Home,Fatehpur: extracted
[checkpoint] saved 1050 records
[local-ai] Sanjivani Hospital, Moradabad: extracted
[local-ai] Vinayak Hospital, Jhansi: extracted
[local-ai] Jyoti Institute Of Medical and Rehabilitation Sciences(Jimars): extracted
[local-ai] K Palaria Hospital: extracted
[local-ai] Kabeer Hospital: extracted
[local-ai] Varadan Hospital: extracted
[local-ai] Dr. Mala Sharma: extracted
[local-ai] Kumar Surgical Nursing Home: extracted
[local-ai] Ashirwad Hospital, Faizabad: extracted
[local-ai] Ganga Devi Medical Eye Hospital: extracted
[local-ai] J.C. Maternity Centre: extracted
[local-ai] Ashok Kiran Hospital: extracted
[local-ai] Ashok Hospital: extracted
[local-ai] Chandni Hospital: extracted
[local-ai] Chandra Eye Hospital: extracted
[local-ai] Chandra Hospital, Agra: extracted
[local-ai] Ayodhya Eye Hospital: extracted
[local-ai] Baba Hospital, Raebareli: extracted
[local-ai] Madhu Bala Hospital and Ultrasound Clinic: extracted
[local-ai] Eye Care Hospital: extracted
[local-ai] Deepak Life Sciences Hospital and Trauma Center: extracted
[local-ai] Mall Hospital and Health Care: extracted
[local-ai] Om Shaanti Hospital: extracted
[local-ai] Arogya Chikitsalaya: extracted
[local-ai] Jeevan Dhara Hospital, Firozabad: extracted
[checkpoint] saved 1075 records
[local-ai] Lrm Jain Hospital: extracted
[local-ai] National Hospital, Lucknow: extracted
[local-ai] Agarwal Bone Hospital: extracted
[local-ai] Shree Tilak Hospital and Trauma Hospital: extracted
[local-ai] Shri Balaji Hospital and Maternity Center: extracted
[local-ai] SARDAR VALLABH BHAI PATEL HOSPITAL: extracted
[local-ai] L.L.R.M Medical College Hospital: extracted
[local-ai] A. K. Eye Hospital: extracted
[local-ai] Maratha Hospital: extracted
[local-ai] Om Hospital, Gautam Buddha Nagar: extracted
[local-ai] Kriti Cancer Institute and Research Centre: extracted
[local-ai] Sanjivini Lung Centre: extracted
[local-ai] CHC, Panchperwa: extracted
[local-ai] Maa Tara Hospital: extracted
[local-ai] Sodhi Eye Hospital: extracted
[local-ai] Rajani Eye and Dental Clinic: extracted
[local-ai] Dayawati Specialities Hospital: extracted
[local-ai] Nidhi Eye and Multispeciality Hospital, Agra: extracted
[local-ai] Priya Hospital, Kanpur Nagar: extracted
[local-ai] Priya Multispeciality Hospital Pvt.Ltd.: extracted
[local-ai] Manav Hospital, Ghaziabad: extracted
[local-ai] Sidhivinayak Hospital: extracted
[local-ai] Sai Hospital, Sonbhadra: extracted
[local-ai] Saket Hospital: extracted
[local-ai] Eternity Hospital: extracted
[checkpoint] saved 1100 records
[local-ai] Savitri Hospital & Research Centre: extracted
[local-ai] Sri Ram Avadh Hospital: extracted
[local-ai] Metro Hospitals and Heart Institute (Cardiology Wing): extracted
[local-ai] Iqbal Hospital: extracted
[local-ai] R.P. Medical Centre: extracted
[local-ai] Hayat Hospital & Maternity Center: extracted
[local-ai] Drs Hospital: extracted
[local-ai] Kushwaha Eye Hospital: extracted
[local-ai] Life Care Hospital, Agra: extracted
[local-ai] Manama Hospital: extracted
[local-ai] Surya Serical and Maternity Centre: extracted
[local-ai] Autar Hospital: extracted
[local-ai] Tripathi Hospital, Gautam Buddha Nagar: extracted
[local-ai] Swami Vivekanand Jan Kalyan Hospital: extracted
[local-ai] Smt. Meva Chaudhary Memorial Hospital: extracted
[local-ai] Kumar Hospital and Orthopaedic Center: extracted
[local-ai] Prayag Hospital, Mathura: extracted
[local-ai] Aditya Hospital, Deoria: extracted
[local-ai] Asarfi Hospital: extracted
[local-ai] Metro Hospital and Research Centre, Gorakhpur: extracted
[local-ai] Drolia Hospital Pvt Ltd: extracted
[local-ai] Yashoda Super speciality Hospital: extracted
[local-ai] Brij Medical Centre: extracted
[local-ai] Dr. Bansal Hospital: extracted
[local-ai] Gyan Prakash Surgical Hospital: extracted
[checkpoint] saved 1125 records
[local-ai] Anand Nursing Home Orthopaedic Centre and Maernity Home: extracted
[local-ai] Agrawal Orthopaedic Hospital: extracted
[local-ai] Swastik Merrygold Hospital, Gorakhpur: extracted
[local-ai] Advanced Neo-Paed Care Centre: extracted
[local-ai] Saran Hospital & Institute of Para Medical Sciences: extracted
[local-ai] Jeewan Hospital, Bulandshahr: extracted
[local-ai] Laser Sight (India) Pvt Ltd: extracted
[local-ai] J P Hospital and Maternity Home: extracted
[local-ai] Lucknow Eye Hospital: extracted
[local-ai] Swami Nand Lal Jee Hospital Pvt Ltd: extracted
[local-ai] Aashirwad Hospital And Research Centre: extracted
[local-ai] Sunflower Medical and Gynae Centre: extracted
[local-ai] Kamla Hospital: extracted
[local-ai] Sewa Hospital, Bulandshahr: extracted
[local-ai] Ashirwad Hospital, Bulandshahr: extracted
[local-ai] G M Modi Hospital: extracted
[local-ai] Shanti Hospital: extracted
[local-ai] Pragya Hospital: extracted
[local-ai] Kashi Hospital: extracted
[local-ai] Nagar Hospital, Ghaziabad: extracted
[local-ai] Christian Hospital: extracted
[local-ai] Hindalco Hospital: extracted
[local-ai] Asha Hospital: extracted
[local-ai] Iimt Hospital And Research Centre - Agra: extracted
[local-ai] Dr. D. K. Jain Memorial Hospital: extracted
[checkpoint] saved 1150 records
[local-ai] Karma Health Centre: extracted
[local-ai] Saksham Hospital: extracted
[local-ai] Murti Health Care Pvt. Ltd: extracted
[local-ai] Mehta Millenium Hospital: extracted
[local-ai] Vrindaban Arogya Deep (P) Ltd: extracted
[local-ai] Santosh Hospital and Research Institute: extracted
[local-ai] Heiwel Hospital and Rehabilitaition Center: extracted
[local-ai] Dikshit Hospital: extracted
[local-ai] Muskan Ortho and Maternity Centre: extracted
[local-ai] Tyagi Hospital, Agra: extracted
[local-ai] Sunayan Eye Hospital: extracted
[local-ai] Prarthana Maternity and Eye Hospital: extracted
[local-ai] Indo Gulf Hospital & Diagnostics: extracted
[local-ai] Sarnath Hospital: extracted
[local-ai] Shantidham Hospital: extracted
[local-ai] Laxmi Health Care and Hospital: extracted
[local-ai] Garg Surgical Center, Amroha: extracted
[local-ai] G.S.V.M. Medical College: extracted
[local-ai] Trauma Care Centre: extracted
[local-ai] G G Medical Institute - Agra: extracted
[local-ai] Forrd Hospital / Nova Hospital Ltd.: extracted
[local-ai] Aryan Hospital: extracted
[local-ai] Nimt Hospital: extracted
[local-ai] Pt. Ramgopal Hospital: extracted
[local-ai] Swastik Eye and Dental Care: extracted
[checkpoint] saved 1175 records
[local-ai] People's Heritage Hospital Ltd: extracted
[local-ai] Fabuli Purohit E.N.T. Hospital: extracted
[local-ai] Radhey Shyam Multispeciality Hospital: extracted
[local-ai] Centre For Sight: extracted
[local-ai] Apex Hospital: extracted
[local-ai] Taneja Hospital: extracted
[local-ai] Pindari Hospital: extracted
[local-ai] Harshlok Eye Care Centre: extracted
[local-ai] Chandra Skin and Laser Centre: extracted
[local-ai] Vohra Maternity and Surgical Day Care Clinic: extracted
[local-ai] Mrittunjai Hospital: extracted
[local-ai] Mrityunjay Hospital: extracted
[local-ai] Suri Maternity Centre: extracted
[local-ai] Pragya Multi Speciality Hospital and Research Center: extracted
[local-ai] Baijal Hospital: extracted
[local-ai] CHC, Nichlaul: extracted
[local-ai] Ram Krishna Sewashram: extracted
[local-ai] Railway Hospital: extracted
[local-ai] Aparajita Hospital: extracted
[local-ai] Dr R D Memorial Charitable Hospital: extracted
[local-ai] Savitri Devi Hospital: extracted
[local-ai] Halberg Hospital: extracted
[local-ai] Vandna Hospital: extracted
[local-ai] Sahar Hospital: extracted
[local-ai] District Hospital, Sultanpur: extracted
[checkpoint] saved 1200 records
[local-ai] Ayushman Hospital and Trauma Centre: extracted
[local-ai] Sun City Hospital and Trauma Centre: extracted
[local-ai] Eras Lucknow Medical College And Hospital - Lucknow: extracted
[local-ai] Vaishali Health Clinic: extracted
[local-ai] Dr Lalchandani E N T and Laser Center: extracted
[local-ai] Narayan Swaroop Hospital: extracted
[local-ai] Mishra Hospital, Agra: extracted
[local-ai] Gurunanak Hospital, Shahjahanpur: extracted
[local-ai] Jawaharlal Nehru Medical College Hospital: extracted
[local-ai] Drishti Eye Foundation: extracted
[local-ai] Dr. Kusum Gupta Nursing Home - Agra: extracted
[local-ai] Hospital Harsha: extracted
[local-ai] Ashta Hospital: extracted
[local-ai] Manju Vision and Eye Care Centre Pvt. Ltd.: extracted
[local-ai] City Hospital: extracted
[local-ai] Jp Hospital, Gorakhpur: extracted
[local-ai] Institute Of Medical Science and S.S.Hospital: extracted
[local-ai] Cfs Netralaya Pvt Ltd: extracted
[local-ai] Kamal Hospital, Ghaziabad: extracted
[local-ai] Raghubir Hospital Pvt. Ltd.: extracted
[local-ai] Asha Hospital: extracted
[local-ai] Excel Hospital: extracted
[local-ai] Balaji Hospital, Namakkal: extracted
[local-ai] Goel Hospital, Lucknow: extracted
[local-ai] Medwin Hospitals And Research Centre: extracted
[checkpoint] saved 1225 records
[local-ai] Chirayu Hospital and Research Centre: extracted
[local-ai] Om Hospital And Reasearch Centre: extracted
[local-ai] Kamla Nehru Memorial Hospital: extracted
[local-ai] Alok Health Care Hospital Pvt Ltd: extracted
[local-ai] Netra Kendra: extracted
[local-ai] Arogya Dham Hospital: extracted
[local-ai] Life Line Hospital, Kosi Kalan: extracted
[local-ai] Dr Ram Bilas Fracture and Surgical Centre: extracted
[local-ai] Upchar Hospital and Research Centre (Ortho and Gynae): extracted
[local-ai] Apex Hospital and Research Centre: extracted
[local-ai] District Hospital, Ghaziabad: extracted
[local-ai] Sudbhawana Hospital: extracted
[local-ai] Asha Deep Hospital: extracted
[local-ai] Eye-Q Super Speciality Eye Hospitals: extracted
[local-ai] Sant Kabir Eye Hospital: extracted
[local-ai] Kailash Hospital Greater Noida: extracted
[local-ai] Deep Nursing Home: extracted
[local-ai] Government Hospital, Peepli: extracted
[local-ai] Government Hospital,Sripalpur: extracted
[local-ai] Bharat Hospital: extracted
[local-ai] Government Hospital,Malagar: extracted
[local-ai] Goverment hospital,Tarkulwa: extracted
[local-ai] District Combined Hospital Kushinagar: extracted
[local-ai] Government Hospital SONGAR: extracted
[local-ai] District Woman Hospital: extracted
[checkpoint] saved 1250 records
[local-ai] CHC Itiyathok: extracted
[local-ai] District Hospital Etah: extracted
[local-ai] Government Hospital: extracted
[local-ai] Government Hospital: extracted
[local-ai] Gov. Hospital Campierganj, Gorakhapur: extracted
[local-ai] Government Hospital Azmatgarh: extracted
[local-ai] Govt. Hospital: extracted
[local-ai] Goverment hospital,Rasdhan: extracted
[local-ai] Goverment hospital,Bharthana-bharpura: extracted
[local-ai] Government Hospital: extracted
[local-ai] Goverment hospital,Goyla: extracted
[local-ai] District Women Hospital Basti: extracted
[local-ai] Goverment hospital,HARRAIYA: extracted
[local-ai] DH,Basti: extracted
[local-ai] MAHARAJA BALAVANT SINGH COMBINED DISTRIC HOSPITAL: extracted
[local-ai] Gaurhari: extracted
[local-ai] Government hospital: extracted
[local-ai] District Female Hospital: extracted
[local-ai] Government Hospital Khaga: extracted
[local-ai] Government Hospital gawan: extracted
[local-ai] District Male Hospital Budaun: extracted
[local-ai] District Women Hospital Lalitpur: extracted
[local-ai] Government Hospital: extracted
[local-ai] Government Hospital Sidhpura: extracted
[local-ai] Government Hospital: extracted
[checkpoint] saved 1275 records
[local-ai] Government Hospital: extracted
[local-ai] Gov. Hospital Kailsa: extracted
[local-ai] T.B. HOSPITAL THAKURGANJ: extracted
[local-ai] CHC Sikarpur: extracted
[local-ai] Goverment hospital,THATHIYA: extracted
[local-ai] District Combined Hospital,Kaushambi: extracted
[local-ai] District Combind Hospital Chicholi: extracted
[local-ai] Government Hospital daha: extracted
[local-ai] Sarkari Hospital Sagobandh: extracted
[local-ai] Government Hospital FHARENDAHA: extracted
[local-ai] Rajkiya Mahila Chikitsalaya Mughalsarai: extracted
[local-ai] Govt Hospital,Mangalpur: extracted
[local-ai] Government Hospital Bhudwar: extracted
[local-ai] Government Hospital Erach: extracted
[local-ai] Government Hospital Jatau: extracted
[local-ai] Hathiyagarh: extracted
[local-ai] Mahen: extracted
[local-ai] B.B.D.Govt. Hospital: extracted
[local-ai] Government Hospital Ibarahimabad Uparwar: extracted
[local-ai] Government Hospital Rajpura: extracted
[local-ai] Uma Shanker Male Hospital: extracted
[local-ai] Government Hospital: extracted
[local-ai] Government Hospital,Khukhundoo: extracted
[local-ai] Government Hospital: extracted
[local-ai] District Combind Hospital Bulandshare: extracted
[checkpoint] saved 1300 records
[local-ai] T.B. Hospital Saharanpur: extracted
[local-ai] District Hospital Bijnor: extracted
[local-ai] Goverment hospital,Khamariya: extracted
[local-ai] Malkhan Singh District Hospital: extracted
[local-ai] District Male Hospital Pratapgarh: extracted
[local-ai] District Women Hospital Jaunpur: extracted
[local-ai] Government Hospital Anapur: extracted
[local-ai] Government Hospital Baghuri: extracted
[local-ai] District Women Hospital Etah: extracted
[local-ai] Government Hospital Kadipur: extracted
[local-ai] District Combined Hospital Siddarthnagar: extracted
[local-ai] Government Hospital Jahani Kheda: extracted
[local-ai] Government Hospital Agwanpur: extracted
[local-ai] Government Hospital Bijrol: extracted
[local-ai] Government Hospital KHAIRABAD: extracted
[local-ai] Government Hospital: extracted
[local-ai] Goverment Hospital: extracted
[local-ai] District Male Hospital Shahjahanpur: extracted
[local-ai] Govt. Hospital: extracted
[local-ai] Goverment hospital,Dildar Nagar: extracted
[local-ai] District Women Hospital Banda: extracted
[local-ai] Goverment hospital,Birdha: extracted
[local-ai] Government Hospital Dulehra: extracted
[local-ai] District Women Hospital Pratapgarh: extracted
[local-ai] Government Hospital Kandela: extracted
[checkpoint] saved 1325 records
[local-ai] Government Hospital tikiri: extracted
[local-ai] Government Hospital Kot: extracted
[local-ai] Government Hospital Bhopa: extracted
[local-ai] Government Hospital Pachewara: extracted
[local-ai] Government Hospital Dabatua: extracted
[local-ai] Government Hospital Dadon: extracted
[local-ai] Government Hospital Garhi Pukhta: extracted
[local-ai] District Women Hospital Hamirpur: extracted
[local-ai] Government Hospital Mudiya: extracted
[local-ai] Government Hospital Dehgawan: extracted
[local-ai] DISTRICT MMG MALE HOSPITAL: extracted
[local-ai] District Women Hospital Mau: extracted
[local-ai] PPU District Women Hospital: extracted
[local-ai] District Male Hospital Lalitpur: extracted
[local-ai] Government Hospital Jhalu: extracted
[local-ai] District Hospital,T.B. Hospital: extracted
[local-ai] Government Hospital: extracted
[local-ai] Government hospital: extracted
[local-ai] Government hospital Purbaliyan: extracted
[local-ai] Government Hospital: extracted
[local-ai] GOVT. HOSPITAL NAVIN SWASTHYA KENDRA: extracted
[local-ai] District Women Hospital Hardoi: extracted
[local-ai] Dadri,Sub-District Hospital: extracted
[local-ai] District Women Hospital Ballia: extracted
[local-ai] District Women Hospital Budaun: extracted
[checkpoint] saved 1350 records
[local-ai] Government Hospital Gonhatal: extracted
[local-ai] Government Hospital, Bijoli: extracted
[local-ai] Government Hospital Surjawali: extracted
[local-ai] Medical Collage Saharanpur: extracted
[local-ai] Government Hospital Painte pur: extracted
[local-ai] Government Hospital Salampur Gosai: extracted
[local-ai] Women's DH,Fatehpur: extracted
[local-ai] Government Hospital Pinauni: extracted
[local-ai] District Women Hospital Bareilly: extracted
[local-ai] District Women Hospital Rampur: extracted
[local-ai] Government Hospital Chak Goraiya: extracted
[local-ai] Government Hospital Dewa-Tindola: extracted
[local-ai] Government Hospital kudwa: extracted
[local-ai] Government Hospital TAKHA: extracted
[local-ai] Government Hospital Jasrana: extracted
[local-ai] District Women Hospital Barabanki: extracted
[local-ai] MATRUMAL DHANNA LAL TB HOSPITAL: extracted
[local-ai] Government Hospital Sonai: extracted
[local-ai] Government Hospital: extracted
[local-ai] Government Hospital PARMANPUR: extracted
[local-ai] Robertsganj District Combind Hospital: extracted
[local-ai] District Male Hospital Kheri: extracted
[local-ai] Sri Ram Hospital Ayodhya: extracted
[local-ai] Government Hospital CHAUDHARPUR: extracted
[local-ai] Musanagar Government Hospital: extracted
[checkpoint] saved 1375 records
[local-ai] Government Hospital Daorahat Bangar: extracted
[local-ai] Government Hospital Diyara: extracted
[local-ai] Sarkari Hospital Raksha: extracted
[local-ai] Government Hospital Madori: extracted
[local-ai] Government Hospital RASULPUR: extracted
[local-ai] Government Hospital: extracted
[local-ai] Government Hospital: extracted
[local-ai] Government Hospital Raghunathpur: extracted
[local-ai] Government Hospital Adari: extracted
[local-ai] District Women Hospital Mainpuri: extracted
[local-ai] Lokbandhu Sri Rajnarain Combined Hospital: extracted
[local-ai] Government Hospital: extracted
[local-ai] Government. Hospital: extracted
[local-ai] District Women Hospital Gorakhpur: extracted
[local-ai] Government Hospital,Khajuriya: extracted
[local-ai] Government Hospital,Dujana: extracted
[local-ai] MAHATMA JYOTIBA PHULE DISTRICT HOSPITAL: extracted
[local-ai] Government Hospital,Cheeti: extracted
[local-ai] Government Hospital,Danoo Pur: extracted
[local-ai] District Women Hospital Mahura: extracted
[local-ai] District Women Hospital Kheri: extracted
[local-ai] Government Hospital Kureji: extracted
[local-ai] Government Hospital VYONTI KHURD: extracted
[local-ai] Government Hospital NAUGAWA SADAT: extracted
[local-ai] Government Hospital Bhingari Bazar: extracted
[checkpoint] saved 1400 records
[local-ai] RANI LAXMI BAI COMBINED HOSPITAL: extracted
[local-ai] Government Hospital Sherkot: extracted
[local-ai] Government Hospital Dhanaura: extracted
[local-ai] District Women Hospital Bahraich: extracted
[local-ai] Government Hospital Airakunda: extracted
[local-ai] Government Hospital Babupaisiya: extracted
[local-ai] District Male Hospital Faizabad: extracted
[local-ai] District Combind Hospital Kanshi Ram Nagar: extracted
[local-ai] Government Hospital: extracted
[local-ai] Bhau Rao Devras Hospital: extracted
[local-ai] Gov Hospital: extracted
[local-ai] Government Hospital Khoriya: extracted
[local-ai] Shahgarh Govt. Hospital: extracted
[local-ai] MANYAWAR KASHIRAM HOSPITAL: extracted
[local-ai] Mahila Hospital: extracted
[local-ai] Government Hospital Biyawal: extracted
[local-ai] District Male Hospital Azamgarh: extracted
[local-ai] Manohar Das EYE Hospital: extracted
[local-ai] NPHC Niwari: extracted
[local-ai] Government Hospital Jungle Dhooshan N: extracted
[local-ai] Mohan Lal Gautam District Female Hospital: extracted
[local-ai] District Women Hospital: extracted
[local-ai] Government Hospital Tikrol: extracted
[local-ai] Government Hospital Safipur-Barikheda: extracted
[local-ai] GOVT HOSPITAL CHAUMUHAN: extracted
[checkpoint] saved 1425 records
[local-ai] Government Hospital,Kachchi Garhi: extracted
[local-ai] Goverment Hospital: extracted
[local-ai] District Combind Hospital St. Kabir Nagar: extracted
[local-ai] Government Hospital Peepal Sana: extracted
[local-ai] Government Hospital MALAWAN: extracted
[local-ai] Government Hospital Surir: extracted
[local-ai] District hospital gonda: extracted
[local-ai] Govt Hospital Nonar Tulsi Ashram: extracted
[local-ai] Government hospital: extracted
[local-ai] District Women Hospital Balrampur: extracted
[local-ai] Sarai Chabila hospital Government.: extracted
[local-ai] Government Hospital Maholi-Indrauli: extracted
[local-ai] Government Hospital Tikaitnagar: extracted
[local-ai] Government Hospital Semrahana: extracted
[local-ai] Civil Hospital Linziganj: extracted
[local-ai] District Women Hospital Muzaffernagar: extracted
[local-ai] Medical Collage Azamgarh: extracted
[local-ai] MAHILA HOSPITAL (Jarwal Kasba): extracted
[local-ai] District Women Hospital Shahjahnpur: extracted
[local-ai] District Female Hospital Azamgarh: extracted
[local-ai] Government Hospital Kathooda: extracted
[local-ai] Government Hospital BILSI: extracted
[local-ai] UHM MALE HOSPITAL: extracted
[local-ai] Government Hospital Halliya: extracted
[local-ai] Dr Ram Manohar Lohiya Male: extracted
[checkpoint] saved 1450 records
[local-ai] Government Hospital Bhabhuwa: extracted
[local-ai] RAM SAGAR MISRA 100 BEDED HOSPITAL: extracted
[local-ai] District Women Hospital Faizabad: extracted
[local-ai] Government Hospital Rajpur: extracted
[local-ai] District Male Hospital Mainpuri: extracted
[local-ai] District Combined Hospital Baghpat: extracted
[local-ai] Government Hospital Madhwapur: extracted
[local-ai] Government Hospital Rampur: extracted
[local-ai] Government Hospital Sirsaganj: extracted
[local-ai] Government Hospital Sarendhi I: extracted
[local-ai] Government Hospital: extracted
[local-ai] Government hospital: extracted
[local-ai] Government hospital mahoba: extracted
[local-ai] Government Hospital: extracted
[local-ai] Jiyanpur Goverment Hospital: extracted
[local-ai] Gov. primary Hospital: extracted
[local-ai] Government Hospital: extracted
[local-ai] Government Hospital: extracted
[local-ai] Govt. Hospital: extracted
[local-ai] District Male Hospital Mathura: extracted
[local-ai] District Hospital,( Dr Ram Manohar Lohiya Female ): extracted
[local-ai] District Women Hospital Ghaziabad: extracted
[local-ai] Government Hospital Aminagar saray: extracted
[local-ai] Government Hospital AMEYMAFI: extracted
[local-ai] Government Hospital Hatiya: extracted
[checkpoint] saved 1475 records
[local-ai] District Male Hospital Ghazipur: extracted
[local-ai] Government Hospital, MAHONA: extracted
[local-ai] Government Hospital SahPur Tehala: extracted
[local-ai] MAHARAJA CHET SINGH DISTRICT HOSPITAL: extracted
[local-ai] Government Hospital Tiwaran: extracted
[local-ai] District Hospital, Morabad: extracted
[local-ai] Government Hospital Ashayas: extracted
[local-ai] Government Hospital KUSAMARA: extracted
[local-ai] Government Hospital Sathariya: extracted
[local-ai] Goverment Hospital, Bankhdia: extracted
[local-ai] PT K P T Distt.Combined Hospital Chandauli: extracted
[local-ai] Government Hospital MURADGANJ: extracted
[local-ai] Government Hospital Bithri Chinpur: extracted
[local-ai] Moti Lal Nehru District Hospital: extracted
[local-ai] Government Hospital RAMGANJ: extracted
[local-ai] Government Hospital SARKARA khas: extracted
[local-ai] Government Hospital Kakraso: extracted
[local-ai] Government Hospital,RAJABPUR: extracted
[local-ai] Government Hospital,Madhotanda: extracted
[local-ai] District Women Hospital Etawah: extracted
[local-ai] Government Hospital,Kutba-kutbi: extracted
[local-ai] Government. hospital khajni: extracted
[local-ai] Sarkari Hospital: extracted
[local-ai] Government City Hospital Jhansi: extracted
[local-ai] Government Hospital: extracted
[checkpoint] saved 1500 records
[local-ai] Government Hospital,Pailani: extracted
[local-ai] Government Hospital Chandana Koli: extracted
[local-ai] Government Hospital, AILUM: extracted
[local-ai] Sarkari Hospital Anauni: extracted
[local-ai] District Male Hospital Barabanki: extracted
[local-ai] PPC KHURJA: extracted
[local-ai] Goverment hospital,Suawala: extracted
[local-ai] Governmrnt Hospital,DAULA: extracted
[local-ai] Government Hospital Bharahu ka pura: extracted
[local-ai] MLB MEDICAL COLLEGE Jhansi: extracted
[local-ai] Government Hospital Chirodi: extracted
[local-ai] District Women Hospital Rae Bareli: extracted
[local-ai] Government Hospital Aligarh: extracted
[local-ai] Government Hospital Bhagarpur Tanda: extracted
[local-ai] Government Hospital Bhaipur: extracted
[local-ai] Government Hospital, Silawar: extracted
[local-ai] District Combind Hospital Maharajganj: extracted
[local-ai] Government Hospital Baroda: extracted
[local-ai] Bagala Male District Hospital, Hathras: extracted
[local-ai] Government Hospital Chitbadagaon: extracted
[local-ai] District Male Hospital hardoi: extracted
[local-ai] Government Hospital: extracted
[local-ai] Government Hospital,DHUMRI: extracted
[local-ai] Hospital & Medical collage: extracted
[local-ai] District Male Hospital, Lalbagh: extracted
[checkpoint] saved 1525 records
[local-ai] District Women Hospital Ghazipur: extracted
[local-ai] Government Hospital Ashok Vihar Ojpura: extracted
[local-ai] Government Hospital Padarkunda: extracted
[local-ai] Government Hospital,GOBARAHA: extracted
[local-ai] Government Hospital,Sirathu: extracted
[local-ai] Government Hospital Bajarang Nagar: extracted
[local-ai] Government. Hospital: extracted
[local-ai] Govt Hospital: extracted
[local-ai] District Women Hospital: extracted
[local-ai] District Male Hospital Mirzapur: extracted
[local-ai] District Combind Hospital JP Nagar: extracted
[local-ai] Govt. Hospital: extracted
[local-ai] Government Hospital: extracted
[local-ai] Government Hospital, Pilkhuwa: extracted
[local-ai] Atrauliya Government Hospital: extracted
[local-ai] Government Hospital: extracted
[local-ai] Government. Hospital: extracted
[local-ai] JHALKARI BAI MAHILA HOSPITALS: extracted
[local-ai] Government Hospital: extracted
[local-ai] Government Hospital: extracted
[local-ai] Government hospital: extracted
[local-ai] Government Hospital: extracted
[local-ai] District combind hospital sanjay nagar: extracted
[local-ai] Sarkari Hospital: extracted
[local-ai] Government Hospital Buranpur: extracted
[checkpoint] saved 1550 records
[local-ai] Government T.B. Hospital: extracted
[local-ai] Government Hospital Anpara-Saktinagar: extracted
[local-ai] Government Hospital Katra Tiraona: extracted
[local-ai] Government Hospital Mahuawa Buzurg: extracted
[local-ai] 32INTACT: extracted
[local-ai] Contonment Hospital: extracted
[local-ai] SM Hospital: extracted
[local-ai] Nutema Hospital: extracted
[local-ai] Manila Hospital: extracted
[local-ai] Ramayan Hospital: extracted
[local-ai] Shri Ram Krishna Cancer Hospital: extracted
[local-ai] Aneja Hospital: extracted
[local-ai] Megacity Hospital: extracted
[local-ai] Jaccha Baccha Hospital: extracted
[local-ai] Shubhkamna Hospital: extracted
[local-ai] Dr. Noor Hospital: extracted
[local-ai] Kunda Kalan Government Hospital: extracted
[local-ai] City Hospital: extracted
[local-ai] Life Care Hospital: extracted
[local-ai] Kamal Hospital and Trauma Centre: extracted
[local-ai] Kisan Hospital: extracted
[local-ai] Mrityunjay Hospital: extracted
[local-ai] Cantt. General Hospital: extracted
[local-ai] Al Meraj Hospital: extracted
[local-ai] Medigram Hospital: extracted
[checkpoint] saved 1575 records
[local-ai] St. Francis Hospital: extracted
[local-ai] Meerut Critical Care Hospital: extracted
[local-ai] Mangalam Mother & Child Care Centre: extracted
[local-ai] Care Hospital: extracted
[local-ai] Swastik Nursing Home: extracted
[local-ai] Dua Hospital: extracted
[local-ai] Dr Sajid Nursing Home: extracted
[local-ai] Swastik Hospital & Ivf Centre: extracted
[local-ai] Kusum Health Care Centre: extracted
[local-ai] Vardhman Hospital: extracted
[local-ai] Sarkari Hospital: extracted
[local-ai] Falah-E-Aam Hospital: extracted
[local-ai] Ekta Hospital: extracted
[local-ai] Mission Mattison Memorial Hospital: extracted
[local-ai] Medwin Hospital: extracted
[local-ai] Jindal Hospital: extracted
[local-ai] Pyare Lal Sharma District Hospital: extracted
[local-ai] Batra Hospital: extracted
[local-ai] Anandit Hospital: extracted
[local-ai] Kunti Devi Memorial Hospital: extracted
[local-ai] Vasundhra Hospital: extracted
[local-ai] Valentis Cancer Hospital: extracted
[local-ai] PGI Hospital: extracted
[local-ai] Mediverve Hospital: extracted
[local-ai] Baby Care Hospital: extracted
[checkpoint] saved 1600 records
[local-ai] Integrity Hospital: extracted
[local-ai] Metro Hospital & Heart Institute, Meerut: extracted
[local-ai] Capital Hospital: extracted
[local-ai] Das Hospital: extracted
[local-ai] Village Gudamb Hospital: extracted
[local-ai] Kailash Nursing Home: extracted
[local-ai] Deoband Hospital: extracted
[local-ai] Samar Hospital: extracted
[local-ai] Dr. Kehkashan Nursing Home: extracted
[local-ai] Abi Hospital: extracted
[local-ai] Pegasus Hospital: extracted
[local-ai] Bharat Hospital: extracted
[local-ai] Gaba Hospital: extracted
[local-ai] Anand Hospital: extracted
[local-ai] Umar Hospital: extracted
[local-ai] My City Hospital: extracted
[local-ai] Meerut Cancer Hospital: extracted
[local-ai] Saint Hospital and Heart Care Centre: extracted
[local-ai] Max Health Care Hospital: extracted
[local-ai] Merrygold Hospital: extracted
[local-ai] Sahiram Hospital: extracted
[local-ai] Government Eye Hospital: extracted
[local-ai] Gargi Hospital: extracted
[local-ai] Shri Mangalam Hospital: extracted
[local-ai] Mittal Nursing Home: extracted
[checkpoint] saved 1625 records
[local-ai] Care Hospital: extracted
[local-ai] Paras Hospital & Trauma Centre: extracted
[local-ai] New Meerut Hospital: extracted
[local-ai] Tomar Hospital: extracted
[local-ai] Hamidia Hospital: extracted
[local-ai] Vikram Ved Hospital: extracted
[local-ai] Aastha Hospital: extracted
[local-ai] Medical College and Hospital: extracted
[local-ai] Saksham Hospital: extracted
[local-ai] Maharshi Hospital and Trauma Centre: extracted
[local-ai] Choudhary Hospital: extracted
[local-ai] Tayyab Hospital: extracted
[local-ai] Guru Harkishan Charitable Hospital: extracted
[local-ai] Hayat Hospital: extracted
[local-ai] S. B. D Hospital Saharanpur: extracted
[local-ai] Jain Charitable Hospital: extracted
[local-ai] Bansal Hospital: extracted
[local-ai] Om Trauma & Neuro Hospital: extracted
[local-ai] Bhagya Shree Hospital and Trauma Centre: extracted
[local-ai] Sarkari Ayu Hospital, Begmabad: extracted
[local-ai] Dua Hospital: extracted
[local-ai] Care Hospital: extracted
[local-ai] Astha Hospital: extracted
[local-ai] Muskan Hospital: extracted
[local-ai] Indira Ivf Eves Test Tube Baby Centre: extracted
[checkpoint] saved 1650 records
[local-ai] Vardhman Hospital: extracted
[local-ai] Lotiram Bansal Hospital: extracted
[local-ai] Max Hospital: extracted
[local-ai] Bhupal Hospital & Research Centre: extracted
[local-ai] SVBP Hospital: extracted
[local-ai] Arpan Hospital: extracted
[local-ai] CNS Hospital Brain & Spine Centre: extracted
[local-ai] Dr. Shroff's Charity Eye Hospital: extracted
[local-ai] Apusnova Multispeciality Hospital & Trauma Centre: extracted
[local-ai] Nagar Hospital: extracted
[local-ai] Hasan Hospital: extracted
[local-ai] Shyam Hospital: extracted
[local-ai] Premwati Hospital: extracted
[local-ai] Shifa Hospital: extracted
[local-ai] Shamim Ahmed Saeedi Unani Speciality Hospital: extracted
[local-ai] Rajeev Hospital: extracted
[local-ai] GS Medical College & Hospital: extracted
[local-ai] Verma Eye Hosptial: extracted
[local-ai] Asian Medical Centre: extracted
[local-ai] Bhagyatara Brain Centre: extracted
[local-ai] Lifeline Hospital: extracted
[local-ai] Vs Juneja Memorial Hospital: extracted
[local-ai] Pari Hospital: extracted
[local-ai] Jeevan Dhara Hospital, Aligarh: extracted
[local-ai] Krishna Hospital: extracted
[checkpoint] saved 1675 records
[local-ai] Malan Hospital: extracted
[local-ai] Tanmay Hospital: extracted
[local-ai] Shri Kedarnath Hospital: extracted
[local-ai] Musa Hospital: extracted
[local-ai] Maa Maya Hospital: extracted
[local-ai] S.N.M.Hospital: extracted
[local-ai] Sharma Eye Care Centre: extracted
[local-ai] M.Y. Hospital: extracted
[local-ai] Dr. Ziauddin Ahmed Dental College & Hospital: extracted
[local-ai] Sri Vinayak Hospital: extracted
[local-ai] H R Neurotherpy Hospital: extracted
[local-ai] Chandra Hospital: extracted
[local-ai] Savitri Hospital: extracted
[local-ai] Chameli Devi Hospital, Jalali: extracted
[local-ai] LJ Memorial Hospital: extracted
[local-ai] O Max Hospital: extracted
[local-ai] Navya Hospital: extracted
[local-ai] Medha Hospital: extracted
[local-ai] Pt.Bhavani Shankar Ayurveda Health Centre & Yogashrama: extracted
[local-ai] Sukhdevi Diabetes Heart Care & Diagnostics: extracted
[local-ai] Prithvi Raj Hospital: extracted
[local-ai] Darpan Hospital: extracted
[local-ai] Gandhi Eye Hospital: extracted
[local-ai] Kanta Memorial Hospital: extracted
[local-ai] R.K Memorial Hospital: extracted
[checkpoint] saved 1700 records
[local-ai] Ladies Hospital: extracted
[local-ai] Bal Jeevan Hospital: extracted
[local-ai] S.N. Hospital: extracted
[local-ai] Hajra Hospital: extracted
[local-ai] City Hospital: extracted
[local-ai] Jyoti Hospital: extracted
[local-ai] Devansh Hospital: extracted
[local-ai] Zameer Hospital: extracted
[local-ai] Geetanjali Hospital Multispeciality & Trauma Centre: extracted
[local-ai] Radha Rani Hospital: extracted
[local-ai] Asha Clinic: extracted
[local-ai] Yashomati Hospital: extracted
[local-ai] S J D Hospital & Critical Care Centre: extracted
[local-ai] A R Health Care: extracted
[local-ai] ESI Hospital: extracted
[local-ai] Care Hospital: extracted
[local-ai] M.K.S Hospital: extracted
[local-ai] I.T. Super Speciality Hospital: extracted
[local-ai] Matrix Hospital: extracted
[local-ai] Maa Bhagwati Hospital: extracted
[local-ai] Life Care Hospital: extracted
[local-ai] Sood Hospital: extracted
[local-ai] Sakshi Hospital: extracted
[local-ai] A M U Medical Emergency: extracted
[local-ai] Braunwald Hospitals Private Limited: extracted
[checkpoint] saved 1725 records
[local-ai] Own Clinic: extracted
[local-ai] S.J. Hospital: extracted
[local-ai] Maxfort Multispeciality Hospital: extracted
[local-ai] Sig Hospital and Dental Centre: extracted
[local-ai] Devatray Hospital: extracted
[local-ai] Vishwaraj Hospital: extracted
[local-ai] Singhal Eye Hospital: extracted
[local-ai] Lucky Bhavya Hospital: extracted
[local-ai] Navya Hospital, Aligarh: extracted
[local-ai] Harpal Hospital: extracted
[local-ai] Shri Radha Madhav Hospital: extracted
[local-ai] Navratan Hospital: extracted
[local-ai] Jachcha Bachcha Hospital Gov.: extracted
[local-ai] Mansi Hospital: extracted
[local-ai] Maharaja Agrasen Hospital: extracted
[local-ai] Ashok Memorial Sukhsagar Hospital: extracted
[local-ai] Chandrawati Hospital: extracted
[local-ai] Sidra Hospital & Kidney Care Centre: extracted
[local-ai] Brith Hospital: extracted
[local-ai] Vansh Hospital and Trauma Centre: extracted
[local-ai] Rusa Medical Centre: extracted
[local-ai] Rajiv Gandhi Centre For Diabetes and Endocrinology: extracted
[local-ai] Dr. Anuj Govind: extracted
[local-ai] Raghav Hospital: extracted
[local-ai] Kamakhya Hospital: extracted
[checkpoint] saved 1750 records
[local-ai] Kilkari Hospital: extracted
[local-ai] Maa Sharda Hospital: extracted
[local-ai] Kirti Hospital: extracted
[local-ai] Moolchand Hospital: extracted
[local-ai] Navjeevan Hospital: extracted
[local-ai] Pari Hospital, Aligarh: extracted
[local-ai] Railway Hospital: extracted
[local-ai] Ak Tibbiya Unani Hospital: extracted
[local-ai] Al-Shifa Hospital: extracted
[local-ai] Rampyari Memorial Hospital: extracted
[local-ai] Sood Hospital, Chharra: extracted
[local-ai] Urban Hospital: extracted
[local-ai] Feroz Specialist Hospital: extracted
[local-ai] Kamlesh Hospital: extracted
[local-ai] Bardan Hospital: extracted
[local-ai] Matra Chhaya Clinic and Nursing Home: extracted
[local-ai] Chandra Hospital: extracted
[local-ai] Vardan Hospital: extracted
[local-ai] Dinesh Sharma Hospital: extracted
[local-ai] Police Hospital: extracted
[local-ai] Taj Hospital: extracted
[local-ai] City Hospital: extracted
[local-ai] Umang Multispeciality Hospital: extracted
[local-ai] Pt. Deen Dayal Hospital: extracted
[local-ai] Neelkanth Surgical Hospital: extracted
[checkpoint] saved 1775 records
[local-ai] Aligarh National Hospital: extracted
[local-ai] Renuka City Hospital and Stone Centre: extracted
[local-ai] R K Hospital: extracted
[local-ai] Pari Hospital, Saroj Nagar: extracted
[local-ai] Thakur Ram Chandra Singh Memorial Hospital: extracted
[local-ai] Rawat Hospital: extracted
[local-ai] Tyagi Hospital: extracted
[local-ai] Raj Maternity Home: extracted
[local-ai] Jeevan Jyoti Hospital: extracted
[local-ai] Dev Hospital: extracted
[local-ai] Navjivan Hospital: extracted
[local-ai] Nandlal Hospital: extracted
[local-ai] P R Hospital: extracted
[local-ai] Pt. Deen Dayal Upadyay Joint Hospital: extracted
[local-ai] Gautam Hospital: extracted
[local-ai] S N M Hospital: extracted
[local-ai] Om Hospital: extracted
[local-ai] Rammurti Hospital: extracted
[local-ai] Government Hospital ,Raipur Munjapta: extracted
[local-ai] Government Hospital, Atrauli: extracted
[local-ai] Vasu Hindu Parishad Ayurveda Chikitsalaya: extracted
[local-ai] Golden Hospital: extracted
[local-ai] Deen Dayal Hospital: extracted
[local-ai] Central Hospital: extracted
[local-ai] Gyan Hospital: extracted
[checkpoint] saved 1800 records
[local-ai] Naurang Hospital: extracted
[local-ai] Prasad Hospital: extracted
[local-ai] Neeru Child Hospital: extracted
[local-ai] Neeru Maternity Home: extracted
[local-ai] Government Hospital, Kasimpur: extracted
[local-ai] Rainbow Hospital: extracted
[local-ai] Swami Vivekanand Prakritik Yog Chikitsa: extracted
[local-ai] Shifa Hospital and Dental Care Centre: extracted
[local-ai] Rashmi Nursing Home: extracted
[local-ai] Ratan Hospital: extracted
[local-ai] Manglik Hospital: extracted
[local-ai] Lakshya Hospital: extracted
[local-ai] Chiron Children's Superspeciality Hospital: extracted
[local-ai] Darul Shifa Hospital: extracted
[local-ai] Dr. Arkan Hussain Hospital, Pipalsana: extracted
[local-ai] Teerthankar Mahaveer Hospital: extracted
[local-ai] Janpriya Hospital: extracted
[local-ai] Bajaj Eye Hospital: extracted
[local-ai] Ram Rahim Charitable Eye Hospital: extracted
[local-ai] Dr.Nazim's Mahanagar Hospital, Moradabad: extracted
[local-ai] Veterans Government Hospital: extracted
[local-ai] Tanda City Hospital: extracted
[local-ai] Govind Ram Hospital: extracted
[local-ai] J. R .Hospital: extracted
[local-ai] Malakpur Hospital: extracted
[checkpoint] saved 1825 records
[local-ai] Janta Hospital: extracted
[local-ai] Yug Hospital Moradabad: extracted
[local-ai] R.A Max Health Care Hospital: extracted
[local-ai] Aligarh Grand Hospital: extracted
[local-ai] Anna Hospital: extracted
[local-ai] Dhanwantri Superspeciality Hospital: extracted
[local-ai] Shri Purnanand Hospital: extracted
[local-ai] Navin Hospital: extracted
[local-ai] Galaxy Surgical and Maternity Centre: extracted
[local-ai] Dmr Hospital: extracted
[local-ai] Kothiwal Hospital's: extracted
[local-ai] Novax Hospital & Trauma Centre: extracted
[local-ai] Rajkiya Ayurvedic Hospital, Aghwanpur: extracted
[local-ai] Siddh Hospital: extracted
[local-ai] Jeevan Rekha Health Care and Maternity Centre: extracted
[local-ai] Sisodia Nursing Home: extracted
[local-ai] City Life Hospital: extracted
[local-ai] Tej Memorial Hospital: extracted
[local-ai] Apex Hospital: extracted
[local-ai] Mahendra Hospital: extracted
[local-ai] J.R Hospital Heart Care Neuro Care Maternity and General Centre: extracted
[local-ai] Chaudhary Eye Hospital: extracted
[local-ai] City Hospital: extracted
[local-ai] Metro Hospital: extracted
[local-ai] PAC Hospital: extracted
[checkpoint] saved 1850 records
[local-ai] Sultan Laparoscopy Hospital: extracted
[local-ai] Divyakriti Hospital: extracted
[local-ai] Sahara Hospital: extracted
[local-ai] Jeevan Jyoti Hospital: extracted
[local-ai] Singh Hospital: extracted
[local-ai] Orthomax Hospital & Trauma Centre: extracted
[local-ai] Sri Sai Super Speciality Hospital: extracted
[local-ai] R.A. AL Madar Hospital: extracted
[local-ai] Crest Hospital: extracted
[local-ai] A.K. Hospital, D.K.S: extracted
[local-ai] Chaman Hospital: extracted
[local-ai] Photon Hospital: extracted
[local-ai] Tirupati Hospital: extracted
[local-ai] We Care Hospital: extracted
[local-ai] Jamila Hospital: extracted
[local-ai] Maryada Hospital: extracted
[local-ai] Saifi Hospital: extracted
[local-ai] Medicity Hospital: extracted
[local-ai] V V N Hospital: extracted
[local-ai] Ali Hospital, Karanpur: extracted
[local-ai] Blessing Hospital: extracted
[local-ai] H. N. A. Hospital: extracted
[local-ai] Ahmad Hospital: extracted
[local-ai] Jafer Ali Hospitals: extracted
[local-ai] Ayesha Hospital: extracted
[checkpoint] saved 1875 records
[local-ai] Royal Hospital: extracted
[local-ai] Dr Dutt Children Hospital: extracted
[local-ai] Muzaffar Child Care & Birth Hospital: extracted
[local-ai] Central Police Hospital: extracted
[local-ai] Jigar Hospital: extracted
[local-ai] Kilkari Hospital: extracted
[local-ai] Synergy Superspeciality Hospital: extracted
[local-ai] Public Hospital: extracted
[local-ai] National Hospital & Maternity Centre: extracted
[local-ai] Vivekananda Hospital, Harthala: extracted
[local-ai] Ansar Hospital and Hijama Centre: extracted
[local-ai] Raj Dental Speciality Hospital: extracted
[local-ai] Dr. Mohammad Hospital: extracted
[local-ai] Sahara Hospital: extracted
[local-ai] Anand Hospital: extracted
[local-ai] National Hospital & Kideny Centre: extracted
[local-ai] J H Indian Hospital: extracted
[local-ai] Rsd Hospital and Research Centre: extracted
[local-ai] Yashoda Hospital: extracted
[local-ai] Alshifa Baby Hospital, Khaud: extracted
[local-ai] Wellcare Hospital, Behlolpur: extracted
[local-ai] Brightstar Hospital: extracted
[local-ai] Bareen Hospital: extracted
[local-ai] Millat Hospital: extracted
[local-ai] Dr. PK Khanna Children Hospital and Diagnostic Lab: extracted
[checkpoint] saved 1900 records
[local-ai] Ahmad Hospital: extracted
[local-ai] Jayaan Hospital: extracted
[local-ai] SS Hospital: extracted
[local-ai] Star Hospital Liver and Gastro Care: extracted
[local-ai] Sapna Fracture Hospital: extracted
[local-ai] Eye Care Centre: extracted
[local-ai] Nidan Chikitsa Kendra: extracted
[local-ai] Renu Rai Hospital, Basti Pmc: extracted
[local-ai] Dr. Ramendra Chaturvedi Hospital: extracted
[local-ai] PMC Hospital: extracted
[local-ai] Haddi Hospital: extracted
[local-ai] R.K.Dental Hospital & Implant Centre: extracted
[local-ai] Sunita Health Care Centre: extracted
[local-ai] Gorakhnath Hospital: extracted
[local-ai] Star Hospital: extracted
[local-ai] Tiwari Homoepathic Dawakhana: extracted
[local-ai] Asheerwad Hospital: extracted
[local-ai] Tahira Hospital &Heart Centre: extracted
[local-ai] Mehdi Dental Hospital: extracted
[local-ai] Sitaram Hospital: extracted
[local-ai] Barkat Hospital and Trauma Centre: extracted
[local-ai] Opec Kaili Hospital: extracted
[local-ai] Om Sai Ram Hospital: extracted
[local-ai] Ganga Hospital: extracted
[local-ai] Care Hospital: extracted
[checkpoint] saved 1925 records
[local-ai] New Awadh Hospital: extracted
[local-ai] Suriya Orthopaedic and Spainal Centre: extracted
[local-ai] M.P Health Care Centre: extracted
[local-ai] Renu Memorial Ortho & Medical Centre: extracted
[local-ai] Jeevan Hospital: extracted
[local-ai] Government Homeopathic Hospital: extracted
[local-ai] City Hospital: extracted
[local-ai] Surya Hospital: extracted
[local-ai] Vardan Hospital: extracted
[local-ai] Sewa Hospital: extracted
[local-ai] Dr Mohammad Anis Hospital: extracted
[local-ai] Partham Hospital: extracted
[local-ai] Jai Dental Hospital, Jai Nagar: extracted
[local-ai] Tulsi Governments Women Hospital: extracted
[local-ai] Sanjeevani Hospital: extracted
[local-ai] Mariyam Hospital: extracted
[local-ai] Anand Multispecialist Hospital: extracted
[local-ai] Government Hospital, Sheikhpur Jafar: extracted
[local-ai] Dr Pramila Singh and Aswani Singh Hospital: extracted
[local-ai] Jk Hospital: extracted
[local-ai] Aaman Hospital: extracted
[local-ai] Sakun Hospital & Dialysis Centre: extracted
[local-ai] Noor Hospital: extracted
[local-ai] Madhu Charity Hospital: extracted
[local-ai] Mishra Clinic & Hospital: extracted
[checkpoint] saved 1950 records
[local-ai] Balaji Hospital: extracted
[local-ai] Ayodhya Dental Hospital: extracted
[local-ai] Dariyabad Hospital: extracted
[local-ai] Sunta Hospital: extracted
[local-ai] Daffrin Hospital: extracted
[local-ai] Surya Hospital: extracted
[local-ai] Neelkanth Hospital & Research Centre: extracted
[local-ai] Shree Ram Hospital, Ayodhya: extracted
[local-ai] Pratishtha Ayurvedic and Chinise Acupressure Treatment and Training Centre: extracted
[local-ai] Aleena Eye Hospital: extracted
[local-ai] Maa Parmeshwari Devi Memorial Hospital: extracted
[local-ai] Zayan Hospital: extracted
[local-ai] SMC Hospital: extracted
[local-ai] Baby Doll Hospital: extracted
[local-ai] Nirmala Hospital and Maternity Centre: extracted
[local-ai] Mamata Hospital, Basti: extracted
[local-ai] Sai Hospital: extracted
[local-ai] Chiranjeev Hospital & Nursing Institute: extracted
[local-ai] Gomti Hospital: extracted
[local-ai] Aman Hospital: extracted
[local-ai] Female Hospital: extracted
[local-ai] Tathastu Institute Of Medical Sciences & Hospital: extracted
[local-ai] Alishba Hospital: extracted
[local-ai] Dr Bp Tripathi Eye Care Centre: extracted
[local-ai] Ayodhya Eye Hospital, Basti Branch: extracted
[checkpoint] saved 1975 records
[local-ai] Shakti Hospital: extracted
[local-ai] Raj Hospital & Diagnostic: extracted
[local-ai] Manchanda Eye Hospital: extracted
[local-ai] Candy Hospital, Faizabad: extracted
[local-ai] Narayan Hospital: extracted
[local-ai] Medicare Hospital: extracted
[local-ai] Bhavya Medical Centre Private Limited: extracted
[local-ai] Savitri Paramedical College & Hospital: extracted
[local-ai] Krishna Hospital: extracted
[local-ai] Dr.Mohammad Iqbal Child Specialist: extracted
[local-ai] Satyam Pathology: extracted
[local-ai] Sambal Hospital: extracted
[local-ai] Jila Hospital: extracted
[local-ai] Tripathi Hospital: extracted
[local-ai] Raj Rajeshwari Hospital: extracted
[local-ai] MSC Hospital: extracted
[local-ai] Jagat Hospital: extracted
[local-ai] Children Hospital: extracted
[local-ai] J.P. Memorial Hospital: extracted
[local-ai] Amar Hospital: extracted
[local-ai] Om Sanjeewani Chikitsa Kendra: extracted
[local-ai] Shri Krishna Mission Hospital: extracted
[local-ai] J J Hospital: extracted
[local-ai] City Hospital: extracted
[local-ai] RK Hospital: extracted
[checkpoint] saved 2000 records
[local-ai] Baba Hospital: extracted
[local-ai] Tathastu Hospital: extracted
[local-ai] Military Hospital: extracted
[local-ai] Patel Smh Hospital & Ayurvedic Paramedical College: extracted
[local-ai] Navjyoti Eye Hospital, Basti: extracted
[local-ai] New Adarsh Hospital, Basti: extracted
[local-ai] S.N Hospital & Medical Institute: extracted
[local-ai] Manas Hospital: extracted
[local-ai] Sunayan Eye Hospital: extracted
[local-ai] Prince Pharmacy & Medical Centre: extracted
[local-ai] New Anshuman Hospital: extracted
[local-ai] Lucknow Dental Hospital: extracted
[local-ai] Rama Hospital: extracted
[local-ai] Happy Care Hospital, Basti: extracted
[local-ai] Janaki Hospital: extracted
[local-ai] Hajra Hospital: extracted
[local-ai] Shiv Lalita Hospital: extracted
[local-ai] Kiran Surgical: extracted
[local-ai] Prakash Pathology & Biopsy Centre: extracted
[local-ai] American Dental Hospital: extracted
[local-ai] Crystal Hospital: extracted
[local-ai] Awadhpuri Hospital and Maternity Centre: extracted
[local-ai] R P Singh Hospital: extracted
[local-ai] Public Hospital: extracted
[local-ai] Samta Pathology: extracted
[checkpoint] saved 2025 records
[local-ai] Vishal Hospital: extracted
[local-ai] Zyara Hospital: extracted
[local-ai] Life Care Hospital: extracted
[local-ai] Sangam Hospital: extracted
[local-ai] Dev Hospital: extracted
[local-ai] Dr. K. Gopal Hospital: extracted
[local-ai] Fatima Hospital: extracted
[local-ai] Agnihotri Rohit Maternity Hospital and Ultrasound Centre: extracted
[local-ai] Dr Basu Hospital: extracted
[local-ai] Zaidi Hospital: extracted
[local-ai] Iris Hospital: extracted
[local-ai] Pragati Maternity Home & Infertility Centre: extracted
[local-ai] Hindustan Paramedical Science and Hospital: extracted
[local-ai] Deen Dayal Hospital: extracted
[local-ai] Ahnaf Jamal Hospital: extracted
[local-ai] Sitapur Eye Hospital: extracted
[local-ai] S.R. Critical Care Hospital & Trauma Centre: extracted
[local-ai] Star Hospital: extracted
[local-ai] Aman Hospital: extracted
[local-ai] Navoday Hospital: extracted
[local-ai] Satya Hospital: extracted
[local-ai] Faiz Hospital: extracted
[local-ai] Aaliya Hospital: extracted
[local-ai] Dr. Cp Sharma Hospital: extracted
[local-ai] Baig Hospital: extracted
[checkpoint] saved 2050 records
[local-ai] Aala Hazrat Hospital & Trauma Centre: extracted
[local-ai] Camphor Hospital: extracted
[local-ai] G.S Hospital: extracted
[local-ai] Medhansh Hospital: extracted
[local-ai] Haricharan Children Hospital: extracted
[local-ai] Arya Hospital: extracted
[local-ai] DPIM Z Plus Hospital: extracted
[local-ai] Gopal Dutt Hospital: extracted
[local-ai] S.R Hospital and Trauma Centre: extracted
[local-ai] Nhrm Hospital: extracted
[local-ai] Shaheed Bhagat Singh Eye Hospital: extracted
[local-ai] Major Nursing Home: extracted
[local-ai] Sunaina Eyes Hospital: extracted
[local-ai] Dr Chaman Lal Eye Hospital: extracted
[local-ai] Care Hospital, Bareilly: extracted
[local-ai] Alaunus Hospital & Critical Care Centre: extracted
[local-ai] K.K Hospital: extracted
[local-ai] Abhiram Hospital: extracted
[local-ai] Mohammadi Hospital: extracted
[local-ai] Global Hospital: extracted
[local-ai] Shrinath Medicity Hospital: extracted
[local-ai] Metro Vision Hospital: extracted
[local-ai] Shahjahan Maternity Home, Hospital: extracted
[local-ai] Shri Krishna Hospital: extracted
[local-ai] Pratap Hospital: extracted
[checkpoint] saved 2075 records
[local-ai] Dr I.K Hospital: extracted
[local-ai] Abg Multispeciality Hospital: extracted
[local-ai] SS Hospital: extracted
[local-ai] A.K. Hospital: extracted
[local-ai] Jeevanrekha Hospital: extracted
[local-ai] Eyenova Eye Hospital: extracted
[local-ai] Clara Swain Mission Hospital: extracted
[local-ai] Maxcare Hospital: extracted
[local-ai] Railway Hospital: extracted
[local-ai] Gangasheal Hospital: extracted
[local-ai] Megha Hospital: extracted
[local-ai] Life Line Neuro Trauma and Multi-Speciality Hospital: extracted
[local-ai] Rameshwaram Medical Centre: extracted
[local-ai] Archana Hospital: extracted
[local-ai] Al Madina Al Maas Hospital: extracted
[local-ai] B.D.Janta Hospital: extracted
[local-ai] Murti Nursing Home and Urosurgical Centre: extracted
[local-ai] Bareilly City Hospital: extracted
[local-ai] Ravi Hospital & Trauma Centre: extracted
[local-ai] Shraddha Hospital: extracted
[local-ai] Government Hospital ,Deoranian: extracted
[local-ai] Primary Hospital: extracted
[local-ai] Patel Hospital: extracted
[local-ai] Shri Ram Hospital: extracted
[local-ai] G1 Hospital: extracted
[checkpoint] saved 2100 records
[local-ai] Saaol Heart Centre: extracted
[local-ai] Siddique Hospital: extracted
[local-ai] Susheel Hospital: extracted
[local-ai] Shikhar Hospital: extracted
[local-ai] Shri Radhe Hospital: extracted
[local-ai] D. G. Hospital: extracted
[local-ai] Diwakar Multi Speciality Hospital & Advanced Trama Centre: extracted
[local-ai] Cutis & Kids Hospital: extracted
[local-ai] Shri Ram Kishore Memorial Hospital: extracted
[local-ai] Khushlok Hospital: extracted
[local-ai] Bansal Hospital: extracted
[local-ai] Saral Critical Care: extracted
[local-ai] Haiders Hospital: extracted
[local-ai] Maya Hospital: extracted
[local-ai] Sai Sukhda Hospital: extracted
[local-ai] Shri Sant Hospital BLY: extracted
[local-ai] Nath Hospital: extracted
[local-ai] Bajran Hospital: extracted
[local-ai] Sanjeevni Hospital: extracted
[local-ai] Divine Hospital: extracted
[local-ai] Aman Care Hospital: extracted
[local-ai] Lok Priya Hospital: extracted
[local-ai] Ruchi Atul Hospital: extracted
[local-ai] Child and Mother Centre Sumit Varsha Hospital: extracted
[local-ai] Sheel Hospital: extracted
[checkpoint] saved 2125 records
[local-ai] Shri Ganga Charan Aryawardhan Hospital: extracted
[local-ai] Smart City Hospital: extracted
[local-ai] Hasan Metro City Hospital: extracted
[local-ai] Medinova Hospital: extracted
[local-ai] Shubham Hospital: extracted
[local-ai] Begraj Hospital: extracted
[local-ai] Lilavati General Hospital: extracted
[local-ai] Life Line Hospital: extracted
[local-ai] Aastha Hospital: extracted
[local-ai] Rajya Rani Hospital: extracted
[local-ai] Dr. Chowhan's Hospital: extracted
[local-ai] New Life Hospital: extracted
[local-ai] Narayana Hospital: extracted
[local-ai] P.M.C. Hospital: extracted
[local-ai] Jagat Hospital: extracted
[local-ai] Oppo Hospital Maduadih: extracted
[local-ai] Raju Hospital: extracted
[local-ai] Pankhudi Hospital: extracted
[local-ai] Sadguru Hospital: extracted
[local-ai] LG Hospital: extracted
[local-ai] Aryan Hospital: extracted
[local-ai] Suresh Singh Memorial Hospital: extracted
[local-ai] Jeevan Anmol Hospital: extracted
[local-ai] Ritu Hospital: extracted
[local-ai] Rama Medical Care Centre: extracted
[checkpoint] saved 2150 records
[local-ai] Delight Hospital: extracted
[local-ai] Vatsalya Children Hospital: extracted
[local-ai] Usha Memorial Hospital: extracted
[local-ai] Jiwan Jyoti Children Hospital: extracted
[local-ai] Jyotirmay Hospital: extracted
[local-ai] Heritage Hospital: extracted
[local-ai] Popular Hospital: extracted
[local-ai] Sudha Surgical Multi Speciality Hospital: extracted
[local-ai] Chadr Prabha Hospital: extracted
[local-ai] Amrit Milan Hospital: extracted
[local-ai] Pragya Maternity & Child Care Hospital: extracted
[local-ai] Dr. R S Singh Hospital: extracted
[local-ai] Vanshika Children Hospital: extracted
[local-ai] Prabhat Hospital Bhelupur: extracted
[local-ai] Prakhar Hospital: extracted
[local-ai] R.S. Hospital and Research Centre: extracted
[local-ai] Bharti Hospital: extracted
[local-ai] Guru Nanak Hospital: extracted
[local-ai] Ramkrishna Hospital & Child Care Centre: extracted
[local-ai] Health Care Hospital: extracted
[local-ai] Sangam Hospital: extracted
[local-ai] Friend's Hospital: extracted
[local-ai] Smayan Hospital: extracted
[local-ai] Medicity Hospital & Critical Care: extracted
[local-ai] Shubham Banaras Hospital: extracted
[checkpoint] saved 2175 records
[local-ai] New Khushbu Hospital: extracted
[local-ai] Vardan Hospital and Laparoscopic Centre: extracted
[local-ai] Getwell Hospital: extracted
[local-ai] Prasad Hospital: extracted
[local-ai] Vijaya Hospital: extracted
[local-ai] Trimurti Hospital: extracted
[local-ai] Neelam Hospital: extracted
[local-ai] Pratik Hospital: extracted
[local-ai] Chirayu Medi Surgical Hospital: extracted
[local-ai] S-Base Hospital varanasi: extracted
[local-ai] Maulana Azad Bunkar Hospital: extracted
[local-ai] Police Line Hospital: extracted
[local-ai] Jeevan Rekha Hospital: extracted
[local-ai] Vaidik Hospital and Trauma Centre: extracted
[local-ai] Shubhyash Hospital & Speciality Clinic: extracted
[local-ai] Shivam Hospital: extracted
[local-ai] Janta Sewa Hospital: extracted
[local-ai] ASG Eye Hospital: extracted
[local-ai] Prince Hospital: extracted
[local-ai] Kunta Devi Hospital: extracted
[local-ai] Baba Kinaram Hospital: extracted
[local-ai] Jhumawati Hospital: extracted
[local-ai] Filaria Hospital - NCDC: extracted
[local-ai] Kunjan Homeo Hospital & Research Centre: extracted
[local-ai] Healthmax Hospital: extracted
[checkpoint] saved 2200 records
[local-ai] Raj Memorial Hospital: extracted
[local-ai] Laxmi Hospital: extracted
[local-ai] Public Welfare Hospital: extracted
[local-ai] G.S.Memorial Plastic Surgery Hospital and Trauma Centre: extracted
[local-ai] Verma Hospital: extracted
[local-ai] K.L.Hospital and Trauma Centre: extracted
[local-ai] Sanjeevni Hospital: extracted
[local-ai] Global Hospital & Trauma Centre: extracted
[local-ai] Versova Hospital: extracted
[local-ai] Saroj Hospital: extracted
[local-ai] Kalpana Hospital: extracted
[local-ai] मेट्रो ऋषिदेव अस्पताल: extracted
[local-ai] Midway Hospital: extracted
[local-ai] M.S.D Hospital: extracted
[local-ai] Rohit Hospital: extracted
[local-ai] Maitri Hospital: extracted
[local-ai] New Phoenix Hospital: extracted
[local-ai] Indra Multispeciality Hospital & Diagnostic Centre: extracted
[local-ai] Mishal Hospital & Health Care Unit: extracted
[local-ai] Anant Hospital: extracted
[local-ai] Avi Hospital: extracted
[local-ai] City Ideal Hospital: extracted
[local-ai] Pitambari Hospital: extracted
[local-ai] Prithvi Hospital: extracted
[local-ai] Gem Hospital: extracted
[checkpoint] saved 2225 records
[local-ai] Maa Gouri Hospital: extracted
[local-ai] Janta Hospital and Maternity Centre: extracted
[local-ai] Prakash Hospital: extracted
[local-ai] Shri Gangaram Memorial Hospital: extracted
[local-ai] Nityanand Hospital: extracted
[local-ai] Nova Hospital Shivpur Varanasi: extracted
[local-ai] Jain Hospital, Varanasi: extracted
[local-ai] Mandhata Hospital and Trauma Centre: extracted
[local-ai] Dirghayu Hospital and Surgical Centre: extracted
[local-ai] Rudrakashi Hospital: extracted
[local-ai] Ansh Neuro and Maternity Centre: extracted
[local-ai] Bhargava Hospital and Trauma Centre: extracted
[local-ai] Sarang Medicare Hospital and Dental Research Centre: extracted
[local-ai] Ansh Neuro and Maternity Centre: extracted
[local-ai] Chandra Hospital: extracted
[local-ai] Shivangan Hospital: extracted
[local-ai] Prakashdeep Hospital: extracted
[local-ai] Peace Point Hospitals: extracted
[local-ai] Rajapuriya Heart Hospital: extracted
[local-ai] Sabika Hospital: extracted
[local-ai] Upkar Eye Hospital: extracted
[local-ai] Ashutosh Hospital: extracted
[local-ai] New Jagriti Hospital & Research Centre: extracted
[local-ai] Ganga Sewa Sadan Hospital: extracted
[local-ai] जाॅर्जियन सुपरस्पेशिएलीटी अस्पताल: extracted
[checkpoint] saved 2250 records
[local-ai] Hemant Singh Hospital: extracted
[local-ai] Lilawati Hospital ,varansi: extracted
[local-ai] Military Hospital: extracted
[local-ai] Purnima Hospital: extracted
[local-ai] Holy City Hospital and Trauma Centre: extracted
[local-ai] Sarvodaya Hospital: extracted
[local-ai] Amarnath Seva Sansthan Hospital: extracted
[local-ai] New Medicare Hospital: extracted
[local-ai] Prime Kidney Stone Centre & Urology Hospital: extracted
[local-ai] S N Yadav Hospital: extracted
[local-ai] Arogya Hospital: extracted
[local-ai] Ashirvad Hospital & Research Centre: extracted
[local-ai] Uttakarsh Hospital: extracted
[local-ai] Sai Raj Hospital: extracted
[local-ai] Maa Rajwati Hospital: extracted
[local-ai] Yashoda Memorial Hospital: extracted
[local-ai] Janseva Hospital and Research Centre Pvt Ltd: extracted
[local-ai] Saraswati Hospital: extracted
[local-ai] Bhardwaj Hospital: extracted
[local-ai] Maxwell Hospital: extracted
[local-ai] Peace Point Hospital Pvt. Ltd.: extracted
[local-ai] K. P. Memorial Hospital: extracted
[local-ai] Kashi Hospital: extracted
[local-ai] Sri Ram Hospital & Maternity Centre: extracted
[local-ai] Parma Hospital: extracted
[checkpoint] saved 2275 records
[local-ai] Sarkari Hospital: extracted
[local-ai] Shiva Hospital: extracted
[local-ai] Prateek Hospital: extracted
[local-ai] Ford Hospital varansi: extracted
[local-ai] Om Sai Hospital: extracted
[local-ai] Yash Hospital: extracted
[local-ai] City Hospital: extracted
[local-ai] Opus Hospital: extracted
[local-ai] Kasih Hospital: extracted
[local-ai] Akanksha Hospital: extracted
[local-ai] Amit Gupta Hospital: extracted
[local-ai] Bramharshi Hospital: extracted
[local-ai] Banaras Medicity Heart & Super Speciality Hospital: extracted
[local-ai] Chandra Mohan Hospital: extracted
[local-ai] Apex Hospital, Varanasi: extracted
[local-ai] Shruti Clinic - Dr.G.S. Singh: extracted
[local-ai] Laxmi Memorial Children Hospital: extracted
[local-ai] Hajra Hospital: extracted
[local-ai] Manish Hospital: extracted
[local-ai] Heritage Hospital: extracted
[local-ai] Navjeevan Hospital: extracted
[local-ai] Ganesh Hospital: extracted
[local-ai] Ram Hospital: extracted
[local-ai] Dhanvantri Hospital: extracted
[local-ai] Galaxy Hospital: extracted
[checkpoint] saved 2300 records
[local-ai] Narayan Hospital: extracted
[local-ai] Reenadeep Woman & Child Care Centre: extracted
[local-ai] Sai Eye Hospital, Govind Nagar: extracted
[local-ai] Royal Children's Hospital: extracted
[local-ai] Mahendru Hospital: extracted
[local-ai] Abhinav Nursing Home Hospital: extracted
[local-ai] Asg Eye Hospital: extracted
[local-ai] Chandra Hospital: extracted
[local-ai] Arogya Hospital: extracted
[local-ai] Tirupati Hospital: extracted
[local-ai] Drishti Hospital: extracted
[local-ai] Kabira Hospital: extracted
[local-ai] Shraddha Hospital: extracted
[local-ai] Raunak Hospital: extracted
[local-ai] ESI Hospital, Kanpur: extracted
[local-ai] Mandakini Hospital: extracted
[local-ai] Swaraj Hospital: extracted
[local-ai] Amogh Hospital: extracted
[local-ai] Aashvi Hospital: extracted
[local-ai] Jeewan Jyoti Hospital: extracted
[local-ai] Samarpan Hospital: extracted
[local-ai] Apex Hospital: extracted
[local-ai] H2O Life Care Hospital: extracted
[local-ai] Jagrati Hospital: extracted
[local-ai] Kanha Hospital: extracted
[checkpoint] saved 2325 records
[local-ai] Bmg Hospital: extracted
[local-ai] Shri Jairam Hospital & Trauma Centre: extracted
[local-ai] Regency Renal Sciences Centre: extracted
[local-ai] Maa Jwala Hospital and Trauma Centre: extracted
[local-ai] Ansh Hospital: extracted
[local-ai] Shiv Hospital: extracted
[local-ai] Sis Hospital: extracted
[local-ai] Shaurya Hospital: extracted
[local-ai] Ofc Hospital Armapur: extracted
[local-ai] Maa Vindhyeshwari Hospital: extracted
[local-ai] Merigold Hospital: extracted
[local-ai] Krishna Hospital: extracted
[local-ai] Guru Nanak Hospital: extracted
[local-ai] Ppm Hospital: extracted
[local-ai] New Angel Hospital & Research Centre: extracted
[local-ai] The Panacea Hospital, Kanpur: extracted
[local-ai] Sagh Hospital: extracted
[local-ai] Anuradha Hospital: extracted
[local-ai] McRobert Memorial Hospital: extracted
[local-ai] Regency Hospital: extracted
[local-ai] Ma Hospital: extracted
[local-ai] Dr. Murari Lal Chest Hospital: extracted
[local-ai] Nostrum Hospital: extracted
[local-ai] SPM Hospital: extracted
[local-ai] ESI Hospital: extracted
[checkpoint] saved 2350 records
[local-ai] South City Hospital & Trauma Centre: extracted
[local-ai] Shifa Hospital: extracted
[local-ai] Vatsalya Hospital: extracted
[local-ai] Ramraj Hospital and Trauma Centre: extracted
[local-ai] Indian Hospital: extracted
[local-ai] Amba Hospital: extracted
[local-ai] Angel Hospital: extracted
[local-ai] Mannat Hospital: extracted
[local-ai] Mansrovar Medical Centre Hospital: extracted
[local-ai] Khushi Hospital: extracted
[local-ai] Emerald Hospital: extracted
[local-ai] City Hospital: extracted
[local-ai] South Hospital: extracted
[local-ai] S. S. Hospital: extracted
[local-ai] Chandra Hospital: extracted
[local-ai] Sis Hospital & Research Centre: extracted
[local-ai] Shanti Mission Hospital: extracted
[local-ai] Vimal Hospital: extracted
[local-ai] C L Memorial Hospital: extracted
[local-ai] Jaigurudev Hospital: extracted
[local-ai] Shivansh Hospital: extracted
[local-ai] Gaytri Nursing Home: extracted
[local-ai] Pulse Hospital: extracted
[local-ai] J K Hospital: extracted
[local-ai] Sahyog Hospital: extracted
[checkpoint] saved 2375 records
[local-ai] Sunrise Hospital: extracted
[local-ai] Ganga Devi Hospital: extracted
[local-ai] Bima Hospital: extracted
[local-ai] Bliss Hospital: extracted
[local-ai] Uttam Hospital and Trauma Centre: extracted
[local-ai] New City Hospital: extracted
[local-ai] Chanda Hospital: extracted
[local-ai] Saine Hospital: extracted
[local-ai] Dr. Ram Shankar Smarak Hospital: extracted
[local-ai] Krishna Hospital, Kanpur: extracted
[local-ai] Merrygold Hospital: extracted
[local-ai] E S I Hospital: extracted
[local-ai] Shrey Hospital & Trauma Centre: extracted
[local-ai] Swastik Surgical and Maternity Centre: extracted
[local-ai] Delight Hospital: extracted
[local-ai] Satya Eye Hospital: extracted
[local-ai] The Expert Hospital: extracted
[local-ai] Hari Hospital: extracted
[local-ai] Anurag Hospital: extracted
[local-ai] Anil Memorial Hospital: extracted
[local-ai] Sanjeevani Hospital: extracted
[local-ai] Ursala Hospital: extracted
[local-ai] Parivar Kalyan Seva Sanstha Hospital: extracted
[local-ai] R.U. Charitable Hospital: extracted
[local-ai] Seva Chandra Prabha Hospital: extracted
[checkpoint] saved 2400 records
[local-ai] Sakshi Hospital: extracted
[local-ai] Udai Hospital: extracted
[local-ai] Savitri Hospital: extracted
[local-ai] Saraswati Hospital: extracted
[local-ai] Dua Eye Hospital: extracted
[local-ai] Narayan Hospital: extracted
[local-ai] Harsh Hospital: extracted
[local-ai] Divyaroshni Healthcare Hospital: extracted
[local-ai] Srm Hospital: extracted
[local-ai] Balaji Hospital: extracted
[local-ai] Global Eye Institute Of Optometry: extracted
[local-ai] Saujanya Hospital: extracted
[local-ai] Day and Night Hospital: extracted
[local-ai] Nitin Hospital: extracted
[local-ai] Ram Kripa Hospital: extracted
[local-ai] Sanjeeveni Hospital: extracted
[local-ai] Lav Asha Homeopathic Hospital: extracted
[local-ai] Sehar Hospital: extracted
[local-ai] Gama Hospital: extracted
[local-ai] Abhishek Hospital: extracted
[local-ai] Sanchita Hospital: extracted
[local-ai] CHC Hospital, Shivrampur: extracted
[local-ai] Geeta Hospital: extracted
[local-ai] Priyanshu Hospital: extracted
[local-ai] Khalil Memorial Hospital: extracted
[checkpoint] saved 2425 records
[local-ai] Akash Hospital: extracted
[local-ai] Abhishek Hospital: extracted
[local-ai] Srujan Hospital: extracted
[local-ai] Nelu Hospital: extracted
[local-ai] Genesis Hospital: extracted
[local-ai] J K Charitable Hospital: extracted
[local-ai] Manohar Das Eye Hospital: extracted
[local-ai] Gupta Hospital: extracted
[local-ai] Nishtha Hospital: extracted
[local-ai] Dr Renu Srivastav Hospital: extracted
[local-ai] Saroj Hospital: extracted
[local-ai] New Tejmati Hospital: extracted
[local-ai] Ashirwad Hospital: extracted
[local-ai] Shyama Hospital: extracted
[local-ai] Diwakar home: extracted
[local-ai] Awami Hospital: extracted
[local-ai] KMC Hospital: extracted
[local-ai] Kirti Hospital: extracted
[local-ai] Ishi Hospital: extracted
[local-ai] Adarsh Hospital: extracted
[local-ai] Haiza Hospital: extracted
[local-ai] Vasudev Hospital: extracted
[local-ai] Aryan Hospital: extracted
[local-ai] Srijan Hospital: extracted
[local-ai] New Hospital, Pachhauhan: extracted
[checkpoint] saved 2450 records
[local-ai] Manas Hospital: extracted
[local-ai] Tanvi Hospital: extracted
[local-ai] Aarav Brain and Spine Hospital: extracted
[local-ai] Mgm Hospital: extracted
[local-ai] Bs Mehta Eye Hospital, Allahabad: extracted
[local-ai] Rama Hospital: extracted
[local-ai] Akshayvat Hospital: extracted
[local-ai] Harsh Hospital and Maternity Centre: extracted
[local-ai] Jawahar Hospital: extracted
[local-ai] Sai Hospital: extracted
[local-ai] Janata Hospital: extracted
[local-ai] Ayan Hospital, Kareli: extracted
[local-ai] Vasaa Hospital: extracted
[local-ai] City Hospital: extracted
[local-ai] Vijaya Hospital & Trauma Centre: extracted
[local-ai] Vivekanand Hospital: extracted
[local-ai] Amar Jyoti Hospital: extracted
[local-ai] FMC Hospital: extracted
[local-ai] Bani Hospital, Kotwa: extracted
[local-ai] District Hospital, Khoh, Chitrakoot: extracted
[local-ai] Mangalam Hospital: extracted
[local-ai] Vidyawati Hospital: extracted
[local-ai] Bhumi Hospital: extracted
[local-ai] Jeevan Deep Hospital: extracted
[local-ai] J. M. Hospital: extracted
[checkpoint] saved 2475 records
[local-ai] Global Eye Hospital: extracted
[local-ai] Raj Hospital: extracted
[local-ai] Sachan Hospital: extracted
[local-ai] Iffco Hospital: extracted
[local-ai] Fatima Memorial Hospital: extracted
[local-ai] Gayatri Hospital: extracted
[local-ai] Sarthak Hospital & Fracture Clinic: extracted
[local-ai] Aasha Hospital: extracted
[local-ai] Ashwani Hospital: extracted
[local-ai] Prakash Hospital: extracted
[local-ai] Shankar Hospital: extracted
[local-ai] Nigaha Hospital: extracted
[local-ai] Vandana Hospital: extracted
[local-ai] Vedant Hospital: extracted
[local-ai] Bagwati Hospital: extracted
[local-ai] Amar Memorial Hospital: extracted
[local-ai] Jansuvidha Hospital: extracted
[local-ai] Lotus Hospital: extracted
[local-ai] Shivam Hospital: extracted
[local-ai] J.K. Hospital: extracted
[local-ai] S. S. C Hospital: extracted
[local-ai] Sanjeevani Hospital and Trauma Centre: extracted
[local-ai] Panchsheel Hospital: extracted
[local-ai] K.D.Memorial Hospital: extracted
[local-ai] Sarthak Hospital: extracted
[checkpoint] saved 2500 records
[local-ai] Hayes Mission Memorial Hospital: extracted
[local-ai] Vijay Hospital: extracted
[local-ai] Neelima Hospital: extracted
[local-ai] Prabhawati Hospital: extracted
[local-ai] Government Ayurvedic Hospital: extracted
[local-ai] Kanchan Singh Hospital: extracted
[local-ai] Dr.Mahendra Tripathi Hospital: extracted
[local-ai] New Muskan Hospital: extracted
[local-ai] Vibhor Hospital: extracted
[local-ai] Ojas Hospital, Mahuwari: extracted
[local-ai] Ashutosh Hospital & Trauma Centre: extracted
[local-ai] Triveni Hospital: extracted
[local-ai] Surya Hospital: extracted
[local-ai] Berui Hospital: extracted
[local-ai] Ashirwad Hospital: extracted
[local-ai] Akshatdham Physiotherapy Hospital, Jhunsi Allahabad: extracted
[local-ai] Kesharwani Hospital & Research Institute: extracted
[local-ai] Saryu Hospital: extracted
[local-ai] Kamla Hospital: extracted
[local-ai] Gauri Devi Hospital: extracted
[local-ai] New Ojus Hospital: extracted
[local-ai] Krishna Hospital: extracted
[local-ai] Dufferin Hospital: extracted
[local-ai] Unani Hospital: extracted
[local-ai] Homeopathic Hospital, Shahpur: extracted
[checkpoint] saved 2525 records
[local-ai] Shri Mahavir Clinic: extracted
[local-ai] Shiree Jee. Hospital: extracted
[local-ai] Murka Sarkari Hospital: extracted
[local-ai] Ayushi Hospital: extracted
[local-ai] Adarsh Hospital: extracted
[local-ai] Hinouta Hospital: extracted
[local-ai] Care Hospital: extracted
[local-ai] Alka Hospital: extracted
[local-ai] City Hospital: extracted
[local-ai] Jagdish Hospital: extracted
[local-ai] Vidyawati Hospital: extracted
[local-ai] Mrityunjay Hospital: extracted
[local-ai] Narayan Hospital: extracted
[local-ai] Jageshwar Hospital: extracted
[local-ai] Aman's Hospital: extracted
[local-ai] Shri Kamedgiri Hospital: extracted
[local-ai] Siddhi Vinayak Hospital: extracted
[local-ai] Ojha Hospital: extracted
[local-ai] Aadya Hospital: extracted
[local-ai] Aanchal Hospital: extracted
[local-ai] Mohak Hospital: extracted
[local-ai] Onkar Hospital: extracted
[local-ai] Surbhi Hospital: extracted
[local-ai] Ojas Clinic and Hospital: extracted
[local-ai] Vikash Hospital: extracted
[checkpoint] saved 2550 records
[local-ai] Janhit Hospital: extracted
[local-ai] Vardan Hospital: extracted
[local-ai] Vikas Hospital and Ultrasound Centres: extracted
[local-ai] Meena Hospital: extracted
[local-ai] Jeevan Sahara Hospital: extracted
[local-ai] BDGupta Hospital: extracted
[local-ai] SS Hospital: extracted
[local-ai] Pooja Hospital: extracted
[local-ai] Kalyan Hospital: extracted
[local-ai] Usha Hospital and Maternity Centre: extracted
[local-ai] Base Hospital, Lucknow: extracted
[local-ai] Om Hospital: extracted
[local-ai] Janki Eye Hospital: extracted
[local-ai] Mehdi Hospital: extracted
[local-ai] Nadsi Hospital: extracted
[local-ai] Kiran Hospital and Maternity Home: extracted
[local-ai] B Hope Hospital: extracted
[local-ai] Shirdi Hospital: extracted
[local-ai] Oxford Hospital: extracted
[local-ai] Saha Hospital: extracted
[local-ai] Autar Hospital: extracted
[local-ai] Globe City Hospital: extracted
[local-ai] Nayab Hospital: extracted
[local-ai] Eye Hospital: extracted
[local-ai] Sethi Hospital: extracted
[checkpoint] saved 2575 records
[local-ai] Brhmashree Eye Hospital: extracted
[local-ai] Tulip Eye Hospital: extracted
[local-ai] Greens Medical Centre: extracted
[local-ai] Northern Railway Divisional Hospital, Lucknow: extracted
[local-ai] Mother Care Children Hospital: extracted
[local-ai] Brahmashree Netra Chikitsalaya: extracted
[local-ai] Singh Hospital: extracted
[local-ai] Rama Hospital: extracted
[local-ai] Cantonment Board Hospital: extracted
[local-ai] Holy Family Hospital: extracted
[local-ai] Medwell Hospital: extracted
[local-ai] St. Mary's Hospital: extracted
[local-ai] Ram Prakash Gupta Mother And Child State Referral Hospital: extracted
[local-ai] Ram Swaroop Hospital: extracted
[local-ai] Welcome Hospital & Trauma Centre: extracted
[local-ai] Career Institute Of Medical Sciences and Hospital: extracted
[local-ai] Ali Hospital: extracted
[local-ai] Sun Hospital: extracted
[local-ai] Dr. Sahani Hospital: extracted
[local-ai] Zenith Hospital: extracted
[local-ai] ESIC Hospital: extracted
[local-ai] Rajpoot Hospital: extracted
[local-ai] CGHS Wellness Centre-3: extracted
[local-ai] Fehmina Hospital and Blood Bank: extracted
[local-ai] Moon Hospital: extracted
[checkpoint] saved 2600 records
[local-ai] Silverline Hospital: extracted
[local-ai] Sai Hospital: extracted
[local-ai] Shatabdi Hospital: extracted
[local-ai] Chandra Hospital: extracted
[local-ai] Noor Hospital: extracted
[local-ai] Health City: extracted
[local-ai] Bajrang Hospital: extracted
[local-ai] A M S Hospital, Lucknow: extracted
[local-ai] Buddheshwar Hospital: extracted
[local-ai] Field Hospital: extracted
[local-ai] Suraj Multispeciality Hospital: extracted
[local-ai] Charak Hospital: extracted
[local-ai] Hitech Hospital & Trauma Centre: extracted
[local-ai] New Govind Hospital & Trauma Centre: extracted
[local-ai] Medanta Lucknow Hospital: extracted
[local-ai] Unique Hospital and Trauma Centre: extracted
[local-ai] Saina Charitable Hospital: extracted
[local-ai] Eye Q Super Speciality Eye Hospital: extracted
[local-ai] U.P. Hospital: extracted
[local-ai] Vinayak Medicare Hospital: extracted
[local-ai] City Hospital: extracted
[local-ai] Kalyan Sewa Hospital Eye Centre: extracted
[local-ai] Radha Hospital: extracted
[local-ai] Scope Hospital: extracted
[local-ai] Plus Hospital: extracted
[checkpoint] saved 2625 records
[local-ai] Mariyam Hospital: extracted
[local-ai] Crop Hospital: extracted
[local-ai] Motherhood Hospital: extracted
[local-ai] India Hospital: extracted
[local-ai] Balaji Hospital & Eye Centre: extracted
[local-ai] Rahat Hospital & Trauma Care: extracted
[local-ai] Anand Hospital: extracted
[local-ai] General Hospital: extracted
[local-ai] Neelkanth Hospital: extracted
[local-ai] CMC Medical Centre: extracted
[local-ai] Rajaram Hospital: extracted
[local-ai] Balaganj Hospital & Maternity Centre: extracted
[local-ai] Hope Hospital: extracted
[local-ai] Indira Gandhi Hospital & Research Centre: extracted
[local-ai] Galaxy Hospital: extracted
[local-ai] Vardaan Children Hospital: extracted
[local-ai] Indus Hospital & Trauma Centre: extracted
[local-ai] Janki Hospital: extracted
[local-ai] Jaccha Baccha Hospital: extracted
[local-ai] Chandra Hospital, Rajajipuram: extracted
[local-ai] Shine Hospital: extracted
[local-ai] Singh Hospital, Lucknow: extracted
[local-ai] Asra Hospital: extracted
[local-ai] Dr.Manju Pankaj Tripathi Diagnostics and Multi Speciality Hospital: extracted
[local-ai] Rajaji Puram Hospital and Maternity Research Centre: extracted
[checkpoint] saved 2650 records
[local-ai] Shaurya Hospital: extracted
[local-ai] Medshine Hospital: extracted
[local-ai] Arogya Hospital: extracted
[local-ai] Deo's Medical and Surgical: extracted
[local-ai] Relief Hospital: extracted
[local-ai] Roy's Hospital Centre: extracted
[local-ai] Avadh Hospital, Alambagh: extracted
[local-ai] SKD Hospital: extracted
[local-ai] United Hospital: extracted
[local-ai] Khan Hospital: extracted
[local-ai] Sana Hospital & Research Centre: extracted
[local-ai] SGPGI, Lucknow: extracted
[local-ai] Vatsala Hospital: extracted
[local-ai] Surgical Nursing Home: extracted
[local-ai] Hare Krishna Hospital: extracted
[local-ai] Katyayani Hospital: extracted
[local-ai] Upkar Hospital: extracted
[local-ai] Navjeevan Hospital: extracted
[local-ai] City Hospital: extracted
[local-ai] Noor Hospital: extracted
[local-ai] Sadbhavna Hospitals: extracted
[local-ai] Pathak Hospital: extracted
[local-ai] Shantinagar Hospital: extracted
[local-ai] Mahmood Alam Hospital: extracted
[local-ai] Sapphire Hospital: extracted
[checkpoint] saved 2675 records
[local-ai] Jivandeep Hospital: extracted
[local-ai] Dr.Sameer Gupta: extracted
[local-ai] Hari Om Hospital & Maternity Centre: extracted
[local-ai] Shri Paras Hospital: extracted
[local-ai] Dr. R Ali Memorial Hospital: extracted
[local-ai] Healthcare Hospital: extracted
[local-ai] Railway Hospital, Agra Division: extracted
[local-ai] Help Agra Hospital: extracted
[local-ai] Rangi Primary Hospital: extracted
[local-ai] 60 Para Field Hospital: extracted
[local-ai] Mamta Medical Hospital: extracted
[local-ai] G M Hospital: extracted
[local-ai] ESI Hospital, Chipitola: extracted
[local-ai] Chauhan Hospital: extracted
[local-ai] Fatima Hospital: extracted
[local-ai] G B Hospital: extracted
[local-ai] Star Hospital and Maternity Home: extracted
[local-ai] A.P.S. Hospital: extracted
[local-ai] Star Hospital: extracted
[local-ai] District Civil Hospital, Gonda: extracted
[local-ai] Madhulok Hospital, Ghanshyam Gupta: extracted
[local-ai] R M Hospital: extracted
[local-ai] Janta Hospital: extracted
[local-ai] Nilam Tiwari Hospital: extracted
[local-ai] Saba Khatoon Hospital: extracted
[checkpoint] saved 2700 records
[local-ai] Care Hospital: extracted
[local-ai] Public Welfare Hospital: extracted
[local-ai] Kailash Hospital: extracted
[local-ai] Pengoria Hospital: extracted
[local-ai] Shri Jyoti Nursing Home: extracted
[local-ai] R J Hospital: extracted
[local-ai] Shree Dharamroop Hospital: extracted
[local-ai] Radhika Hospital: extracted
[local-ai] Global Rainbow Healthcare: extracted
[local-ai] Iskon Medical Centre: extracted
[local-ai] Rahat Hospital: extracted
[local-ai] Gayatri Hospital: extracted
[local-ai] Varma Hospital: extracted
[local-ai] Kasturee Hospital: extracted
[local-ai] Dmc Hospital: extracted
[local-ai] Life Line Hospital: extracted
[local-ai] Sitapur Eye Hospital, Gonda: extracted
[local-ai] Dr. I. A. Khan Modern Hospital: extracted
[local-ai] Dr. Harendra Mohaniya Child Hospital: extracted
[local-ai] Kamala Devi Hospital: extracted
[local-ai] District T.B.Hospital, Gonda: extracted
[local-ai] C. H.C Hospital, Malkapur: extracted
[local-ai] Devangan Maternity Centre: extracted
[local-ai] Shanti Ved Hospital: extracted
[local-ai] Sunrise Hospital Ortho and Materniy Centre: extracted
[checkpoint] saved 2725 records
[local-ai] Gonda Medical Centre: extracted
[local-ai] Ibnk Hospital: extracted
[local-ai] Government Hospital , Gannaghat: extracted
[local-ai] Anjani Hospital: extracted
[local-ai] Ganesh Nursing Hospital: extracted
[local-ai] Ranjana More Hospital: extracted
[local-ai] GK Hospitals: extracted
[local-ai] Singh Hospital: extracted
[local-ai] Parmeshwar Memorial Hospital, Nawabganj Gonda: extracted
[local-ai] Sunrise Health Care, Gonda: extracted
[local-ai] Iti Hospital: extracted
[local-ai] Sairam Hospital: extracted
[local-ai] Karadeeh Kalan PCH Hospital: extracted
[local-ai] Baqai Hospital: extracted
[local-ai] R.K. Hospital: extracted
[local-ai] Garima Hospital and Maternity Centre: extracted
[local-ai] Gila Hospital: extracted
[local-ai] Saket Hospital: extracted
[local-ai] Railway Hospital: extracted
[local-ai] Dr.Sharda Prasad Hospital: extracted
[local-ai] Care Life Hospital: extracted
[local-ai] Atuls Hospital: extracted
[local-ai] Maa Koteshwari Hospital: extracted
[local-ai] Unani Hospital: extracted
[local-ai] Jeevan Rekha Hospital: extracted
[checkpoint] saved 2750 records
[local-ai] G.R. Hospital & Research Centre: extracted
[local-ai] Dr. Ram Ajoor Pandey Hospital: extracted
[local-ai] Medcare Hospital, Ganesh Tiwari: extracted
[local-ai] Synergy Plus Hospital: extracted
[local-ai] SCPM Super Speciality Hospital and Trauma Centre: extracted
[local-ai] Dr. D V Sharma (Bone Hospital): extracted
[local-ai] Ram Sunder Memorial Hospital: extracted
[local-ai] Vrindavan Hospital: extracted
[local-ai] Dr.B.P.Singh Pvt.Hospital: extracted
[local-ai] Savan Kripal Ruhani Mission Ashram: extracted
[local-ai] Gonard Hospital: extracted
[local-ai] Shekhar Hospital: extracted
[local-ai] Asha-Dev Memorial Surgical Maternity Hospital: extracted
[local-ai] Chahar Hospital: extracted
[local-ai] Scpm College Of Nursing: extracted
[local-ai] Kailash Kant Hospital: extracted
[local-ai] Jai Narayan Hospital: extracted
[local-ai] SR Hospital: extracted
[local-ai] Javithri Devi Memorial Hospital: extracted
[local-ai] Vivek Memorial Hospital: extracted
[local-ai] Police Hospital, Police Line: extracted
[local-ai] Aasha Dev Hospital: extracted
[local-ai] Mission Hospital: extracted
[local-ai] Vasdei Memorial Hospital: extracted
[local-ai] Adarsh ENT Centre: extracted
[checkpoint] saved 2775 records
[local-ai] Shakti Hospital: extracted
[local-ai] Ishaque Hospital: extracted
[local-ai] Indra Hospital: extracted
[local-ai] Arogya Niketan Hospital: extracted
[local-ai] Al-Jamiat-Ul-Ashrafia Hospital: extracted
[local-ai] Al Falah Hospital: extracted
[local-ai] Al Noor Hospital: extracted
[local-ai] Faizi Memorial Hospital: extracted
[local-ai] Fatima Hospital: extracted
[local-ai] Dr.Abrar Hospital: extracted
[local-ai] City Hospital and Child Care Centre: extracted
[local-ai] Chirayu Hospital: extracted
[local-ai] Manv Rachna Haddi Hospital: extracted
[local-ai] H. M. Surgical Hospital: extracted
[local-ai] Saksham Hospital: extracted
[local-ai] Nazma Hospital: extracted
[local-ai] Grand Hospital: extracted
[local-ai] Aqsa Hospital: extracted
[local-ai] Life Care Hospital: extracted
[local-ai] New Star Hospital: extracted
[local-ai] Opal Hospital: extracted
[local-ai] Aqsa Hospital: extracted
[local-ai] Shivam Hospital: extracted
[local-ai] PGI Hospital: extracted
[local-ai] Global Hospital, Azamgarh: extracted
[checkpoint] saved 2800 records
[local-ai] Sanvi Child Care Hospital: extracted
[local-ai] Maha Mritunjai Hospital and Medical College: extracted
[local-ai] Paigam Hospital: extracted
[local-ai] K.N.Lal Memorial Hospital: extracted
[local-ai] Health Care Hospital: extracted
[local-ai] Janta Hospital: extracted
[local-ai] Shiva Hospital: extracted
[local-ai] Awadh Hospital: extracted
[local-ai] Vinayak Hospital: extracted
[local-ai] Islamia Hospital: extracted
[local-ai] Saroj Multi Speciality Hospital & Trauma Centre: extracted
[local-ai] Kumar Child Care Centre: extracted
[local-ai] Baby Hospital: extracted
[local-ai] Medicity Hospital and Research Centre: extracted
[local-ai] Asha Hospital: extracted
[local-ai] Salmani Hospital: extracted
[local-ai] Saira Hospital: extracted
[local-ai] Phariha Hospital: extracted
[local-ai] Maurya Hospital: extracted
[local-ai] Tibbiya Hospital: extracted
[local-ai] Vidya Hospital Multi Speciality Centre: extracted
[local-ai] Haddi Hospital: extracted
[local-ai] Apollo Hospital: extracted
[local-ai] Divya Hospital: extracted
[local-ai] Faizi Hospital: extracted
[checkpoint] saved 2825 records
[local-ai] S M Hospital: extracted
[local-ai] Jivan Nidhi Eye Hospital: extracted
[local-ai] Anand Hospital: extracted
[local-ai] N.N. Memorial Hospital: extracted
[local-ai] Siddhi Vinayak Hospital: extracted
[local-ai] Government Hospital: extracted
[local-ai] Vikas Hospital: extracted
[local-ai] Sarvodaya Hospital: extracted
[local-ai] Dubey Hospital: extracted
[local-ai] Vidya Hospital: extracted
[local-ai] Roohi Hospital: extracted
[local-ai] Rainbow Children Hospital: extracted
[local-ai] Abhishek Hospital: extracted
[local-ai] Bhargava Hospital: extracted
[local-ai] Farhat Hospital: extracted
[local-ai] Apex Hospital: extracted
[local-ai] Akbari Hospital: extracted
[local-ai] Gupta Hospital: extracted
[local-ai] Hasan Hospital: extracted
[local-ai] Modern Hospital: extracted
[local-ai] Arma Clinic and Hospital: extracted
[local-ai] Dr Jp Yadav Hospital: extracted
[local-ai] Aarushi Clinic & Hospital: extracted
[local-ai] Madhav Hospital: extracted
[local-ai] Naman Hospital: extracted
[checkpoint] saved 2850 records
[local-ai] Arogyam Hospital: extracted
[local-ai] Old Hospital: extracted
[local-ai] Nav Drishti Eye and Dental Hospital: extracted
[local-ai] Sarkari Hospital, Bhiro Baba Mandir: extracted
[local-ai] Aditya Hospital: extracted
[local-ai] Shivam Hospital, Sofipur: extracted
[local-ai] Konark Hospital: extracted
[local-ai] National Super Speciality Hospital and Trauma Centre: extracted
[local-ai] Nidhi Hospital: extracted
[local-ai] Nav Jeevan Jyoti Hospital: extracted
[local-ai] Regal Hospital: extracted
[local-ai] Navjeevan Hospital: extracted
[local-ai] Krishna Medical Centre: extracted
[local-ai] Osho Dhara Hospital: extracted
[local-ai] Sahara Hospital: extracted
[local-ai] Maternity Hospital: extracted
[local-ai] Shashank Hospital: extracted
[local-ai] Zaahira Hospital: extracted
[local-ai] Shifa Hospital: extracted
[local-ai] Nav Jyoti Eye Hospital: extracted
[local-ai] Matrachhaya Hospital: extracted
[local-ai] Rama Multispeciality Hospital & Trauma Centre: extracted
[local-ai] India Hospital: extracted
[local-ai] Lotus Hospital: extracted
[local-ai] Fatima Hospital: extracted
[checkpoint] saved 2875 records
[local-ai] Purvanchal Hospital: extracted
[local-ai] Nazeer Hospital: extracted
[local-ai] Ayyub Hospital: extracted
[local-ai] Hasan Hospital: extracted
[local-ai] Shifa Hospital: extracted
[local-ai] Sahaj Hospital: extracted
[local-ai] Kachhwa Christian Hospital: extracted
[local-ai] Sardar Patel Hospital: extracted
[local-ai] Jansewa Hospital: extracted
[local-ai] Sewa Hospital: extracted
[local-ai] Pulse Hospital: extracted
[local-ai] National Hospital: extracted
[local-ai] Buddha Hospital Pvt. Ltd.: extracted
[local-ai] Dr. G.M Ansari Pasu Chikistalay: extracted
[local-ai] Jyoti Eye Care Hospital: extracted
[local-ai] Patel Hospital: extracted
[local-ai] Bombay Hospital and Trauma Centre: extracted
[local-ai] FN Hospital: extracted
[local-ai] Sewa Hospital: extracted
[local-ai] Metropolis Healthcare Ltd.: extracted
[local-ai] P.C.Hospital: extracted
[local-ai] Usmania Hospital: extracted
[local-ai] The Pride Hospital: extracted
[local-ai] Mall Hospital: extracted
[local-ai] Samvedana Hospital: extracted
[checkpoint] saved 2900 records
[local-ai] Sewa Hospital: extracted
[local-ai] Kamala Hospital and Trauma Centre: extracted
[local-ai] Shifa Hospital, Gorakhnath, Gorakhpur: extracted
[local-ai] Deep Ganga Hospital: extracted
[local-ai] Sakshi Hospital & Laparoscopy Centre: extracted
[local-ai] Gorakhpur Hospital & Research Centre: extracted
[local-ai] Saanvi Health Care Centre: extracted
[local-ai] Prakash Hospital: extracted
[local-ai] Park Hospital: extracted
[local-ai] Janani Hospital and Trauma Centre: extracted
[local-ai] Shubham Hospital and Nursing Home: extracted
[local-ai] Hanuman Prasad Poddar Cancer Hospital: extracted
[local-ai] Veda Panchakarma Hospital & Research Institute: extracted
[local-ai] Modi Hospital: extracted
[local-ai] Shri Sai Hospital and Dental Care: extracted
[local-ai] Balrampur Hospital: extracted
[local-ai] Mangalam Pathology: extracted
[local-ai] Lokpriya Hospital: extracted
[local-ai] H N Singh Hospital: extracted
[local-ai] Gastro Liver Hospital: extracted
[local-ai] Jai Shankar Hospital: extracted
[local-ai] Prabhawati Hospital: extracted
[local-ai] Hriday Rog Hospital: extracted
[local-ai] Yashoda Hospital and Heart Chest Care Centre: extracted
[local-ai] Vishwas Surgical Hospital: extracted
[checkpoint] saved 2925 records
[local-ai] Medispring Hospital & Research Centre: extracted
[local-ai] Zainab Memorial Hospital: extracted
[local-ai] Sarita Hospital: extracted
[local-ai] Air Force Hospital: extracted
[local-ai] Rajdeep E.N.T. Hospital: extracted
[local-ai] Jan Jeevan Hospital: extracted
[local-ai] Sangam Eye Hospital: extracted
[local-ai] Pandit Baijnath Hospital: extracted
[local-ai] Anand Hospital: extracted
[local-ai] Primary Health Centre, Pandari: extracted
[local-ai] Upkar Institute Of Paramedical Science: extracted
[local-ai] Sri Krishna Hospital: extracted
[local-ai] P N Hospital: extracted
[local-ai] Prasad Hospital and Research Centre: extracted
[local-ai] Saket Hospital: extracted
[local-ai] Bal Karan Memorial Hospital: extracted
[local-ai] Aastha Multispeciality Hospital: extracted
[local-ai] Satya Hospital and Maternity Centre: extracted
[local-ai] KM's Hospital, Chunar: extracted
[local-ai] Kanha Hospital: extracted
[local-ai] Gupta Heart & Medical Centre: extracted
[local-ai] Hope Super Speciality Hospital: extracted
[local-ai] Krishna Hospital: extracted
[local-ai] Surya Hospital: extracted
[local-ai] Maa Seeta Hospital and Fracture Clinic: extracted
[checkpoint] saved 2950 records
[local-ai] Om Prakash Pandey Hospital: extracted
[local-ai] RG Hospital: extracted
[local-ai] Khamaria Hospital: extracted
[local-ai] Shree Siddhivinayak Hospital: extracted
[local-ai] Aziz Hospital: extracted
[local-ai] Al-Razi Hospital: extracted
[local-ai] Amrawati Hospital: extracted
[local-ai] Children Hospital: extracted
[local-ai] Shakuntala Hospital: extracted
[local-ai] Arogya Hospital: extracted
[local-ai] City Hospital: extracted
[local-ai] Dwivedi Child Care: extracted
[local-ai] Spectra Eye Centre: extracted
[local-ai] Gopal Hospital: extracted
[local-ai] Shahi Global Hospital: extracted
[local-ai] Jeevan Raksha Hospital: extracted
[local-ai] Elite Hospital: extracted
[local-ai] Green Land Hospital: extracted
[local-ai] Ayush Surgical Hospital: extracted
[local-ai] Anand Hospital and Maternity Home: extracted
[local-ai] Shri Mata Hospital: extracted
[local-ai] City Hospital: extracted
[local-ai] Kanchan Hospital and Trauma Centre: extracted
[local-ai] Rachit Hospital: extracted
[local-ai] Shishodia Orthopaedic Centre: extracted
[checkpoint] saved 2975 records
[local-ai] Trimurti Hospital: extracted
[local-ai] Astha Hospital, Gorakhpur: extracted
[local-ai] Metropolis Healthcare Ltd.: extracted
[local-ai] Garg Hospital: extracted
[local-ai] Goel Orthopaedic Hospital: extracted
[local-ai] Ceragem Therapy Centre: extracted
[local-ai] Shreya Hospital: extracted
[local-ai] R G Hospital: extracted
[local-ai] Rahul Hospital: extracted
[local-ai] RNSN Sewa Sadan Hospital: extracted
[local-ai] The Health City Hospital & Trauma Centre: extracted
[local-ai] Raj Hospital: extracted
[local-ai] Dignity Hospital: extracted
[local-ai] Deep Bandhu Hospital: extracted
[local-ai] A One Hospital: extracted
[local-ai] Ramdhani Hospital: extracted
[local-ai] Ahmad's Hospital: extracted
[local-ai] PTPP Hospital: extracted
[local-ai] Hi Tech Hospital & Trauma Centre: extracted
[local-ai] Shri Radhey Hospital: extracted
[local-ai] Village Hospital, Birpura: extracted
[local-ai] Military Hospital ,Babina: extracted
[local-ai] Nigam Hospital: extracted
[local-ai] Gyan Shree Hospital: extracted
[local-ai] Mishra Hospital: extracted
[checkpoint] saved 3000 records
[local-ai] Geeta Memorial Hospital, Jhansi: extracted
[local-ai] Chawla Hospital: extracted
[local-ai] Gyanshree Hospital: extracted
[local-ai] Civil Hospital: extracted
[local-ai] Katiyar Hospital: extracted
[local-ai] Neeta Hospital: extracted
[local-ai] Ganga Hospital: extracted
[local-ai] Meva Chaudhary Memorial Hospital: extracted
[local-ai] A-Life Multispeciality Hospital: extracted
[local-ai] Sparsh Children Hospital: extracted
[local-ai] Metro Hospital Hansari: extracted
[local-ai] State Government Hospital, Ait: extracted
[local-ai] Rajaram Hospital: extracted
[local-ai] Dr. Mehra's Hospital: extracted
[local-ai] Shankar Hospital, Jhansi: extracted
[local-ai] Jai Anand Hospital and Research Centre: extracted
[local-ai] Shri Ji Hospital: extracted
[local-ai] Sharda Hospital: extracted
[local-ai] Maa Vaishno Hospital and Trauma Centre: extracted
[local-ai] Government Hospital, Katera: extracted
[local-ai] Narayana Hospital - Jhansi: extracted
[local-ai] Aayushmaan Hospital: extracted
[local-ai] Susila Hospital: extracted
[local-ai] Raghvendra Hospital & Laparoscopic Surgery Centre: extracted
[local-ai] Megha Patel Hospital: extracted
[checkpoint] saved 3025 records
[local-ai] Dr. Singh Hospital: extracted
[local-ai] Government Hospital , Garhwan: extracted
[local-ai] Apna Hospital and Research Centre: extracted
[local-ai] Government Hospital, Mauranipur: extracted
[local-ai] Sanmati Hospital: extracted
[local-ai] Naja Hospital Evam Research Centre: extracted
[local-ai] Railway Workshop Hospital: extracted
[local-ai] Saroj Hospital: extracted
[local-ai] Sharad Chandra Hospital: extracted
[local-ai] Hope Hospital: extracted
[local-ai] Dwivedi Hospital: extracted
[local-ai] Kedarnath Hospital: extracted
[local-ai] Bhel Hospital: extracted
[local-ai] Swati Hospital: extracted
[local-ai] Lucky Hospital: extracted
[local-ai] Avtar Hospital, Karguwa Ji Road: extracted
[local-ai] Dr. H.M. Soni Homoeopathic Cancer and Gupt Rog Hospital: extracted
[local-ai] Orai Multispeciality Hospital: extracted
[local-ai] K L Hospital: extracted
[local-ai] Kanha Hospital: extracted
[local-ai] Kilkari Hospital: extracted
[local-ai] Chinmays Hospital: extracted
[local-ai] Sutta Hospital: extracted
[local-ai] Devine Care Hospital: extracted
[local-ai] Global Hospitals: extracted
[checkpoint] saved 3050 records
[local-ai] Kamla Hospital: extracted
[local-ai] Lohia Eye Hospital: extracted
[local-ai] Kankane Super Speciality Hospital: extracted
[local-ai] Lakhan Singh Hospital: extracted
[local-ai] Chaitanya Hospital: extracted
[local-ai] Chhadsi Hospital: extracted
[local-ai] Jarmany Hospital: extracted
[local-ai] Shankar Hospital: extracted
[local-ai] Cantonment General Hospital: extracted
[local-ai] Chiranjiv Hospital: extracted
[local-ai] Radhe Hospital: extracted
[local-ai] Military Hospital, Jhansi: extracted
[local-ai] Dr.Vinay Hospital: extracted
[local-ai] Anurag Shrivastav Hospital, Jhansi: extracted
[local-ai] Badri Hospital: extracted
[local-ai] Civil Hospital: extracted
[local-ai] Sudarshan Jain Hospital: extracted
[local-ai] Kapoor Nursing Home: extracted
[local-ai] Kastoori Hospital: extracted
[local-ai] Government Hospital ,Garautha: extracted
[local-ai] Dr Narendra Hospitals: extracted
[local-ai] Jistic Hospital: extracted
[local-ai] Rama Jain Hospital: extracted
[local-ai] St. Mary's Hospital: extracted
[local-ai] City Hospital & Research Centre: extracted
[checkpoint] saved 3075 records
[local-ai] Adinath Hospital and Research Centre: extracted
[local-ai] Samval Hospital: extracted
[local-ai] Sanjivani Hospital: extracted
[local-ai] Orai Hospital and Eye Care Centre: extracted
[local-ai] Ma Pitambra Hospital: extracted
[local-ai] J.B. Hospital: extracted
[local-ai] Dr. Narayan Das Hospital: extracted
[local-ai] Saidham Mandir Vidyalaya Hospital: extracted
[local-ai] Max Hospital: extracted
[local-ai] Public Hospital Centre, Akseo: extracted
[local-ai] Sheela Jain Hospital: extracted
[local-ai] Khurana Hospital: extracted
[local-ai] Government Hospital ,Bijaura: extracted
[local-ai] Dr R.G. Memorial Hospital: extracted
[local-ai] Gulista Charitable Hospital: extracted
[local-ai] Jenya Hospital & Research Centre: extracted
[local-ai] Dr. Anil Gupta Hospital: extracted
[local-ai] Mangal Maitri Hospital: extracted
[local-ai] Nirmal Hospital: extracted
[local-ai] Divya Jyoti Eye Hospital: extracted
[local-ai] Panchsheel Hospital, Jhansi: extracted
[local-ai] Bachpan Childern Hospital: extracted
[local-ai] Shivhare Hospital: extracted
[local-ai] Sai Astha Hospital: extracted
[local-ai] Paras Hospital: extracted
[checkpoint] saved 3100 records
[local-ai] Lavleen Kaur Hospital: extracted
[local-ai] Government Hospital , Poonchh: extracted
[local-ai] Mansi ENT Hospital Coblation Centre: extracted
[local-ai] SubCentre, Sahsepur: extracted
[local-ai] Mahila Swasthya Kendra: extracted
[local-ai] MIOTS: extracted
[local-ai] Prayag Medicare: extracted
[local-ai] Anita's clinic: extracted
[local-ai] Dr Bharatveer Hospita: extracted
[local-ai] Dr Vinod Hospita: extracted
[local-ai] Dr Umesh Mittal Clinic: extracted
[local-ai] Shiv Sawroop Hospital: extracted
[local-ai] Dr Nasrool Hasan: extracted
[local-ai] Shri vasudev hospital: extracted
[local-ai] pushkar chikitsa seva sansthan: extracted
[local-ai] Rajput medical store: extracted
[local-ai] Bajrang Medical store: extracted
[local-ai] Maa Gouri hospital: extracted
[local-ai] Max Superspeciality Hospital: extracted
[local-ai] Supertech Medicare Tower B2: extracted
[local-ai] CMO Office, Hardoi: extracted
[local-ai] Kharasara Primary Health Centre Ballia: extracted
[local-ai] ENT Clinic & Nursing Home: extracted
[local-ai] Omega Plus Hospital: extracted
[local-ai] Varsha Hospital: extracted
[checkpoint] saved 3125 records
[local-ai] CGHS Hospital: extracted
[local-ai] CDO OFFICE: extracted
[local-ai] BANDA PRISON: extracted
[local-ai] National child hospital: extracted
[local-ai] Dev hospital patel katara Ramgarh road: extracted
[local-ai] D P Hospital: extracted
[local-ai] Prakash Poly Clinic and Hospital: extracted
[local-ai] Anshika Hospital: extracted
[local-ai] Mahaveer charitable hospita: extracted
[local-ai] Ank hospital: extracted
[local-ai] Rama Hospital: extracted
[local-ai] Shweta Hospital & Trauma Center: extracted
[local-ai] Sahara Hospital: extracted
[local-ai] Jeevan Deep Hospital: extracted
[local-ai] saket hospital(old): extracted
[local-ai] MITTAL HOSPITAL: extracted
[local-ai] Dental Hospital: extracted
[local-ai] Dr Agrahari Homeopathy: extracted
[local-ai] Noor Hospital: extracted
[local-ai] Reayan multispeciality hospital: extracted
[local-ai] Indu Medical Center: extracted
[local-ai] Indu Hospital Aliganj: extracted
[local-ai] ram bahar hospital: extracted
[local-ai] yashraj clinic: extracted
[local-ai] alka hospital: extracted
[checkpoint] saved 3150 records
[local-ai] saket nursing home: extracted
[local-ai] Ayush hospital: extracted
[local-ai] Aryan Hospital: extracted
[local-ai] Apollo Hospital And Maternity Sewa Aashram, State Highway 1A, Mahariya, Naugarh, Uttar Pradesh: extracted
[local-ai] VPL Hospital: extracted
[local-ai] Buddha Hospital: extracted
[local-ai] Shobhit Hospital: extracted
[local-ai] Saral Health Care: extracted
[local-ai] Devendra Hospital: extracted
[local-ai] Meenakshi Imaging services: extracted
[local-ai] Seema Hospital: extracted
[local-ai] Shishu Care Hospital: extracted
[local-ai] Ratan Vishvas hospital: extracted
[local-ai] Saroj Poly Clinic: extracted
[local-ai] Kahyap: extracted
[local-ai] living: extracted
[local-ai] Poornima Medical Shop: extracted
[local-ai] Sanjeevni Medical Shop: extracted
[local-ai] Nursing Home: extracted
[local-ai] Om Prem Charitable Hospital: extracted
[local-ai] mgm hospital grounds: extracted
[local-ai] Ayodhya Eye Hospital: extracted
[local-ai] بھارت ہسپتال: extracted
[local-ai] Felix Hospital: extracted
[local-ai] Centre for Sight: extracted
[checkpoint] saved 3175 records
[local-ai] Highway Hospital & Trauma Centre: extracted
[local-ai] Paras Yash kothari memorial hospital: extracted
[local-ai] Jeevan Jyoti Hospital & Ultrasound Center: extracted
[local-ai] United Medicity: extracted
[local-ai] Manish Hospital: extracted
[local-ai] Navjeevan Nursing Home: extracted
[local-ai] K.D. Dental College & Hospital: extracted
[local-ai] Vedant Hospital: extracted
[local-ai] district hospitals: extracted
[local-ai] gauri hospital: extracted
[local-ai] arihant hospital: extracted
[local-ai] arihant hospital: extracted
[local-ai] harish hospital: extracted
[local-ai] UPRVUNL Dispensary: extracted
[local-ai] Urban Health Centre: extracted
[local-ai] Bhawana Clinic: extracted
[local-ai] Nova IVF: extracted
[local-ai] Flores Hospital: extracted
[local-ai] Medha Hospital: extracted
[local-ai] rishi hospital: extracted
[local-ai] Good Hospital: extracted
[local-ai] New Shivraj Hospital: extracted
[local-ai] Galaxy Hospital: extracted
[local-ai] IIHT Nursing and Paramedical College: extracted
[local-ai] Bharat Charitable Hospital: extracted
[checkpoint] saved 3200 records
[local-ai] स्पर्श: extracted
[local-ai] डिलाइट अस्पताल: extracted
[local-ai] Dr Rishi KAnt Dubey: extracted
[local-ai] फोर्टिस हॉस्पिटल: extracted
[local-ai] Navjeevan Hospital: extracted
[local-ai] Excel Ortho Care, Shri Hari Pathology: extracted
[local-ai] MM Ansari: extracted
[local-ai] Arvind Goyal: extracted
[local-ai] Homeo Clinic: extracted
[local-ai] Janpriya Hospital: extracted
[local-ai] Sudha Hospital: extracted
[local-ai] Jeevan hospital: extracted
[local-ai] aryan hospital: extracted
[local-ai] Comunity Health Centre: extracted
[local-ai] Government Hospital: extracted
[local-ai] mariampur hospital: extracted
[local-ai] PRIMAX HOSPITAL: extracted
[local-ai] shikhar hospital: extracted
[local-ai] Sainik hospital Hadha Achalganj Road: extracted
[local-ai] Innovia hospital: extracted
[local-ai] CHOOTE LAL BIND HOSPITAL: extracted
[local-ai] KESHLTA HOSPITAL: extracted
[local-ai] Satyam Hospital: extracted
[local-ai] ALKA HOSPITAL: extracted
[local-ai] NAV JEEVAN HOSPITAL: extracted
[checkpoint] saved 3225 records
[local-ai] Sandhya Hospital: extracted
[local-ai] Aman Hospital: extracted
[local-ai] Navjyoti Eye Hospital: extracted
[local-ai] Ananta heart and cancer hospital: extracted
[local-ai] Ananta Hospital: extracted
[local-ai] Sanjeevani Hospital: extracted
[local-ai] DRMS Hospital: extracted
[local-ai] GS Multispeciality Hospital: extracted
[local-ai] Dr. Mohan Pandey: extracted
[local-ai] Chitra Eye Hospital: extracted
[local-ai] Yogya Hospital: extracted
[local-ai] Ayush Clinic: extracted
[local-ai] Safal Hospital: extracted
[local-ai] Manas Hospital: extracted
[local-ai] Ashok Clinic: extracted
[local-ai] Kumar Hospital: extracted
[local-ai] Aarogya Hospital: extracted
[local-ai] Beena Prakash Hospital: extracted
[local-ai] Dr. Himanshu Kumar: extracted
[local-ai] Dr.shubham bansal: extracted
[local-ai] asian hospital: extracted
[local-ai] Pratap Clinic: extracted
[local-ai] SURGERY GROUND: extracted
[local-ai] Jagdamba Mother and Child Hospital: extracted
[local-ai] Suman Hospital: extracted
[checkpoint] saved 3250 records
[local-ai] Moolchand Sharbati Devi Charitable Hospital: extracted
[local-ai] Arogya Hospital: extracted
[local-ai] Dr Manish Sharma: extracted
[local-ai] Oasiss Hospital: extracted
[local-ai] Abhay Jeevan Hospital: extracted
[local-ai] Tirupati Lever and Gastro Care Center: extracted
[local-ai] Mahajan: extracted
[local-ai] SITE: extracted
[local-ai] sardar patel hospital: extracted
[local-ai] M.M nursing home: extracted
[local-ai] Regima Skin & Wellness Centre: extracted
[local-ai] sparsh child care and nicu: extracted
[local-ai] shiva hospital: extracted
[local-ai] Puspha devi Dialysis centre: extracted
[local-ai] V Bros Hospital: extracted
[local-ai] ojha multispeciality hospital: extracted
[local-ai] kalyani hospital: extracted
[local-ai] distict hospital: extracted
[local-ai] Life line hospital & trauma care centre: extracted
[local-ai] Shri Krishna Hospital: extracted
[local-ai] nirmala pal medical center: extracted
[local-ai] Bhaskar Hospital: extracted
[local-ai] Anurag Trauma Centre: extracted
[local-ai] Mathura Neuro Super Specialist Hospital: extracted
[local-ai] The Gastro and Liver Care Hospital: extracted
[checkpoint] saved 3275 records
[local-ai] Rohit Kidney Stone and Hospital: extracted
[local-ai] parakh hospital: extracted
[local-ai] RK Hospital: extracted
[local-ai] Vindhya Health Centre: extracted
[local-ai] DK Diabetes care center: extracted
[local-ai] Akash Hospital: extracted
[local-ai] myra hospital: extracted
[local-ai] Government hospital kathiraon: extracted
[local-ai] Maheshwari Hospital: extracted
[local-ai] Kiran Hospital: extracted
[local-ai] Orthonova Hospital: extracted
[local-ai] Vardan Heart Care: extracted
[local-ai] Baby Step: extracted
[local-ai] krishna health care: extracted
[local-ai] Loco pilot running room: extracted
[local-ai] Railway Hospital SultanpurNR: extracted
[local-ai] maa sharda heart clinic: extracted
[local-ai] nav uday hospital: extracted
[local-ai] navjeevan: extracted
[local-ai] KK HOSPITAL: extracted
[local-ai] Homeopathic Clinic: extracted
[local-ai] SHREE GURU NANAK DEV HOSPITAL MULTI SPECIALITY CARE CENTRE: extracted
[local-ai] Shreesh Arogayam: extracted
[local-ai] ..: extracted
[local-ai] Kulwanti hospital tiwaripur: extracted
[checkpoint] saved 3300 records
[local-ai] Sai hospitals tiwaripur: extracted
[local-ai] Radha Rani hospital: extracted
[local-ai] Gangotri Hospital: extracted
[local-ai] Metro Heart Institute: extracted
[local-ai] Metro Multi-speciality Hospital: extracted
[local-ai] Chandralakshmi Hospital: extracted
[local-ai] Paras Hospital: extracted
[local-ai] Metro Hospital: extracted
[local-ai] SM Hospital: extracted
[local-ai] Mratunjay Hospital: extracted
[local-ai] Prabha Hospital: extracted
[local-ai] Mamta Hospital: extracted
[local-ai] Gupta Multi Speciality Hospital: extracted
[local-ai] Dr Kanchan Srivastava Dermatologist: extracted
[local-ai] The Doctors Corner: extracted
[local-ai] INFINITY CARE HOSPITAL: extracted
[local-ai] Nirvan Hospital: extracted
[local-ai] Shashvat Nursing Home: extracted
[local-ai] Shristi Hospital and Neoborn Care Centre: extracted
[local-ai] Amar Hospital: extracted
[local-ai] Wellsun medicity: extracted
[local-ai] Acura Health: extracted
[local-ai] Dr. Shreya Shivangi (MDS): extracted
[local-ai] Yashodha Medicity: extracted
[local-ai] Titan Medics Hospital: extracted
[checkpoint] saved 3325 records
[local-ai] Agrahari Orthopedic Center: extracted
[local-ai] SKB Aarogyam Multispeciality Hospital: extracted
[local-ai] Vardhman Hospital: extracted
[local-ai] govt. hospital: extracted
[local-ai] Vedansh Super Specaility Hospital: extracted
[local-ai] City hospital: extracted
[local-ai] Sushrut Hospital: extracted
[local-ai] Community Health Centre Rupaideeh: extracted
[local-ai] CROWN DENTAL: extracted
[local-ai] Vrinda Hospital: extracted
[local-ai] Mental Hospital: extracted
[local-ai] Nagar Maha Palika Hospital: extracted
[local-ai] Leevate Hospital: extracted
[local-ai] Fortis Hospital: extracted
[local-ai] Metro Hospital & Heart Institute: extracted
[local-ai] Birla Hospital: extracted
[local-ai] Nazareth Hospital, Allahabad: extracted
[local-ai] Alka Hospital And Research Centre: extracted
[local-ai] Children's Hospital: extracted
[local-ai] St Joseph's Hospital, Lucknow: extracted
[local-ai] Satya Hospital and research institute: extracted
[local-ai] Sahara Hospital: extracted
[local-ai] Ram Manohar Lohia Combined Hospital: extracted
[local-ai] Divine Heart Hospital and Research Centre: extracted
[local-ai] Fatima General Hospital: extracted
[checkpoint] saved 3350 records
[local-ai] Icon Hospital, Lucknow: extracted
[local-ai] King George's Medical University: extracted
[local-ai] Balrampur Hospital,Lucknow ( District Hospital ): extracted
[local-ai] Awanti Bai Mahila Hospitals: extracted
[local-ai] Krishna Medical Center: extracted
[local-ai] Queen Mary Hospital: extracted
[local-ai] Sanjay Gandhi Postgraduate Institute of Medical Sciences & Hospital: extracted
[local-ai] Sushma Hospital: extracted
[local-ai] Health Centre: extracted
[local-ai] Vivekananda Polyclinic and Institute Of Medical Sciences: extracted
[local-ai] District Male Hospital: extracted
[local-ai] Fortis Escorts Hospital: extracted
[local-ai] Seth Netralaya: extracted
[local-ai] Vinayak Hospita (Sector-4 Road,Bodla): extracted
[local-ai] B.M. Hospital: extracted
[local-ai] bodla hospital: extracted
[local-ai] JILA HOSHPITAL: extracted
[local-ai] Bodla Hospital: extracted
[local-ai] Military Hospital: extracted
[local-ai] Moti Hospital: extracted
[local-ai] kailash memorial hospital: extracted
[local-ai] rajkiy samudayak svasthay kendra anwal khera: extracted
[local-ai] Jeevan Jyothi Hospital and Research Centre Pvt. Ltd: extracted
[local-ai] amrat hospital: extracted
[local-ai] Mankamna Hospital: extracted
[checkpoint] saved 3375 records
[local-ai] Indain Railway Cancer Institute and Research Centre: extracted
[local-ai] Goverment Animal Hospital: extracted
[local-ai] Sir Sunderlal Hospital: extracted
[local-ai] Pyare Lal Sharma Hospital: extracted
[local-ai] Jila Health Center: extracted
[local-ai] SD Medical Hospital: extracted
[local-ai] Jagadguru Kripalu Chikitsalaya: extracted
[local-ai] SSP Distric Hospital: extracted
[local-ai] Prayag Hospital: extracted
[local-ai] Super Speciality Paediatric Hospital & Post Graduate Teaching Institute: extracted
[local-ai] SN Medical College: extracted
[local-ai] Bakson Hospital: extracted
[local-ai] Sharda Hospital: extracted
[local-ai] Kansal Hospital: extracted
[local-ai] HOD Ghaziabad - House Of Diagnostics: extracted
[local-ai] Mittal Hospital: extracted
[local-ai] Sanjeevni Hospital: extracted
[local-ai] Petrol Pump: extracted
[local-ai] Pt Deen Dayal District Combined Hospital: extracted
[local-ai] Niramaya Hospital: extracted
[local-ai] PHC, Laxmanpur Ainwa: extracted
[local-ai] Dr. Ram Saran Garg Indo-German Hospital: extracted
[local-ai] SNM District Hospital: extracted
[local-ai] District Hospital Chitrakoot: extracted
[local-ai] Aarogyam Narayana: extracted
[checkpoint] saved 3400 records
[local-ai] Ashish Nursing Home: extracted
[local-ai] government hospital: extracted
[local-ai] Shri Ram Murti Smarak (SRMS) Hospital: extracted
[local-ai] Kamla Nehru Hospital: extracted
[local-ai] Banda District Hospital: extracted
[local-ai] BANDA MEDICAL COLLEGE: extracted
[local-ai] Goverment Medical College and Hospital: extracted
[local-ai] District Combined Hospital Mathura: extracted
[local-ai] SKS Medical Hospital and Research Centre: extracted
[local-ai] North Central Railway Hospital: extracted
[local-ai] Meerut Cantt General Hospital: extracted
[local-ai] Harriet Benson Memorial Hospital: extracted
[local-ai] CHC Indira Nagar: extracted
[local-ai] DISTRICT HOSPITAL AMETHI: extracted
[local-ai] All India Institute of Medical Sciences, Gorakhpur: extracted
[local-ai] PHC Baroli Ahir: extracted
[local-ai] VL Medical Centre: extracted
[local-ai] Trishla Orthopedic Clinic & Rehab center: extracted
[local-ai] Asopa Hospital and Research Centre: extracted
[local-ai] KMC Digital Hospital: extracted
[local-ai] Goverment Hospital: extracted
[local-ai] sahara care clinic: extracted
[local-ai] 7 Air Force Hospital: extracted
[local-ai] Opal Hospital: extracted
[local-ai] Oriana Hospitals: extracted
[checkpoint] saved 3425 records
[local-ai] Shreyansh Hospital: extracted
[local-ai] JEEVAN JYOTI HOSPITAL: extracted
[local-ai] Kashyap Home Clinic: extracted
[local-ai] District hoospital AMETHI: extracted
[local-ai] CHC hospital: extracted
[local-ai] District Women's Hospital: extracted
[local-ai] Shri Ram Murti Smarak(Institute Of Medical Science): extracted
[local-ai] B.R.D Medical College: extracted
[local-ai] SHIKHA ACUPUNCTURE SANATORIUM: extracted
[local-ai] District Women Hospital Saharanpur: extracted
[local-ai] Health and Family Welfare Training Centre: extracted
[local-ai] The Leproacy Mission Hospital: extracted
[local-ai] Felix Hospital: extracted
[local-ai] Farrukhabad City Hospital Pvt Ltd - Farrukhabad: extracted
[local-ai] Swaroop Rani Hospital: extracted
[local-ai] District hospital: extracted
[local-ai] ESI Hospital: extracted
[local-ai] arihant hospital: extracted
[local-ai] haritage hospital dhara: extracted
[local-ai] RS MEDICAL CLINIC: extracted
[local-ai] Rastogi Hospital: extracted
[local-ai] Adiyogi Hospital: extracted
[local-ai] Arban Hospital: extracted
[local-ai] Lokpriya Hospital: extracted
[local-ai] Mimhans Neuro Hospital: extracted
[checkpoint] saved 3450 records
[local-ai] Brain Waves Hospital: extracted
[local-ai] Namah Neurocare Center: extracted
[local-ai] AVADH SHREE MEDICAL AND GENERAL STORE: extracted
[local-ai] Arogya Sadan Hospital: extracted
[local-ai] HOMEYOPETHIK DAVAYIYAN: extracted
[local-ai] SUNDAR MEDICAL AND GENERAL STORE: extracted
[local-ai] Government Hospital: extracted
[local-ai] referal veterinary polyclinic: extracted
[local-ai] GANGASHEEL HOSPITAL: extracted
[local-ai] Apollo Clinic: extracted
[local-ai] Lotus Super Speciality Hospital: extracted
[local-ai] Alpha Hospital: extracted
[local-ai] Family Health Hospital: extracted
[local-ai] Hope Hospital: extracted
[local-ai] New Life Speciality Hospital: extracted
[local-ai] Shubham Hospital And Child Care Center: extracted
[local-ai] Medanta hospital: extracted
[local-ai] Bharat Hospital and Trauma Center: extracted
[local-ai] JP Healthcare Hospital: extracted
[local-ai] Navin Hospital: extracted
[local-ai] Shyam Hospital: extracted
[local-ai] Kailashi Super Speciality Hospital: extracted
[local-ai] IIMT Life Line Hospital: extracted
[local-ai] Muradnagar Metro Hospital: extracted
[local-ai] Vardhaman Charitable Hospital: extracted
[checkpoint] saved 3475 records
[local-ai] HEART OF INDIA: extracted
[local-ai] Unani Hospital: extracted
[local-ai] Regima Skin & Wellness Center: extracted
[local-ai] Khetan Hospital: extracted
[local-ai] Dindayal Hospital: extracted
[local-ai] Deendayal Hospital: extracted
[local-ai] Control Room: extracted
[local-ai] MLB Medical College: extracted
[local-ai] DISPANSERY: extracted
[local-ai] The Brain Gym: extracted
[local-ai] Prakash Hospital: extracted
[local-ai] Manipal Hospital: extracted
[local-ai] Yatharth Hospital: extracted
[local-ai] Yashoda Hospital: extracted
[local-ai] Vivan Speciality Hospital: extracted
[local-ai] District Combined Hospital: extracted
[local-ai] ESIC Hospital: extracted
[local-ai] Yashoda Superspeciality Hospital & Cancer Institute: extracted
[local-ai] Fusion Diagnostics: extracted
[local-ai] Kailash Hospital: extracted
[local-ai] समुदायक स्वास्थ केंद्र: extracted
[local-ai] Farhan Hospital: extracted
[local-ai] Mother Teresa Chikitsa Kendra: extracted
[local-ai] Aviraj Super Speciality Hospital: extracted
[local-ai] Jagriti Hospital: extracted
[checkpoint] saved 3500 records
[local-ai] KMC Medical College & Hospital: extracted
[local-ai] Jaiswal Clinic: extracted
[local-ai] Avicenna Hospital: extracted
[local-ai] Regency Health Hospital: extracted
[local-ai] Shekhar Hospital: extracted
[local-ai] Ram Manohar Lohia Combined Hospital - Admin Block: extracted
[local-ai] Agrawal Surgical Hospital And Laparoscopic Centre: extracted
[local-ai] Jagat Hospital and Research Center Private Limited: extracted
[local-ai] H.A.L. Hospital: extracted
[local-ai] IDP Hospital: extracted
[local-ai] Talwar Skin centre: extracted
[local-ai] City Hospital: extracted
[local-ai] Rama Krishna Hospital: extracted
[local-ai] Yashoda Medicity: extracted
[ 1/36] Uttar Pradesh                          fetched=  3590 kept=  3514 total=  3514
[local-ai] Govt. Medical College: extracted
[local-ai] Indira Gandhi Medical College & Hospital: extracted
[local-ai] Bel Air Hospital: extracted
[local-ai] Saint Anne's Hospital: extracted
[local-ai] National Centre for Training and Research into Cerebral Palsy: extracted
[local-ai] Jasmine Hospital And Wow Clinic: extracted
[local-ai] Dhanvantari Hospitals Pvt.Ltd.: extracted
[local-ai] Sardar Patel Cantonment General Hospital: extracted
[local-ai] Dr. Babasaheb Ambedkar Cantonment General Hospital: extracted
[local-ai] Command Hospital Southern Command: extracted
[local-ai] Borivali West: extracted
[local-ai] Sassoon Hospital: extracted
[local-ai] Saifee Ambulance: extracted
[local-ai] Sanjeevani Vitalife Medipoint Hospital: extracted
[local-ai] LifeLine Hospital: extracted
[local-ai] Dr. Chowdhary: extracted
[local-ai] Dr. Bonagiri: extracted
[local-ai] Shree Sakthi Hospital: extracted
[local-ai] ZP rural Hospital: extracted
[local-ai] Karva Hospital: extracted
[local-ai] Ayurvedic Hospital: extracted
[local-ai] Jeevan Deep Medicare Centre: extracted
[local-ai] VitaLife Clinic: extracted
[local-ai] Anand Hospital: extracted
[local-ai] Mamata Hospital.: extracted
[checkpoint] saved 3539 records
[local-ai] Vatsalya Maternity and Surgical Hospital: extracted
[local-ai] Dube Hospital: extracted
[local-ai] Sahyadri Hospital: extracted
[local-ai] Krishna Hospital, Pune: extracted
[local-ai] Siddarth Municipal Hospital: extracted
[local-ai] Kalpana Lifeline Hospital Pvt. Ltd: extracted
[local-ai] Madhukar General Hospital: extracted
[local-ai] Dr. Naik Clinic: extracted
[local-ai] Jevan Vikas Hospital: extracted
[local-ai] Dr Kasbekar Sterling Hospital: extracted
[local-ai] JOY Hospital: extracted
[local-ai] Inlaks Hospital: extracted
[local-ai] Ankit Fracture, Maternity and Surgical Hospital: extracted
[local-ai] Aadhar Hospital: extracted
[local-ai] Dr.Garad Ayurvedic: extracted
[local-ai] Dr Maitreyee Parulekar: extracted
[local-ai] MGV's KBH Dental College & Hospital: extracted
[local-ai] Padmashree Hospital: extracted
[local-ai] Shewale Hospital: extracted
[local-ai] Trimurti Hospital: extracted
[local-ai] Sujay Hospital: extracted
[local-ai] Chinchansure: extracted
[local-ai] Inpatient Department: extracted
[local-ai] Outpatient Department: extracted
[local-ai] Sanjivani Hospital: extracted
[checkpoint] saved 3564 records
[local-ai] Bethany Hospital: extracted
[local-ai] Powai Dental Clinic: extracted
[local-ai] Powai Hospital: extracted
[local-ai] Sanjiwini Hospital: extracted
[local-ai] Sailee Hospital and Diagnostic Center: extracted
[local-ai] Matoshri Nursing Home: extracted
[local-ai] Meherabad Hospital: extracted
[local-ai] Isolation Ward: extracted
[local-ai] Gurukrupa Hospital: extracted
[local-ai] Dr Manveen Gill: extracted
[local-ai] Ameeta Patil Nursing Home: extracted
[local-ai] Surya Sahyadri Hospital: extracted
[local-ai] Mata Ramabai B Ambedkar Hospital: extracted
[local-ai] B.K.L. Walawalkar Hospital Diagnostic and Research Centre - Chiplun: extracted
[local-ai] Hyat Hosptal: extracted
[local-ai] Matru Sewa Sangh (Maternity): extracted
[local-ai] Nagpur Super Speciality Hospital: extracted
[local-ai] Rashtrasant Tukdoji Maharaj Cancer Hospital: extracted
[local-ai] Asha General Hospital: extracted
[local-ai] Apulki Vairagade Hospital: extracted
[local-ai] municipal hospital for women & child: extracted
[local-ai] Shree seva Hospital: extracted
[local-ai] Krishna Hospital: extracted
[local-ai] G. T. Padole Hospital: extracted
[local-ai] प्राथमिक आरोग्य केंद्र महालक्ष्मी: extracted
[checkpoint] saved 3589 records
[local-ai] Government Hospital: extracted
[local-ai] Arneja Heart and Multispeciality Hospital: extracted
[local-ai] Fatima Convent Sahyadri Clinic: extracted
[local-ai] Sai Snehdeep Hospital KK: extracted
[local-ai] Mangal Murti Hospital and Polyclinic: extracted
[local-ai] Gupte Hospital Of Accurate Diagnostics Pvt Ltd: extracted
[local-ai] Dr.zamil: extracted
[local-ai] Ganpati Netranalaya (Ganpati Eye Care Hospital): extracted
[local-ai] Dawalbhakta Hospital: extracted
[local-ai] Sahyog Critical Care Centre: extracted
[local-ai] AIMS Hospital: extracted
[local-ai] Dr Aware Hospital: extracted
[local-ai] Nahush Eye Hospital: extracted
[local-ai] Orange City Hospital and Research Institute: extracted
[local-ai] Chest Care Clinic: extracted
[local-ai] Dhruv Pathology & Molecular: extracted
[local-ai] Oasis Nursing Home: extracted
[local-ai] Mure Memorial Hospital: extracted
[local-ai] Indus Health Care & Checkup Centre: extracted
[local-ai] Railway Hospital: extracted
[local-ai] Public Health Center, Shirur Anantpal: extracted
[local-ai] jonsons diagnostics: extracted
[local-ai] Bhaurao patil hospital: extracted
[local-ai] SAFIYA GENERAL HOSPITAL: extracted
[local-ai] baba hospital: extracted
[checkpoint] saved 3614 records
[local-ai] nidan hospital: extracted
[local-ai] bba: extracted
[local-ai] mahaveer hospital: extracted
[local-ai] maa hospital: extracted
[local-ai] sanjeevan hospital: extracted
[local-ai] Metalife: extracted
[local-ai] AMAN: extracted
[local-ai] Sanskar Homeopathic Clinic: extracted
[local-ai] Saidhanhospital Iccu and Eye Care: extracted
[local-ai] Chandraganga Hospital, Mulund: extracted
[local-ai] Mundada Hospital: extracted
[local-ai] hospital radi: extracted
[local-ai] civil hospital: extracted
[local-ai] Sai Hospital: extracted
[local-ai] shanti narsing home: extracted
[local-ai] Naik Hospital, Pune: extracted
[local-ai] Shrikrishna Hospital: extracted
[local-ai] SANJIVNI HOSPITAL: extracted
[local-ai] Khanale Hospital: extracted
[local-ai] Nayan Eye s Hospital: extracted
[local-ai] Aayurvedic hospital: extracted
[local-ai] masina hospital: extracted
[local-ai] Rachana Hospital & Research Centre: extracted
[local-ai] Advance Dental Clinic: extracted
[local-ai] Narcaood Hospital: extracted
[checkpoint] saved 3639 records
[local-ai] Wockhardt Super Speciality Hospital: extracted
[local-ai] Dr Baraskar Jaiprakash: extracted
[local-ai] Avantika Hospital: extracted
[local-ai] Sushrut Hospital, Nagpur: extracted
[local-ai] Evista Eye Care Centre- Dr.sanjay Jaiswal-m.b.b.s., M.s., in [ophthalmology]: extracted
[local-ai] Getwell Hospital and Research Institute: extracted
[local-ai] Mulik Hospital: extracted
[local-ai] Ketki Urological Hospital: extracted
[local-ai] Care Hospital, Nagpur: extracted
[local-ai] Crescent Hospital & Heart Centre: extracted
[local-ai] Retina Eye Care Hospital: extracted
[local-ai] Shri Krishna Hrudayalaya and Critical Care Centre: extracted
[local-ai] Vasan Eye Care: extracted
[local-ai] Baheti (Dr) Mukund: extracted
[local-ai] Dr B K Murali, Hope Hospitals: extracted
[local-ai] Surelife Hospital: extracted
[local-ai] Cph Centre Point Hospital and Medical Research Institute Pvt. Ltd.: extracted
[local-ai] Indira Gandhi Medical College: extracted
[local-ai] Shri Radhakrishna Hospital and Research Institute: extracted
[local-ai] Asha Hospital: extracted
[local-ai] Central Govt Heath Scheme(CGHS) Clinic: extracted
[local-ai] Suraj Eye Institute Om Drishti Trust: extracted
[local-ai] Dr S P Naidu: extracted
[local-ai] Sanjeevani Orthopaedic And Paediatric Ho: extracted
[local-ai] Daga Hospital: extracted
[checkpoint] saved 3664 records
[local-ai] Spandan Heart Institute & Research Centre: extracted
[local-ai] Cancer Care Clinic & Hospital: extracted
[local-ai] Dr. Somani Accident Hospital: extracted
[local-ai] East End Hospital: extracted
[local-ai] Shri Ram Jeevan Chaudhari Memorial Hospital & Research Center: extracted
[local-ai] Sengupta Hospital and Research Institute: extracted
[local-ai] Dr. Dande Hospital: extracted
[local-ai] Paldiwal Hospital And Polyclinic: extracted
[local-ai] Mangala Ketkar's: extracted
[local-ai] Bhiwapurkar Eye Hospital: extracted
[local-ai] suretech hospital: extracted
[local-ai] Adil Homeo Heart Care Centre: extracted
[local-ai] VINAYAK NETRALAYA: extracted
[local-ai] Puniyani Hospital for Child and Women Care: extracted
[local-ai] Sahu Hospital: extracted
[local-ai] Chandak Critical Care Hospital & ICCU: extracted
[local-ai] Ace Womens' Hospital: extracted
[local-ai] Dr. Dalvi Memorial Hospital and Research Centre: extracted
[local-ai] Arjun Hospital: extracted
[local-ai] Shyam Medicals: extracted
[local-ai] Sawarkar Hospital: extracted
[local-ai] East End Hospital: extracted
[local-ai] Sanjeevani Hospital, Nagpur: extracted
[local-ai] Roy Nursing Home: extracted
[local-ai] Dharmadhikari Hospital: extracted
[checkpoint] saved 3689 records
[local-ai] Mahatma Eye Bank and Hospital: extracted
[local-ai] Galaxy Vidarbha Diagnostics Pvt. Ltd.: extracted
[local-ai] Anjani Eye Hospital: extracted
[local-ai] Dr Sushil Rathi (Anika Clinic): extracted
[local-ai] Subramaniam Hospital: extracted
[local-ai] Ganju Haematology Clinic and Hospital: extracted
[local-ai] GI , Endoscopy and Liver clinic.SMP Hospital Dr Samir Patil: extracted
[local-ai] Aditya Hospital Critical Care and Emergency Center: extracted
[local-ai] Netranjali Centre For Advanced Eye Care: extracted
[local-ai] Baraskar Multispeciality Hospital and Dialysis: extracted
[local-ai] Crescent Nursing Home and Iccu: extracted
[local-ai] KRIMS Hospital: extracted
[local-ai] Meditrina Institute Of Medical Sciences: extracted
[local-ai] Deshmane Hospital: extracted
[local-ai] Nagpur Chest Center: extracted
[local-ai] Shree Child Clinic: extracted
[local-ai] Navjeevan Nursing Home: extracted
[local-ai] Jasleen Eye Hospital - Nagpur: extracted
[local-ai] Pande Memorial Hospital: extracted
[local-ai] WE PLUS OPTICALS: extracted
[local-ai] Dr. Anand Pangarkar's Eye Hospital: extracted
[local-ai] Wockhardt Super Speciality Hospital: extracted
[local-ai] Cure It Hospital Pvt.Ltd: extracted
[local-ai] Kurla Nursing Room: extracted
[local-ai] Pathak Hospital and Diagnostic: extracted
[checkpoint] saved 3714 records
[local-ai] The Origin International Fertility Centre: extracted
[local-ai] CH Keluskar Homoeopathic College And Hospital: extracted
[local-ai] District Civil Hospital Alibag: extracted
[local-ai] Village Hospital Murud Janjira: extracted
[local-ai] gr8 smile dental clinic: extracted
[local-ai] Atharva Hospital: extracted
[local-ai] new life hospital: extracted
[local-ai] muktabai hospital: extracted
[local-ai] v care hospital intensive& unit care: extracted
[local-ai] arpan nursing home: extracted
[local-ai] fauziya hospital: extracted
[local-ai] arayan hospital: extracted
[local-ai] Satyanand Hospital: extracted
[local-ai] Anket Nursing Home: extracted
[local-ai] primary health care: extracted
[local-ai] R.Gayakwad: extracted
[local-ai] Dr .Jadhav: extracted
[local-ai] Wadgaonkar Hospital: extracted
[local-ai] Bora Hospital: extracted
[local-ai] Patil Hospital: extracted
[local-ai] Medicity Hospital: extracted
[local-ai] Bellevue Multispeciality Hospital: extracted
[local-ai] Kherde Hospital: extracted
[local-ai] Nanavati Hospital, Mumbai: extracted
[local-ai] Surya Mother And Child Speciality Hospital: extracted
[checkpoint] saved 3739 records
[local-ai] Surya Childrens Hospital: extracted
[local-ai] Aryan Hospital: extracted
[local-ai] Kamble Hospital: extracted
[local-ai] Sahu Hospital: extracted
[local-ai] Health Unit Ajni: extracted
[local-ai] Asha Homeopathic Hospital: extracted
[local-ai] Sarita Homeopathic Hospital: extracted
[local-ai] Nutan Mammography and Sonography Centre: extracted
[local-ai] Belsare Children's Hospital: extracted
[local-ai] Chikhle Multi Speciality and Cancer Hospital: extracted
[local-ai] Deerghayu Ayurved Panchakarma Chikitsalaya: extracted
[local-ai] Prasuti ani Stree Rog Clinic: extracted
[local-ai] Sangam Orthopedic and General Hospital: extracted
[local-ai] Shambharkar Hospital: extracted
[local-ai] Shree Sai Homeopathic Hospital: extracted
[local-ai] Singare Eye Hospital: extracted
[local-ai] Vivekananda Health Care and Yoga Centre: extracted
[local-ai] Dr Bapaye Hospital: extracted
[local-ai] Sahu Hospital: extracted
[local-ai] Kilbil Hospital: extracted
[local-ai] Sanjivani Homeo Clinic: extracted
[local-ai] seva critical: extracted
[local-ai] Dr.Mukhi's Raj Hospital: extracted
[local-ai] Ashwini Hospital and I. C. C. U. with Dialysis Centre: extracted
[local-ai] Hospital: extracted
[checkpoint] saved 3764 records
[local-ai] Sahyadri Hospital: extracted
[local-ai] Chiranjeevi Hospital: extracted
[local-ai] Bhatia: extracted
[local-ai] Deepak Hospital: extracted
[local-ai] Currae Hospital: extracted
[local-ai] Mukund Hospital: extracted
[local-ai] S P Institute Of Neurosciences: extracted
[local-ai] Jijai Hospital: extracted
[local-ai] Tiwari Hospital: extracted
[local-ai] Dr. Totla Hospital: extracted
[local-ai] Sarda Diabetes Centre: extracted
[local-ai] Soni Hospital: extracted
[local-ai] Ciigma Hospital: extracted
[local-ai] MAHAKALI DISPENSARY: extracted
[local-ai] Chandrapur government hospital: extracted
[local-ai] Lalpeth dispensary: extracted
[local-ai] WCL AREA HOSPITAL: extracted
[local-ai] Shri Sai Divine Cure Multispeciality Hospital: extracted
[local-ai] Mauli Kripa Hospital: extracted
[local-ai] Ramakrishna Mission Hospital, Mumbai: extracted
[local-ai] Mukherjee Multispeciality Hospital: extracted
[local-ai] Dhanwantri Hospital: extracted
[local-ai] chiddarwar hospital: extracted
[local-ai] Medical college: extracted
[local-ai] Katyani Hospital: extracted
[checkpoint] saved 3789 records
[local-ai] T.b hospital: extracted
[local-ai] Prestige Hospitals Pvt Ltd: extracted
[local-ai] Smt S.R.Mehta and Sir K.P.Cardiac Institute: extracted
[local-ai] 555555555: extracted
[local-ai] Kurvey Hospital: extracted
[local-ai] Matrutva Hospital: extracted
[local-ai] Ciigma Hospital: extracted
[local-ai] Roplekar Heart Care Centre Hospital: extracted
[local-ai] Choudhary Hospital: extracted
[local-ai] Shree Hospital: extracted
[local-ai] Government General Hospital, Malwani Malad: extracted
[local-ai] AIIMS Trauma Care Centre: extracted
[local-ai] Siddhivinayak Orthopedic and Maternity Hospital: extracted
[local-ai] Gajanan Hospital: extracted
[local-ai] Govt. medical College & Hospital Akola: extracted
[local-ai] Icon Hospital: extracted
[local-ai] Aayush Hospital, Thane: extracted
[local-ai] New Era Hospital: extracted
[local-ai] Balaji Hospital: extracted
[local-ai] Giri Raj Hospital and Intensive Care Unit: extracted
[local-ai] Deepak Hospital: extracted
[local-ai] Shirbhate Hospital: extracted
[local-ai] Janaki Multispeciality Hospital: extracted
[local-ai] Life Care: extracted
[local-ai] MEDICARE HOSPITAL: extracted
[checkpoint] saved 3814 records
[local-ai] Upasani Maternity and Surgical Nursing Home: extracted
[local-ai] Highway Hospital: extracted
[local-ai] Anand Nursing Home: extracted
[local-ai] Lokmanya Hospital: extracted
[local-ai] Sparh Hospital: extracted
[local-ai] Pranjali Hospital: extracted
[local-ai] Veer Hospital: extracted
[local-ai] Jay Ganesh Hospital: extracted
[local-ai] Army Medical Facility: extracted
[local-ai] Lady harding: extracted
[local-ai] Sterling Multi-speciality Hospital: extracted
[local-ai] Meher Ambe Nursing Home: extracted
[local-ai] Malini Hospital: extracted
[local-ai] Pikale Hospital: extracted
[local-ai] Saibai Mote General Hospital: extracted
[local-ai] Apex Kidney Care: extracted
[local-ai] Karandikar Hospital: extracted
[local-ai] Kapgate Hospital: extracted
[local-ai] Akshay Nursing Home: extracted
[local-ai] om sai: extracted
[local-ai] Chole Eye Hospital: extracted
[local-ai] Ankur Nursing Home: extracted
[local-ai] Lakskhya hospital: extracted
[local-ai] Paritaj Kidney Hospital: extracted
[local-ai] Bande Surgical And Maternity Home: extracted
[checkpoint] saved 3839 records
[local-ai] Warud Municiple Hospital: extracted
[local-ai] Sanjeevi Multi Speciality Hospital: extracted
[local-ai] Patel ENT Hospital: extracted
[local-ai] Mankar Child Hospital: extracted
[local-ai] Dr. Bhadake Hospital: extracted
[local-ai] Joshi Hospital: extracted
[local-ai] Thakare Hospital: extracted
[local-ai] shraddha homeo clinic: extracted
[local-ai] SAISHRADHA MULTISPECIALITY HOSPITAL AND RESEARCH INSTITUTE: extracted
[local-ai] Al-Habib Hospital: extracted
[local-ai] Tawde Hospital: extracted
[local-ai] Kasare Orthopaedics And Trauma centre: extracted
[local-ai] Datta Netralaya: extracted
[local-ai] Phadke Hospital: extracted
[local-ai] TARAK CHILD HOSPITAL: extracted
[local-ai] Sheikh Hospital: extracted
[local-ai] Yavatmal Test Tube Baby Centre: extracted
[local-ai] Hirachand Munot Memorial Criticare Hospital: extracted
[local-ai] Kamal Hospital: extracted
[local-ai] Saoji Hospital: extracted
[local-ai] New Vithhal Furniture: extracted
[local-ai] Mata Lachmi Hospital: extracted
[local-ai] Dhadiwal Hospital: extracted
[local-ai] Krupamayi: extracted
[local-ai] K.T.S. General Hosptial, Gondia: extracted
[checkpoint] saved 3864 records
[local-ai] Naaz Medical & General: extracted
[local-ai] Saraswati Medical: extracted
[local-ai] Saraswati Medical,baripura Suare: extracted
[local-ai] Deshmukh Eye Hospital Retina Care Centre: extracted
[local-ai] Parashree Speciality Hospital: extracted
[local-ai] Kale Nursing Home: extracted
[local-ai] Yadgire Superspecialty Hospital: extracted
[local-ai] Borade Hospital: extracted
[local-ai] PATANJALI CHIKITSALAYA: extracted
[local-ai] Geetai Nursing Home: extracted
[local-ai] Elara Healthcare: extracted
[local-ai] Mahaveer Hospital and Medical Research Centre: extracted
[local-ai] Dr. Belsare Hospital: extracted
[local-ai] Galaxy Hospital and Apex Critical Care: extracted
[local-ai] Dr.Mashankar Hospital: extracted
[local-ai] Hi Tech Multispeciality Hospital & Research Centre: extracted
[local-ai] Heart beats cafe: extracted
[local-ai] Belokar Hospital: extracted
[local-ai] Dr. Dinesh Khedkar: extracted
[local-ai] Urban Health Post Sanjivani: extracted
[local-ai] Dhole Hospital, Dr Monali Dhole Gyancologist,Laparoscopic Surgeon ,: extracted
[local-ai] Super Speciality Hospital Amravati: extracted
[local-ai] Takhatmal Shrivallabh Homoeopathic Medical College And Hospital: extracted
[local-ai] Kiran Agrawal Children Hospital: extracted
[local-ai] Dr. Chandak's Hospital: extracted
[checkpoint] saved 3889 records
[local-ai] Kulkarni Hospital, Amravati: extracted
[local-ai] Deshpande Aayurved Aushadhalay: extracted
[local-ai] Labhlaxmi Medicals: extracted
[local-ai] JUPITAR SCAN CENTER: extracted
[local-ai] Doctor's Clinic: extracted
[local-ai] Rural Hospital, Bhidi: extracted
[local-ai] Central railway: extracted
[local-ai] Pawade Nursing Home: extracted
[local-ai] Saarthi Health Care: extracted
[local-ai] Kurla Municipal Hospital: extracted
[local-ai] Bharatiya Arogya Nidhi Sheth Kantilal C. Parikh General Hospital: extracted
[local-ai] Neuron Brain, Spine & Critical Care Centre: extracted
[local-ai] CIIHO Blood & Cancer Hospital: extracted
[local-ai] Kamalnayan Bajaj Hospital: extracted
[local-ai] Peoples Mobile Hospitals: extracted
[local-ai] Gleneagles Hospital Super Speciality and Transplant Center: extracted
[local-ai] Happy Pharmacy: extracted
[local-ai] Dr. Vora's Premature Critical Care and General Hospital: extracted
[local-ai] Bhagyajaya Hospital - Baramati: extracted
[local-ai] Sub District Hospital Bhor: extracted
[local-ai] Jaihind Multi & Super Speciality Hospital: extracted
[local-ai] Hospital: extracted
[local-ai] Walunj Hospital: extracted
[local-ai] Shri Dattkrupa Hospital: extracted
[local-ai] Shri Hospital: extracted
[checkpoint] saved 3914 records
[local-ai] Dr.igwale Hospital Children: extracted
[local-ai] Aavati Hospital: extracted
[local-ai] Shree Swami Samarth Hospital: extracted
[local-ai] Junnar Gov. Veterinary Hospital: extracted
[local-ai] Yavat Rural Hospital: extracted
[local-ai] Anand Hospital: extracted
[local-ai] Tulsi Communication.Idea Gallery: extracted
[local-ai] Malhar Hospital: extracted
[local-ai] Shatayu Hospital and Ayurvedic Research Centre: extracted
[local-ai] Sub District Hospital, Indapur: extracted
[local-ai] Raut Hospital: extracted
[local-ai] Yogeshwari Hospital and ICU: extracted
[local-ai] Jaslok Hospital: extracted
[local-ai] R G Stone: extracted
[local-ai] Dr. Sunil n. vasani: extracted
[local-ai] Government civil hospital: extracted
[local-ai] Dr ulhas patil medical college hospital: extracted
[local-ai] Shri Sai Hospital: extracted
[local-ai] Life Line Hospital: extracted
[local-ai] Dr.Paner Surgical Hospital: extracted
[local-ai] Disha Hospital: extracted
[local-ai] Marol: extracted
[local-ai] Shivam Nursing Home: extracted
[local-ai] Rural Hospital Mahabaleshwar: extracted
[local-ai] Mahatma Gandhi Mission: extracted
[checkpoint] saved 3939 records
[local-ai] Apple Hospital: extracted
[local-ai] Sai Nit: extracted
[local-ai] Government Hospital: extracted
[local-ai] Metro Chemist: extracted
[local-ai] Damle Pediatric & general practice: extracted
[local-ai] Dr. Milavane Hospital: extracted
[local-ai] Shri Sant Achyut Maharaj Heart Hospital: extracted
[local-ai] Golwilkar Metropolis Heath Service (India) Pvt Ltd: extracted
[local-ai] Paranjape Hospital: extracted
[local-ai] Spandan Hospital, Pune: extracted
[local-ai] NAAZ Polyclinic: extracted
[local-ai] Balprabha Hospital: extracted
[local-ai] Ashakiran Hospital: extracted
[local-ai] Siddhivinayak Cancer Hospital: extracted
[local-ai] Highway Hospital हायवे हॉस्पिटल: extracted
[local-ai] Bakhtar Hospital: extracted
[local-ai] Lifeline Hospital: extracted
[local-ai] H H Nagani Hospital: extracted
[local-ai] Bhilgaon's Multispeciality Clinic: extracted
[local-ai] Samarpan Hospital and Research Institute: extracted
[local-ai] Balwaik Multi Speciality Hospital: extracted
[local-ai] Niramaya Hospital: extracted
[local-ai] Pawar Surgical Hospital: extracted
[local-ai] Govt hospital, mulaj: extracted
[local-ai] Govt hospital,kasar sirsi: extracted
[checkpoint] saved 3964 records
[local-ai] Ashirvaad Heart Hospital: extracted
[local-ai] Dr. Sabnis Maternity and Nursing Home: extracted
[local-ai] Pulse Hospital: extracted
[local-ai] SITE UNDER REFERANCE: extracted
[local-ai] Vagholikar Hospital: extracted
[local-ai] Dr. Disha's Homoeopathy: extracted
[local-ai] ONP Leela Hospital: extracted
[local-ai] Meera Hospital: extracted
[local-ai] Seth Ramdas Shah Memorial Hospital and Research Centre: extracted
[local-ai] Ashwini Hospital: extracted
[local-ai] Kulkarni Hospital: extracted
[local-ai] NRS hospital: extracted
[local-ai] Jite Civil Hospital: extracted
[local-ai] Metropolis: extracted
[local-ai] SRL Diagnostics: extracted
[local-ai] Nihal Nursing Home & Opthalmologist: extracted
[local-ai] ESIS Hospital: extracted
[local-ai] Dr. R. N. Cooper General Hospital Blood Bank: extracted
[local-ai] Cama and Albles Hospital - Abdul Fazalbhoy Blood Bank: extracted
[local-ai] Seth Nandlal Dhoot Hospital: extracted
[local-ai] PCMC Hospital: extracted
[local-ai] Ashwini kidney & dialysis centre Pvt Ltd, AKDC: extracted
[local-ai] Anusaya Nursing Home: extracted
[local-ai] Wasade Nursing Home: extracted
[local-ai] Dr. Hemant Puttewar: extracted
[checkpoint] saved 3989 records
[local-ai] DHANVANTARI HOSPITAL: extracted
[local-ai] Durvankur Hospital: extracted
[local-ai] Shwas Multispeciality Hospital: extracted
[local-ai] Nilangekar Hospital: extracted
[local-ai] Daxini Heart Centre: extracted
[local-ai] Ashirwad Critical Care Unit: extracted
[local-ai] Prasad Surgical and Children Nursing Home: extracted
[local-ai] Khalatkar Hospital: extracted
[local-ai] Medicare Multi Speciality Hospital: extracted
[local-ai] Vasudha Hospital, M.G Road: extracted
[local-ai] Dr. Suryawanshi Eye Hospital: extracted
[local-ai] Dr Bhanushali Hospital: extracted
[local-ai] Sarthak Hospital, Nashik: extracted
[local-ai] Gayatri Hi Tech Hospital and Research Center: extracted
[local-ai] Apple Hospitals and Research Institute Ltd: extracted
[local-ai] Symbiosis Hospital and Research Centre Pvt. Ltd.: extracted
[local-ai] Aashirwad Hospital, Nashik: extracted
[local-ai] Zavar Hospital: extracted
[local-ai] Sumangal Hospital: extracted
[local-ai] Niramaya General Hospital: extracted
[local-ai] Gokul Nursing Home and ICCU: extracted
[local-ai] Kapadia Multi Speciality Hospital: extracted
[local-ai] Pooja Hospital, Mumbai: extracted
[local-ai] Meera Hospital-Kalyan: extracted
[local-ai] Siddhivinayak Hospital and Icu: extracted
[checkpoint] saved 4014 records
[local-ai] Sawarbandhe Multispeciality Hospital: extracted
[local-ai] Nityanand Rehabilitation and Residential Mental Heal: extracted
[local-ai] Yashda Hospital: extracted
[local-ai] Bhagwati Healthcare Pvt Ltd: extracted
[local-ai] Dr.Sanjay Sonar Laparoscopy and Scopy Center: extracted
[local-ai] Mohite Eye Hospital: extracted
[local-ai] Baravkar Hospital: extracted
[local-ai] Dr. Bet Hospital and Polyclinic: extracted
[local-ai] Tamhankar Hospital: extracted
[local-ai] Shree Chembur Jain Medical Relief Centre: extracted
[local-ai] Omkar Hospital, Kolhapur: extracted
[local-ai] Yash Eye Care and Polyclinic: extracted
[local-ai] Swasthiyog Pratishthan: extracted
[local-ai] Joglekar Hospital: extracted
[local-ai] Sai Seva Hospital and Icu, Mumbai: extracted
[local-ai] Roy Hospital: extracted
[local-ai] Durga Hospital: extracted
[local-ai] Param Maternity and Surgical Nursing Home: extracted
[local-ai] Ria Nursing Home: extracted
[local-ai] Kk Maternity and General Hospital: extracted
[local-ai] Arihant Hospital, Nashik: extracted
[local-ai] Amber Eye Care and Microsurgery Centre: extracted
[local-ai] Dr.Pathak's Hospital: extracted
[local-ai] Anandi Maternity and Child Hospital: extracted
[local-ai] Meghare Hospital: extracted
[checkpoint] saved 4039 records
[local-ai] Manorama Hospital: extracted
[local-ai] Vatsal Nicu and Childrens Hospital: extracted
[local-ai] Aditya Health Care Hospital: extracted
[local-ai] Shree Ashirwad Hospital, Dombivli: extracted
[local-ai] Rakshak Hospital, Pune: extracted
[local-ai] Child Care Hospital - Akluj: extracted
[local-ai] Parmar Multi Speciality Hospital and Maternity Home: extracted
[local-ai] Le Nest Hospital: extracted
[local-ai] Vakratunda Multispeciality Hospital - Nasik: extracted
[local-ai] Chaitanya Centre For Psychological Help: extracted
[local-ai] Nerlikar Hospital and Research Centre: extracted
[local-ai] Chopda Medicare & Research Centre Pvt. Ltd’s - Magnum Heart Institute: extracted
[local-ai] Nayak Medicare - Chembur: extracted
[local-ai] Dr. Das Hospital - Chembur (Mumbai): extracted
[local-ai] Dr Parikhs Maternity, Gynaec, and General Hospital: extracted
[local-ai] Dhanshri Hospital: extracted
[local-ai] Vasudhan Cosmetic Plastic Surgery Centre: extracted
[local-ai] Global Super Speciality Hospital: extracted
[local-ai] Tikhile Maternity and Nursing Home: extracted
[local-ai] Rajyog Hospital: extracted
[local-ai] Joshi Hospital and Dialysis Centre: extracted
[local-ai] Manshanti Hospital: extracted
[local-ai] Dr. Datar E.N.T. Hospital: extracted
[local-ai] Dr Jagadale Mama Hospital: extracted
[local-ai] Laxmi Maternity and Nursing Home, Mumbai: extracted
[checkpoint] saved 4064 records
[local-ai] Hegde Hospital: extracted
[local-ai] Sai Siddhi Hospital, Mumbai: extracted
[local-ai] Guru Krupa Hospital and Polyclinic: extracted
[local-ai] Tagare Eye Hospital: extracted
[local-ai] Devkunj Charitablr Trust Matushri Mankbai Nagji Sa: extracted
[local-ai] Dr Nandita Rane's Eye Clinic: extracted
[local-ai] Genesis Speciality Center (Health-Check Up: extracted
[local-ai] Nityaseva Hospital: extracted
[local-ai] Diabetes Care and Research Centre: extracted
[local-ai] Central Neurological Institute: extracted
[local-ai] Patankar's Hand and Limb Reconstruction Clinic: extracted
[local-ai] Nav Drishti Netralaya: extracted
[local-ai] Karandikar Maternity and Nursing Home: extracted
[local-ai] Kamal Institute Of andro-Urology: extracted
[local-ai] Zenith Hospital, Nagpur: extracted
[local-ai] Dr Kg Deshpande Memorial Centre: extracted
[local-ai] Surya Eye Institute and Research Centre: extracted
[local-ai] Icon Hospital and Research Centre: extracted
[local-ai] Apex Multispeciality Hospital and Icu: extracted
[local-ai] Dr. Satish Mundada's Joint and Spine Clinic: extracted
[local-ai] Dr. Khona's E. N. T. Hospital & Regional Center: extracted
[local-ai] Disha Polyclinic and Nursing Home: extracted
[local-ai] Mothercare Hospital: extracted
[local-ai] Vivek Charitable Netra Chikitsalaya: extracted
[local-ai] Deshpande Hospital, Latur: extracted
[checkpoint] saved 4089 records
[local-ai] Rathod Hospital and Ccu: extracted
[local-ai] Sanjeewani Hospital, Satara: extracted
[local-ai] Anand General Hospital - Boisar: extracted
[local-ai] Sangita Maternity Surgical and Diagnostic Centre: extracted
[local-ai] Ojas Eye Hospital: extracted
[local-ai] Dr. Shettys E.N.T. Hospital: extracted
[local-ai] Ghate Surgical and Maternity Hospital: extracted
[local-ai] R. K. Hospital, Mumbai: extracted
[local-ai] Dr. R.N. Patil's Suraj Neurologiacal and Multispeciality Hospital: extracted
[local-ai] Khandelwal Children Hospital: extracted
[local-ai] Anil Eye Hospital: extracted
[local-ai] Inlaks General Hospital: extracted
[local-ai] Shree Hospital, Yavatmal: extracted
[local-ai] Laser Vision Centre: extracted
[local-ai] Prime Orthopedic Speciality Hospital, Mumbai: extracted
[local-ai] Lokmanyaa Hospital: extracted
[local-ai] Sunflowar Laboratory and Diagnostic Centre: extracted
[local-ai] THC-Thane Health Care: extracted
[local-ai] Swastik Hospital and Research Centre, Mumbai: extracted
[local-ai] Sitla Hospital: extracted
[local-ai] Onkar Hospital: extracted
[local-ai] Shri Siddhivinayak Heart Hospital: extracted
[local-ai] Krishna Hospital, Nallasopara: extracted
[local-ai] Krishna Hospital, Vasai: extracted
[local-ai] Krishna Hospital, Wardha: extracted
[checkpoint] saved 4114 records
[local-ai] Kothari Accident and Orthopaedic Hospital: extracted
[local-ai] Krishna Hospital, Latur: extracted
[local-ai] Ganeshrao Kanphade Memorial Hospital: extracted
[local-ai] Nandan Maternity and Surgical Home: extracted
[local-ai] Ganeriwal Hospital: extracted
[local-ai] Mumbai Retina Centre: extracted
[local-ai] Vasan Eye Care Hospital, Kolhapur: extracted
[local-ai] Bhaveshwar Hospital: extracted
[local-ai] Malpani Eye Hospital and Laser Centre: extracted
[local-ai] ACE Women's Hospital: extracted
[local-ai] Shree Hospital Kodoli: extracted
[local-ai] Mhaskar Hospital: extracted
[local-ai] Shreeji Hospital (Kandivli): extracted
[local-ai] S B Nursing Home and Icu: extracted
[local-ai] Sri Sai Eye Care Centre: extracted
[local-ai] Kenias Eye Hospital: extracted
[local-ai] Godavari Hospital ( Giccm ): extracted
[local-ai] Centre For Sight, Juhu: extracted
[local-ai] Radiance Hospital: extracted
[local-ai] Ankur Hospital: extracted
[local-ai] Sahyadri Hospital, Bibvewadi: extracted
[local-ai] Trupti Hospital - Thane: extracted
[local-ai] Bhalerao ENT Hospital & Laser Centre: extracted
[local-ai] Dr. Kunnure Hospital and Iccu: extracted
[local-ai] Aditi Children Hospital and Nursing: extracted
[checkpoint] saved 4139 records
[local-ai] Total Woman Medical Centre - Dahisar: extracted
[local-ai] Bembde Plastic, Cosmetic, Burns and Hand Surgery Hospital: extracted
[local-ai] Mangeshikar Access Gynecology and Infertility Center: extracted
[local-ai] Siddhi Health Care Center: extracted
[local-ai] Dr.A.Tungekar's Hospital: extracted
[local-ai] Argade Infertility and Endoscopic Surgery and Icu Center: extracted
[local-ai] Kabra Hospital - Aurangabad: extracted
[local-ai] Desai Children and Surgical Hospital: extracted
[local-ai] Shroff Eye Hospital: extracted
[local-ai] Jeevanprakash Hospital: extracted
[local-ai] General Hospital - Wai: extracted
[local-ai] Vinod Sharma Memorial Medical Centre: extracted
[local-ai] Shubhamkar Hospital: extracted
[local-ai] Sawali Ortho Hospital: extracted
[local-ai] Risk Care Hospital and Iccu: extracted
[local-ai] Nimjai Healthcare( Pvt) L T D: extracted
[local-ai] Vaidya Maternity Home: extracted
[local-ai] Lele Hospital and Research Center Pvt Ltd: extracted
[local-ai] Argade Hospital and Maternity Home: extracted
[local-ai] Smith Hospital: extracted
[local-ai] Sai Mangal Hospital: extracted
[local-ai] Sushrut Hospital, Solapur: extracted
[local-ai] Ram Surgical Hospital: extracted
[local-ai] Dr Bansal's Arogya Hospital: extracted
[local-ai] Noble Hospital, Ghatkopar: extracted
[checkpoint] saved 4164 records
[local-ai] Jijamata Hospital, Pune: extracted
[local-ai] Sanjeevan Heart Hospital and Multispeciality Centre: extracted
[local-ai] Parulekar Hospital: extracted
[local-ai] Chaitanya Maternity Home and Endoscopy Center: extracted
[local-ai] Disha Hospital: extracted
[local-ai] Shree Balaji Eye Hospital: extracted
[local-ai] Vinod Hospital: extracted
[local-ai] Excel Ent Hospital: extracted
[local-ai] Mandhaniya Hospital: extracted
[local-ai] Parle Eye Hospital: extracted
[local-ai] Dr Kokane Hospital: extracted
[local-ai] Sudha Hospital and Polyclinic, Thane: extracted
[local-ai] Kazi Hospital: extracted
[local-ai] Samyukta Surgical and Maternity Hospital: extracted
[local-ai] Gungeet Hospital and Polyclinic: extracted
[local-ai] Shri Gurunanak Critical Care and Hospital: extracted
[local-ai] Sanskar Netrarugnalaya and Phaco Center: extracted
[local-ai] Dr.Bhatia's Ruby Hospital: extracted
[local-ai] Megha Surgical Hospital: extracted
[local-ai] Anand Hospital: extracted
[local-ai] Joshi Hospital: extracted
[local-ai] Christ Hospital: extracted
[local-ai] Metropol Hospital and Icu: extracted
[local-ai] Shri Bala Hanuman Maternity & Surgical Hospital: extracted
[local-ai] Holy Cross Hospital, Thane: extracted
[checkpoint] saved 4189 records
[local-ai] Anjani Hospital: extracted
[local-ai] Jankalyan Hospital, Solapur: extracted
[local-ai] Shah Surgical Hospital and Maternity Home P. Ltd.: extracted
[local-ai] Dr.Vaze Hospital: extracted
[local-ai] Shri Chaitanya Hospital: extracted
[local-ai] Asha Surgical and Maternity Home: extracted
[local-ai] Venkatesh Netralaya: extracted
[local-ai] Vision Eye Care and Phaco Centre: extracted
[local-ai] Jivdani Hospitals Pvt. Ltd (C/O Alliance Hospital): extracted
[local-ai] Shri Naval Hospital and Ivf Center: extracted
[local-ai] Chaitanya Stem Cell Center: extracted
[local-ai] Janam Hospital: extracted
[local-ai] Gurukripa Hospital: extracted
[local-ai] Krushnai Maternity and Nursing Home: extracted
[local-ai] Anand Rishiji Hospital and Medical Research Centre: extracted
[local-ai] Patil Accident Hospital, Dhule: extracted
[local-ai] Mother Care Nursing Home: extracted
[local-ai] Rajas Hospital: extracted
[local-ai] Shree Shakti Hospital: extracted
[local-ai] Deshpande Hospital, Ahmednagar: extracted
[local-ai] Nisar Hospital and Maternity Home: extracted
[local-ai] Apex Hospital, Mumbai: extracted
[local-ai] Mukund Maternity and Surgical Nursing Home: extracted
[local-ai] Varad Medical Foundation and Research Centre - Aurangabad: extracted
[local-ai] Prasanna Balrugnalay and Research Centre: extracted
[checkpoint] saved 4214 records
[local-ai] Aparna Hospital, Mulund (W): extracted
[local-ai] Shree Ramkrishna Netralaya: extracted
[local-ai] Vikas Nursing Home, Mumbai: extracted
[local-ai] Shree Avadhoot Hospital: extracted
[local-ai] Shrikhande Hospital and Research Center Pvt. Ltd.: extracted
[local-ai] Saiseva Hospital: extracted
[local-ai] Ameya Maternity and Surgical Nursing Home, Borivali: extracted
[local-ai] Welfare Medical Foundatios, Mohintara Hospital: extracted
[local-ai] Jadhav Hospital, Kolhapur: extracted
[local-ai] Sai Balrugnalaya: extracted
[local-ai] Dr. Yash Shah Total Eye Care: extracted
[local-ai] Patil Hospital, Ahmednagar: extracted
[local-ai] Wadgaonkar Eye Hospital: extracted
[local-ai] Bhirud Hospital, Bhusawal: extracted
[local-ai] Vasan Eye Care Hospital, Nasik: extracted
[local-ai] Sai Kripa Children's and Surgical Hospital: extracted
[local-ai] Shree Siddhakala General Hospital: extracted
[local-ai] Kothari Hospital, Nagpur: extracted
[local-ai] Purva Hospital: extracted
[local-ai] Junnarkar Hospital: extracted
[local-ai] Yashodeep Hospital: extracted
[local-ai] Dr. Mokashi Hospital: extracted
[local-ai] Prestos Madan Multispeciality Hospital: extracted
[local-ai] Dr.Kelkar Maternity Home and Paediatic Hospital: extracted
[local-ai] Chaitanya Nursing Home: extracted
[checkpoint] saved 4239 records
[local-ai] Krishna Cardiac Care Centre, Mumbai: extracted
[local-ai] Baheti Hospital, Amravati: extracted
[local-ai] Rathi Hospital, Nagpur: extracted
[local-ai] Sanjeevan Hospital, Buldhana: extracted
[local-ai] M G M Hospital: extracted
[local-ai] Agrawal Hospital: extracted
[local-ai] Pawar Hospital, Pune: extracted
[local-ai] Vatsalya Multi Speciality Hospital: extracted
[local-ai] Shree Sai Hospital, Mumbai: extracted
[local-ai] Tara Neo Surg Hospital: extracted
[local-ai] The Eye Super Specialities: extracted
[local-ai] Shushrusha Hospital, Chandrapur: extracted
[local-ai] Dr Wavikar Eye Hospital: extracted
[local-ai] Dr Walvatkars Eye Care Center: extracted
[local-ai] Advanced Orthopaedic and Super Speciality Center: extracted
[local-ai] Dr Dandawate's Sushrut Hospital: extracted
[local-ai] Pmrs Ace Children's Hospital: extracted
[local-ai] Surbhi Life Care Hospital: extracted
[local-ai] Neel Orthopaedic Superspeciality Hospital: extracted
[local-ai] Awalekar Hospital: extracted
[local-ai] Mahalaxmi Hospital, Thane: extracted
[local-ai] Atole Accident Hospital: extracted
[local-ai] Galaxy Care Laparoscopy Institute Pvt. Ltd.: extracted
[local-ai] Sudha Shankar Netralaya: extracted
[local-ai] Galaxy Hospital: extracted
[checkpoint] saved 4264 records
[local-ai] Sushila Hospital-Icu and Maternity: extracted
[local-ai] Dr Subodh Mehtas Advance Orthopedic and Joint Replacement Center: extracted
[local-ai] Dr. Maindarkar Paed. Hospital: extracted
[local-ai] Dr Manes Gawali Hospital: extracted
[local-ai] Saoji Hospital: extracted
[local-ai] Dr. Chinchole Eye Hospital, Eye Bank and Laser Centre: extracted
[local-ai] Shree Tuljai Fracture and Accident Hospital: extracted
[local-ai] Vasantprabha Hi-Tech Multispeciality Hospital: extracted
[local-ai] Ashwini Sahakari Rugnaylay: extracted
[local-ai] Adarsh Hospital, Mumbai: extracted
[local-ai] Wasavade Hospital: extracted
[local-ai] Yadav Hospital, Solapur: extracted
[local-ai] Upcharya Institute Of Orthopaedic Surgery and Trauma Care Center: extracted
[local-ai] Utkarsh Hospital: extracted
[local-ai] V Care Hospital and Icu: extracted
[local-ai] Unnati Critical Care Unit and I.C.C.U: extracted
[local-ai] Aastha Hospital: extracted
[local-ai] Universal Eye Clinic and Surgical Centre: extracted
[local-ai] Aastha Hospital: extracted
[local-ai] Dr A.K.Pawar Institute of Obstetrics, Gynecology and Reproductive Medicine: extracted
[local-ai] Mahavir Medical Research Centre: extracted
[local-ai] Punarvasu Chikitsalaya: extracted
[local-ai] Godavari Hospital and Maternity Home: extracted
[local-ai] Pragati Netra Rugnalaya: extracted
[local-ai] Mahima Hospital and Polyclinic: extracted
[checkpoint] saved 4289 records
[local-ai] Niramay Mother-Care Centre (Maternity and Surgical): extracted
[local-ai] Dr Sb Gugale Memorial Hospital: extracted
[local-ai] Siddheshwar Multispeciality Hospital Pvt. Ltd.: extracted
[local-ai] Siddivinayak Healthcare Pvt Ltd: extracted
[local-ai] Badjates Hospital: extracted
[local-ai] Mahavir Nursing Home: extracted
[local-ai] Vyankatesh Hospital and Research Centre: extracted
[local-ai] Ushakiran General Hospital: extracted
[local-ai] Sanmati Hospital - Akluj: extracted
[local-ai] Pawar Hospital, Ahmednagar: extracted
[local-ai] Indu Child Care Center: extracted
[local-ai] Bodas Surgical and Maternity Home: extracted
[local-ai] Navjeevan Hospital [Vaduj]: extracted
[local-ai] Suchak Hospital: extracted
[local-ai] Aryan Hospital and Iccu - Kurla-Mumbai: extracted
[local-ai] Kadadi Hospital: extracted
[local-ai] Atharva Hospital Criticare General and Dental Centre: extracted
[local-ai] Rathi Hospital, Amravati: extracted
[local-ai] Dr Bothra's Hospital: extracted
[local-ai] Shree Shraddha Multi Speciality Medical Centre: extracted
[local-ai] Raghvendra Hospital: extracted
[local-ai] Sangam Hospital, Pune: extracted
[local-ai] Central India Cancer Research Institute: extracted
[local-ai] Dr. Wasnik Hospital: extracted
[local-ai] Shree Sadguru Krupa Hospital: extracted
[checkpoint] saved 4314 records
[local-ai] Sahasrabudhe Hospital and I.C.C.U: extracted
[local-ai] Bhomaj Hospital: extracted
[local-ai] Ameya Medical Foundation Garud Hospital and Research Institute: extracted
[local-ai] Zenith Hospital, Pune: extracted
[local-ai] Kolhe Hospital: extracted
[local-ai] Swasthya Hospital Medical Research Center: extracted
[local-ai] Shri Chaitanya Hospital - Mumbai: extracted
[local-ai] Sortur Hospital: extracted
[local-ai] Sahil Hospital, Thane: extracted
[local-ai] Aharnish Hospital: extracted
[local-ai] Paramount Ganpati Health Care - Kandivali: extracted
[local-ai] Brijmohan Taori Memorial Hospital: extracted
[local-ai] Shreeya Hospital: extracted
[local-ai] Anandpara Surgical and General Hospital: extracted
[local-ai] Rathod Hospital, Amravati: extracted
[local-ai] Sanket Hospital: extracted
[local-ai] Dr Singh's City Hospital and Medical Research Centre: extracted
[local-ai] Kiran Hospital, Satara: extracted
[local-ai] Maher Maternity and Nursing Home, Mumbai: extracted
[local-ai] Sushrut Hospital, Nashik: extracted
[local-ai] Umarji Hospital: extracted
[local-ai] Dr V E Tambe Critical Care Unit: extracted
[local-ai] Karwa Hospital and Iccu: extracted
[local-ai] Dr. Nitin Rathi Hospital - Solapur: extracted
[local-ai] Muktai Hospital, Jalgaon: extracted
[checkpoint] saved 4339 records
[local-ai] Bhandari Hospital: extracted
[local-ai] Amrut Hospital: extracted
[local-ai] Chaturvedi Surgical Hospital: extracted
[local-ai] Dr. Karad Hospital: extracted
[local-ai] Latkar Hospital: extracted
[local-ai] Dr.Bade Hospital: extracted
[local-ai] Avadhoot Hospital and Iccu: extracted
[local-ai] Sanjivani Hospital, Jalgaon: extracted
[local-ai] Vishwanath Hospital, Jalgaon: extracted
[local-ai] Pushpa Surgical Hospital - Bhusawal: extracted
[local-ai] Yash Netralaya and Child Hospital: extracted
[local-ai] Shri Narayan Hospital: extracted
[local-ai] Navjivan Maternity and Surgical Nursing Home: extracted
[local-ai] Lunkad Hospital: extracted
[local-ai] Cardinal Gracias Memorial Hospital: extracted
[local-ai] Dhanwantri Fracture, Orthopaedic and Arthroscopy Centre: extracted
[local-ai] Kolekar Hospital & ICCU: extracted
[local-ai] Girija Nursing Home and General Hospital: extracted
[local-ai] Dr.Priya's Sai Niwas Maternity and Infertility Nursing Home: extracted
[local-ai] Atma Malik Hospital: extracted
[local-ai] Ortho Relief Hospital and Research Centre: extracted
[local-ai] Takale Hospital: extracted
[local-ai] Shashwat Hospital: extracted
[local-ai] Surana Sethia Hospital And Research Centre: extracted
[local-ai] Medipoint Hospital: extracted
[checkpoint] saved 4364 records
[local-ai] Indira Maternity Home: extracted
[local-ai] Dr Uppal's ENT Hospital & Sonic Hearing & Speech Centre: extracted
[local-ai] Dantkale Hospital: extracted
[local-ai] Suman Eye Hospital and Laser Center: extracted
[local-ai] Kamran Nursing Home: extracted
[local-ai] Uma Hospital: extracted
[local-ai] Gurukripa Criticare Hospital, Kalyan: extracted
[local-ai] Dr. Sonawane's Hospital: extracted
[local-ai] Samarth Hospitals Pvt Ltd: extracted
[local-ai] Shelar Hospital: extracted
[local-ai] Shintre Hospital: extracted
[local-ai] Bhoir Hospital, Pune: extracted
[local-ai] Supekar Hospital: extracted
[local-ai] Tushar Maternity and Surgical Nursing Home: extracted
[local-ai] Durga Maternity and Surgical Nursing Home: extracted
[local-ai] Zore Bal Hospital: extracted
[local-ai] Mamta Hospital, Latur: extracted
[local-ai] Janeshwari Brain and Spinte Centre Swati Maternity: extracted
[local-ai] Vatsalya Maternity and Surgical Nursing Home: extracted
[local-ai] Joshi Hospital, Akola: extracted
[local-ai] Shreeji Hospital, Ghatkopar: extracted
[local-ai] Laddhad Hospital,Buldana: extracted
[local-ai] Banaji Eyesurgery and Laser Center: extracted
[local-ai] Vishwaprabha Hospital: extracted
[local-ai] Indra Maternity and Surgical Nursing Home: extracted
[checkpoint] saved 4389 records
[local-ai] Nirmala Maternity and Surgical Hospital with Polyclinic: extracted
[local-ai] Shri Shaneshwar Rural Hospital: extracted
[local-ai] Green City Hospital, Nagpur: extracted
[local-ai] Mayur Hospital, Pune: extracted
[local-ai] Shri Siddhi Vinayak Orthopaedic Hospital: extracted
[local-ai] Dr Kulurs Hospital: extracted
[local-ai] Konark Hospital, Kolhapur: extracted
[local-ai] Abhijit Hospital: extracted
[local-ai] Dr. Sunil Jadhav Hospital: extracted
[local-ai] Siddhivinayak Surgical Centre: extracted
[local-ai] Aditya Hospital, Sangli: extracted
[local-ai] Ashwini Hospital, Beed: extracted
[local-ai] Shreyas Accident and General Hospital: extracted
[local-ai] Alatkar Hospital: extracted
[local-ai] Suyash Hospital, Dombivali: extracted
[local-ai] Suvidha Hospital and Iccu: extracted
[local-ai] Suvichar Hospital Pvt. Ltd: extracted
[local-ai] Sushruta Plastic Surgery Burns Hospital: extracted
[local-ai] Dr Patil Orthopedic, Accident, Trauma-Icu and Eye Hospital: extracted
[local-ai] Ent Hospital (Dr. Balashed Patil): extracted
[local-ai] Maher Hospital, Dhule: extracted
[local-ai] Anand Hospital: extracted
[local-ai] Hambarde Hospital - Mumbai: extracted
[local-ai] Gurunanak Eye Hospital: extracted
[local-ai] Netra Jyot Eye Care Centre: extracted
[checkpoint] saved 4414 records
[local-ai] Gurukrupa Hospital: extracted
[local-ai] Loknete Rajarambapu Patil Hospital and Research Centre: extracted
[local-ai] Janta Maternity Home and Hospital: extracted
[local-ai] G Kumar Arogyadham Ayurved Panchkarm Hospital and Research Institute: extracted
[local-ai] Pimpri Chinchwad (Pcip) Institute Of Paediatrics: extracted
[local-ai] Indravati Hospital: extracted
[local-ai] Avadh Clinic and Nursing Home: extracted
[local-ai] Rode Hospital: extracted
[local-ai] Sunrise Hospital, Nashik: extracted
[local-ai] Naidu Hospital: extracted
[local-ai] Sawarkar Multi Speciality Hospital: extracted
[local-ai] Surya I.C.U. Hospital: extracted
[local-ai] Aryan Hospital and Icu: extracted
[local-ai] Anmol Jeevan Hospital: extracted
[local-ai] Dr Sawarkars Multi Speciality Clinical Care Hospital: extracted
[local-ai] Patil Hospital: extracted
[local-ai] Parshwa Netralaya: extracted
[local-ai] Ranka Hospital: extracted
[local-ai] Mohan General Hospital - Daund: extracted
[local-ai] Dr Gaikwad Critical Care Center Private Limited: extracted
[local-ai] Samadhan Hospital(Ayurved Panchakarma Hospital and Research Centre): extracted
[local-ai] Niramaya Hospital: extracted
[local-ai] Moraya Hospital and Research Center: extracted
[local-ai] Dobhada Surgical Nursing Home - Akluj: extracted
[local-ai] Indorewala ENT Hospital: extracted
[checkpoint] saved 4439 records
[local-ai] DNA Multispeciality Hospital - Mumbai: extracted
[local-ai] Diwan Hospital: extracted
[local-ai] Lalla Hospital: extracted
[local-ai] Sumalti Multispeciality Hospital: extracted
[local-ai] Bhide Hospital: extracted
[local-ai] Sulochan Eye: extracted
[local-ai] Panat Hospital: extracted
[local-ai] Vedaant Multispeciality Hospital: extracted
[local-ai] Dr Murkey Hospital: extracted
[local-ai] Purandare Hospital, Mumbai: extracted
[local-ai] Vibha Care Home: extracted
[local-ai] Surya Hospital and Iccu: extracted
[local-ai] Niramaya Hospital, Kolhapur: extracted
[local-ai] Poona Laser Center: extracted
[local-ai] Dr Shahs Laser Eye Institute: extracted
[local-ai] Vaishnav Seva Samaj: extracted
[local-ai] Sudarshan Hospital: extracted
[local-ai] Patel Nursing Home, Mumbai: extracted
[local-ai] Paramashetti Hospital: extracted
[local-ai] Sushil Datta Hospital: extracted
[local-ai] Dr. Raut Maternity and General Hospital: extracted
[local-ai] Priyanka Maternity and Surgical Nursing Home: extracted
[local-ai] Deshmukh Institute Of Maxillo-Facial Surgery and Research Centre: extracted
[local-ai] Shivani Maternity Home Thane: extracted
[local-ai] Shrinivas Multispeciality Hospital: extracted
[checkpoint] saved 4464 records
[local-ai] Sukhamte Maternity Home: extracted
[local-ai] Satara Camp Lions Nab Netra Rugnalay: extracted
[local-ai] Foresight Eye Center: extracted
[local-ai] Dr. Masurkar Hospital: extracted
[local-ai] Dhawale Hospital: extracted
[local-ai] Dristhi Eye Hospital: extracted
[local-ai] RNH Hospital: extracted
[local-ai] Vivek Maternity and Nursing Home: extracted
[local-ai] Maxcare Hospital: extracted
[local-ai] Chopade Accident Hospital: extracted
[local-ai] Sujata Medicare (Sujata Gyanaecology Clinic);Dhake Colony: extracted
[local-ai] Ladukar Hospital: extracted
[local-ai] Jogalekar Netra Rugnalaya: extracted
[local-ai] Deshmukh Hospital: extracted
[local-ai] Aayush Multispeciality Hospital: extracted
[local-ai] Yashwant Dharmartha Ayurvedic Rugnalay: extracted
[local-ai] Life Care Hospital, Mira Road: extracted
[local-ai] Akshit Maternity Home: extracted
[local-ai] Siddhant Maternity Home: extracted
[local-ai] Aurangabad Hospital Mother And Child Care: extracted
[local-ai] Jeevanjyot Hospital, Aurangabad: extracted
[local-ai] Dr V H Chaudhari Hospital: extracted
[local-ai] Parkar Hospital: extracted
[local-ai] Narsale Hospital and Maternity Home: extracted
[local-ai] Bhavani Maternity and Surgical Icu: extracted
[checkpoint] saved 4489 records
[local-ai] Akalade Hospital: extracted
[local-ai] Dr. Tongaonkar Hospital: extracted
[local-ai] Hi-Tech Urology Centre: extracted
[local-ai] Dr Ganorkar Hospital: extracted
[local-ai] Brindavani Hospital: extracted
[local-ai] Remedy Hospital: extracted
[local-ai] Shivarkar Hospital: extracted
[local-ai] Kodwani Hospital: extracted
[local-ai] Manwatkar Multispeciality Hospital: extracted
[local-ai] Mansai Hospital: extracted
[local-ai] Amit Hospital: extracted
[local-ai] Sai Hospital ( Saphalya Pvt. Ltd.,): extracted
[local-ai] Spandan Hospital and Research Centre, Raigarh: extracted
[local-ai] Meenakshi Multispecialty Hospital - Satara: extracted
[local-ai] Aryan Hospital: extracted
[local-ai] Shushrusha Hospital and Icu: extracted
[local-ai] Shivam Eye Foundation P P N: extracted
[local-ai] Maa Nursing Home and Netra Jyoti Eye Care Center: extracted
[local-ai] Vardhaman Iccu and Nursing Home: extracted
[local-ai] City Care Trust Hospital: extracted
[local-ai] Gayatri Hospital, Kolhapur: extracted
[local-ai] Nandadeep Hospital and Research Centre: extracted
[local-ai] Jalgaon Heart Institute Ltd. / Indoamerican Cardiovascular Center: extracted
[local-ai] Kaushal Hospital, Pune: extracted
[local-ai] Siddhesh Hospitals: extracted
[checkpoint] saved 4514 records
[local-ai] Jaykar Accident Fracture Hospital: extracted
[local-ai] Dr.Reena Mokal Nursing Home and Polyclinic: extracted
[local-ai] Saket Maternity and Nursing Home: extracted
[local-ai] Dr. Nisars Eye Care Centre: extracted
[local-ai] Gastrocare Hospital: extracted
[local-ai] Joshi Maternity and Eye Hospital: extracted
[local-ai] Neeta Ambani Hospital: extracted
[local-ai] Shaikh Hospital: extracted
[local-ai] Varsha Parekh Maternity and Surgical Hospital: extracted
[local-ai] Purandare Hospital, Pune: extracted
[local-ai] Lodha Hospital, Beed: extracted
[local-ai] Shree Sukh Shanti Hospital: extracted
[local-ai] Nasik Health Care and Research Centre Pvt.Ltd: extracted
[local-ai] Dhada Hospital: extracted
[local-ai] Pramodini Urology Foundation: extracted
[local-ai] Divyadrashti Eye Care Centre: extracted
[local-ai] Suryawanshi Trauma and Rehabilitation Center: extracted
[local-ai] Krishnadeep Eye Care Centre: extracted
[local-ai] Rasha Maternity and Nursing Home: extracted
[local-ai] Suyash Surgical and Maternity Home: extracted
[local-ai] Vital Care Centre: extracted
[local-ai] Shraddha Hospital, Ahmednagar: extracted
[local-ai] Abhinav Multispeciality Hospital: extracted
[local-ai] Bokare Hospital: extracted
[local-ai] Sudatta Orthopaedic Hospital: extracted
[checkpoint] saved 4539 records
[local-ai] Shree Saibaba Heart Insititue and Research Center Pvt. Ltd.: extracted
[local-ai] Harsh Hospital: extracted
[local-ai] Kamat Hospital- Lonavla: extracted
[local-ai] Om Kartavya Sadhana Hospital: extracted
[local-ai] Children Surgical Hospital: extracted
[local-ai] Akshaya Surgical and Maternity Home: extracted
[local-ai] Modi General Hospital and Iccu: extracted
[local-ai] Speciality Ear Nose Throat Hospital: extracted
[local-ai] Saraswati Eye Hospital, Mumbai: extracted
[local-ai] Saxena Children and General Hospital: extracted
[local-ai] Palkar Eye Hospital: extracted
[local-ai] Gandhi Maternity and Nursing Home: extracted
[local-ai] Shraddha Hospital: extracted
[local-ai] Sahyadri Speciality Hospital - Karad: extracted
[local-ai] Dr. Akerkar Hospital: extracted
[local-ai] Genesis Hospital & Research Centre: extracted
[local-ai] Khatri Hospital: extracted
[local-ai] Ashirwad Heart Hospital: extracted
[local-ai] Chandrika Hospital: extracted
[local-ai] Neon Critical Care: extracted
[local-ai] Supe Heart & Diabetics Hospital and Research C: extracted
[local-ai] Darshan Orthopaedic and Surgical Clinic - Malad (W): extracted
[local-ai] Birla Super Speciality Eye Hospital and Lasik Centre: extracted
[local-ai] Phoenix Hospital, Dombivali: extracted
[local-ai] Dr. Alok Shahs Iccu and Nursing Home: extracted
[checkpoint] saved 4564 records
[local-ai] Saibaba Hospital and Polyclinic: extracted
[local-ai] Pioneer Health Care: extracted
[local-ai] Dr.Nalavade Multispeciality Hospital: extracted
[local-ai] Sai Sanket Hospital: extracted
[local-ai] Shikalgar Orthopedic and Pediatric Hospital: extracted
[local-ai] Shinde Hospital [Satara]: extracted
[local-ai] Yogeshwari Maternity Home & Ambajogai Test Tube Baby Centre: extracted
[local-ai] Narmada Hospital, Solapur: extracted
[local-ai] Shalom Medicare Pvt. Ltd.: extracted
[local-ai] Vighnaharta Multispeciality Hospital: extracted
[local-ai] Shree Vardhaman Sthanakvasi Jain Shravak Sangh Dadar Sanchalit Navneet Jain Health Centre: extracted
[local-ai] Shri Sai Surgical and Maternity Hospital - Islampur: extracted
[local-ai] Sushrut Hospital: extracted
[local-ai] Tejomaya Netra Rugnalaya: extracted
[local-ai] Zende Hospital: extracted
[local-ai] Barde Maternity Hospital: extracted
[local-ai] Dr Manwatkar Hospital: extracted
[local-ai] J. K. Child Health Care and Nicu: extracted
[local-ai] Mantri Surgical and Maternity Hospital - Jalna: extracted
[local-ai] Suruchi Eye Centre: extracted
[local-ai] Shri Ram Hospital, Kolhapur: extracted
[local-ai] Platinum Hospitals Pvt Ltd: extracted
[local-ai] Janaki Hospital: extracted
[local-ai] Amruta Surgical and Maternity Home: extracted
[local-ai] Dhamke Hospital: extracted
[checkpoint] saved 4589 records
[local-ai] Chaitanya Nursing Home: extracted
[local-ai] Sunrise Hospital: extracted
[local-ai] Mulik Hospital: extracted
[local-ai] Salunke Hospital: extracted
[local-ai] Vidya Prabha Hospital and Polyclinic: extracted
[local-ai] Anuchandra Accident Hospital: extracted
[local-ai] Lt Kedari Redkar Charitable Hospital and Research: extracted
[local-ai] Sparsh Urology and Kidney Hospital: extracted
[local-ai] Smt.Zohrabi Childrens Hospital: extracted
[local-ai] Pkc Hospital: extracted
[local-ai] Moolanis Eye Care Centre: extracted
[local-ai] Sushrut Hospital, Wardha: extracted
[local-ai] Susheel Maternity and Gynaecological Hospital: extracted
[local-ai] Peshwe Hospital: extracted
[local-ai] Sanjeevani Hopital: extracted
[local-ai] Navjeevan Urology and Stone Care Centre: extracted
[local-ai] Gokhale Hospital: extracted
[local-ai] Prestige Hospital: extracted
[local-ai] Krishna Hospital and Icu: extracted
[local-ai] Nityaseva Hospital, Beed: extracted
[local-ai] Prabhavati Multi Speciality Hospital and Research Center: extracted
[local-ai] Shanti Maternity Hospital: extracted
[local-ai] Criticare Multispeciality Hospital and Research Centre: extracted
[local-ai] Orbit Eye Hospital, Mumbai: extracted
[local-ai] Shree Ramnath Hospital: extracted
[checkpoint] saved 4614 records
[local-ai] Prathiba Hospital Pvt Ltd: extracted
[local-ai] Shweta Hospital Multispeciality: extracted
[local-ai] Sunita Hospital: extracted
[local-ai] Chintamani Hospital, Satara: extracted
[local-ai] Enclave Maternity Home: extracted
[local-ai] Aditya Hospital, Pune: extracted
[local-ai] Chiranjiv Balrugnalaya: extracted
[local-ai] Sushrut Hospital, Chinchwad: extracted
[local-ai] Aasha Cancer Hospital and Children First: extracted
[local-ai] Dhamdhere Hospital: extracted
[local-ai] Mohini Hospital: extracted
[local-ai] Sai Krupa E.N.T. Nursing Home: extracted
[local-ai] Hearts Sanjivani Centre: extracted
[local-ai] Shree Hospital and Maternity Home - Baramati: extracted
[local-ai] Dhankani Hospital: extracted
[local-ai] Balaji Speciality Hospital: extracted
[local-ai] Balaji Hospital, Satara: extracted
[local-ai] Pandit Accident Hospital and Spine Care Centre: extracted
[local-ai] Kaushalya Medical Foundation Trust Hospital, Mumbai: extracted
[local-ai] Wankhede Hospital: extracted
[local-ai] Shivam Hospital: extracted
[local-ai] Pune Fertility Center: extracted
[local-ai] Jagtap Hospital: extracted
[local-ai] Holy Trinity Hospital: extracted
[local-ai] Sai Leela Hospital: extracted
[checkpoint] saved 4639 records
[local-ai] B. S. Bhandari Rotary Eye Hospital: extracted
[local-ai] Sanghvi Maternity and Surgical Hospital: extracted
[local-ai] RG Stone Urology and Laparoscopy Hospital, Khar: extracted
[local-ai] Chetna Critical Care Unit: extracted
[local-ai] Omkar Eye Care Center: extracted
[local-ai] Sushrusha Heart Care Center and Speciality Hospital: extracted
[local-ai] Dr.Badwaik's Maternity and General Hospital: extracted
[local-ai] Bhure Maternity and Children Hospital: extracted
[local-ai] Kilbil Children's Hospital: extracted
[local-ai] Shyamdip Critical Care: extracted
[local-ai] Sachin Hosptial: extracted
[local-ai] Rajan Hospital, Sindhudurg: extracted
[local-ai] Sai Multi Speciality Hospital: extracted
[local-ai] New Ashirwad Rugnalaya: extracted
[local-ai] Ganga Hospital Infertility and Laproscopy Center: extracted
[local-ai] Attharva Accident Hospital: extracted
[local-ai] Mohite Hospital-Pandharpur: extracted
[local-ai] Navjeevan Hospital, Buldhana: extracted
[local-ai] Joshi Hospital: extracted
[local-ai] Tajnaksh Healthcare: extracted
[local-ai] Harde Hospital and Maternity Home: extracted
[local-ai] Toshniwal Chest Hospital Maternity and Nursing Home: extracted
[local-ai] Shanmukhananda Jasubhai R k shah Medical Centre: extracted
[local-ai] Aditi Hospital, Kandivali: extracted
[local-ai] Lotus Maternity Home and Child Surgery Center: extracted
[checkpoint] saved 4664 records
[local-ai] Sanjivani Hospital and Iccu: extracted
[local-ai] Thunga Hospital: extracted
[local-ai] Kokilaben Dhirubhai Ambani Hospital, Mumbai: extracted
[local-ai] Dr Patwardhan Hospital: extracted
[local-ai] Tate Hospital: extracted
[local-ai] Gurukrupa Eye Hospital: extracted
[local-ai] Balwant Institute Of Neurosurgery and Intensive Care: extracted
[local-ai] Dr Telangs Dhanvantari Hospital: extracted
[local-ai] Dr.Pintos Pathological Laboratory: extracted
[local-ai] Sainath Orthopaedic Hospital: extracted
[local-ai] Sukhakarta Hospital: extracted
[local-ai] Shri Samarth Hospital: extracted
[local-ai] Gandhi Hospital - Navi Mumbai: extracted
[local-ai] Raichura Prasuti Gruha: extracted
[local-ai] Dhanraj Girji Charitable Trust Hospital: extracted
[local-ai] Navjeevan Hospital - Ahmedpur: extracted
[local-ai] Sudha Hospital and Polyclinic, Mumbai: extracted
[local-ai] Dipika Hospital: extracted
[local-ai] Mai Mangeshkar Hospital: extracted
[local-ai] Dr.Sakhalkar's Maternity and Nursing Home: extracted
[local-ai] Suyog Urology Centre: extracted
[local-ai] Ankur Hospital [Phaltan]: extracted
[local-ai] Jilla Hospital: extracted
[local-ai] Kamal Netra Rugnalaya: extracted
[local-ai] Punamiya Hospital, Mumbai: extracted
[checkpoint] saved 4689 records
[local-ai] Anbhule Hospital: extracted
[local-ai] Ashwini Hospital and Endoscopy Centre: extracted
[local-ai] Dr Gawali Hospital: extracted
[local-ai] Akolkar Hospital: extracted
[local-ai] Patil Hospital, Mumbai: extracted
[local-ai] Shanti Mohan Hospital: extracted
[local-ai] Vivekanand Netralaya and Phaco Center: extracted
[local-ai] Gb Multicare Hospital: extracted
[local-ai] Shraddha Hospital: extracted
[local-ai] Oculus Eye Hospital Pvt. Ltd: extracted
[local-ai] Akola Eye Hospital: extracted
[local-ai] Shraddha Eye Hospital: extracted
[local-ai] Omkar Medical Charitable Trust (Magdum Hospital): extracted
[local-ai] Navdurga Fracture and Accident Centre: extracted
[local-ai] Jain Hospital: extracted
[local-ai] Kulkarni Hospital and Diagnostic Centre: extracted
[local-ai] Trimbake Hospital: extracted
[local-ai] Sai Swayam MatandNur Home: extracted
[local-ai] Malba Hospital: extracted
[local-ai] Mathruchaya Hospital: extracted
[local-ai] Khares Eye Institute: extracted
[local-ai] Gautam Hospital, Thane: extracted
[local-ai] Ashirwad Orthopaedic and Surgical Nursing Home: extracted
[local-ai] Narwade Hospital: extracted
[local-ai] Bhakti Hospital: extracted
[checkpoint] saved 4714 records
[local-ai] Vivekanand Hospital: extracted
[local-ai] Dr. Konde Hospital: extracted
[local-ai] Chiranjeev Children Hospital and Critical Care Centre: extracted
[local-ai] Gulwade Ent Maternity Hospital: extracted
[local-ai] Shriratna Hospital: extracted
[local-ai] Zynova Heart Hospital: extracted
[local-ai] Yashoda Hospital - Akluj: extracted
[local-ai] Shree Gajanan Heart and Eye Hospitals Pvt. Ltd: extracted
[local-ai] Raisoni Hospital: extracted
[local-ai] Shrigire Hospital: extracted
[local-ai] Shri Venkatesh Eye Institute: extracted
[local-ai] Shri Swami Samarth Hospital: extracted
[local-ai] Vidhi Eye and Skin Care Centre: extracted
[local-ai] Dr Milind Patils Revival Bone and Joint Hospital: extracted
[local-ai] Dr Chavans Fracture and Orthopaedic Center: extracted
[local-ai] Shree Om Sai Hospital: extracted
[local-ai] Shree Borivli Gujarati Seva Mandal: extracted
[local-ai] Gupta Hospital - Akola: extracted
[local-ai] Sanjeevani Criticare and Research Centre Pvt Ltd: extracted
[local-ai] Ankur Paediatric Hospital and Premature Baby Unit: extracted
[local-ai] Sparsh Maternity and Nursing Home: extracted
[local-ai] Sparsh Multispeciality Hospital and I C C U: extracted
[local-ai] Jeevan Maternity and General Hospital: extracted
[local-ai] Sparsh Hospital: extracted
[local-ai] Sankalp Hospital and Iccu: extracted
[checkpoint] saved 4739 records
[local-ai] Spandan Hospital: extracted
[local-ai] Dr Chidgupkar Hospital Pvt Ltd: extracted
[local-ai] Kamlesh Mother and Child Hospital: extracted
[local-ai] Spandan Hospital and Iccu: extracted
[local-ai] Suraj Hospital, Hadaspur: extracted
[local-ai] Spandan Hospital Dhule: extracted
[local-ai] Gultekdi Nursing and Maternity Home: extracted
[local-ai] Dr Anushka Laser Eye Centre: extracted
[local-ai] Netrakhushi Eye and Laser Centre: extracted
[local-ai] Shrirame Hospital: extracted
[local-ai] Sood Eye Hospital: extracted
[local-ai] Sai Krupa Hospital, Mumbai: extracted
[local-ai] Soni Hospital: extracted
[local-ai] Soni Hospital: extracted
[local-ai] Sona Maternity and Nursing Home: extracted
[local-ai] Dr Marathe Hospital: extracted
[local-ai] Agarwal Maternity and General Hospital: extracted
[local-ai] Waghralkar Ayurved Hospital: extracted
[local-ai] Kabade Surgical Hospital: extracted
[local-ai] Thanawala Maternity Home: extracted
[local-ai] Prince Aly Khan Hospital: extracted
[local-ai] Suyash Hospital: extracted
[local-ai] Guru Krupa Hospital - Kavate Mahankal: extracted
[local-ai] Dongaonkar Superspeciality Eye Hospital: extracted
[local-ai] Ashakiran Hospital: extracted
[checkpoint] saved 4764 records
[local-ai] Saraswati Skin and Eye Care Centre: extracted
[local-ai] Aims (Asian Institute Of Medical Sciences) - Dombivli: extracted
[local-ai] Laxmi Health Care Center and Iccu: extracted
[local-ai] Shanta Spine Institute: extracted
[local-ai] Khushal Hospital and Maternity Home: extracted
[local-ai] Ankur Hospital: extracted
[local-ai] Life Care Hospital: extracted
[local-ai] Dr. Upasani Maternity and Nursing Home: extracted
[local-ai] Athare Patil Memorial Hospitals and Research Center Pvt Ltd: extracted
[local-ai] Sant Dnyaneswar Medical Education Research Centre: extracted
[local-ai] Gurde Hospital: extracted
[local-ai] Mirajkar Hospital: extracted
[local-ai] Mogre Hospital: extracted
[local-ai] Mohire Balrugnalaya: extracted
[local-ai] Lavekar Hospital: extracted
[local-ai] Manav Kalyan Kendra Hospital: extracted
[local-ai] Arya Hospital: extracted
[local-ai] Tawre Hospital: extracted
[local-ai] Rajendra Maternity and Surgical Nursing Home: extracted
[local-ai] Kolekar Hospital: extracted
[local-ai] MIT Super Speiality Hospital: extracted
[local-ai] Tanwar Hospital, Thane: extracted
[local-ai] Aryan Child Healthcare Centre and Nursing Home: extracted
[local-ai] Gayatri Maternity and Ear Nose Throat Hospital: extracted
[local-ai] Jhunjhunwala Hospital: extracted
[checkpoint] saved 4789 records
[local-ai] Sahyadri Multispeciality Hospital: extracted
[local-ai] Mauli Children Hospital: extracted
[local-ai] Gade Hospital, Aurangabad: extracted
[local-ai] Shaishav Children Hospital, Nandurbar: extracted
[local-ai] Ashirwad Maternity and General Hospital: extracted
[local-ai] Dr.Bokil Eye Hospital: extracted
[local-ai] Kamat Hospital: extracted
[local-ai] Hiren Mehta Eye Care Centre: extracted
[local-ai] Citicare Superspeciality Hospital: extracted
[local-ai] Apex Superspeciality Hospital: extracted
[local-ai] Amaan Hospital: extracted
[local-ai] Shri Sai Hospital and Research Centre: extracted
[local-ai] Mishra Children Hospital and Critical Care Hospital: extracted
[local-ai] Naqshabandi Eye Hospital: extracted
[local-ai] Soni Hospital, Aurangabad: extracted
[local-ai] Dunakhe Hospital Pvt. Ltd.: extracted
[local-ai] Dr Thakur Hospital: extracted
[local-ai] Ashirwad Children and Surgical Hospital: extracted
[local-ai] Medha Maternity and Nursing Home - Kandivali (E) Mumbai: extracted
[local-ai] Apeksha Maternity and Surgical Nursing Home, Thane: extracted
[local-ai] Kohakade Hospital: extracted
[local-ai] Jaydeep Eye and Physiotherapy Clinic - Kandivli: extracted
[local-ai] Santosh Hospital Maternity and Nursing Home: extracted
[local-ai] Reliance Life Sciences Pvt. Ltd: extracted
[local-ai] Shrikrishna Hospital, Pune: extracted
[checkpoint] saved 4814 records
[local-ai] Mallika Hospital and Envision Eye Centre: extracted
[local-ai] Gaurav Maternity and Surgical Hospital: extracted
[local-ai] Dongre Hospital: extracted
[local-ai] Vision Care Laxmi Netralaya: extracted
[local-ai] Ruby Heart Care Centre: extracted
[local-ai] Farah Maternity and Infertility Centre: extracted
[local-ai] Sankalp Netra Ragnalaya and Refractive Surgery Cen: extracted
[local-ai] Jijai Maternity and Nursing Home: extracted
[local-ai] Evangeline Booth Hospital: extracted
[local-ai] Dr. Vaidya Eye Hospital, Mangaon: extracted
[local-ai] Dr. Karve Childrens Hospital: extracted
[local-ai] Yashashree Maternity and Nursing Home: extracted
[local-ai] New Life Children Hospital: extracted
[local-ai] Usha Hospital, Nashik: extracted
[local-ai] Shelke Woman Hospital: extracted
[local-ai] Shinde Hospital and Ankur Infertility Centre: extracted
[local-ai] Shinge Superspeciality Hospital: extracted
[local-ai] Shivam Hospital, Thane: extracted
[local-ai] Shivneri Hospital Pvt. Ltd.: extracted
[local-ai] Shobha Hopsital: extracted
[local-ai] Padmawati Hospital: extracted
[local-ai] Kiran Care and Cure Hospital: extracted
[local-ai] Doctor Pareek's Deafness Clinic and ENT Hospital: extracted
[local-ai] Sahara Hospital - Latur: extracted
[local-ai] Kute Eye Hospital: extracted
[checkpoint] saved 4839 records
[local-ai] Kubde Children Hospital and Premature Baby Unit: extracted
[local-ai] Sas Health Care Pvt. Limited: extracted
[local-ai] Om Gagangiri Hospital, Thane, NAVI MUMBAI: extracted
[local-ai] Yashwant Neuro Surgical Center [Satara]: extracted
[local-ai] Vinayak Netralaya - Pune: extracted
[local-ai] Shakuntala Maternity Home: extracted
[local-ai] Shanti Saroj Netralaya: extracted
[local-ai] Shree Devi Hospital - Kalyan: extracted
[local-ai] Gayatri Hospital: extracted
[local-ai] Shree Sai Rugnalaya: extracted
[local-ai] Dr Goyal's Children General Hospital: extracted
[local-ai] Shobha Hospital: extracted
[local-ai] Mangal Anand Hospital: extracted
[local-ai] Bendre Hospital and Maternity Home: extracted
[local-ai] Dumir Maternity and Nursing Home: extracted
[local-ai] Lonkar Hospital: extracted
[local-ai] Seva Hospital: extracted
[local-ai] Shree Childrens Hospital: extracted
[local-ai] Girija Hospital and Neuro Surgical Icu: extracted
[local-ai] Umang Maternity and Surgical Nursing Home: extracted
[local-ai] Mams Sumatibhai Shah Ayurved Mahavidyalayas: extracted
[local-ai] Sainath Hospital: extracted
[local-ai] Comprehensive Rural Health Project: extracted
[local-ai] Indian Academy Of Acupuncture Science: extracted
[local-ai] Nidhi Nursing Home and Iccu: extracted
[checkpoint] saved 4864 records
[local-ai] Kodlekeri Hospital and Trust: extracted
[local-ai] Late Shree Annasaheb Sonawane Hospital: extracted
[local-ai] Janani Maternity and Nursing Home: extracted
[local-ai] M. J. Hospital - Latur: extracted
[local-ai] Vivekanand Hospital - Chopda,Jalgaon: extracted
[local-ai] More Eye Center: extracted
[local-ai] Thanawalas Maternity Home & IVF Clinic: extracted
[local-ai] Ramlok ENT Hospital: extracted
[local-ai] Bafna Hospital: extracted
[local-ai] Deole Hospital: extracted
[local-ai] Ashirwad Maternity and Nursing Home: extracted
[local-ai] Likhite Orthopaedic & Paediatric Super Speciality Clinic& Nicu: extracted
[local-ai] Godavari Hospital: extracted
[local-ai] Maher Hospital: extracted
[local-ai] Sugun Hospital Multispeciality Diagnostic, Icu: extracted
[local-ai] Surya Multispeciality Hospital - Chakan, Pune: extracted
[local-ai] Vipassana Hospital: extracted
[local-ai] Shree Kamakshi Hospital: extracted
[local-ai] Asha Hospital and Iccu: extracted
[local-ai] Nimbalkar Hospital: extracted
[local-ai] Gojamgunde Hospital: extracted
[local-ai] Anande Hospital: extracted
[local-ai] Sanjivani Medical Foundation: extracted
[local-ai] Anuradha Eye Hospital And Polyclinic: extracted
[local-ai] Abane Hospital: extracted
[checkpoint] saved 4889 records
[local-ai] Savitri Hospital and Intensive Care Unit [Lonand]: extracted
[local-ai] Shriniwas Hospital: extracted
[local-ai] Shree Manolaxmi Nursing Home: extracted
[local-ai] Dr Kedare Hospital: extracted
[local-ai] Netradeep Eye Hospital: extracted
[local-ai] Vardhaman Accident Hospital: extracted
[local-ai] Rahel Hospital: extracted
[local-ai] Advanced Ent and Multispeciality Hospital: extracted
[local-ai] Raka Accident and Frature Hospital: extracted
[local-ai] Dhanwantary Hospital and ICCU: extracted
[local-ai] Dr Pagruts Fracture Orthopaedic and Surgical Hospital: extracted
[local-ai] Dr Yewale Multispeciality Hospital For Children: extracted
[local-ai] Samarth Maternity and Nursing Home: extracted
[local-ai] Shreeyash Hospital: extracted
[local-ai] Shri Bala Hanuman Maternity and Surgical Hospital: extracted
[local-ai] Dr. Balanis Sanjeevani Hospital: extracted
[local-ai] Kulkarni Hospital: extracted
[local-ai] Jashem Eye Institute: extracted
[local-ai] Jeswani Multispeciality Hospital: extracted
[local-ai] Hitech Adhar Hospital and Critical Care Unit: extracted
[local-ai] Mhatre Hospital Multispeciality,ICU & Trauma Care: extracted
[local-ai] Vyas' Surgery: extracted
[local-ai] Dr Sonawane Hospital: extracted
[local-ai] Riddhivinayak Critical Care and Cardiac Centre: extracted
[local-ai] Kakasaheb Mhaske Kamgar Hospital: extracted
[checkpoint] saved 4914 records
[local-ai] Nachiket Hospital Pvt Ltd: extracted
[local-ai] Sohum Eyecare Centre: extracted
[local-ai] Late Dr Anjani Mokadam Memorial Charitable Trust Anjani Eye Hospital: extracted
[local-ai] Kanade Hospital: extracted
[local-ai] Sai Hospital, Dhule: extracted
[local-ai] Sai Hospital: extracted
[local-ai] Shivam Hospital, Pune: extracted
[local-ai] Drishti Eye Care Centre: extracted
[local-ai] Khar Clinico-Pathology Laboratory: extracted
[local-ai] City Care Hospital and Research Centre Pvt. Ltd: extracted
[local-ai] Saibaba Maternity and Nursing Home: extracted
[local-ai] Dr. Kardile Accident and General Hospital: extracted
[local-ai] Khaire Hospital: extracted
[local-ai] Omkar Accident Hospital: extracted
[local-ai] Chandrama Hospital: extracted
[local-ai] Birnale Hospital: extracted
[local-ai] Harish Hospital and Iccu: extracted
[local-ai] Arogya Deep Hospital: extracted
[local-ai] Om Hospital, Thane: extracted
[local-ai] Saoji Orthopaedic Hospital: extracted
[local-ai] Shree Hospital: extracted
[local-ai] Shree Surgical and Maternity Nursing Home: extracted
[local-ai] Maher Maternity Infertility and Surgical Nursing Home: extracted
[local-ai] Bukkawar Heart and Critical Care Hospital: extracted
[local-ai] Ashirwad Hospital and Polyclinic: extracted
[checkpoint] saved 4939 records
[local-ai] Thoke Hospital: extracted
[local-ai] Aseem Orthopaedic Hospital: extracted
[local-ai] Palvi Hospital: extracted
[local-ai] Navoday Hospital: extracted
[local-ai] Accident and Maternity Hospital: extracted
[local-ai] City Hospital and Polyclinic: extracted
[local-ai] Dr,Kamal Rathi Hospital, Solapur: extracted
[local-ai] Sai Shree Orthopaedic Super Speciality and Joint Replacement Centre: extracted
[local-ai] Dhumal Maternity and Surgical Hospital: extracted
[local-ai] Choudhary Hsopital: extracted
[local-ai] Mohit Hospital: extracted
[local-ai] Brahman Sabha, Mhaskar Gruh and General Nursing Home: extracted
[local-ai] Soham Hospital: extracted
[local-ai] Tata Memorial Hospital: extracted
[local-ai] Vardhan Children Hospital: extracted
[local-ai] Dr. Doke's Shraddha Hospital: extracted
[local-ai] Gajanan Hospital: extracted
[local-ai] Sushrut Cosmetic and Laser Center: extracted
[local-ai] Disha Netralaya - Pune: extracted
[local-ai] Shri Siddhi Eye Hospital: extracted
[local-ai] Chirayu Childrens Hospital: extracted
[local-ai] Bagdia Maternity and Nursing Home: extracted
[local-ai] Sushrut Maternity and Surgical Nursing Home: extracted
[local-ai] Ghotavadekar Hospital: extracted
[local-ai] Sanjeevani Surgical and General Hospital: extracted
[checkpoint] saved 4964 records
[local-ai] Sanjeevani Chandrabhan Agrawal Charitable Trust Eye Hospital: extracted
[local-ai] Jeevan Jyot Rugnalaya [Satara]: extracted
[local-ai] Jain Hospital, Wardha: extracted
[local-ai] Sanpada General Hopital: extracted
[local-ai] Kant Hospital: extracted
[local-ai] Shinde Accident Hospital: extracted
[local-ai] J.P Hospital, Mumbai: extracted
[local-ai] Apex Hospital Pvt Ltd: extracted
[local-ai] Shripada Maternity and Paediatric Nursing Home: extracted
[local-ai] Mahajan Ortho and Surgical Hospital: extracted
[local-ai] The Laser Vision Centre: extracted
[local-ai] Vahadne Hospital: extracted
[local-ai] Samarth Hospital, Mumbai: extracted
[local-ai] Dr.Pimprikar Hspital: extracted
[local-ai] Navneet Hi-Tech Hospital: extracted
[local-ai] Navnirman Maternity and Surgical Hospital: extracted
[local-ai] Dr. Vaidya Eye Hospital: extracted
[local-ai] Shahade Hospital: extracted
[local-ai] Shree Ganesh Hospital: extracted
[local-ai] Dada Laser Eye Institute: extracted
[local-ai] Suryakant General Surgical Accident and Maternity: extracted
[local-ai] Sanchaiti Hospital: extracted
[local-ai] Sanjeevani Children Hospital, Thane: extracted
[local-ai] Paarth Hospital: extracted
[local-ai] Saraogi Maternity and General Hospital: extracted
[checkpoint] saved 4989 records
[local-ai] Mody Hospital Iccu: extracted
[local-ai] Dsouza Hospital: extracted
[local-ai] Ganesh Hospital, Jalgaon: extracted
[local-ai] Jeevanshree Hospitals: extracted
[local-ai] Manak Healthcare Hospital: extracted
[local-ai] Dr. Sawai Maternity and Children Hospital: extracted
[local-ai] Leela Eye Institute: extracted
[local-ai] Thorat Accident and Maternity Hospital: extracted
[local-ai] Abhyuday Maternity Home: extracted
[local-ai] Deodhar Hospitals Pvt. Ltd: extracted
[local-ai] Midas Institute Of Gastroenterology: extracted
[local-ai] Dr.Palep's Priyank Maternity Nursing Home: extracted
[local-ai] Dr.Paradkar Hospital: extracted
[local-ai] Dr. Mangala Ketkar: extracted
[local-ai] Dr.Prakash Katariya Laser Cure: extracted
[local-ai] Nikam Parmer Hospital: extracted
[local-ai] Shree Surgical and General Hospital: extracted
[local-ai] Hattarki Hospital: extracted
[local-ai] Radhika Hospital: extracted
[local-ai] Pishawikar Hospital: extracted
[local-ai] Siddharth Hospital, Pune: extracted
[local-ai] Godhane Hospital - Warud: extracted
[local-ai] Anjali Hospital: extracted
[local-ai] Abhimaan Maternity and Surgical Hospital - Thane: extracted
[local-ai] Nulife Hospital, Mumbai: extracted
[checkpoint] saved 5014 records
[local-ai] Raghoji Ent and Maternity Hospital: extracted
[local-ai] Bakhtar Hospital: extracted
[local-ai] Jivdaya Hospital: extracted
[local-ai] Shradha Heart Hospital: extracted
[local-ai] Dr Rakhoji Kidney Hospital and Research Center Pvt Ltd: extracted
[local-ai] Gargoti Maternity Home: extracted
[local-ai] Pattan Shetti: extracted
[local-ai] Yash Madhu Hospital: extracted
[local-ai] Gurukrupa Hospital: extracted
[local-ai] Sneha Hospital: extracted
[local-ai] Deepjyoti Hospital: extracted
[local-ai] Mamta Maternity and Nursing Home: extracted
[local-ai] Dr.S.K.Parulekar Hospital: extracted
[local-ai] Kkasturi Medicare Pvt Ltd: extracted
[local-ai] Dr.Satish G.Desai: extracted
[local-ai] Dr.Purohit Nursing Home: extracted
[local-ai] Dr Kandalgaonkar Eye Hospital: extracted
[local-ai] Sukhatankar Hospital: extracted
[local-ai] Dev Nursing Home: extracted
[local-ai] Suprabha Surgicare: extracted
[local-ai] Dr. Deosthaci's Eye Care Centre: extracted
[local-ai] H.J. Doshi Ghatkopar Hindu Sabha Hospital: extracted
[local-ai] Dr.Chhatres Maternity and Surgical Nursing Home: extracted
[local-ai] Swami Hospital: extracted
[local-ai] New Swastik Multi Speciality Hospital: extracted
[checkpoint] saved 5039 records
[local-ai] Swami Health Care: extracted
[local-ai] Suyash Maternity Surgical and Eye Hospital: extracted
[local-ai] Chede Accident and Surgical Hospital: extracted
[local-ai] Suyash Hospital: extracted
[local-ai] Well Spring Dr Avinash Phadke Pathlab Clinic: extracted
[local-ai] Dr. Sankhe Hospital: extracted
[local-ai] Chiranjeev Hospital, Latur: extracted
[local-ai] Suyash Hospital, Amravati: extracted
[local-ai] Rudra Hospital and Critical Care Centre: extracted
[local-ai] Shree Sai Maternity and Surgical Nursing Home: extracted
[local-ai] Yashraj Hospital and Maternity Home: extracted
[local-ai] Pooja Hospital, Pune: extracted
[local-ai] Sahyadri Hospital Hadapsar: extracted
[local-ai] Matoshri Accident Hospital: extracted
[local-ai] Raj Hospital, Mumbai: extracted
[local-ai] Surana Hospital - Nasik Road: extracted
[local-ai] Sri Seva Hospital: extracted
[local-ai] Siddhi Hospital and Laproscopy Centre Pvt Ltd: extracted
[local-ai] Nande Hospital: extracted
[local-ai] PBMA's H V Desai Eye Hospital: extracted
[local-ai] Surana Hospital and Research Centre, Mumbai: extracted
[local-ai] Dhanorkar Hospital - Parbhani: extracted
[local-ai] Pandit Dindal Hospital and Daignostic Center: extracted
[local-ai] Phoenix Hospital, Pune: extracted
[local-ai] Ashirwad Maternity and Nursing Home, Mulund: extracted
[checkpoint] saved 5064 records
[local-ai] Central Avenue Critical Care Hospital and Icu: extracted
[local-ai] Mauli Hospital, Nagpur: extracted
[local-ai] Mauli Hospital, Satara: extracted
[local-ai] Chaudhari Hospital: extracted
[local-ai] Palnitkar Hospital: extracted
[local-ai] Jadhav Hospital, Thane: extracted
[local-ai] National Burns Center: extracted
[local-ai] Laxmi I C U and Nursing Center: extracted
[local-ai] Suraj Hospital: extracted
[local-ai] Dhanwantri Nursing Home: extracted
[local-ai] Nimai Hospital: extracted
[local-ai] Dake Hospital: extracted
[local-ai] Radha Govind Hospital: extracted
[local-ai] Yashwant Hospital, Mumbai: extracted
[local-ai] Chinmay Hospital and Critcal Care Centre: extracted
[local-ai] Patil Hospital General and Eye Hospital: extracted
[local-ai] Samartha Hospital: extracted
[local-ai] Krishna Eye Care Centre: extracted
[local-ai] Deshpande Orthopaedic Hospital: extracted
[local-ai] Dr. Thakurs Ear Nose Throat Clinic and Hospital - Bhandup (W) Mumbai: extracted
[local-ai] Ishwar Hospital: extracted
[local-ai] Possa Hospital and Polyclinic: extracted
[local-ai] D M C T Hospital: extracted
[local-ai] Dr. Khatavs Mother and Child Hospital: extracted
[local-ai] Moraya Hospital: extracted
[checkpoint] saved 5089 records
[local-ai] Mulay Hospital and Maternity Home: extracted
[local-ai] Sathe Hospital: extracted
[local-ai] Aditya Nagraj Charitable Trust: extracted
[local-ai] Shubham Diabetic and Medical Centre: extracted
[local-ai] Ashwini Hospital and RamaKant Heart Center Pvt.Ltd.: extracted
[local-ai] Ankur Eye Hospital Laser and Phaco Centre - Gadhinglaj: extracted
[local-ai] Navneet Hospital Chest and Icu Care Center: extracted
[local-ai] Jai Hospital Pvt Ltd: extracted
[local-ai] Dawalbhakta Eye Hospital: extracted
[local-ai] Dr Anil Kulkarni Eye Hospital: extracted
[local-ai] Laxmi Jyot Eye Hospital, Thane: extracted
[local-ai] Desai Hospital: extracted
[local-ai] Bhadange Hospital: extracted
[local-ai] Adhar Hospital, Pune: extracted
[local-ai] Dr.Bakul Palve Accident and Surgical Hospital: extracted
[local-ai] Siddhanath Hospital and Research Center: extracted
[local-ai] Cauvery Uroderm Centre: extracted
[local-ai] Gunale Pediatric Hospital: extracted
[local-ai] Gokul Hospital, Jalgaon: extracted
[local-ai] Chirayu Superspeciality Hospital: extracted
[local-ai] A Care Orthopaedic and General Hospital: extracted
[local-ai] Columbia Hospital and Research Centre - Nagpur: extracted
[local-ai] Panacea Hospital: extracted
[local-ai] K C H Kandharkar Hospital: extracted
[local-ai] Sarthak Hospital: extracted
[checkpoint] saved 5114 records
[local-ai] Shetty Nursing Home (Shetty Health Services Pvt. Ltd.): extracted
[local-ai] Dr Menons Ent Hospital: extracted
[local-ai] Seeta Maternity and Surgical Nursing Home: extracted
[local-ai] Akshay Hospital: extracted
[local-ai] Chhabda Hospital: extracted
[local-ai] Dholkawalla Maternity Home: extracted
[local-ai] Dr. Tamboli Balrugnalaya / Chiranjiv Clinic and Child Development Centre: extracted
[local-ai] Fortis Hospitals Ltd Kalyan: extracted
[local-ai] Asha Kendra Hospital: extracted
[local-ai] Matruchhaya Hospital: extracted
[local-ai] Vibha Maternity and Surgical Nursing Home: extracted
[local-ai] Sree Chaitanya Maternity and Surgical Nursing Home: extracted
[local-ai] Sai Shraddha Nursing Home: extracted
[local-ai] Dr. Phapale Hospital: extracted
[local-ai] Shri Sai Hospital, Pune: extracted
[local-ai] Shri K V O Jain Manav Seva Kendra Navneet Hospital: extracted
[local-ai] Mohintara Hospital, Hadapsar: extracted
[local-ai] Sai Pushpa Hospital: extracted
[local-ai] Surlata Hospital: extracted
[local-ai] Life Care Hospital, Nashik: extracted
[local-ai] Shri Amba Maternity and Surgical Hospital: extracted
[local-ai] Saraswati Hospital, Mumbai: extracted
[local-ai] Khandelwal Hospital and C. C. Centre: extracted
[local-ai] Dayasagar Hospital: extracted
[local-ai] Guruprasad Eye Hospital - Aurangabad: extracted
[checkpoint] saved 5139 records
[local-ai] Khm Medical Centre Shree Kandivli Hitwardhak Mandal Kandivali: extracted
[local-ai] Birmole Hospital: extracted
[local-ai] Mutha Accident Hospital: extracted
[local-ai] Deshmukh Hospital, Parbhani: extracted
[local-ai] Dr.K.Y Rawoot Hospital: extracted
[local-ai] Ashwini Hospital- Chaul: extracted
[local-ai] Dr. Kamat's Hospital: extracted
[local-ai] Trupti Hospital, Nashik: extracted
[local-ai] Mahatma Gandhi Seva Mandir: extracted
[local-ai] Pratap Memorial Hospital: extracted
[local-ai] Purohit Hospital: extracted
[local-ai] Keshavraj Hospital: extracted
[local-ai] Ameya Surgical and General Nursing Home: extracted
[local-ai] Limaye Hospital: extracted
[local-ai] Dr. Raut's Maternity and Surgical Nursing Home: extracted
[local-ai] Oma Hospital: extracted
[local-ai] Sai Ganesh Hospital, Thane: extracted
[local-ai] Chinchanikar Hospital: extracted
[local-ai] Parth Hospital, Pune: extracted
[local-ai] Suyash Hospital and Maternity Home: extracted
[local-ai] Dr.Patwardhan Hospital: extracted
[local-ai] Nirmaldeep Eye Hospital and Phaco Centre: extracted
[local-ai] Seetabai Children Hospital: extracted
[local-ai] Dr Kulkarni Hospital: extracted
[local-ai] Shahapure Hospital: extracted
[checkpoint] saved 5164 records
[local-ai] Sakolkar Charitable Hospital and Research Centre: extracted
[local-ai] Motewar Netrlaya: extracted
[local-ai] Shree Krishna Hospital, Mumbai: extracted
[local-ai] Karmarkar Hospital: extracted
[local-ai] Ashirwad Hospital, Buldhana: extracted
[local-ai] Dr Manish Patankar's Nath Hospital: extracted
[local-ai] Kumta Eye and Retina Clinic and Laser Center: extracted
[local-ai] Deepak Hospital, Jalna: extracted
[local-ai] Krishna Eye Centre: extracted
[local-ai] Shah Lifeline Hospital and Heart Institute Pvt. Ltd. - Thane: extracted
[local-ai] Chaudhary Hospital: extracted
[local-ai] Sunjeevan Hospital and I C U: extracted
[local-ai] Chaitanya Hospital, Bhaghirathi Nagar: extracted
[local-ai] Chobe Maternity and Nursing Home: extracted
[local-ai] Gajre Hospital Neuro Centre and Women's Clinic: extracted
[local-ai] Jijamata Hospital, Raigarh: extracted
[local-ai] Warana Institute Of Uro - Surgery: extracted
[local-ai] Dr Sarawat Memorial Hospital: extracted
[local-ai] Nadkarni Eye Care Centre: extracted
[local-ai] Ramalayam Hospital: extracted
[local-ai] Gujar Hospital and Maternity: extracted
[local-ai] Panvel Hospital: extracted
[local-ai] Omkar Surgical and Maternity Home: extracted
[local-ai] Nandurbar Hospital Pvt Ltd: extracted
[local-ai] Matoshri Hospital: extracted
[checkpoint] saved 5189 records
[local-ai] Dr Gadge's-Om Surgical Hospital and Trauma Centre: extracted
[local-ai] Bobade Accident Hospital: extracted
[local-ai] Matushree Maternity, Surgical and General Nursing Home: extracted
[local-ai] Yashwant Hospital and Critical Centre: extracted
[local-ai] Dr.Chopwalikar Eye Hospital: extracted
[local-ai] Mulik Netra Chikitsalaya: extracted
[local-ai] Neminath Hospital: extracted
[local-ai] Drishtideep Netraseva (Phaco and Eye Care Centre) - Kolhapur: extracted
[local-ai] Dr. Patil's Hospital: extracted
[local-ai] Littles Care Children Hospital: extracted
[local-ai] Susheel Eye Hospital and Brahma Laser Centre: extracted
[local-ai] Sanchit Accident and Maternity Hospital: extracted
[local-ai] Dr. Nikam Patil Hospital: extracted
[local-ai] Chikhale Multispeciality and Cancer Hospital: extracted
[local-ai] Kadam Multispeciality Hospital: extracted
[local-ai] Dr Jyotsna Jagtaps Ent Hospital and Hearing Aid Centre: extracted
[local-ai] Anand Hospital, Bhosari: extracted
[local-ai] Suparanas Home Division Of Uddhav Memorial Hospital: extracted
[local-ai] Divine Multispecialty Hospital and Research Centre: extracted
[local-ai] Chintamani Hospital: extracted
[local-ai] Nakoda Hospital: extracted
[local-ai] Sehgal Path Lab: extracted
[local-ai] Lt Tatyasaheb Natu Memorial Hospital: extracted
[local-ai] Rushabh Eye Hospital and Laser Centre: extracted
[local-ai] Siddhi Hospital, Ahmednagar: extracted
[checkpoint] saved 5214 records
[local-ai] City Hospital: extracted
[local-ai] Pawna Hospital: extracted
[local-ai] Vinod Memorial Multispeciality Hospital: extracted
[local-ai] Mauli Hospital (Rahimatpur): extracted
[local-ai] Matruseva Hospital: extracted
[local-ai] Vijay Ent Hospital and Diagnostic Center: extracted
[local-ai] Ashirwad Hospital Maternity Surgical and General: extracted
[local-ai] Patange Hospital: extracted
[local-ai] Yashashree Hospital: extracted
[local-ai] Ramakrishna Hospital, Solapur: extracted
[local-ai] Dr. Narkhedes Advance Ent Centre: extracted
[local-ai] Vidharbha Hospital: extracted
[local-ai] Aakashdeep Hospital and I.C.U: extracted
[local-ai] Srushti Orthotech Hospital: extracted
[local-ai] Rajanigandha Hospital and Iccu: extracted
[local-ai] Rama Madhav Hospital: extracted
[local-ai] Dr. Thakur's Shree Hospital: extracted
[local-ai] Saraswati Hospital, Ahmednagar: extracted
[local-ai] Srushti Hospital, Jalgaon: extracted
[local-ai] Shri Ram Hospital: extracted
[local-ai] Dr.Harne Hospital: extracted
[local-ai] Malhaar Maternity and Nursing Home: extracted
[local-ai] Medico Surgical Clinic and Hospital: extracted
[local-ai] Dr Bedekars Hospital: extracted
[local-ai] Shaha Children Hospital: extracted
[checkpoint] saved 5239 records
[local-ai] Dr. Wankhade's Fracture and Accident Hospital: extracted
[local-ai] Suman Hospital [Karad]: extracted
[local-ai] Dhanashree Hospital: extracted
[local-ai] Vijay Hospital, Kolhapur: extracted
[local-ai] Medlife Multispeciality Hospital and Icu: extracted
[local-ai] Dr Savlas Child Care Centre: extracted
[local-ai] Aayush Hospital, Latur: extracted
[local-ai] Doctor Eye Hospital: extracted
[local-ai] Shanmukhananda Aditya Jyot Eye Institute: extracted
[local-ai] Om Hospital: extracted
[local-ai] Nirmiti Fertility and Ivf Centre: extracted
[local-ai] Bagade Hospital For Women and Maternity Home: extracted
[local-ai] Dr Eye Institute Pvt Ltd: extracted
[local-ai] Bagdia Hospital: extracted
[local-ai] Aster Aadhar Hospital: extracted
[local-ai] Pritam Hospital, Raigarh: extracted
[local-ai] Ashwini Maternity and Surgical Hospital,Ghatkopar(E): extracted
[local-ai] Yogeshwar Surgical Clinic and Nursing Home - Mumbai: extracted
[local-ai] Dr.Redkar Hospital: extracted
[local-ai] Orthonova Hospital: extracted
[local-ai] Bharatiya Sanskriti Darshan Trust: extracted
[local-ai] Yadav Nursing and Maternity Home - Tuljapur: extracted
[local-ai] G.M.Medical Centre - Khar: extracted
[local-ai] Sonawane Hospital: extracted
[local-ai] Ruby Ailcare Superspeciality Cardiac Care Centre: extracted
[checkpoint] saved 5264 records
[local-ai] Arihant Hospital: extracted
[local-ai] Tulip Womens Healthcare Centre - Khar (W): extracted
[local-ai] Bhaktivedanta Hospital: extracted
[local-ai] Thane Eye Care Hospital: extracted
[local-ai] Hatalkar Hospital: extracted
[local-ai] Mother Care Maternity and Surgical Nursing Home - Mumbai: extracted
[local-ai] Matruseva Hospital: extracted
[local-ai] Matoshree Madanbai Dhariwal Hospital: extracted
[local-ai] Pune Adventist Hospital;advantist hospital: extracted
[local-ai] Mamta Hospital, Nagpur: extracted
[local-ai] Kn Gujar Memorial Hospital and Dr. Gujar Institute Of Medical Sciences: extracted
[local-ai] Disha Eye Hospital: extracted
[local-ai] Kolambe ENT & Eye Hospital: extracted
[local-ai] Parekh Eye Hospital: extracted
[local-ai] Sai Aashirwad Hospital: extracted
[local-ai] Sahayog Hospital And Research Centre: extracted
[local-ai] Balaji Ent and Eye Hospital: extracted
[local-ai] Mahajan Hospital: extracted
[local-ai] Dhanvantri Childrens Hospital: extracted
[local-ai] Pushpa Maternity Home: extracted
[local-ai] Kokan Hospital: extracted
[local-ai] Ipc Heart Care: extracted
[local-ai] Dr. Amar's Karkhanis Super- Speciality Hospital: extracted
[local-ai] Om Prasuti Graha: extracted
[local-ai] Anil Cancer Clinic: extracted
[checkpoint] saved 5289 records
[local-ai] Sanskriti Multi Speciality Hospital: extracted
[local-ai] Suman Hospital, Nashik: extracted
[local-ai] Saileela Hospital - Boisar: extracted
[local-ai] Jain Eye Clinic: extracted
[local-ai] Adsool Hospital [Phaltan]: extracted
[local-ai] Parmar Hospital: extracted
[local-ai] Mandakini Nuclear Imaging Centre: extracted
[local-ai] M.H. Saboo Siddique Maternity and General Hospital - Masjid: extracted
[local-ai] Shri Sai Hospital, Solapur: extracted
[local-ai] Guru Prasad Hospital: extracted
[local-ai] Chaitanya Child Care Centre: extracted
[local-ai] Apurva Critical Care: extracted
[local-ai] Ghanate Hospital Panvel: extracted
[local-ai] Shreenath Hospital, Pune: extracted
[local-ai] I Sight Eyecare and Surgery: extracted
[local-ai] Vasai Medical Foundation Charitable Trust: extracted
[local-ai] Citizen Hospital: extracted
[local-ai] Thorat Eye Hospital: extracted
[local-ai] Dr.Malokar Hospital: extracted
[local-ai] B J Hospital and Research Institite Pvt. Ltd.: extracted
[local-ai] Mahatme Eye Bank Eye Hospital: extracted
[local-ai] Parvati Hospital, Kale: extracted
[local-ai] Sushrut Hospital, Jalgaon: extracted
[local-ai] Jatal Hospital and Research Centre: extracted
[local-ai] Bhoir Hospital: extracted
[checkpoint] saved 5314 records
[local-ai] Saarthi Hospital, Mumbai: extracted
[local-ai] Subodh Hospital: extracted
[local-ai] Grace Maternity and Nursing Home - Kandivli (W): extracted
[local-ai] Pai Hospital, Pune: extracted
[local-ai] Chinmay Institute Of Paediatrics: extracted
[local-ai] Platinum Hospitals: extracted
[local-ai] Ramanand Hospital and Iccu: extracted
[local-ai] Shri Vyankatesh Multispeciality Hospital: extracted
[local-ai] Patil Hospital - Pune: extracted
[local-ai] Nehete Hospital and Sonography Centre: extracted
[local-ai] Paras Polyclinic and General Hospital: extracted
[local-ai] Phadke Hospital, Akola: extracted
[local-ai] Murarka Hospital: extracted
[local-ai] Sonawne Orthopadic and Truma Centre: extracted
[local-ai] District Women Hospital, Akola: extracted
[local-ai] Priya Maternity Home: extracted
[local-ai] Apex Hospital, Kolhapur: extracted
[local-ai] Mahale Hospital: extracted
[local-ai] Rajsukh Medical Care Unit: extracted
[local-ai] Shree.J.Hospital: extracted
[local-ai] Pophale Hospital Pvt Ltd: extracted
[local-ai] Aastha Intensive Care Centre: extracted
[local-ai] Shirsath Hospital: extracted
[local-ai] Sai Sparsh Maternity and Nursing Home: extracted
[local-ai] Smt. Laxmiben Dharamsi Karsan Gala Eye Hospital: extracted
[checkpoint] saved 5339 records
[local-ai] Kantalaxmi Shah Eye Hospital: extracted
[local-ai] Golhar Spine Care and Trauma Reaserch Institute: extracted
[local-ai] Risk Care Hospital and Iccu, Thane: extracted
[local-ai] Ashirwad Maternity and Nursing Home: extracted
[local-ai] Siddhi Vinayak Children's Hospital and Critical Centre: extracted
[local-ai] Aditi Hospital, Mumbai: extracted
[local-ai] Siddhi Hospital, Kolhapur: extracted
[local-ai] Virar Maternity and Nursing Home: extracted
[local-ai] Bansal Hospital: extracted
[local-ai] Sunita Hospital, Mumbai: extracted
[local-ai] Dr Haresh Shah Prabhat Maternity and Surgical Nursing Home: extracted
[local-ai] Pataskar Hospital: extracted
[local-ai] Darekar Hospital: extracted
[local-ai] Paranjpe Eye Clinic and Eye Surgery Centre: extracted
[local-ai] Dr Valsangkar Hospital: extracted
[local-ai] Ayush Hospital: extracted
[local-ai] Doshi Nursing Home: extracted
[local-ai] Ushakiran Eye Hospital: extracted
[local-ai] Surya Multispeciality Hospitals Pvt. Ltd.: extracted
[local-ai] Sanghavi Eye and Diabetes Care Center: extracted
[local-ai] Arihant Eye Care Centre, Borivali: extracted
[local-ai] Aabu Tayshete Memorial Hospital: extracted
[local-ai] Sukam Hospital: extracted
[local-ai] Thakare Bal Rugnalya Hospital: extracted
[local-ai] Latur Cancer and Lacoscopy Centre: extracted
[checkpoint] saved 5364 records
[local-ai] Suyash Hospital, Dhule: extracted
[local-ai] Dr.Kumthekar's Eye Hospital: extracted
[local-ai] Atul - Lok Hospital: extracted
[local-ai] Aai Maternity Hospital and Nursing Home: extracted
[local-ai] K. K. Hospital - Pune: extracted
[local-ai] Dr Pendharkar Hospital [Satara]: extracted
[local-ai] Zenith Hospital, Malad West: extracted
[local-ai] Walvekar Hospital: extracted
[local-ai] Lions Club Of East Bombay: extracted
[local-ai] The Vasai Blind Relief Association Eye and General: extracted
[local-ai] Dhokey Hospital: extracted
[local-ai] Ace Hospital: extracted
[local-ai] Janugade Hospital: extracted
[local-ai] Vidya Vikas Hospital: extracted
[local-ai] Shri Saileela Accident Hospital: extracted
[local-ai] Navkar Child Care Centre and Nursing Home: extracted
[local-ai] Dhulabapu Kokare Memorial Hospital: extracted
[local-ai] Kothalkar Ent, Maternity and Surgical Nursing Home: extracted
[local-ai] Umrani Hospital and ICU Centre: extracted
[local-ai] Gillurkar Multispeciality Hospital: extracted
[local-ai] Dr. Nandini Athavale's Hospital For Children: extracted
[local-ai] Dr.Amar Kulkarni: extracted
[local-ai] Sri Ram Hospital: extracted
[local-ai] Sanjivani Hospital: extracted
[local-ai] Dr. Kurhade Hospital: extracted
[checkpoint] saved 5389 records
[local-ai] Karandikar Hospital and Research Centre: extracted
[local-ai] Jeewan Jyot Multispeciality Medical Care Center: extracted
[local-ai] Sanjeevani Hospital: extracted
[local-ai] Shivam Eye Care Center: extracted
[local-ai] Social Service League Kalyan's Charitable Eye and General Hospital: extracted
[local-ai] Firke Accident Hospital: extracted
[local-ai] Suretech Hospital and Research Centre: extracted
[local-ai] Ekveera Hospital: extracted
[local-ai] Apple Saraswati Multispeciality Hospital: extracted
[local-ai] Tuljai Hosital: extracted
[local-ai] Ganpati Hospital: extracted
[local-ai] Saraswati Hospital(Kandivali): extracted
[local-ai] Navjeewan Hospital: extracted
[local-ai] Shreyash Hospital, Satara: extracted
[local-ai] Meher Nursing and Maternity Home: extracted
[local-ai] Sai Aashirwad Hospital Iccu and Polyclinic: extracted
[local-ai] Panchsheel Maternity Home: extracted
[local-ai] Aparna Hospital: extracted
[local-ai] Jay Hospital: extracted
[local-ai] Arpan Hospital: extracted
[local-ai] Devganga Hospital: extracted
[local-ai] Gulve Hospital: extracted
[local-ai] KRYPTON Heritage Health Care: extracted
[local-ai] Navjeevan Hospital: extracted
[local-ai] International Institute Of Sleep Sciences: extracted
[checkpoint] saved 5414 records
[local-ai] Pooja Hospital: extracted
[local-ai] Worli Hospital For Women: extracted
[local-ai] Mudhale Nursing Home and Kolhapur Endoscopy Centre: extracted
[local-ai] Dr. Mainkar Hospital: extracted
[local-ai] Dr. Tilwe Maternity and Nursing Home: extracted
[local-ai] Dr Gupte Lying-In Surgical Hospital: extracted
[local-ai] Dr Manohar Dole General Hospital: extracted
[local-ai] Chandra Hospital: extracted
[local-ai] Chaitanya Seva Hospital: extracted
[local-ai] Nobel Hospital: extracted
[local-ai] Bilal Hospital I.C.U: extracted
[local-ai] Mandade Maternity Hospital: extracted
[local-ai] Tajkrupa Hospital: extracted
[local-ai] Dalvi Hospital: extracted
[local-ai] Dr.Apte Maternity and Nursing Home: extracted
[local-ai] Shakuntala Memorial Surgical Childerns and General Hospital: extracted
[local-ai] Vaibhavi Hospital: extracted
[local-ai] Om Critical Care and Trauma Centre: extracted
[local-ai] Soniccha Accident Hospital: extracted
[local-ai] The Kalyan Hospital and Iccu: extracted
[local-ai] Sai Sparsh Hospital and Iccu: extracted
[local-ai] K B Haji Bachooali Charitable Ophthalmic and E N T H: extracted
[local-ai] Pargaonkar Hospital: extracted
[local-ai] Tara Children Hospital: extracted
[local-ai] Ashwini Kidney and Dialysis Centre: extracted
[checkpoint] saved 5439 records
[local-ai] Ashirwad Hospitals: extracted
[local-ai] Burande Hospital: extracted
[local-ai] Fracture Care Hospital and Diagnostic Centre: extracted
[local-ai] Shushrusha Hospital: extracted
[local-ai] Sanjeevan Hospital: extracted
[local-ai] Ankur Hospital, Shivaji Nagar: extracted
[local-ai] Ashirwad Hospital: extracted
[local-ai] Siddhivinayak Medicentres Pvt. Ltd. Deore Hospital, Chalisgaon: extracted
[local-ai] Dr. V.M. Deo Memorial Hospital: extracted
[local-ai] Sangeeta Hospital: extracted
[local-ai] Saidham Hospital: extracted
[local-ai] Unique Hospital: extracted
[local-ai] Shree Shraddha Multispeciality Medical Centre: extracted
[local-ai] Sushrusha Orthopaedic and Spine Care Hospital: extracted
[local-ai] Bhosale Hospital: extracted
[local-ai] Jeevandhara Hospital: extracted
[local-ai] Gokhale Orthopaedic Centre: extracted
[local-ai] Sushrut Hospital: extracted
[local-ai] Shobhana Maternity and Surgical Home: extracted
[local-ai] Global Hospital & Research Institute: extracted
[local-ai] Dr Chauhans Sanjeevani Hospital: extracted
[local-ai] Sanjayot Netralaya: extracted
[local-ai] Gaikwad Hospital, Satara: extracted
[local-ai] Baheti Hospital: extracted
[local-ai] Kamal Hospital and Maternity Home: extracted
[checkpoint] saved 5464 records
[local-ai] Dr. Joshi Surgical and Maternity Hospital: extracted
[local-ai] Dr. Anup D Souza Orthopaedic Surgeon: extracted
[local-ai] Dr Ajit Upase Hospital: extracted
[local-ai] Kumars Maternity and Surgical Nursing Home: extracted
[local-ai] Chintamani Hospital and Urology Center: extracted
[local-ai] Ami Drashti Eye Care Centre: extracted
[local-ai] Satyam Multispeciality Hospital and Trauma Centre: extracted
[local-ai] Shri Balvantrao Birnale Memorial Hospital: extracted
[local-ai] Rawat Accident Hospital: extracted
[local-ai] Deshmukh General Hospital: extracted
[local-ai] Lokmanya Hospital, Pune: extracted
[local-ai] Niramaya Cancer Hospital: extracted
[local-ai] Sai Sneh Hospital and Diagnostic Centre Pvt Ltd: extracted
[local-ai] Bhagawati Netralaya: extracted
[local-ai] Wachche Hospital, Solapur: extracted
[local-ai] Patki Hospital: extracted
[local-ai] Sanjivni Hospital, Thane: extracted
[local-ai] Tungenwar Orthopaedic and Maternity Hospital: extracted
[local-ai] Shinde Hospital, Malshiras: extracted
[local-ai] Shushila Hospital Latur: extracted
[local-ai] Jalna Mission Hospital - Jalna: extracted
[local-ai] G.T. Memorial Hospital and Icu: extracted
[local-ai] Dr Khade Hospital: extracted
[local-ai] Ankur Children's Hospital: extracted
[local-ai] Shushrusha Ortho and Spine Care Hospital: extracted
[checkpoint] saved 5489 records
[local-ai] Parel Institute Of Orthopaedic Specialities: extracted
[local-ai] Shri Sai Cardiac Center (Unit Of Mahalaxmi Hrudayalaya) - Kolhapur: extracted
[local-ai] Narurkar Ent Hospital: extracted
[local-ai] Getwell Fracture and Accident Hospital: extracted
[local-ai] Jyoti Care and Research Foundation: extracted
[local-ai] Zilpelwar Orthopaedic and Rehabilitation Center: extracted
[local-ai] Vision Tec Advanced Eye Care Centre: extracted
[local-ai] Vaidya Eye Hospital: extracted
[local-ai] Sumitra Hospital: extracted
[local-ai] Elite Hospital - Mumbai - Borivali (W): extracted
[local-ai] Ishan Hospital: extracted
[local-ai] Barmade Hospital: extracted
[local-ai] Vairat Hospital: extracted
[local-ai] Niramay Medical Foundation and Research Centre Pvt. Ltd.: extracted
[local-ai] Arihant Surgical and Maternity Hospital: extracted
[local-ai] Prayas Hospital: extracted
[local-ai] Sushama Patkar Maternity ( and Surgical) Home - Bandra: extracted
[local-ai] Dr Kadam Surgical Hospital: extracted
[local-ai] Platina Heart Hospital: extracted
[local-ai] Kabre Orthopedic, Spine and Dental Centre: extracted
[local-ai] Chavan hospital, Pune: extracted
[local-ai] Netra Sanjivani Dr Bokil Eye Hospital: extracted
[local-ai] Kushal Maternity and Sonography Centre: extracted
[local-ai] Joshi Hospital, Ahmednagar: extracted
[local-ai] Mandapeshwar Hospital and Clinics: extracted
[checkpoint] saved 5514 records
[local-ai] Sanjeevan Hospital, Satara: extracted
[local-ai] Maa Ganga Memorial Baheti Hospital: extracted
[local-ai] Shivaani Mother and Child Care Hospital: extracted
[local-ai] Purnima Hospital: extracted
[local-ai] Prabhat Hospital, Nagpur: extracted
[local-ai] Rahate Surgical Hospital: extracted
[local-ai] Diamond Maternity and General Hospital: extracted
[local-ai] Shree Prajakta Multispeciality Hospital: extracted
[local-ai] Shree Datta Shetkari Sahakari Sakhar Karkhana Ltd: extracted
[local-ai] Vinayak Maternity and General Hospital: extracted
[local-ai] Maniyar Childrens Hospital: extracted
[local-ai] Parulekar Maternity and Surgical Nursing Home - Mumbai: extracted
[local-ai] Dr. Trivedi's Maternity Nursing Home & Aakar IVF Test Tube Baby Centre: extracted
[local-ai] Padamawati Maternity and Nursing Home: extracted
[local-ai] Padam.Dr.D.Y.Patil Hospital and Research Centre: extracted
[local-ai] Apex Hospital: extracted
[local-ai] Ashtavinayak Maternity Surgical and Eye Hospital: extracted
[local-ai] Kullolli Hospital: extracted
[local-ai] Pramila Hospital: extracted
[local-ai] Bombay City Eye Institute and Research Centre: extracted
[local-ai] Medicare Hospital, Thane: extracted
[local-ai] Masai Medical Foundation, Shri Swami Samarath Hosp: extracted
[local-ai] Lohade Hospital: extracted
[local-ai] Palwe Hospital: extracted
[local-ai] Rajashree Hosptail: extracted
[checkpoint] saved 5539 records
[local-ai] Sreeprabha Othopaedic and Trauma Hospital / Shreeprabha Ortho and Accident Hospital: extracted
[local-ai] Kapale Hospital - Kolhapur: extracted
[local-ai] Shreeji Hospital, Nashik: extracted
[local-ai] Shraddha Hospital, Mumbai: extracted
[local-ai] Venkateswara Netralaya and Research Inst.: extracted
[local-ai] Asmi Arthroscopy and Sports Medicine Institute: extracted
[local-ai] Arya Womens Health Care Centre Surgical and Maternity Home: extracted
[local-ai] Chiranjeev Hospital, Nashik: extracted
[local-ai] Rukad Fracture Accident and Orthopaedic Hospital: extracted
[local-ai] Coal City Hospital: extracted
[local-ai] Somani Hospital and Shree Critical Care Centre: extracted
[local-ai] Lodha Hospital, Pune: extracted
[local-ai] Anand Hospital, Chakan: extracted
[local-ai] Gune Hospital: extracted
[local-ai] Beramjis Hospital: extracted
[local-ai] Dr Sonagra Medical and Surgical Centre: extracted
[local-ai] Wadekar Hospital, Nanded: extracted
[local-ai] Sanap Hospital: extracted
[local-ai] Bhandari Hospital, Solapur: extracted
[local-ai] G S B S Medical Trust: extracted
[local-ai] Kopardes Hospital: extracted
[local-ai] Raghunathrao Nimbalkar Memorial Hospital: extracted
[local-ai] Gupte Maternity and Surgical Home: extracted
[local-ai] Adarsh Hospital, Pune: extracted
[local-ai] Kalyan Metro Multi Speciality Hospital Pvt. Ltd: extracted
[checkpoint] saved 5564 records
[local-ai] Shri Uttam Hospital: extracted
[local-ai] Ameya Orthopaedic Centre: extracted
[local-ai] Pawar Surgical Hospital: extracted
[local-ai] Jeevan ram Hospital: extracted
[local-ai] Bhandare Maternity and Accident Hospital: extracted
[local-ai] Vivek Pathology Laboratory: extracted
[local-ai] Clear Vision Eye Center: extracted
[local-ai] Shree Swami Samartha Netralaya: extracted
[local-ai] Sanjivani Accident Hospital: extracted
[local-ai] Mohanlal Jivandas Hospital managed by Krishnai Hospital: extracted
[local-ai] Sukhmani Hospital: extracted
[local-ai] Yamuna Surgicals: extracted
[local-ai] Jay Polyclinic Maternity Surgical Nursing Home and Eye Hospital: extracted
[local-ai] Siddhivinayak Hospital: extracted
[local-ai] Shraddha Hospital: extracted
[local-ai] Krishnamai Medical and Research Foundtions - Nikop Hospital: extracted
[local-ai] Dr Gadgil Eye Clinic and Lasik Laser Centre: extracted
[local-ai] Sumitraraj Hospital: extracted
[local-ai] Life Line Hospital and Icu: extracted
[local-ai] Sudha Multispeciality Hospital and Critical Care Centre: extracted
[local-ai] Saurabh Clinic Dr.Sanjanwalas Maternity and Gynacologist: extracted
[local-ai] Navare Hospital: extracted
[local-ai] Shree Ramjiwan Choudhary Memorial Hospital and Research Centre: extracted
[local-ai] Omkar Orthopaedic Hospital: extracted
[local-ai] Neoplus Criticare Children Hospital: extracted
[checkpoint] saved 5589 records
[local-ai] Harsha Childrens Hospital and Maternity Home: extracted
[local-ai] Netra Eye Hospital: extracted
[local-ai] Medicover Hospital: extracted
[local-ai] Chintamani Eye Hospital: extracted
[local-ai] Ashwini Hospital, Kolhapur: extracted
[local-ai] Bhaskar Ent Hospital: extracted
[local-ai] Dattatreya Nursing Home: extracted
[local-ai] Orbit Super Speciality Hospital: extracted
[local-ai] Shedge Hospital: extracted
[local-ai] Shripal Hospital: extracted
[local-ai] Shriniwas Hospital: extracted
[local-ai] Eye Essential Hospital: extracted
[local-ai] Marathawada Bal Rugnalya: extracted
[local-ai] Despande Nursing Home: extracted
[local-ai] Patne Hospital and Maternity Home: extracted
[local-ai] Deep Hospital: extracted
[local-ai] Shanti Maternity Clinic: extracted
[local-ai] Abhiwadan Hospital: extracted
[local-ai] Siddhivinayak Hospital: extracted
[local-ai] Gokul Maternity & Surgical Home: extracted
[local-ai] Satalkar Hospital: extracted
[local-ai] Sushrut Hospital: extracted
[local-ai] Dr Lads Navjeevan Hospital Pvt Ltd: extracted
[local-ai] Om Sai Children's Hospital and Paediatric Pulmonology& flexible bronchoscopy Clinic: extracted
[local-ai] Phadatare Hospital: extracted
[checkpoint] saved 5614 records
[local-ai] Doctor M.I. Doongerwala: extracted
[local-ai] Shri Swami Samarth Hospital, Ahmednagar: extracted
[local-ai] Gosavi Hospital: extracted
[local-ai] Jamthe Hospital: extracted
[local-ai] Paramount Medical Services Pvt Ltd: extracted
[local-ai] Dr. Gaikar Hospital: extracted
[local-ai] Thorat Hospital: extracted
[local-ai] Dr Thakurs Ent Hospital: extracted
[local-ai] Sai Kripa Childrens Hospital: extracted
[local-ai] Dhanwantari Hospital: extracted
[local-ai] Piyush Hospital: extracted
[local-ai] Dr. Sudha Deshmukh Hospital: extracted
[local-ai] Desai Hospital: extracted
[local-ai] Gangotri Hospital, Kolhapur: extracted
[local-ai] Pungliya Hospital: extracted
[local-ai] Vyws Dental College and Hospital: extracted
[local-ai] Shri Nrusinha Hospital: extracted
[local-ai] Shraddha Hospital: extracted
[local-ai] Late Shrimati Rakhumabai Marathe Hospital: extracted
[local-ai] Gade Hospital: extracted
[local-ai] Indu Maternity and Surgical Nursing Home: extracted
[local-ai] B.J.Medical College and Sassoon Hospital: extracted
[local-ai] Balaji Accident Hospital: extracted
[local-ai] Golden Park Hospital: extracted
[local-ai] Shree Parvati Hospital: extracted
[checkpoint] saved 5639 records
[local-ai] Varma Ortho - Surgical Centre: extracted
[local-ai] Manawata Hospital and Smt Nalinighag Maternity: extracted
[local-ai] Spectrum Health Care: extracted
[local-ai] Ram Krishna Hospital: extracted
[local-ai] Ashwini Hospital: extracted
[local-ai] Horizon Hospital: extracted
[local-ai] Swastik Maternity and Surgical Hospital: extracted
[local-ai] Ganga Hospital: extracted
[local-ai] Shah Hospital Maternity Home and Urology Clinic: extracted
[local-ai] Karne Hospital Pvt Ltd: extracted
[local-ai] Kalamkar Multi Speciality Hospital and Research Institute Pvt Ltd: extracted
[local-ai] Bses Mg Hospital (Managed By)Brahma Kumari Global Hospital and Res Center: extracted
[local-ai] Sanjeevan Hospital, Raigarh: extracted
[local-ai] Sai Jyot Hospital: extracted
[local-ai] Sampada Hospital: extracted
[local-ai] Om Hospital, Vasai: extracted
[local-ai] Ankur Maternity and Surgical Nursing Home: extracted
[local-ai] Vibhute Hospital: extracted
[local-ai] Dr. Uppal's Ent Hospital, Thane: extracted
[local-ai] Divekar Hospital: extracted
[local-ai] Vimal Netralay, Vimal Lesar Centre: extracted
[local-ai] Dr. Sapatnekar Hospital I.C.C.U and Polyclinic: extracted
[local-ai] Dhanvantari Hospital, Satara: extracted
[local-ai] Mankikar Hospital For Children and Lab: extracted
[local-ai] Shree Swaminatayan Surgical Hospital and Laparoscopy Centre: extracted
[checkpoint] saved 5664 records
[local-ai] Maval Hospital: extracted
[local-ai] Geetanjali Hospital - Wai: extracted
[local-ai] Unique Childrens Hospital: extracted
[local-ai] Dr Ghatkar Hospital: extracted
[local-ai] Devangi Hospital: extracted
[local-ai] Sanjeevani Hospital, Kolhapur: extracted
[local-ai] Accident Fracture Orth and Surgical Hospital: extracted
[local-ai] Dr Satpute Hospital: extracted
[local-ai] Rughwani Child Care Centre and Hospital: extracted
[local-ai] Dr. Muddebihalkar Hospital and Iccu: extracted
[local-ai] Yash Hospital - V.K. Medical Foundation: extracted
[local-ai] Zantye Hospital and Maternity Home: extracted
[local-ai] Dandekar Hospital and Dyalysis Centre: extracted
[local-ai] Surya Hospital, Shikrapur: extracted
[local-ai] Nagori Clinic and Nursing Home: extracted
[local-ai] Dhavale Hospital: extracted
[local-ai] Nandini Eye Care Centre: extracted
[local-ai] Dharmadhikari Hospital: extracted
[local-ai] Dr Surve Maternity Surgical and General Hospital: extracted
[local-ai] Madhuram Eye Hospital: extracted
[local-ai] Dhananjay Hospital and Research Centre Koregaon: extracted
[local-ai] Chetana Hospital, Pune: extracted
[local-ai] Kulkarni Endo Surgery Institute and Reconstructive Urology Centre: extracted
[local-ai] Cumbala Hill Hospital and Heart Institute: extracted
[local-ai] Asha Hospital (Asha Institute Of Medical Sciences and Research Centre): extracted
[checkpoint] saved 5689 records
[local-ai] Ghodke Hospital: extracted
[local-ai] Suryaprabha Hospital[ Proctology Clinic and Research Center]: extracted
[local-ai] Senses Eye and Ent Hospital: extracted
[local-ai] Sampoorna Rege Hospital and Polyclinic: extracted
[local-ai] Eva Medicare Center - andheri: extracted
[local-ai] Spectacles and Contact Lens Clinic: extracted
[local-ai] Om Shree Swami Samarth Hospital: extracted
[local-ai] Sai Raj Hospital: extracted
[local-ai] Sai Baba Hospital, Mumbai: extracted
[local-ai] Anjan Surgical and Maternity Home: extracted
[local-ai] Kulkarni Hospital, Nandurbar: extracted
[local-ai] Vinnayak Hospital: extracted
[local-ai] Dr Makan Surgical Maternity and Accident Hospital: extracted
[local-ai] Torne Ent Hospital: extracted
[local-ai] Dr. Joshi Children's Hospital: extracted
[local-ai] Dr. Nakhwa Hospital Maternity Sugical Nursing Home: extracted
[local-ai] Naigaonkar Hospital: extracted
[local-ai] Mangal Moorti Hospital: extracted
[local-ai] Chirayu Childrens Critical Care Centre: extracted
[local-ai] Shivam Eye Care Centre: extracted
[local-ai] Dr. Wetal Hospital: extracted
[local-ai] Life Surgical and Materity Home: extracted
[local-ai] Siya Maternity and Surgical Home: extracted
[local-ai] Vedant Multispeciality Hospital and Research Centre: extracted
[local-ai] Mamta Nursing Home: extracted
[checkpoint] saved 5714 records
[local-ai] Parashree Speciality Hospital: extracted
[local-ai] Patel Hospital and Maternity Home: extracted
[local-ai] Vinayak Maternity and Nursing Home: extracted
[local-ai] Criticare Superspeciality Hospital: extracted
[local-ai] Shiv Ganga Hospital and Critical Care Centre: extracted
[local-ai] Insha Surgical Hospital: extracted
[local-ai] Accident Hospital: extracted
[local-ai] Shilotri Hospital: extracted
[local-ai] Global Multi Speciality Hospital, Pune: extracted
[local-ai] Bakul Parekh Children Hospital: extracted
[local-ai] Dhanvantari Hospital: extracted
[local-ai] Ashtvinayak Hospital: extracted
[local-ai] Anand Hospital and Nursing Home: extracted
[local-ai] Sarita Hospital: extracted
[local-ai] Jeevandeep Hospital: extracted
[local-ai] Dr Komawar Hospital: extracted
[local-ai] Shraddha Clinic and Hospital: extracted
[local-ai] Heramb Netralaya: extracted
[local-ai] Pradhan Eye Hospital: extracted
[local-ai] Sukhakarta Rugnalaya: extracted
[local-ai] शेवाळे रुग्णालय: extracted
[local-ai] Suryakanta Eye Hospital: extracted
[local-ai] Ameya Hospital: extracted
[local-ai] Ahura Maternity Hospital: extracted
[local-ai] Shreedhar Hospital: extracted
[checkpoint] saved 5739 records
[local-ai] Shah Hospital: extracted
[local-ai] Elite Maternity Home and Polyclinic: extracted
[local-ai] Dr. Parikhs Nursing Home and Iccu - Vashi: extracted
[local-ai] Life Line Hospital and Diagnostics Pvt Ltd: extracted
[local-ai] Sadhu-Kamal Eye Hospital: extracted
[local-ai] Dr. Oza's Hospital: extracted
[local-ai] Navjeewan Hospital: extracted
[local-ai] Bardia Hospital: extracted
[local-ai] Daycare Angels: extracted
[local-ai] Shivam Netram Eye Hospital: extracted
[local-ai] Ashasuman Hopital: extracted
[local-ai] Prathmesh Hospital: extracted
[local-ai] Nityanand Iccu and Nursing Home: extracted
[local-ai] Khandwala Eye Hospital and Polyclinic: extracted
[local-ai] Dr. Jairaj's Hospital: extracted
[local-ai] Parvatibai Chavan Charitable Trust: extracted
[local-ai] Planet Critical Care Centre: extracted
[local-ai] Viraj Institute For Minimal Acess Surgery and Reserch Center: extracted
[local-ai] Royal Health Care Pvt Ltd: extracted
[local-ai] Kelkar Hospital: extracted
[local-ai] Devkate Hospital: extracted
[local-ai] Chirantan Hospital: extracted
[local-ai] Life Care Iccu , Medical and Surgical Emergencies: extracted
[local-ai] Virwani Hospital: extracted
[local-ai] Poonam Manav Seva Kendra: extracted
[checkpoint] saved 5764 records
[local-ai] Satyam Hospital: extracted
[local-ai] Chirjeevan Hospital and Research Center: extracted
[local-ai] Ranjalkar Hospital: extracted
[local-ai] Dharamsi Hospital: extracted
[local-ai] Dr. Uddanwadikar Maternity and Eye Hospital: extracted
[local-ai] National Hospital: extracted
[local-ai] Karad Hospital: extracted
[local-ai] Ghadge Hospital: extracted
[local-ai] Ankur Children's Hospital: extracted
[local-ai] Rajpal Hospital and I.C.U.: extracted
[local-ai] Global 5 Health Care Centre: extracted
[local-ai] Navjivan Global Heart Centre: extracted
[local-ai] Vasudha Fracture and Backache Clinic and Dr V N Deshpande Head Injury Center: extracted
[local-ai] Gaurav Hospital: extracted
[local-ai] Nulife Hospital: extracted
[local-ai] Tushar Hospital: extracted
[local-ai] Zain Eye Care: extracted
[local-ai] Khidmat Charitable Hospital and Research Centre: extracted
[local-ai] Dr Mahapure Hospital: extracted
[local-ai] Pune City Eye Hospital: extracted
[local-ai] Talesara Hospital: extracted
[local-ai] Dwarkamani Multi Speciality Hospital: extracted
[local-ai] Sarla Hospital and Icu: extracted
[local-ai] Anmmol Orthovision: extracted
[local-ai] Hinduja Healthcare: extracted
[checkpoint] saved 5789 records
[local-ai] Borse Nursing Home: extracted
[local-ai] Saboo Hospital: extracted
[local-ai] Ambika Hospital: extracted
[local-ai] Shree Krupa Hospital, Pune: extracted
[local-ai] Aarogyam Advanced Surgical Centre: extracted
[local-ai] Deshmukh Accident Hospital: extracted
[local-ai] Diamond Hospital: extracted
[local-ai] Dr. Babres Hospital: extracted
[local-ai] Patoriya Eye Hospital: extracted
[local-ai] Noble Hospital, Mumbai: extracted
[local-ai] Bhamare Hospital - Malegaon-Camp: extracted
[local-ai] Yashonandan Hospital Maternity, Padiatric and Genera: extracted
[local-ai] Mhaishalkar Shinde Orthopaedic Postgraduate Research Center,Acciedent and Mulitispeciality Hospital: extracted
[local-ai] Takale Fracture Accident and Orthopaedic Hospital, Karad: extracted
[local-ai] Mehar Hospital and Iccu: extracted
[local-ai] Madhavbaug Ayurvedic Cardiac Rehabilitation Centre: extracted
[local-ai] Saraswati Hospital, Pune: extracted
[local-ai] Khanaware Hospital: extracted
[local-ai] Borawake Hospital: extracted
[local-ai] Chaitanya Neuropsychiatry Hospital, Solapur: extracted
[local-ai] Ostwal Hospital: extracted
[local-ai] Shri Siddhivinayak Hospital and Criticare: extracted
[local-ai] Dr.Redkar's Maternity and Nursing Home: extracted
[local-ai] Aarogyam Hospital, Thane: extracted
[local-ai] Shri Siddheshwar Multispeciality Hospital: extracted
[checkpoint] saved 5814 records
[local-ai] Totey Eye Hospital: extracted
[local-ai] Vardan Maternity Hospital: extracted
[local-ai] Swasti Medical Foundation Chirayu Hospital: extracted
[local-ai] Diggikar Hospital: extracted
[local-ai] Niramaya Hospital, Solapur: extracted
[local-ai] Shree Samarth Mansopchar Hospital: extracted
[local-ai] Joshi Hospital Pvt Ltd: extracted
[local-ai] Icon Hospital, Thane: extracted
[local-ai] The Metropolitan Heart Institute and Research Centre: extracted
[local-ai] Magar Accident and Eye Hospital.: extracted
[local-ai] Vishwa Kripa Hospital: extracted
[local-ai] Chiranjeev Bal Rugnalay Dr. Subhash Joshi Beed: extracted
[local-ai] Deodhar Eye Hospital: extracted
[local-ai] Sunny Childrens Hospital: extracted
[local-ai] Om Hospital, Bavdhan: extracted
[local-ai] Siraj Memorial Hospital and Diagnostic Center: extracted
[local-ai] Bhatkar Hospital - Dapoli-Ratnagiri: extracted
[local-ai] Akshayjyot Eye Hospital: extracted
[local-ai] Vyawahare Netralaya - Amravati: extracted
[local-ai] Dr Deshmukh Hospital: extracted
[local-ai] Aziza Memorial Hospital and Research Centre: extracted
[local-ai] Dr.Vetal Hospital: extracted
[local-ai] Kadam Hospital: extracted
[local-ai] Rg Stone Urology and Laparoscopy Hospital, Mumbai: extracted
[local-ai] Dr.Pai Dhungat Maternity and Nursing Home: extracted
[checkpoint] saved 5839 records
[local-ai] Sanjivan Multispeciality Hospital: extracted
[local-ai] Criticare Hospital For Children: extracted
[local-ai] Sai Dham Hospital: extracted
[local-ai] Sparsh Clinics: extracted
[local-ai] Safalya Fertility, Endoscopy and Intensive Medical Care Centre- Ichalkaranji: extracted
[local-ai] Ashwini Accident Multi Speciality Hospital: extracted
[local-ai] Dr A K Chandiramani Hospital: extracted
[local-ai] Parmar Hospital: extracted
[local-ai] Patil Hospital [Karad]: extracted
[local-ai] Nashikroad Multispeciality Hospital: extracted
[local-ai] Param Hospital and Icu: extracted
[local-ai] Om Children Maternity and Surgical Nursing Home: extracted
[local-ai] Western India Institute Of Neuro Sciences - Kolhapur: extracted
[local-ai] Tawshikar Hospital: extracted
[local-ai] Anantwar Eye Hospital: extracted
[local-ai] Koshti Maternity and Surgical Hospital: extracted
[local-ai] Anjali Maternity and Surgical Hospital - Mulund: extracted
[local-ai] Akanksha Maternity and Surgical Hospital: extracted
[local-ai] Sushrut Hospital, Indapur: extracted
[local-ai] Godbole Hospital: extracted
[local-ai] Kelavkar Medical Centre and Critical Care Unit: extracted
[local-ai] Vijan Cardiac and Criticare Centre: extracted
[local-ai] Shree Krupa Hospital, Thane: extracted
[local-ai] Lilawati Accident Hospital: extracted
[local-ai] Sai Krupa Hospital, Yavatmal: extracted
[checkpoint] saved 5864 records
[local-ai] Sanjeevani Hospital: extracted
[local-ai] Om General Hospital and Maternity Home: extracted
[local-ai] Lotus Multispeciality Hospital and Icu: extracted
[local-ai] Patwardhan Hospital: extracted
[local-ai] Kataria Hospital: extracted
[local-ai] Ankur Maternity and Eye Hospital: extracted
[local-ai] Ashwini Hospital, Pune: extracted
[local-ai] Smt. Kamladevi Gauridutt Mittal Ayurvedic Hospital: extracted
[local-ai] Panchavati Hospital and Research Centre: extracted
[local-ai] Maauli Hospital: extracted
[local-ai] Dr. Katkar Hospital: extracted
[local-ai] Sevadham Hopital: extracted
[local-ai] Moholkar Accident Hospital: extracted
[local-ai] Sinare Hospital: extracted
[local-ai] Dr.Pawar Eye Hospital: extracted
[local-ai] New National Hospital: extracted
[local-ai] Dr Patil Hospital - ( Dahiwadi ): extracted
[local-ai] Shat Ayu Critical Care Polytrauma Centre and Multispeciality Hospital: extracted
[local-ai] National Institute Of Ophthalmology: extracted
[local-ai] Samyak Drishti Eye Centre: extracted
[local-ai] Jai Ambe Poly Clinic Nursing Home and Maternity Hospital: extracted
[local-ai] Suraj Eye Institute - Nagpur: extracted
[local-ai] Shree Prathamesh Hospital: extracted
[local-ai] Sarakshi Netralaya: extracted
[local-ai] Dhiraj Hospital: extracted
[checkpoint] saved 5889 records
[local-ai] Criti Care Iccu, Multispeciality and Trauma Centre: extracted
[local-ai] Kotkar Hospital: extracted
[local-ai] Meera Hospital - Ulhasnagar: extracted
[local-ai] Tanmay Helath Care: extracted
[local-ai] Paramount General Hospital and ICU: extracted
[local-ai] Bahubali Hospital: extracted
[local-ai] Apex Kidney Care Pvt. Ltd (Mira Road): extracted
[local-ai] Shree Mahaganpati Hospital: extracted
[local-ai] Nm Wadia Institute Of Cardiology: extracted
[local-ai] Shreyash Hospital, Solapur: extracted
[local-ai] Shreeji Kripa Surgical Center Icu and Nursing Home: extracted
[local-ai] Goyal Hospital, Jalna: extracted
[local-ai] Avanti Institute Of Cardiology: extracted
[local-ai] Tarde Hospital: extracted
[local-ai] Kalp-Deep Hospital: extracted
[local-ai] Kogrekar Hospital: extracted
[local-ai] Roop-Manik Maternity and Nursing Home: extracted
[local-ai] Dr. Karvekar Hospital and Fertility Clinic: extracted
[local-ai] Paramount General Hospital and ICCU: extracted
[local-ai] Gaikwad Hospital, Pune: extracted
[local-ai] Lotus Hospitaland Research Centre and Maternity Home: extracted
[local-ai] Sudeep Hospital: extracted
[local-ai] Daule Hospital: extracted
[local-ai] Sankalp Maternity Hospital, Nagpur: extracted
[local-ai] Shushrusha Hospital, Thane: extracted
[checkpoint] saved 5914 records
[local-ai] Saint Dnyaneshwar Hospital - Latur: extracted
[local-ai] Sankalp Eye Care Centre: extracted
[local-ai] Netra Mandir: extracted
[local-ai] Dr. Shindes Childrens Hospital and Nicu: extracted
[local-ai] Bhakti Hospital: extracted
[local-ai] Ganesh Hospital, Kolhapur: extracted
[local-ai] Pritam Hospital, Pune: extracted
[local-ai] Gade Hospital, Pune: extracted
[local-ai] Sane Guruji Arogya Kendra: extracted
[local-ai] Kolhapur Institute Of Orthopaedics and Trauma: extracted
[local-ai] Khanapurkar Maternity Hospital and Sonography: extracted
[local-ai] Sanjeevan Hospital: extracted
[local-ai] Varad Children Hospital: extracted
[local-ai] Gargi Hospital: extracted
[local-ai] Hambire Hospital: extracted
[local-ai] Curie Manavata Cancer Centre: extracted
[local-ai] The Wanless Hospital: extracted
[local-ai] Jeevanjyoti Hospital: extracted
[local-ai] SRV Hospitals - Dombivali (Formerly Mamata Hospital): extracted
[local-ai] Shree Balaji Hospital: extracted
[local-ai] Ingle Hospital: extracted
[local-ai] Shree Krishna Hospital: extracted
[local-ai] Gandhi Hospital: extracted
[local-ai] Lotus Hospital and Critical Care Centre: extracted
[local-ai] Om Medical Foundation and Research Centre, Tirupati: extracted
[checkpoint] saved 5939 records
[local-ai] Karwa Hospital: extracted
[local-ai] Amar Hospital: extracted
[local-ai] SRL Diagnostics Andheri (MIDC): extracted
[local-ai] Dr. Gupta E.N.T. Hospital: extracted
[local-ai] Shirke Netra Rugnalaya [Karad]: extracted
[local-ai] Laxmi Eye Institute: extracted
[local-ai] Narendra Hospital, Mumbai: extracted
[local-ai] Badade Hospital: extracted
[local-ai] Hardikar Hospital and Polyclinic: extracted
[local-ai] Yash Clinic Sakhare Hospital: extracted
[local-ai] Gurukrupa Hospital and Polyclinic: extracted
[local-ai] Hope Multispeciality Hospital and Research Centre: extracted
[local-ai] Chougule Hospital: extracted
[local-ai] City Hospital, Kolhapur: extracted
[local-ai] Bhandari Maternity and Nursing Home: extracted
[local-ai] Laxmi Clinic - Kandivli - (Mumbai): extracted
[local-ai] Mukerji Nursing Home and Research Centre: extracted
[local-ai] Jayashree Ent and Maternity Nursing Home: extracted
[local-ai] Rote Hospital: extracted
[local-ai] Pandya Surgical and Maternity Hospital: extracted
[local-ai] Ambade Eye Hospital: extracted
[local-ai] Shree Hospital (Karad): extracted
[local-ai] Samarth Hospital, Pune: extracted
[local-ai] Amai Charitable Trust Institute Of Urology: extracted
[local-ai] Dr Manchekar Hospital: extracted
[checkpoint] saved 5964 records
[local-ai] Z Y - Vision: extracted
[local-ai] Sai Prasad Maternity and Surgical Home: extracted
[local-ai] Yashshree Hospital: extracted
[local-ai] Life Line Medicare Hospital Pvt Ltd: extracted
[local-ai] Sanjeevani Hospital, Buldhana: extracted
[local-ai] Dr. Saroj Tamboli Memorial Hospital: extracted
[local-ai] Rajgire Hospital: extracted
[local-ai] Gurudeo Maternity and Orthopaedic Home: extracted
[local-ai] Samarth Orthopaedic Hospital: extracted
[local-ai] Jawarkar Hospital: extracted
[local-ai] Ishanni Urology Center: extracted
[local-ai] Lotus Hospital and Research Centre - Kolhapur: extracted
[local-ai] Sheetal Hospital, Jalgaon: extracted
[local-ai] Sanjeevan Hospital, Ratnagiri: extracted
[local-ai] Shreeyash Hospital, Pune: extracted
[local-ai] Shree Datta Hospital [Khatav]: extracted
[local-ai] Dr. Rane hospital maternity & surgical: extracted
[local-ai] Dr. Todkar Hospital: extracted
[local-ai] Life Line Hospital, Malkapur: extracted
[local-ai] Parshuram Hospital and Research Center: extracted
[local-ai] Khenat Hospital and Maternity Home: extracted
[local-ai] Yashoda Hospital and Maternity Home: extracted
[local-ai] Life Line Hospital, Buldhana: extracted
[local-ai] Gokul Hospital, Mumbai: extracted
[local-ai] OM Hospital: extracted
[checkpoint] saved 5989 records
[local-ai] Jugura Hospital - Thane: extracted
[local-ai] Sub District Hospital, Pandharpur: extracted
[local-ai] Lakshmi Hospital, Latur: extracted
[local-ai] Sai Sanjivani Criticare Hospital: extracted
[local-ai] Rural Hospital, Risod: extracted
[local-ai] Vishwa Institute Urology and Kidney Centre: extracted
[local-ai] Gangadhar Ogale Hospital: extracted
[local-ai] Drushti Eye Institute: extracted
[local-ai] Shatayu Surgical and General Hospital: extracted
[local-ai] Dr.Mahajan Hospital and Industrial Trauma Center: extracted
[local-ai] Matrumandir Hospital: extracted
[local-ai] Drishti Eye Clinic: extracted
[local-ai] Sankalp Chaudhari Maternity Hospital: extracted
[local-ai] Vishwanath Hospital, Mumbai: extracted
[local-ai] Manoj Clinic / Gore Hospital: extracted
[local-ai] Rajan Neonatal Care Unit: extracted
[local-ai] Shobha Maternity and Surgical Home: extracted
[local-ai] Sadanand Danait Hospital: extracted
[local-ai] Dr Ithape Hospital: extracted
[local-ai] Joshi Hospital, Jalna: extracted
[local-ai] Medicare I.Cu. Pandharpur: extracted
[local-ai] Om Hospital, Pune: extracted
[local-ai] Mauli Hospital and Maternity Home: extracted
[local-ai] Vyas Hospital, Gandhibagh: extracted
[local-ai] Sanjeevan Hospital, Jaysingpur: extracted
[checkpoint] saved 6014 records
[local-ai] Pharande Eye Hospital: extracted
[local-ai] Janak Hospital, Nashik: extracted
[local-ai] Vimal Maternity and General Hosp: extracted
[local-ai] Netrapuja Research Centre: extracted
[local-ai] Sapna Health Care Centre Pvt Ltd: extracted
[local-ai] Smt.Laxmiben Dhanji Devshi Health Centre: extracted
[local-ai] Deoghare Hospital: extracted
[local-ai] Cotton City Hospital and Critical Care Centre: extracted
[local-ai] Unhale Hospital: extracted
[local-ai] Jaya Urology Hospital: extracted
[local-ai] Shree Maternity and Nursing Home, Beed: extracted
[local-ai] Kai. Suresh Deshpande Memo.Orthopaedic Hospital: extracted
[local-ai] Dr Pawar Hospital: extracted
[local-ai] Naik Hospital, Jalgaon: extracted
[local-ai] Cg Eye Foundaton and Shree Ghatkopar Brahman Samaj: extracted
[local-ai] Vishwaniranjan Eye Hospital: extracted
[local-ai] Dr Birajdar Hospital: extracted
[local-ai] Gynaecworld: extracted
[local-ai] Dr.Ronak Prakash Bhandari: extracted
[local-ai] Wankhade Kidney Hospital: extracted
[local-ai] Sahajeevan General Hospital: extracted
[local-ai] Dr. Bade Hospital, Khed: extracted
[local-ai] Siddhi Vinayak Hospital, Nashik: extracted
[local-ai] Suprathet Hospital: extracted
[local-ai] Shriram Hospital, Satara: extracted
[checkpoint] saved 6039 records
[local-ai] Shree krishna Hospital: extracted
[local-ai] Samruddhi Hospital: extracted
[local-ai] Dr Shah Hospital: extracted
[local-ai] Shri Mauli Homeopathic Hospital And Research Center , Jalgaon: extracted
[local-ai] Thakar Hospital: extracted
[local-ai] Saideep Fracture and Accident Hospital: extracted
[local-ai] Maher Hospital, Jalgaon: extracted
[local-ai] Yogeshwari Hospital and I C U: extracted
[local-ai] Dhanvantary Hospital: extracted
[local-ai] Ashwini Hospital , Satara: extracted
[local-ai] Millennium Life Line Hospital and Research Centre: extracted
[local-ai] Sai Urology Hospital: extracted
[local-ai] Sanjeevan Hospital, Dhule: extracted
[local-ai] Rutuswapn Aarogya Pratisthan / Netradham: extracted
[local-ai] Shree Nursing and Maternity Home: extracted
[local-ai] Nisargopchar Gramsudhar Trust: extracted
[local-ai] Shraddha General Hospital and Icu and Stone Centre: extracted
[local-ai] Chirayu Hospital: extracted
[local-ai] Pooja Hospital, Thane: extracted
[local-ai] Dwarka Hospital: extracted
[local-ai] Anuradha Back Pain and Endoscopic Spinal Surgery Centre: extracted
[local-ai] Shri Ganapati Hospital and Netralaya-Pandharpur: extracted
[local-ai] Burute Hospital: extracted
[local-ai] Ashwini Accident Hospital and Poly Clinic: extracted
[local-ai] Ram Krishna Hospital, Pune: extracted
[checkpoint] saved 6064 records
[local-ai] Dr.Prabhakar Patwardhan Smruti Rugnalaya: extracted
[local-ai] Shatayu Hospital: extracted
[local-ai] Central Hospital and Critical Care Centre - Gondia: extracted
[local-ai] Bule Hospital: extracted
[local-ai] Ashish Maternity and Nursing Home - Vile Parle (E): extracted
[local-ai] Om Swaroop Hospital: extracted
[local-ai] Samarth Orthopedic and Accident Hospital: extracted
[local-ai] Tandon Hospital: extracted
[local-ai] Tanmay Health Care: extracted
[local-ai] Kety Medicare Centre: extracted
[local-ai] Radiance Laser Vision Centre: extracted
[local-ai] Maher Hospital and Ent Hospital: extracted
[local-ai] Joshi Eye Hospital: extracted
[local-ai] Vinayak Hospital, Warje: extracted
[local-ai] Kardile Hospital: extracted
[local-ai] Sanjeevan Maternity and Surgical Hospital: extracted
[local-ai] Krims Apollo Hospital: extracted
[local-ai] Om Hospital: extracted
[local-ai] Om Orthopedic Hospital: extracted
[local-ai] Serene Hospital Pvt Ltd: extracted
[local-ai] Pushpak Hospital, Nashik: extracted
[local-ai] Dr Gajare Hospital: extracted
[local-ai] Siddhagiri Hospital: extracted
[local-ai] Damani Maternity and Surgical Hospital,Jalgaon: extracted
[local-ai] Chotubhai Desai Hospital: extracted
[checkpoint] saved 6089 records
[local-ai] Gujarathi Hospital: extracted
[local-ai] Gite Hospital: extracted
[local-ai] Vision Laser Surgery Centre: extracted
[local-ai] Kusumanjali Hospital: extracted
[local-ai] Rural Hospital: extracted
[local-ai] Kelkar Hospital, Jalgaon: extracted
[local-ai] Shree Hospital Maternity and Surgical: extracted
[local-ai] Shree Surgical Hospital: extracted
[local-ai] Orhtocare Hospital: extracted
[local-ai] Shanti Hospital, Solapur: extracted
[local-ai] Gananam Surgical and Maternity Home: extracted
[local-ai] The Bombay Mothers and Children Welfare Society: extracted
[local-ai] Ashtvinayak Hospital: extracted
[local-ai] Katkar Maternity And Surgical Hospital, Ichalkaranji: extracted
[local-ai] Shree Maternity Home: extracted
[local-ai] Dr Sanjay Soni Dental Clinic: extracted
[local-ai] Mangala Nursing Home and Cancer Hospital: extracted
[local-ai] Parijat Surgical and General Hospital: extracted
[local-ai] Maher Maternity Home , Kolhapur: extracted
[local-ai] Keswani Fracture And Accident Hospital: extracted
[local-ai] Matru Sewa Sangh: extracted
[local-ai] Sudha Maternity Home: extracted
[local-ai] Crystal Hospitals: extracted
[local-ai] Shree Sai Hospital and Cardio,Diabetes Center: extracted
[local-ai] Ek Omkar Healthcare Centre: extracted
[checkpoint] saved 6114 records
[local-ai] Mahila Hospital, Solapur: extracted
[local-ai] Shree Eye Hospital: extracted
[local-ai] Shree Ramnath Eye Care: extracted
[local-ai] Society Of The Helpers Of Mary Shraddha Vihar Hospital: extracted
[local-ai] Polaris Health Care: extracted
[local-ai] Deshpande Hospital: extracted
[local-ai] Sanjeevani Multi Speciality(Sms) Hospital: extracted
[local-ai] Vatshalya Maternity Hospital and Infertility Clinic: extracted
[local-ai] Vatshalya Maternity Hospital and Infertility Clinic: extracted
[local-ai] Veena Nagar Health Care Center and Hospital: extracted
[local-ai] Ghumre Hospital: extracted
[local-ai] Shri Mahvir Surgical Hospital: extracted
[local-ai] Shivshakti Hospital: extracted
[local-ai] Shiv Santosh Hospital, Solapur: extracted
[local-ai] Vishwesh Childrens Hospital: extracted
[local-ai] Shah Fracture-Orthopaedic Hospital: extracted
[local-ai] Pratibha Hospital: extracted
[local-ai] Sidhivinayak Hospital, Satara: extracted
[local-ai] Asha Orthopaedic Hospital: extracted
[local-ai] Dr. Simandhar's Eye Care Centre: extracted
[local-ai] Shushrusha Hospital, Nashik: extracted
[local-ai] Sai Krupa Drushti Eye Hospital: extracted
[local-ai] Namrata General Hospital and Materenity Home: extracted
[local-ai] Wafgaonkar Hospital: extracted
[local-ai] Kaveri Hospital: extracted
[checkpoint] saved 6139 records
[local-ai] Nachiketa Health Care Center: extracted
[local-ai] Pyramid Multispeciality Hospital ( Kulkarni Medical Foundation ): extracted
[local-ai] Shree Hospital: extracted
[local-ai] Sanghvi Clinic: extracted
[local-ai] Anudhiti Care: extracted
[local-ai] Amar Jyot Eye Care Centre: extracted
[local-ai] Ameya Netralaya (Eye Hospital): extracted
[local-ai] Chaitanya Hospital, Poona: extracted
[local-ai] Akola Endoscopy Centre: extracted
[local-ai] M.S.Maternity and General Hospital: extracted
[local-ai] Neo Care Centre: extracted
[local-ai] Jeevandeep Hospital and Critical Care Centre: extracted
[local-ai] Shreya Hospital, Beed: extracted
[local-ai] Shree Hospitals and Critical Care Centre: extracted
[local-ai] Aparna Hospital: extracted
[local-ai] Drishti Sagane Eye Hospital: extracted
[local-ai] Om Gagangiri Hospital: extracted
[local-ai] Abhishek Day Care Institute and Medical Research Centre: extracted
[local-ai] Leela Gulab Hospital: extracted
[local-ai] Marathe Child Care Hospital: extracted
[local-ai] Centre For Laproscopy Surgery: extracted
[local-ai] Uma Maternity Nursing Home: extracted
[local-ai] Vighnaharta Hospital: extracted
[local-ai] Gajanan Infertility Clinic and Vimal Maternity Home: extracted
[local-ai] Karna Hospital: extracted
[checkpoint] saved 6164 records
[local-ai] Narwade Hospital and Adv. Laparoscopy Centre: extracted
[local-ai] Dhanvantari Hospital: extracted
[local-ai] Micky Mouse Child Clinic and Hospital: extracted
[local-ai] Sai Hospital, Mumbai: extracted
[local-ai] Venkatesh Children Hospital: extracted
[local-ai] Sanjeevani Children's Hospital: extracted
[local-ai] Sneh Hospital, Kolhapur: extracted
[local-ai] Apex Kidney Care Pvt. Ltd.: extracted
[local-ai] Junankar Surgical Nursing Home: extracted
[local-ai] Child Hospital and Premature Care Centre / Niramay Bal Rugnalay: extracted
[local-ai] St. Ann's Hospital: extracted
[local-ai] Dr. Naim shaikh hospital: extracted
[local-ai] Shri Venkatadri Hospital: extracted
[local-ai] Jairam Hospitals and Research Centre Pvt Ltd: extracted
[local-ai] Pitrubal Hospital: extracted
[local-ai] Green City Multispeciality Hospital: extracted
[local-ai] Jeevandeep Children Hospital, Mumbai: extracted
[local-ai] Parees Hospital: extracted
[local-ai] Lokmanya Hospital, Kolhapur: extracted
[local-ai] Gare Hospital: extracted
[local-ai] Ninad Hospital and Nursing Home: extracted
[local-ai] Bhosale Hospital: extracted
[local-ai] Zen Eye Center: extracted
[local-ai] Aaditya Netralaya: extracted
[local-ai] Keshav Hospital, Nagpur: extracted
[checkpoint] saved 6189 records
[local-ai] Muskan Multispecialty Hospital: extracted
[local-ai] Shri Anghadatta Hospital: extracted
[local-ai] Dr Gokhales Janata Hospital: extracted
[local-ai] Shraddha Orthopedic and Surgical Hospital: extracted
[local-ai] Iris Eye Center: extracted
[local-ai] Sai Ram Hospital: extracted
[local-ai] Akruti Hospital: extracted
[local-ai] Udaygiri Multispeciality Hospital: extracted
[local-ai] Netra Jyot Laser and Phaco Surgery Centre: extracted
[local-ai] Surgical Gynaec and Maternity Hospital: extracted
[local-ai] Asha Maternity Children's Hospital: extracted
[local-ai] Dr.Kalamkar Hospital: extracted
[local-ai] Kawedia Hospital: extracted
[local-ai] Shama Clinic: extracted
[local-ai] Shree Tisai Hospital: extracted
[local-ai] Dr Shah's Eye and Laser Center: extracted
[local-ai] Ashtavinayak Hospital & Swami Samarth Health Clinic: extracted
[local-ai] Porwal Hospital: extracted
[local-ai] Aditya Orthopedic Hospital: extracted
[local-ai] Lifeline Hospital, Mumbai: extracted
[local-ai] Lifeline Hospital, Mumbai: extracted
[local-ai] Apex Kidney Care (Dialysisnetworks): extracted
[local-ai] Datta Kashi Hospital [Satara]: extracted
[local-ai] Kranti Cardiac Center: extracted
[local-ai] Chaitanya Hospital: extracted
[checkpoint] saved 6214 records
[local-ai] Ashirwad Hospital: extracted
[local-ai] Al-Falah Health Care: extracted
[local-ai] Prakruti Hospital: extracted
[local-ai] Sonkamal Orthopedic Hospital: extracted
[local-ai] Sai Shraddha Hospital: extracted
[local-ai] Lifeline General Hospital: extracted
[local-ai] Dr Phadkes Maternity and Surgical Hospital: extracted
[local-ai] Varad Medical Centre: extracted
[local-ai] Yashdeep Eye Hospital: extracted
[local-ai] Chirayu Children Care and Research Center: extracted
[local-ai] Sparsh Maternity and Surgical Hospital: extracted
[local-ai] Ashwini Hospital: extracted
[local-ai] Chintamani Eye and Dental Clinic: extracted
[local-ai] Dr Waghmares Life Line Hospital and Iccu: extracted
[local-ai] Shriram Dental Clinic, Dr Vinod Zawar: extracted
[local-ai] Icon The Eye Consultants Eye and Laser Centre: extracted
[local-ai] Vertex Hospital: extracted
[local-ai] Navjeevan Hospital - Amravati: extracted
[local-ai] Ramkrishna Hospital: extracted
[local-ai] Prem Clinic and Hospital: extracted
[local-ai] Om Shakti Chaya Hospital - Rsby: extracted
[local-ai] Trinity Childrens Hospital: extracted
[local-ai] Gore Eye Hospital: extracted
[local-ai] Ashirwad Hospital, Bhiwandi: extracted
[local-ai] Ashirwad Hospital, Ambernath: extracted
[checkpoint] saved 6239 records
[local-ai] Mauli Hospital, Mumbai: extracted
[local-ai] Hadi Children Hospital: extracted
[local-ai] AR Hospital Orthopaedic & ICU: extracted
[local-ai] Dr. Ramakant Patil Hospital: extracted
[local-ai] Dr Poal Orthopaedic Hospital: extracted
[local-ai] Dr Patil Hospital: extracted
[local-ai] Ambekar Hospital: extracted
[local-ai] Goel Hospital: extracted
[local-ai] Mother and Child Care Hospital: extracted
[local-ai] Sunflower Hospitals: extracted
[local-ai] Mhaskars Hospital, Thane: extracted
[local-ai] Modi Hospital - Thane: extracted
[local-ai] Manomay Hospital: extracted
[local-ai] Apex Hospital: extracted
[local-ai] Janaseva Hospital: extracted
[local-ai] Infiniti Eye Hospital: extracted
[local-ai] Core Hospital: extracted
[local-ai] Lifecare Hospital: extracted
[local-ai] Gandhi Hospital and Icu Centre: extracted
[local-ai] Yashwant Hospital: extracted
[local-ai] Saikrupa Hospital: extracted
[local-ai] Shri Saibaba Hospital: extracted
[local-ai] Saraswati Hospital, Jalgoan: extracted
[local-ai] Kamaladevi Maternity Hospital & Research Home: extracted
[local-ai] Swami Hospital Nasik: extracted
[checkpoint] saved 6264 records
[local-ai] Padghau Hospital: extracted
[local-ai] Tara Hospital: extracted
[local-ai] Kusum Maternity and Medicare: extracted
[local-ai] Dr. Dipak Desai's Ear Nose and Throat Hospital: extracted
[local-ai] Chaphekar Iccu Diabetes Hospital: extracted
[local-ai] Mangalmurti Hospital: extracted
[local-ai] Dashputra Hospital: extracted
[local-ai] Kute Memorial Medical Foundation and Research Centre: extracted
[local-ai] Prarushi Healthcare Pvt Ltd / Kusumesh Chandra Maternity Hospital: extracted
[local-ai] Langhe Hospital: extracted
[local-ai] Netra Sanjeevani Eye Center: extracted
[local-ai] Dr. Mehta's Maternity Home: extracted
[local-ai] Yeshwant Netralaya: extracted
[local-ai] Shree Venkateshwara Hospital: extracted
[local-ai] Parijat Hospital, Nashik: extracted
[local-ai] Karlekar Hospital: extracted
[local-ai] Muthe Hospital: extracted
[local-ai] Dr. Gujarathi Hospital: extracted
[local-ai] Prarthana Hospital And ICU: extracted
[local-ai] Vinay Jyoti Hospital: extracted
[local-ai] Harijivan Hospital: extracted
[local-ai] Shree Nagesh Childrens Hospital: extracted
[local-ai] Nityaseva Eye Hsopital and Eye Bank: extracted
[local-ai] Satara Hospital: extracted
[local-ai] Dugad Hospital Pvt Ltd: extracted
[checkpoint] saved 6289 records
[local-ai] Jyotimay Eye Hospital: extracted
[local-ai] Dhanvantari Hospital: extracted
[local-ai] Dawood Multispeciality Nursing Home: extracted
[local-ai] Tibbia Hospital: extracted
[local-ai] Noor Hospital: extracted
[local-ai] Mahajan Children Hospital: extracted
[local-ai] Max Hospital: extracted
[local-ai] Mangalmurti Hospital: extracted
[local-ai] Cure Max Multi_Speciality Hospital And Critical Care Centre: extracted
[local-ai] Sharma Hospital: extracted
[local-ai] Shriniwas Orthopaedic Nursing Home: extracted
[local-ai] Samarth Hospital: extracted
[local-ai] Dorlikar Orthopaedic bone Hospital: extracted
[local-ai] Faheem Qureshi Hospital: extracted
[local-ai] Dr. Alankar A Ramteke, Arthritis & Joint Replacement Clinic: extracted
[local-ai] Bodhankar Childrens Hospital: extracted
[local-ai] Agrawal Hospital: extracted
[local-ai] Mahananda Hospital: extracted
[local-ai] Sub District Hospital, Degloor: extracted
[local-ai] District Hospital,Beed: extracted
[local-ai] Sanap Hospital: extracted
[local-ai] Bhume Hospital: extracted
[local-ai] Torney Maternity And Laparoscopy Hospital: extracted
[local-ai] Indira Hospital: extracted
[local-ai] Mankar Hospital: extracted
[checkpoint] saved 6314 records
[local-ai] Agrawal Hospital: extracted
[local-ai] Patokar Hospital: extracted
[local-ai] Mawani Hospital: extracted
[local-ai] Vaduj Criticare Hospital: extracted
[local-ai] Kale Hospital,Vaduj: extracted
[local-ai] Inaam General Hospital: extracted
[local-ai] Charushila Accident Hospital And Trauma Care Centre: extracted
[local-ai] Aditya Eye Hospital & Lasik Centre: extracted
[local-ai] Datta Hospital: extracted
[local-ai] Sahyadri Super Speciality Hospital: extracted
[local-ai] Spandan Hospital: extracted
[local-ai] Rural Hospital, Vaduj: extracted
[local-ai] Rutu Anand Hospital: extracted
[local-ai] Freedom Fighter Gangaram Karne Hospital: extracted
[local-ai] Chatrapati Shivray Hospital Pune: extracted
[local-ai] Shree Hospital: extracted
[local-ai] Lifeline Hospital Thane: extracted
[local-ai] More Nursing Home: extracted
[local-ai] Sahyog Hospital: extracted
[local-ai] Neney's Hospital: extracted
[local-ai] Bhadkamkar Hospital: extracted
[local-ai] District Hospital, Satara: extracted
[local-ai] Adwait Nursing Home: extracted
[local-ai] Jeevansakshi Hospital: extracted
[local-ai] Rural Hospital, Panvel: extracted
[checkpoint] saved 6339 records
[local-ai] Kalina Hospital: extracted
[local-ai] SDH Manchar: extracted
[local-ai] Government Hospital Anjur: extracted
[local-ai] Rural Hospital, Kashele: extracted
[local-ai] Rural Hospital, Purna: extracted
[local-ai] KDMC Kolsewadi Municipal Hospital: extracted
[local-ai] Vishnupuri Gramin Hospital: extracted
[local-ai] Civil Hospital, Bhokar: extracted
[local-ai] Kasturba Hospital: extracted
[local-ai] S.D.H.Pathardi: extracted
[local-ai] ESIS Hospital WORLI: extracted
[local-ai] Pandurangawadi Health Post: extracted
[local-ai] Old Civil Hospital Ahmednagar: extracted
[local-ai] Rural Hospital, PALAM: extracted
[local-ai] District Hospital, Ahmednagar: extracted
[local-ai] Marol Maternity Home: extracted
[local-ai] Rural Hospital, Narayangaon: extracted
[local-ai] Matoshri Ramabai Ambedkar Maternity Hospital: extracted
[local-ai] Rural Hospital, Takli Dhokheshwar: extracted
[local-ai] Rural Hospital, Raimoha: extracted
[local-ai] Rural Hospital, Parner: extracted
[local-ai] Poddar Hospital: extracted
[local-ai] Women Hospital: extracted
[local-ai] M.W. Desai Municipal General Hospital: extracted
[local-ai] V N Shirodkar Hospital: extracted
[checkpoint] saved 6364 records
[local-ai] Rajiv Gandhi Medical College Thane: extracted
[local-ai] Rural Hospital, Umari: extracted
[local-ai] Rural Hospital, Mudkhed: extracted
[local-ai] Nair Hospital Dental College: extracted
[local-ai] NMMC MCH Airoli: extracted
[local-ai] Government Hospital Dimbhe: extracted
[local-ai] Rural Hospital, Chichondi Patil: extracted
[local-ai] Rural Hospital, Barad: extracted
[local-ai] बाळासाहेब देशपांडे रुग्णालय: extracted
[local-ai] Pahadi Health Post: extracted
[local-ai] NDMC Jangamwadi Government Hospital: extracted
[local-ai] Municipality Hospital, Mumbra: extracted
[local-ai] Rural Hospital, Umri: extracted
[local-ai] Government Hospital, Rampuri: extracted
[local-ai] Rural Hospital Junnar: extracted
[local-ai] Rural Hospital Godegaon: extracted
[local-ai] Government Hospital wadwani: extracted
[local-ai] Government Hospital, Manik Daundi: extracted
[local-ai] BMC Maternity Hospital: extracted
[local-ai] M.T. Agrawal Hospital: extracted
[local-ai] Government Hospital Deulgaon Gat: extracted
[local-ai] Rural Hospital, Talkhed: extracted
[local-ai] Sant Muktabai Hospital: extracted
[local-ai] L.T.Muncipal Medical College and Sion Hospital: extracted
[local-ai] Krantiveer Mahatma Jyotiba Phule Hospital, Vikhroli: extracted
[checkpoint] saved 6389 records
[local-ai] Government hospital ulhasnagar 4: extracted
[local-ai] Government Hospital Kawalgaon: extracted
[local-ai] NDMC Arabgalli Municipal Hospital: extracted
[local-ai] BYL Nair hospital: extracted
[local-ai] Dr Shankarrao Chavan Government Medical College and Hospital, Vazirabad: extracted
[local-ai] Government Hospital, Gheradi: extracted
[local-ai] Rural Hospital, Akkalkot: extracted
[local-ai] Rural Hospital, Undale: extracted
[local-ai] Government Hospital, Rampur: extracted
[local-ai] Rural Hospital, Sangameshwar: extracted
[local-ai] SDH, Kamathe: extracted
[local-ai] Rural Hospital, Gondawale Kh.: extracted
[local-ai] Rural Hospital, Karkamb: extracted
[local-ai] Ramwadi Hospital: extracted
[local-ai] Rural Hospital, Madgyal: extracted
[local-ai] Rural Hospital, Vita: extracted
[local-ai] Rural Hospital, Dhebewadi: extracted
[local-ai] Talavali Rural Hospital: extracted
[local-ai] Vita Government Hospital: extracted
[local-ai] Rural Hospital, Medha: extracted
[local-ai] SDH, Kalambani: extracted
[local-ai] Government Hospital, Shegaon: extracted
[local-ai] Government Hospital, Kondumare: extracted
[local-ai] Rural Hospital, Palus: extracted
[local-ai] Rural Hospital, Guhagar: extracted
[checkpoint] saved 6414 records
[local-ai] Rural Hospital, Sangola: extracted
[local-ai] Government Hospital, Fanasu: extracted
[local-ai] Rural Hospital, Wadala: extracted
[local-ai] Rural Hospital, Kadegaon: extracted
[local-ai] Shahu Hospital: extracted
[local-ai] SDH, Omerga: extracted
[local-ai] SDH, Dapoli: extracted
[local-ai] Umbarle Government Hospital: extracted
[local-ai] Rural Hospital, Chinchani: extracted
[local-ai] Rural Hospital, Mangalwedhe: extracted
[local-ai] Government Hospital, Furus: extracted
[local-ai] Government Hospital, Nagansur: extracted
[local-ai] Government Hospital, Jeur: extracted
[local-ai] Rural Hospital, Malshiras: extracted
[local-ai] Government Hospital, Kherade Wangi: extracted
[local-ai] Rural Hospital, Somardi: extracted
[local-ai] Sub-District Hospital Karad: extracted
[local-ai] Government Hospital, Rahimatpur: extracted
[local-ai] Rural Hospital, Murum: extracted
[local-ai] Government Hospital, Kandalgaon: extracted
[local-ai] Rural Hospital, Dahiwadi: extracted
[local-ai] Rural Hospital, Mandrup: extracted
[local-ai] Government Hospital, Mulaj: extracted
[local-ai] Rural Hospital, Patan: extracted
[local-ai] Government Hospital, Dudhani: extracted
[checkpoint] saved 6439 records
[local-ai] Government Hospital, Borgaon: extracted
[local-ai] Rural Hospital, Aundh: extracted
[local-ai] Government Hospital, Ropale: extracted
[local-ai] Rural Hospital, Nawanagar: extracted
[local-ai] Rural Hospital, Koregaon: extracted
[local-ai] Khed Municipality Hospital: extracted
[local-ai] Government Hospital, Hingangaon Bk: extracted
[local-ai] Rural Hospital, Kaledhon: extracted
[local-ai] Government Hospital, Piliv: extracted
[local-ai] Rural Hospital, Mohol: extracted
[local-ai] Rural Hospital, Poladpur: extracted
[local-ai] SDH Nilnga: extracted
[local-ai] PMC ARMED FORCE MEDICAL COLLEGE(AFMC): extracted
[local-ai] Rural Hospital, Babhalgaon: extracted
[local-ai] Rural Hospital, Kurduwadi: extracted
[local-ai] Rural Hospital, Ter: extracted
[local-ai] Government Hospital, Nitur: extracted
[local-ai] Jawaharlal Nehru Hospital, Barshi: extracted
[local-ai] Rural Hospital, Bhoom: extracted
[local-ai] Rural Hospital, Madha: extracted
[local-ai] Rural Hospital, Deoni: extracted
[local-ai] Rural Hospital, Ausa: extracted
[local-ai] Civil Hospital Osmanabad: extracted
[local-ai] Rural Hospital, Murud: extracted
[local-ai] Rural Hospital Murud: extracted
[checkpoint] saved 6464 records
[local-ai] Rural Hospital Velhe: extracted
[local-ai] Bharati Vidyapeeth Dental College and Hospital: extracted
[local-ai] Rural Hospital Jejuri: extracted
[local-ai] Government Medical College & Hospital: extracted
[local-ai] Government Hospital, Mhasala: extracted
[local-ai] Rural Hospital, Natepute: extracted
[local-ai] Rural Hospital, Supa: extracted
[local-ai] Arvind Ganpat Bartakke Dawakhana Atulnagar: extracted
[local-ai] Government Hospital, Nandvi: extracted
[local-ai] Government Hospital Devhare: extracted
[local-ai] Murlidhar Pandurang Laigude Hospital: extracted
[local-ai] Sub-District Hospital Phaltan: extracted
[local-ai] Government Hospital, Mendadi: extracted
[local-ai] Roha, Sub District Hospital: extracted
[local-ai] Rural Hospital Kasar Shirsi: extracted
[local-ai] Rural Hospital, Saswad: extracted
[local-ai] SDH Akluj: extracted
[local-ai] Government Hospital Ambulga Bk: extracted
[local-ai] Government Hospital, Lasurne: extracted
[local-ai] Rural Hospital, Pangari: extracted
[local-ai] Government Hospital, Niwali: extracted
[local-ai] Rural Hospital, Nimgaon Ketki: extracted
[local-ai] Government Hospital, Khamgaon: extracted
[local-ai] Government Hospital Aurad Sha: extracted
[local-ai] Rural Hospital, Mandanagad: extracted
[checkpoint] saved 6489 records
[local-ai] SDH Daund: extracted
[local-ai] Jawaharlal Nehru Hospital, Latur: extracted
[local-ai] District Women Hospital, Osmanabad: extracted
[local-ai] Government Hospital, Kurkumbh: extracted
[local-ai] Rural Hospital, Mahad: extracted
[local-ai] Rural Hospital, Barshi: extracted
[local-ai] Late Anandibai Narhar Gadgil Hospital: extracted
[local-ai] Shrivardhan, Sub District Hospital: extracted
[local-ai] Rural Hospital Khandala: extracted
[local-ai] Rural Hospital, Lohara: extracted
[local-ai] Rural Hospital, Rui: extracted
[local-ai] WH Latur: extracted
[local-ai] Sparsh Rural Hospital: extracted
[local-ai] Sir D. M. Petit Hospital: extracted
[local-ai] SDH Hadgaon: extracted
[local-ai] Rural Hospital Igatpuri: extracted
[local-ai] VVMC Sarvoday vasahat: extracted
[local-ai] Rural Hospital, Loni: extracted
[local-ai] Rural Hospital, Goveli: extracted
[local-ai] SDH Gokunda: extracted
[local-ai] Civil Hospital Jawla Bazar: extracted
[local-ai] Government Hospital Dhaba: extracted
[local-ai] Civil Hospital Hatta: extracted
[local-ai] Rural Hospital, Asti: extracted
[local-ai] Rural Hospital, Rahata: extracted
[checkpoint] saved 6514 records
[local-ai] Rural Hospital Gondpipari: extracted
[local-ai] Sub-District Hospital Georai: extracted
[local-ai] Government Hospital Hayatnagar: extracted
[local-ai] VVMC-UHP-Nallasopara(W): extracted
[local-ai] Rural Hospital, Partur: extracted
[local-ai] Government Hospital Balanagar: extracted
[local-ai] Rural Hospital, Ambadi Naka: extracted
[local-ai] Government Hospital, Mulchera: extracted
[local-ai] Rural Hospital, Rajur: extracted
[local-ai] Rural Health Training Centre & Hospital Palghar: extracted
[local-ai] Sub-District Hospital Gangapur: extracted
[local-ai] KDMC Central Railway Hospital: extracted
[local-ai] Government Hospital Dehare: extracted
[local-ai] SDH AHERI: extracted
[local-ai] Rural Hospital, Kotul: extracted
[local-ai] Civil Hospital, Adgaon: extracted
[local-ai] SDH selu: extracted
[local-ai] Rural Hospital, Samsherpur: extracted
[local-ai] Government Hospital, Paithan: extracted
[local-ai] Government Hospital, Rani Unchegaon: extracted
[local-ai] Rural Hospital, Sakur: extracted
[local-ai] Tamsa Government Hospital: extracted
[local-ai] VVMC Achole: extracted
[local-ai] Rural Hospital, Murbad: extracted
[local-ai] Civil Hospital Gondi: extracted
[checkpoint] saved 6539 records
[local-ai] Government Hospital, Bhamragarh: extracted
[local-ai] District Hospital Parbhani: extracted
[local-ai] Government Hospital Dhakephal: extracted
[local-ai] Rural Hospital Etapalli: extracted
[local-ai] Indira Gandhi Memorial Hospital, Bhiwandi: extracted
[local-ai] SDH Shahapur: extracted
[local-ai] Rural Hospital, Umarkhed: extracted
[local-ai] Rural Hospital, Mantha: extracted
[local-ai] Rural Hospital, Bori: extracted
[local-ai] Wada Rural Hospital: extracted
[local-ai] Civil Hospital Satona: extracted
[local-ai] Civil Hospital, Lohara Bk: extracted
[local-ai] Government Hospital, Kalamnuri: extracted
[local-ai] KDMC HOSP 1 Bai Rukhminibai Hospital (Kalyan): extracted
[local-ai] Rural Hospital, Bidkin: extracted
[local-ai] Viregaon Rural Hospital: extracted
[local-ai] Rural Hospital, Pathari: extracted
[local-ai] Rural Hospital HimayatNagar: extracted
[local-ai] Women Hospital Parbhani: extracted
[local-ai] UPHC Ranale Talao: extracted
[local-ai] Rural Hospital JINTUR: extracted
[local-ai] Tokawade Government Hospital: extracted
[local-ai] Rural Hospital, Shrirampur: extracted
[local-ai] Rural Hospital, Solankur: extracted
[local-ai] Seva hospital: extracted
[checkpoint] saved 6564 records
[local-ai] Isolation Government Hospital: extracted
[local-ai] SDH Shiroda: extracted
[local-ai] Thikpurli, Government Hospital: extracted
[local-ai] Rural Hospital, Panhala: extracted
[local-ai] Rural Hospital, Tasgaon: extracted
[local-ai] Rural Hospital, Lanja: extracted
[local-ai] Government Hospital, Peth: extracted
[local-ai] Rural Hospital Gargoti: extracted
[local-ai] Government Hospital, Nandre: extracted
[local-ai] Rural Hospital, Radhanagari: extracted
[local-ai] Rural Hospital, Pali: extracted
[local-ai] Rural Hospital, Rajapur: extracted
[local-ai] Rural Hospital, Nesari: extracted
[local-ai] Rural Hospital, Ajara: extracted
[local-ai] Rural Hospital, Kokrud: extracted
[local-ai] Rural Hospital Gaganbawada: extracted
[local-ai] Balwantrao Yadav Hospital, Peth Vadgaon: extracted
[local-ai] Rural Hospital Devrukh: extracted
[local-ai] Rural Hospital Jath: extracted
[local-ai] Rural Hospital, Shirala: extracted
[local-ai] Civil Hospital Chanderai: extracted
[local-ai] Rural Hospital, Khupire: extracted
[local-ai] Rural Hospital, Varavade: extracted
[local-ai] Government Hospital, Pawas: extracted
[local-ai] Rural Hospital, Pendurkatta: extracted
[checkpoint] saved 6589 records
[local-ai] Government Hospital, Miraj: extracted
[local-ai] Rural Hospital, Pargaon: extracted
[local-ai] SDH Sawantwadi: extracted
[local-ai] Raipatan Goverment Hospital: extracted
[local-ai] Rural Hospital, Murgud: extracted
[local-ai] Government Hospital, Oni: extracted
[local-ai] SDH KODOLI: extracted
[local-ai] SDH Gadhinglaj: extracted
[local-ai] Rural Hospital, Ashta: extracted
[local-ai] Firangai Hospital: extracted
[local-ai] General Hospital,Walwa: extracted
[local-ai] Sangalwadi Municipal Hospital: extracted
[local-ai] SDH Kavathemahankal: extracted
[local-ai] Rural Hospital Dodamarg: extracted
[local-ai] Rural Hospital, Devgad: extracted
[local-ai] Government Hospital, Kalasuli: extracted
[local-ai] SDH Kankavli: extracted
[local-ai] Civil Sub Hospital, Gandhinagar: extracted
[local-ai] Rural Hospital, Malkapur: extracted
[local-ai] Rural Hospital, Kudal: extracted
[local-ai] IGM Hospital, Ichalkaranji: extracted
[local-ai] Phanasgon Hospital: extracted
[local-ai] Rural Hospital, Chandgad: extracted
[local-ai] Rural Hospital KAGAL: extracted
[local-ai] Government Medical College And Hospital Miraj: extracted
[checkpoint] saved 6614 records
[local-ai] Rural Hospital Hatkanangale: extracted
[local-ai] Civil Hospital Shirol: extracted
[local-ai] Rural Hospital, Renapur: extracted
[local-ai] Rural Hospital, Shirur: extracted
[local-ai] Goverment Hospital Wanjarkheda Tanda: extracted
[local-ai] Rural Hospital, Nhavare: extracted
[local-ai] Government Hospital, Palwe Kh.: extracted
[local-ai] SDH Pen: extracted
[local-ai] PCMC-Yashwantrao Chavan Memorial Hospital: extracted
[local-ai] Takawe Rural hospital: extracted
[local-ai] Rural Hospital, Chakur: extracted
[local-ai] Government Hospital, Kharda: extracted
[local-ai] Rural Hospital, Chandoli: extracted
[local-ai] Rural Hospital, Sironcha: extracted
[local-ai] Rural Hospital, Kandhar: extracted
[local-ai] Rural Hospital, Chouk: extracted
[local-ai] Rural Hospital, Shikrapur: extracted
[local-ai] Rural Hospital, Ahmedpur: extracted
[local-ai] Civil hospital Chousala: extracted
[local-ai] Rural Hospital Kallam: extracted
[local-ai] Shirur Tajjband GH: extracted
[local-ai] Rural Hospital, Patoda: extracted
[local-ai] Sutika Seva Mandir: extracted
[local-ai] PCMC-Akurdi Hospital: extracted
[local-ai] SUB-District Hospital Parli: extracted
[checkpoint] saved 6639 records
[local-ai] Government Hospital, Pali: extracted
[local-ai] Rural Hospital, Alandi: extracted
[local-ai] Civil Hospital, Kada: extracted
[local-ai] SDH Mukhed: extracted
[local-ai] S.D.H. Karjat: extracted
[local-ai] Government Hospital Handarguli: extracted
[local-ai] Government Hospital Betmogra: extracted
[local-ai] PMC Sangamnerkar Hospital (N. G. O.): extracted
[local-ai] Sub-District Hospital Kaij: extracted
[local-ai] Chris Rock Edward Paul Hospital: extracted
[local-ai] Government Hospital Kingaon: extracted
[local-ai] Rural Hospital, Loha: extracted
[local-ai] General Hospital, Janabai Rokade: extracted
[local-ai] Rural Hospital, Ambajogai: extracted
[local-ai] Rural Hospital, Neknoor: extracted
[local-ai] Rural Hospital Dharur: extracted
[local-ai] Government Hospital, Rajegaon: extracted
[local-ai] Government Hospital Dharmabad: extracted
[local-ai] Rural Hospital Kale Colony: extracted
[local-ai] Government Hospital Chapoli: extracted
[local-ai] Rural Hospital, Biloli: extracted
[local-ai] Rural Hospital, Chakan: extracted
[local-ai] Government Hospital Jalkot: extracted
[local-ai] PCMC-Talera Hospital, Chinchwad: extracted
[local-ai] Rural Hospital, Ashti: extracted
[checkpoint] saved 6664 records
[local-ai] Sasoon Hospital: extracted
[local-ai] Rural Hospital, Naigaon: extracted
[local-ai] Rural Hospital Washi: extracted
[local-ai] Govt. Hospital, Rajura Bk.: extracted
[local-ai] SDH Karjat: extracted
[local-ai] Government Hospital, Naigaon: extracted
[local-ai] Government Hospital, Nighoj: extracted
[local-ai] Rural Hospital, Jamkhed: extracted
[local-ai] SDH-Gangakhed: extracted
[local-ai] PCMC-Bhosari Hospital: extracted
[local-ai] Rural Hospital, Navegaon Bandh: extracted
[local-ai] Rural Hospital, Seloo: extracted
[local-ai] Government Hospital Betawad Bk: extracted
[local-ai] District Women Hospital, Amravati: extracted
[local-ai] Government Hospital Dhamangaon: extracted
[local-ai] Sub-District Hospital, Malkapur: extracted
[local-ai] Rural Hospital, Pauni: extracted
[local-ai] Rural Hospital, Bodvad: extracted
[local-ai] SDH Jamner: extracted
[local-ai] Modi Hospital, Badnera: extracted
[local-ai] Tamswadi Government Hospital: extracted
[local-ai] Government hospital, Bhatkuli: extracted
[local-ai] Rural Hospital, Palandur: extracted
[local-ai] Government Hospital Hatrun: extracted
[local-ai] Government Hospital, Kurum: extracted
[checkpoint] saved 6689 records
[local-ai] Government Hospital, Garkhede Bk: extracted
[local-ai] SDH Shegaon: extracted
[local-ai] Rural Hospital, Chichgad: extracted
[local-ai] Rural Hospital, Pimpanlner: extracted
[local-ai] Rural Hospital Erondol: extracted
[local-ai] Daryapur SDH: extracted
[local-ai] Government Hospital, Ner: extracted
[local-ai] Dhule Mahanagarpalika Dawakhana: extracted
[local-ai] Rural Hospital, Parola: extracted
[local-ai] Hospital, Parad: extracted
[local-ai] Rural Hospital, Bhiwapur: extracted
[local-ai] Rural Hospital, Umred: extracted
[local-ai] SDH Malkapur: extracted
[local-ai] Rural Hospital, Chandur Railway: extracted
[local-ai] District Hospital, Dhule: extracted
[local-ai] Civil Hospital Amalner: extracted
[local-ai] Chatrapati Shahu Maharaj Hospital: extracted
[local-ai] Sub District Hospital: extracted
[local-ai] Tembha Rural Hospital: extracted
[local-ai] Civil Hospital, Kanalde: extracted
[local-ai] Government Hospital, Hiwarkhed: extracted
[local-ai] Rural Hospital, Sakri: extracted
[local-ai] Salebhata Government Hospital: extracted
[local-ai] Sub-District Hospital Arvi: extracted
[local-ai] Rural Hospital Hingana: extracted
[checkpoint] saved 6714 records
[local-ai] Rural Hospital Dharangaon: extracted
[local-ai] Rural Hospital Tivsa: extracted
[local-ai] Khadaka Road Munciple Sub-Hospital: extracted
[local-ai] Indira Gandhi Government Medical College and Hospital: extracted
[local-ai] Rural Hospital, Jalgaon Jamod: extracted
[local-ai] Government Hospital, Nagaon: extracted
[local-ai] Super speciality Hospital: extracted
[local-ai] Chetandas Mehta Muncipal Hospital: extracted
[local-ai] Goverment Hospital Deori: extracted
[local-ai] Mahavir Jain Hospital: extracted
[local-ai] Rural Hospital, Warwat Bakal: extracted
[local-ai] Rural Hospital, Telhara: extracted
[local-ai] Government Hospital Pohara: extracted
[local-ai] Rural Hospital, Lakhani: extracted
[local-ai] Rural Hospital, Soundad: extracted
[local-ai] Rural Hospital Varangaon: extracted
[local-ai] Rural Hospital, Kuhi: extracted
[local-ai] Rural Hospital, Sadak Arjuni: extracted
[local-ai] Rural Hospital, Amalner: extracted
[local-ai] Rural Hospital, Amalgaon: extracted
[local-ai] R.H. Agrawal Accident Hospital: extracted
[local-ai] Isolation Hospital Imamwada, Nagpur: extracted
[local-ai] Rural Hospital, Songir: extracted
[local-ai] SDH Muktainagar: extracted
[local-ai] Datta Meghe Hospital: extracted
[checkpoint] saved 6739 records
[local-ai] Rural Hospital, Satana: extracted
[local-ai] Rural Hospital, Dabhadi: extracted
[local-ai] Rural Hospital, Motala: extracted
[local-ai] Government Hospital, Pimparkhede: extracted
[local-ai] Rural Hospital, Mehunbare: extracted
[local-ai] General Hospital, Khamgaon: extracted
[local-ai] Rural Hospital, Samudrapur: extracted
[local-ai] Rural Hospital, Barshitakli: extracted
[local-ai] Achary Vinoba Bhave Rural Hospital Sawangi (M): extracted
[local-ai] Rural Hospital, Korchi: extracted
[local-ai] Rural Hospital, Balapur: extracted
[local-ai] Rural Hospital, Londhe: extracted
[local-ai] Rural Hospital, Babhulgaon: extracted
[local-ai] Rural Hospital Nandgaon-Khandeshwar: extracted
[local-ai] Rural Hospital, Surgana: extracted
[local-ai] Govt. Medical College and Hospital: extracted
[local-ai] Rural Hospital, Pahur: extracted
[local-ai] Rural Hospital, Pulgaon: extracted
[local-ai] Rural Hospital, Pachora: extracted
[local-ai] Government Hospital, Lohatar: extracted
[local-ai] Rural Hospital, Nagbhid: extracted
[local-ai] Goverment Hospital Jawala: extracted
[local-ai] Government Hospital Kapshi: extracted
[local-ai] Government Hospital Shendurni: extracted
[local-ai] Government Hospital, Jamthi Bk: extracted
[checkpoint] saved 6764 records
[local-ai] Government Hospital Borakhedi: extracted
[local-ai] Rural Hospital, Kamargaon: extracted
[local-ai] Rural Hospital, Dangsaundane: extracted
[local-ai] Rural Hospital, Lakhandur: extracted
[local-ai] General Civil Hospital, Malegaon: extracted
[local-ai] SDH Kurkheda: extracted
[local-ai] General Hospital Pimpalgaon Hareshwar: extracted
[local-ai] Rural Hospital, Soygaon: extracted
[local-ai] Rural Hospital Zodga: extracted
[local-ai] Rural Hospital, Bhadgaon: extracted
[local-ai] SDH, Taloda: extracted
[local-ai] Rural Hospital, Raver: extracted
[local-ai] Sub-District Hosptial, Achalpur: extracted
[local-ai] Rural Hospital, Deolapar: extracted
[local-ai] Rural Hospital, Dhanora: extracted
[local-ai] SDH, Navapur: extracted
[local-ai] Government Hospital, Patansaongi: extracted
[local-ai] Sub District Hospital, Morshi: extracted
[local-ai] Rural Hospital, Warud: extracted
[local-ai] Government Hospital, Kingaon Bk: extracted
[local-ai] SDH, Kamptee: extracted
[local-ai] Civil Hospital, Adawad: extracted
[local-ai] SDH, Chopda: extracted
[local-ai] Civil Hospital, Kalsadi: extracted
[local-ai] Rural Hospital, Thalner: extracted
[checkpoint] saved 6789 records
[local-ai] Rural Hospital, Khondamali: extracted
[local-ai] Rural Hospital, Sihora: extracted
[local-ai] Rural Hospital, Yawal: extracted
[local-ai] Rural Hospital, Amgaon: extracted
[local-ai] Rural Hospital, Parshivani: extracted
[local-ai] Government Hospital, Holnanthe: extracted
[local-ai] Rural Hospital, Chikhaldara: extracted
[local-ai] Rural Hospital, Sindkheda: extracted
[local-ai] Rural Hospital, Salekasa: extracted
[local-ai] Rural Hospital, Salona: extracted
[local-ai] Government Hospital, Bhalod: extracted
[local-ai] Gondia City Hospital: extracted
[local-ai] Rural Hospital, Goregaon: extracted
[local-ai] Dr. Babasaheb Ambedkar Hospital and Research Centre, Nagpur: extracted
[local-ai] Rural Hospital, Nhavi: extracted
[local-ai] Shirpur Sub District Hospital: extracted
[local-ai] Government Hospital Chahardi: extracted
[local-ai] SDH, Tirora: extracted
[local-ai] Rural Hospital, Shahada: extracted
[local-ai] SDH, Dharni: extracted
[local-ai] Rural Hospital, Chandur Bazar: extracted
[local-ai] extraction failed: Local model request failed: timed out
[local-ai] Regional Hospital, Mohadi: extracted
[local-ai] Rural Hospital, Molgi: extracted
[local-ai] Telkhedi,Semi Government Hospital: extracted
[checkpoint] saved 6814 records
[local-ai] Rural Hospital, Toranmal: extracted
[local-ai] Goverment Hospital, Wadi: extracted
[local-ai] Rural Hospital, Anjangaon Surji: extracted
[local-ai] Government Hospital, Chinawal: extracted
[local-ai] Sub-District Hospital Tumsar: extracted
[local-ai] Rural Hospital, Akkalkuwa: extracted
[local-ai] Rural Hospital, Kalemeshwar: extracted
[local-ai] Rural Hospital, Mhasawad: extracted
[local-ai] Rural Hospital Katol: extracted
[local-ai] Rural Hospital, Dhadgaon: extracted
[local-ai] Rural Hospital, Karanja: extracted
[local-ai] SDH Dondaicha: extracted
[local-ai] Government Hospital, Visarwadi: extracted
[local-ai] Rural Hospital, Ranala: extracted
[local-ai] Government Hospital, Narkhed: extracted
[local-ai] wadhonabajar Government Hospital: extracted
[local-ai] Rural Hospital, Dahiwad: extracted
[local-ai] SDH Chandvad: extracted
[local-ai] Rural Hospital, Deola: extracted
[local-ai] District Hospital, Buldana: extracted
[local-ai] SDH Armori: extracted
[local-ai] Rural Hospital, Lakhanwada: extracted
[local-ai] Rural Hospital, Ralegaon: extracted
[local-ai] Rural Hospital Ner: extracted
[local-ai] Government Hospital, Khamkhede: extracted
[checkpoint] saved 6839 records
[local-ai] Rural Hospital, Ajintha: extracted
[local-ai] Government Hospital, Malgaon: extracted
[local-ai] Rural Hospital, Abhona: extracted
[local-ai] Sub District Hospital, Chimur: extracted
[local-ai] Rural Hospital Eklar: extracted
[local-ai] Government Hospital, Nandori: extracted
[local-ai] Rural Hospital Vani: extracted
[local-ai] MMC Ali Akbar Hospital: extracted
[local-ai] Rural Hospital, Dhad: extracted
[local-ai] Rural Hospital Wadner: extracted
[local-ai] Rural Hospital, Mangrulpir: extracted
[local-ai] Rural Hospital, Lohi: extracted
[local-ai] Rural Hospital, Barhe Nashik: extracted
[local-ai] SDH Kalwan: extracted
[local-ai] Rural Hospital, Umrane: extracted
[local-ai] SDH Darwha: extracted
[local-ai] Sub-District Hospital, Karanja: extracted
[local-ai] Rural Hospital, Chikhli: extracted
[local-ai] Rural Hospital, Chalisgaon: extracted
[local-ai] Government Hospital Burkoni: extracted
[local-ai] Rural Hospital, Rajura: extracted
[local-ai] Rural Hospital, Ballarpur: extracted
[local-ai] Rural Hospital Zari-Jamani: extracted
[local-ai] Rural Hospital, Korpana: extracted
[local-ai] Patangshah Cottage Hospital, Jawhar: extracted
[checkpoint] saved 6864 records
[local-ai] Rural Hospital, Puntamba: extracted
[local-ai] Rural Hospital, Kopargaon: extracted
[local-ai] Rural Hospital, Vikramgad: extracted
[local-ai] Rural Hospital, Mahoor: extracted
[local-ai] Rural Hospital, Vangoan: extracted
[local-ai] Rural Hospital Dodi: extracted
[local-ai] District Civil Hospital, Chikalthana: extracted
[local-ai] Rural Hospital, Ghoti: extracted
[local-ai] Rural Hospital, Boisar: extracted
[local-ai] SDH Pusad: extracted
[local-ai] Rural Hospital, Sawana: extracted
[local-ai] Rural Hospital, Badnapur: extracted
[local-ai] Rural Hospital, Karmad: extracted
[local-ai] Sinnar Municipal Hospital: extracted
[local-ai] Sengaon, Government Hospital: extracted
[local-ai] Government Hospital, Kayar: extracted
[local-ai] Rural Hospital, Manor: extracted
[local-ai] District Hospital, Jalna: extracted
[local-ai] General Hospital, Chamorshi: extracted
[local-ai] Rural Hospital Gadchandur: extracted
[local-ai] Rural Hospital, Ner: extracted
[local-ai] Women Hospital, Jalna: extracted
[local-ai] Rural Hospital, Mandvi: extracted
[local-ai] Government Hospital, Bansilal Nagar: extracted
[local-ai] Government Hospital, Kawatha: extracted
[checkpoint] saved 6889 records
[local-ai] AMC Hospital: extracted
[local-ai] Rural Hospital, Lasalgaon: extracted
[local-ai] Rural Hospital, Dhanora: extracted
[local-ai] Government Hospital: extracted
[local-ai] Government Hospital, Babra: extracted
[local-ai] Government Hospital Pishore: extracted
[local-ai] Rural Hospital Dindori: extracted
[local-ai] Government Hospital Karanji: extracted
[local-ai] Rural Hospital, Nagarsul: extracted
[local-ai] Rural Hospital, Nandgaon: extracted
[local-ai] Rural Hospital Digras: extracted
[local-ai] Rural Hospital, Kannad: extracted
[local-ai] Rural Hospital, Bhadrawati: extracted
[local-ai] Rural Hospital Harusul: extracted
[local-ai] Rural Hospital, Thanapada: extracted
[local-ai] Rural Hospital, Manora: extracted
[local-ai] Government Hospital, Majri: extracted
[local-ai] Rural Hospital Jafrabad: extracted
[local-ai] Rural Hospital, Sindewahi: extracted
[local-ai] Mohadi Hospital: extracted
[local-ai] Rural Hospital, Tembhurni: extracted
[local-ai] Sub-District Hospital, Sillod: extracted
[local-ai] Rural Hospital, Deulgaon Mali: extracted
[local-ai] Rural Hospital, Peint: extracted
[local-ai] Rural Hospital, Maregaon: extracted
[checkpoint] saved 6914 records
[local-ai] District Civil Hospital, Washim: extracted
[local-ai] Rural Hospital, Mehkar: extracted
[local-ai] Government Hospital, Malegaon: extracted
[local-ai] SDH Warora: extracted
[local-ai] SDH Manmad: extracted
[local-ai] Rural Hospital, Sindkhed Raja: extracted
[local-ai] Yeola Rural Hospital: extracted
[local-ai] SDH Dahanu: extracted
[local-ai] Government Hospital Bramhangaon: extracted
[local-ai] Government Hospital, Phulambri: extracted
[local-ai] Rural Hospital, Lonar: extracted
[local-ai] SDH Niphad: extracted
[local-ai] Government Hospital Bibi: extracted
[local-ai] NMCH, Cidco: extracted
[local-ai] Goverment Hospital Jategaon: extracted
[local-ai] Sub-District Hospital, Vaijapur: extracted
[local-ai] Civil Hospital Chandori: extracted
[local-ai] Sindkhed Raja Government Hospital: extracted
[local-ai] SDH Mul: extracted
[local-ai] Khultabad hospital: extracted
[local-ai] Rural Hospital Girnare: extracted
[local-ai] Rural Hospital, Deulgaon Raja: extracted
[local-ai] NSKMC Panchak Hospital: extracted
[local-ai] Rural Hospital, Trimbak: extracted
[local-ai] District TB Hospital, Chandrapur: extracted
[checkpoint] saved 6939 records
[local-ai] Government Hospital, Phalegaon: extracted
[local-ai] Rural Hospital, Arni: extracted
[local-ai] Samarth General Hospital: extracted
[local-ai] Civil Hospital Borsar: extracted
[local-ai] Rural Hospital, Deulgaon Mahi: extracted
[local-ai] Rural Hospital, Saoli: extracted
[local-ai] Rural Hospital, Ansing: extracted
[local-ai] Government Hospital, Tulshinagar: extracted
[local-ai] Civil Hospital Dongaon: extracted
[local-ai] The Muslim Ambulance Society Diagnostic Center: extracted
[local-ai] Habib Hospital: extracted
[local-ai] Nagpada Police Hospital: extracted
[local-ai] Rajshree Maternity: extracted
[local-ai] Masina Cancer Center: extracted
[local-ai] Dr Bhore's Mother & Child Clinic: extracted
[local-ai] CT Nursing Home: extracted
[local-ai] Government Hospital, Juchandra: extracted
[local-ai] Government Hospital, sativli: extracted
[local-ai] Government Hospital, Bharaj: extracted
[local-ai] Government Hospital, Shirasgaon: extracted
[local-ai] Government Hospital, Mulund: extracted
[local-ai] Savitribai Jyotiba Phule Maternity Home Bhandup: extracted
[local-ai] Government Hospital, Nanded: extracted
[local-ai] BMC Eye Hospital ,Kamathipura: extracted
[local-ai] Matoshree Ramabai Maternity BMC Hospital: extracted
[checkpoint] saved 6964 records
[local-ai] Deonar Maternity Home: extracted
[local-ai] All India Institute of Physical Medicine and Rehabilitation: extracted
[local-ai] Government Hospital, Kautha: extracted
[local-ai] Government Hospital, Yavatmal: extracted
[local-ai] Government Hospital, Adgaon: extracted
[local-ai] Government Hospital, Malgaon: extracted
[local-ai] Government Hospital, Togari: extracted
[local-ai] Government Hospital, Dehni: extracted
[local-ai] Government Hospital, Wathoda Shukleshwar: extracted
[local-ai] Government Hospital, Sangamner Kh: extracted
[local-ai] Government Hospital, Dattapur Dhamangaon: extracted
[local-ai] Government Hospital, Tondoli: extracted
[local-ai] Government Hospital, Manickpur: extracted
[local-ai] FPA , Kothrud: extracted
[local-ai] Government Hospital, Takali: extracted
[local-ai] Colony Nursing Home: extracted
[local-ai] BMC Hospital: extracted
[local-ai] Government Hospital, Sugave: extracted
[local-ai] Government Hospital, Chinchwan: extracted
[local-ai] Government Hospital, Abdul Lat: extracted
[local-ai] Shree Eye Hospital: extracted
[local-ai] Noble Hospital: extracted
[local-ai] Janatal Hospital: extracted
[local-ai] Dhanwantari Hospital: extracted
[local-ai] Dr. Kilnake Hospital: extracted
[checkpoint] saved 6989 records
[local-ai] Spandan Hospital: extracted
[local-ai] Kudade Hospital: extracted
[local-ai] Jeevan Jyoti Hospital: extracted
[local-ai] Dhurve Hospital: extracted
[local-ai] Nobel Multispeciality Hospital: extracted
[local-ai] Agrasen Fracture Hospital: extracted
[local-ai] Kalpataru Hospital: extracted
[local-ai] Dr. Purohit Hospital: extracted
[local-ai] Sahayog Hospital: extracted
[local-ai] Chitnavis Nursing Home and Accidental Hospital: extracted
[local-ai] Surya Nursing Home: extracted
[local-ai] Assisi Sevasadan Hospital: extracted
[local-ai] Appalwar Eye Hospital: extracted
[local-ai] Dr. Pradeep Gujar Hospital: extracted
[local-ai] Dhanwantari Hospital: extracted
[local-ai] Shri KMJ Memorial Hospital: extracted
[local-ai] Sindhu Hospital: extracted
[local-ai] Aadhya Multispeciality Hospital: extracted
[local-ai] Khumbhare Hospital: extracted
[local-ai] Sironcha Mission Hospital: extracted
[local-ai] Chaitanya Hospital: extracted
[local-ai] Bhagat Eye & ENT Hospital: extracted
[local-ai] Bansod Hospital: extracted
[local-ai] Om Hospital: extracted
[local-ai] Sparsh Child care and General Hospital: extracted
[checkpoint] saved 7014 records
[local-ai] Dr. Biranwar Hospital: extracted
[local-ai] Giri Hospital: extracted
[local-ai] Reliance Cancer Hospital: extracted
[local-ai] Dr. Jain Hospital: extracted
[local-ai] Chalakh Hospital: extracted
[local-ai] Dr. Rana Hospital: extracted
[local-ai] Shri Markandey Hospital: extracted
[local-ai] Dr. Thaware Hospital: extracted
[local-ai] Seva Surgical and Multispeciality Hospital: extracted
[local-ai] Aadhar Multispeciality Hospital: extracted
[local-ai] Roy Hospital: extracted
[local-ai] Dr. Mallick Hospital: extracted
[local-ai] Avin Hospital: extracted
[local-ai] Sahare Hospital & Pathology Centre: extracted
[local-ai] Patle Maternity and Children Hospital: extracted
[local-ai] Gayatri Hospital: extracted
[local-ai] Dr. Paapadkar Hospital: extracted
[local-ai] Osteon Trauma Hospital: extracted
[local-ai] Lifeline Hospital & Ayurvedic Panchakarma Centre: extracted
[local-ai] Salphale Hospital: extracted
[local-ai] Mehra Hospital: extracted
[local-ai] CHL Multispeciality Hospital & Research Centre: extracted
[local-ai] Dr. Kolte Hospital: extracted
[local-ai] Pant Hospital: extracted
[local-ai] Dr. Nakshine Hospital: extracted
[checkpoint] saved 7039 records
[local-ai] Musale Hospital: extracted
[local-ai] Navjeevan Hospital: extracted
[local-ai] Pazare Nursing Home: extracted
[local-ai] Dr. Shardul Wargantiwar Hospital: extracted
[local-ai] Mamidwar Eye Hospital: extracted
[local-ai] Dr. Varhade Hospital: extracted
[local-ai] Loader Hospital: extracted
[local-ai] Bendle Hospital: extracted
[local-ai] Shri Sai Gajanan Hospital: extracted
[local-ai] Khandare Hospital: extracted
[local-ai] Ambatkar Hospital: extracted
[local-ai] Dr. Sadanand Patil Hospital: extracted
[local-ai] Gadegone Hospital: extracted
[local-ai] Dr. Giridhar Kale Hospital: extracted
[local-ai] Arora Maternity Home: extracted
[local-ai] Choyang Healthcare Hospital: extracted
[local-ai] CSTPS Hospital: extracted
[local-ai] Aalurwar MRI Centre & Hospital: extracted
[local-ai] Potdukhe Hospital: extracted
[local-ai] Mehra Hospital: extracted
[local-ai] Khan Child Hospital: extracted
[local-ai] Dr. Anil Kontamwar Hospital: extracted
[local-ai] Murkhe Hospital: extracted
[local-ai] Vyankatesh Hospital: extracted
[local-ai] Bharati Hospital: extracted
[checkpoint] saved 7064 records
[local-ai] Apollo Hospital: extracted
[local-ai] Wasade Orthopaedic Hospital: extracted
[local-ai] Raut Hospital: extracted
[local-ai] Chiddarwar Hospital: extracted
[local-ai] Gokhare Hospital: extracted
[local-ai] Dr. Indu Agrawal Hospital: extracted
[local-ai] Ingle Hospital: extracted
[local-ai] Sharif Eye Hospital: extracted
[local-ai] Dr. Balbuddhe Hospital: extracted
[local-ai] Dhande Hospital: extracted
[local-ai] Shivji Hospital: extracted
[local-ai] Bhalme Hospital: extracted
[local-ai] Nagrale Hospital: extracted
[local-ai] Kilbil Hospital: extracted
[local-ai] Aswar Hospital: extracted
[local-ai] Dr. Wasalwar Hospital: extracted
[local-ai] Bokare Hospital: extracted
[local-ai] Mogre Hospital: extracted
[local-ai] Wasudha Smruti - Zade Hospital: extracted
[local-ai] Dhande ENT Hospital & Pathology Centre: extracted
[local-ai] Dr. Sardeshpande Hospital: extracted
[local-ai] Radhakrishna Homeopathic Hospital: extracted
[local-ai] Dr. Punekar's Cardiology Hospital: extracted
[local-ai] Bondgulwar Hospital: extracted
[local-ai] Gandhi Hospital: extracted
[checkpoint] saved 7089 records
[local-ai] Zullurwar Hospital: extracted
[local-ai] Sawalkar Hospital: extracted
[local-ai] Chaudhary Hospital: extracted
[local-ai] Dr. Muthad Hospital: extracted
[local-ai] Yerne Hospital: extracted
[local-ai] Bhukte Hospital: extracted
[local-ai] Sai Seva Hospital: extracted
[local-ai] Chinnawar Hospital: extracted
[local-ai] Nanhe Hospital: extracted
[local-ai] Talmale Hospital: extracted
[local-ai] Loya Hospital: extracted
[local-ai] Nirwan Hospital: extracted
[local-ai] Jadhav Hospital: extracted
[local-ai] Amey Fracture Hospital: extracted
[local-ai] Kulkarni Hospital For Children: extracted
[local-ai] Sham Hospital: extracted
[local-ai] Thote Hospital: extracted
[local-ai] Smith Hospital: extracted
[local-ai] Malpani Hospital: extracted
[local-ai] Bhavana Nursing Home: extracted
[local-ai] Dr. Rathod Hospital: extracted
[local-ai] Shree Nursing Home: extracted
[local-ai] Shifa Hospital: extracted
[local-ai] Dr. Manish Pathak Hospital: extracted
[local-ai] Puranik Hospital: extracted
[checkpoint] saved 7114 records
[local-ai] Aswar Hospital: extracted
[local-ai] Kothari Hospital: extracted
[local-ai] Godavari Child Hospital: extracted
[local-ai] Ambade Nursing Home: extracted
[local-ai] Satyarukh Hospital: extracted
[local-ai] Citycare Multispeciality Hospital: extracted
[local-ai] Gaikwad Life Care Hospital: extracted
[local-ai] Sai shraddha Hospital: extracted
[local-ai] Dhawane Hospital & Critical Care Centre: extracted
[local-ai] Laksh Hospital: extracted
[local-ai] Hirani Hospital: extracted
[local-ai] Satyashanti Hospital: extracted
[local-ai] Dange Hospital, Maternity and ENT Nursing Home: extracted
[local-ai] Tumsar City Multi Speciality Hospital: extracted
[local-ai] Amit Hospital: extracted
[local-ai] Turaskar Nursing Home: extracted
[local-ai] Sanjivani Piles & Skin Care Hospital: extracted
[local-ai] Bhandari Hospital: extracted
[local-ai] Kawale Hospital: extracted
[local-ai] Yash Multi-Speciality Hospital: extracted
[local-ai] Saishradha Multispeciality Hospital: extracted
[local-ai] Saisuman Hospital: extracted
[local-ai] Chavan Hospital: extracted
[local-ai] Nidaan Hospital: extracted
[local-ai] Varade Hospital: extracted
[checkpoint] saved 7139 records
[local-ai] Government Hospital: extracted
[local-ai] Spandan Hospital: extracted
[local-ai] Wadhawe Hospital: extracted
[local-ai] Sparsh Multispeciality Hospital: extracted
[local-ai] Life Line Hospital: extracted
[local-ai] Bhagwati Diabetes and Thyroid Care Centre Hospital: extracted
[local-ai] Vinay Meshram Hospital: extracted
[local-ai] Dr. Meghre Hospital: extracted
[local-ai] Om Surgical Hospital: extracted
[local-ai] Dr. Satish Kothale Eye Hospital: extracted
[local-ai] Mamidwar Hospital: extracted
[local-ai] Shinde Hospital: extracted
[local-ai] Shri Gajanan Clinic and Nursing Home: extracted
[local-ai] Lakshya Hospital: extracted
[local-ai] Malani Hospital: extracted
[local-ai] Sri Seva Hospital: extracted
[local-ai] Shakambari Hospital: extracted
[local-ai] Shri Sant Gulab Baba Hospital: extracted
[local-ai] Dr. Mane Hospital: extracted
[local-ai] Dr. Masoom Ali Hospital: extracted
[local-ai] Astavinayak Hospital: extracted
[local-ai] Dr. Agalawe Hospital: extracted
[local-ai] Ganesh Nursing Home: extracted
[local-ai] Gupta Hospital: extracted
[local-ai] Dr. Dubewar Eye Hospital: extracted
[checkpoint] saved 7164 records
[local-ai] Medicare Multispeciality Hospital: extracted
[local-ai] Padmavati Hospital: extracted
[local-ai] Dr. S.D. Dhale Hospital: extracted
[local-ai] Sawli Nursing Home: extracted
[local-ai] Aai Hospital: extracted
[local-ai] Shri Swami Samarth Surgical Hospital: extracted
[local-ai] Umri Christian Hospital: extracted
[local-ai] Dhurvey Hospital: extracted
[local-ai] Rohit Cardiac, Dental Hospital: extracted
[local-ai] Kadam Children's Hospital: extracted
[local-ai] Beedkar Eye Hospital and Nursing Home: extracted
[local-ai] MDR Superspeciality Hospital: extracted
[local-ai] Agrawal Child Nursing Home: extracted
[local-ai] Om Maternity Hospital: extracted
[local-ai] Aarogyam Speciality Hospital: extracted
[local-ai] Belsare Hospital: extracted
[local-ai] Bhaladhare Eye Hospital: extracted
[local-ai] Kids Hospital: extracted
[local-ai] Annapurna Hospital and Maternity Home: extracted
[local-ai] Shrikrupa Hospital: extracted
[local-ai] Sant Devidas Maharaj Hospital: extracted
[local-ai] Shlok Hospital: extracted
[local-ai] Kshirsagar Child Hospital: extracted
[local-ai] Shinde Psychiatric Nursing Hospital: extracted
[local-ai] Rathod Hospital: extracted
[checkpoint] saved 7189 records
[local-ai] Samruddhi Nursing Home: extracted
[local-ai] Gabhane Piles Care Hospital: extracted
[local-ai] Dr. Dokrimare Hospital: extracted
[local-ai] Fule Hospital: extracted
[local-ai] Shri Datta Hospital & Research Centre: extracted
[local-ai] Parate Nursing Home: extracted
[local-ai] Lanjewar Hospital: extracted
[local-ai] Khutemate Hospital: extracted
[local-ai] Government Hospital, Kurha Panache: extracted
[local-ai] Chandak Hospital: extracted
[local-ai] Jivtode Orthopaedic Hospital: extracted
[local-ai] Shreyas Patil Multispecialty Hospital: extracted
[local-ai] Niraj Hospital: extracted
[local-ai] Rathi Hospital: extracted
[local-ai] Barade Nursing Home: extracted
[local-ai] Sub District Hospital: extracted
[local-ai] Hande Hospital: extracted
[local-ai] Jaiswal Hospital: extracted
[local-ai] Mahagenco Hospital: extracted
[local-ai] Rural Charitable Trust Hospital: extracted
[local-ai] Kazmi Nursing Home: extracted
[local-ai] Aanandam Multispeciality Hospital and Research Centre: extracted
[local-ai] Ambedkar Hospital: extracted
[local-ai] Laad Hospital: extracted
[local-ai] Sanjeevani Multispeciality Hospital: extracted
[checkpoint] saved 7214 records
[local-ai] Shree Gurukrupa Hospital: extracted
[local-ai] Mehta Hospital: extracted
[local-ai] Dr. Lodhi Hospital: extracted
[local-ai] Dr. Ghatode Hospital: extracted
[local-ai] Dr. Javed Hospital: extracted
[local-ai] Dr. C.S. Gillurkar Multispeciality Hospital: extracted
[local-ai] Archangel Hospital: extracted
[local-ai] Dr. Bokade Hospital: extracted
[local-ai] Pgms Hospital, Kalmeahwar: extracted
[local-ai] Neha Nursing Home: extracted
[local-ai] Kalvit Hospital: extracted
[local-ai] Baghe Multispeciality Hospital: extracted
[local-ai] Potdar Multispeciality Hospital: extracted
[local-ai] Maya Hospital: extracted
[local-ai] Vivekanand Hospital: extracted
[local-ai] Panbude Hospital: extracted
[local-ai] Bhagat Multi Specialist Hospital: extracted
[local-ai] Titarmare Hospital: extracted
[local-ai] Uma Memorial Hospital: extracted
[local-ai] Jawaharlal Nehru Hospital: extracted
[local-ai] Tavari Hospital: extracted
[local-ai] Mahure Hospital: extracted
[local-ai] Chankapur Hospital: extracted
[local-ai] Munsar Mine Hospital: extracted
[local-ai] Patil Multispeciality Hospital: extracted
[checkpoint] saved 7239 records
[local-ai] Mandal Hospital: extracted
[local-ai] Dr. Gudadhe Hospital: extracted
[local-ai] Bihare Hospital: extracted
[local-ai] Rachana Hospital & Research Centre: extracted
[local-ai] Zurmure Hospital: extracted
[local-ai] Jain Maternity Home: extracted
[local-ai] Pande Child Care Hospital: extracted
[local-ai] Relief Hospital: extracted
[local-ai] Cantonment Board Hospital: extracted
[local-ai] Bhiwapurkar Hospital: extracted
[local-ai] Nakade Hospital: extracted
[local-ai] Om Sai Hospital: extracted
[local-ai] MSEB Hospital: extracted
[local-ai] Life Line Hospital: extracted
[local-ai] Government Hospital: extracted
[local-ai] Walni Mines Hospital: extracted
[local-ai] New Kimmatkar Hospital: extracted
[local-ai] Dhanwantari Hospital: extracted
[local-ai] Dr. Bhagat Hospital: extracted
[local-ai] Savitri Bai Phule BMC Hospital ,Malad East: extracted
[local-ai] Sable Hospital: extracted
[local-ai] Shewale Hospital: extracted
[local-ai] Pangole Hospital: extracted
[local-ai] Sanjivani Hospital: extracted
[local-ai] Siddivinayak Hospital: extracted
[checkpoint] saved 7264 records
[local-ai] Padmanabh Hospital and Dhande Hospital: extracted
[local-ai] Shri Hospital: extracted
[local-ai] Little Star Children Hospital: extracted
[local-ai] GR Children Hospital: extracted
[local-ai] Dr. Shende Orthopaedic Hospital: extracted
[local-ai] Gode Hospital: extracted
[local-ai] Lokhande Hospital: extracted
[local-ai] Jawanjal Hospital: extracted
[local-ai] Wadte Hospital: extracted
[local-ai] Prasanna Hospital: extracted
[local-ai] Kothari Multispeciality Hospital: extracted
[local-ai] Awaghate Children Hospital: extracted
[local-ai] Dr. Gaikwad Hospital: extracted
[local-ai] Amrut Hrudayalaya and Superspeciality Hospital: extracted
[local-ai] Mamta Child Hospital: extracted
[local-ai] Dr. Sable Surgical Hospital: extracted
[local-ai] Devkar Hospital: extracted
[local-ai] Wakekar Hospital: extracted
[local-ai] Katariya Nursing Home: extracted
[local-ai] Silvercity Multispeciality Hospital: extracted
[local-ai] Bhonde Hospital: extracted
[local-ai] Gujar Hospital: extracted
[local-ai] Tirupati Hospital: extracted
[local-ai] Dr. Kothalkar Hospital: extracted
[local-ai] Dr. Gopal Ubarhande Hospital: extracted
[checkpoint] saved 7289 records
[local-ai] Damani Eye Hospital: extracted
[local-ai] Shrisiddhivinayak Children Hospital and NICU: extracted
[local-ai] Panchashil Homeopathic Hospital: extracted
[local-ai] Kakad Hospital: extracted
[local-ai] Bhora Hospital: extracted
[local-ai] Government Medical College & Multispeciality Hospital: extracted
[local-ai] Kolte Hospital: extracted
[local-ai] Bharad Hospital: extracted
[local-ai] Hire Child Hospital: extracted
[local-ai] Kothari Hospital: extracted
[local-ai] Gandhi Hospital: extracted
[local-ai] Dr. Bunde Children's Hospital: extracted
[local-ai] Deshpande Nursing Home: extracted
[local-ai] Deshpande ENT Surgeon Hospital: extracted
[local-ai] Walshinge Hospital: extracted
[local-ai] Dr. Gurjar Children Hospital: extracted
[local-ai] TB Hospital, Buldana: extracted
[local-ai] Jadhao Hospital: extracted
[local-ai] Mohini Hospital: extracted
[local-ai] New Mehtre Hospital: extracted
[local-ai] Sunnah Hospital: extracted
[local-ai] Kalande Hospital: extracted
[local-ai] Government Hospital: extracted
[local-ai] Dr. Rajput Accident Hospital & Critical Care Unit: extracted
[local-ai] Yogiraj Multi-specialty Hospital: extracted
[checkpoint] saved 7314 records
[local-ai] Japsare Hospital: extracted
[local-ai] Burkul Hospital: extracted
[local-ai] Dr. Mukesh Gothi's Homeopathy Hospital: extracted
[local-ai] Panchkarma Hospital: extracted
[local-ai] chopde Hospital: extracted
[local-ai] Shri Govind Hospital: extracted
[local-ai] Sadguru Krupa Clinic: extracted
[local-ai] Adhaar Hospital: extracted
[local-ai] Shri Hospital: extracted
[local-ai] Chhaya Hospital: extracted
[local-ai] Dr. Bhawte Hospital: extracted
[local-ai] Dhanwantari Hospital: extracted
[local-ai] Nikam Hospital: extracted
[local-ai] Samvad Hospital: extracted
[local-ai] Manas Hospital: extracted
[local-ai] Laul Hospital: extracted
[local-ai] Lakhdive Hospital: extracted
[local-ai] Smile Institue of Child Health and ATBC Hospital: extracted
[local-ai] Muktai Hospital: extracted
[local-ai] Neuron Hospital: extracted
[local-ai] Chavan Children Hospital: extracted
[local-ai] Ramlila Hospital: extracted
[local-ai] Somani Hospital: extracted
[local-ai] Ruhatiya Hospital: extracted
[local-ai] G R Children and Dental Hospital: extracted
[checkpoint] saved 7339 records
[local-ai] Singi Hospital: extracted
[local-ai] Sant Tukaram Cancer Hospital: extracted
[local-ai] Bhamburkar Hospital: extracted
[local-ai] Sapkal Memorial Hospital: extracted
[local-ai] Shukla Children Hospital & Test Tube Baby Centre: extracted
[local-ai] Ratnalikar Hospital: extracted
[local-ai] Dr. K. S. Patil Hospital: extracted
[local-ai] Ozone Multispeciality Hospital: extracted
[local-ai] Maher Hospital: extracted
[local-ai] Dr. Feroz Khan Hospital: extracted
[local-ai] Bhagade Hospital: extracted
[local-ai] Dayma Children Hospital: extracted
[local-ai] Govind Hospital: extracted
[local-ai] Shri Ramakrishna Hospital: extracted
[local-ai] Deshmukh Multispeciality Hospital: extracted
[local-ai] Dr. Waichal's Chaitanya Hospital: extracted
[local-ai] Shreekrupa Hospital: extracted
[local-ai] Masne Hospital: extracted
[local-ai] New Life Hospital: extracted
[local-ai] Dr. Kiran Laddha Hospital: extracted
[local-ai] Suyash Patil Hospital: extracted
[local-ai] Apex Hospital: extracted
[local-ai] Ekveera Hospital: extracted
[local-ai] Om Multi Speciality Hospital: extracted
[local-ai] Amrut Hospital: extracted
[checkpoint] saved 7364 records
[local-ai] Ajmera Super Speciality Womens Hospital: extracted
[local-ai] Kale Hospital: extracted
[local-ai] Dr. Kedar Hospital: extracted
[local-ai] Arvind Hospital: extracted
[local-ai] Sanjivani Hospital: extracted
[local-ai] Sarju Eye Hospital & Laser Centre: extracted
[local-ai] Ashok Hospital: extracted
[local-ai] Vatsal Hospital: extracted
[local-ai] Lote Hospital: extracted
[local-ai] Heda Hospital: extracted
[local-ai] Shiv Hospital: extracted
[local-ai] Orbit Children Hospital: extracted
[local-ai] Tamane Hospital: extracted
[local-ai] Ummeed Hospital: extracted
[local-ai] Pophalkar Hospital: extracted
[local-ai] Chaukhande Hospital: extracted
[local-ai] Bhagirathi Memorial Hospital: extracted
[local-ai] Dr. Subhash Agrawal Hospital: extracted
[local-ai] Durga Hospital: extracted
[local-ai] Hingankar Hospital: extracted
[local-ai] Bakshi Hospital: extracted
[local-ai] Radha Smriti Hospital: extracted
[local-ai] Kesan Hospital: extracted
[local-ai] Khodke Hospital: extracted
[local-ai] Chaudhary Hospital: extracted
[checkpoint] saved 7389 records
[local-ai] Ugale Retina & Child Hospital: extracted
[local-ai] MJ Eye Hospital: extracted
[local-ai] Sunil Thavrani Hospital: extracted
[local-ai] Harish Hospital: extracted
[local-ai] Dr. Atul Kalpande Hospital: extracted
[local-ai] Dr. Archana More Hospital: extracted
[local-ai] Lahole Eye Hospital: extracted
[local-ai] Dehankar Hospital: extracted
[local-ai] Akola Burn Care Unit Hospital: extracted
[local-ai] Ma Rudayani Hospital: extracted
[local-ai] Dr. Bhusari Hospital: extracted
[local-ai] Vardhaman Hospital: extracted
[local-ai] Sadhwani Hospital: extracted
[local-ai] Rainbow Hospital: extracted
[local-ai] Thakre Hospital: extracted
[local-ai] Pratap Hospital: extracted
[local-ai] Tirthankar Superspeciality Hospital: extracted
[local-ai] Dr. Arvind Ade Hospital: extracted
[local-ai] Mujawar Nursing Home: extracted
[local-ai] Jamshed Ji Tata Municipal Hospital: extracted
[local-ai] Parlewar Hospital: extracted
[local-ai] Dik Hospital: extracted
[local-ai] Kingsway Hospitals: extracted
[local-ai] Yadav Multispeciality Hospital: extracted
[local-ai] Dr. Wahane Nursing Home: extracted
[checkpoint] saved 7414 records
[local-ai] Heart Hospital: extracted
[local-ai] Metro Multi Speciality Hospital: extracted
[local-ai] Nalin Hospital: extracted
[local-ai] Osmania Nursing Home: extracted
[local-ai] Green City Hospital: extracted
[local-ai] VIMS Hospital: extracted
[local-ai] Life Line Hospital: extracted
[local-ai] Dapke Children Hospital: extracted
[local-ai] Multani Hospital: extracted
[local-ai] Dr. B.R. Shukla Hospital: extracted
[local-ai] Best Orthopaedic Surgeon: extracted
[local-ai] Nitnavare Hospital: extracted
[local-ai] Central Hospital: extracted
[local-ai] Sai Eye Hospital: extracted
[local-ai] Dr. Vasalti Raut General Hospital: extracted
[local-ai] Dr. Pandit Hospital: extracted
[local-ai] Super Hospital: extracted
[local-ai] Safal Hospital: extracted
[local-ai] Arora Hospital: extracted
[local-ai] Dr. Yogesh Waikar Child Gastroenterologist, Hepatologist & Endoscopist: extracted
[local-ai] Bocardo Hospital: extracted
[local-ai] Madnani Hospital: extracted
[local-ai] Kunal Hospital: extracted
[local-ai] Welkin Multispeciality Hospital: extracted
[local-ai] Royal Hospital: extracted
[checkpoint] saved 7439 records
[local-ai] Kalbande Hospital: extracted
[local-ai] Icon Hospital - Super speciality Hospital: extracted
[local-ai] Colours Children Hospital: extracted
[local-ai] Meher Nursing Home: extracted
[local-ai] Usha Memorial Hospital: extracted
[local-ai] Apex Hospital: extracted
[local-ai] Criticare Hospital & Research Institute: extracted
[local-ai] Nectar Hospital: extracted
[local-ai] Columbia Hospital: extracted
[local-ai] Arogyam Superspeciality Hospital: extracted
[local-ai] Dande Hospital: extracted
[local-ai] Dr. M Hospital: extracted
[local-ai] Orthonova Hospital: extracted
[local-ai] Dr. Mohammad Zakir: extracted
[local-ai] Neuron Hospital: extracted
[local-ai] Nelson Mother and Child Care Hospital: extracted
[local-ai] Chinmaya Children & Surgical Hospital: extracted
[local-ai] Tirpude Hospital: extracted
[local-ai] Wockartd Hospital: extracted
[local-ai] Godani Multi Speciality Hospital: extracted
[local-ai] R. R. Nursing Home: extracted
[local-ai] Gurbani Hospital: extracted
[local-ai] Shashwat Hospital: extracted
[local-ai] Venus Critical Care Hospital: extracted
[local-ai] Pandit Maternity & Nursing Home: extracted
[checkpoint] saved 7464 records
[local-ai] Healthcity Children Hospital: extracted
[local-ai] Rural Hospital ,Rave: extracted
[local-ai] Manorama Hospital: extracted
[local-ai] Wanjari Hospital: extracted
[local-ai] Iris Eye Hospital: extracted
[local-ai] Suryodaya Multispeciality Hospital: extracted
[local-ai] Anmol Maternity & Nursing Home: extracted
[local-ai] City Line Multispeciality Hospital: extracted
[local-ai] Child Hospital: extracted
[local-ai] Pandagare Hospital: extracted
[local-ai] Puri Hospital and Maternity Home: extracted
[local-ai] NewLife Hospital: extracted
[local-ai] Somani Hospital: extracted
[local-ai] Shree Vighnaharta Hospital: extracted
[local-ai] Biranjan Hospital: extracted
[local-ai] Yashoda Hospital: extracted
[local-ai] Panacea Multi Speciality Hospital: extracted
[local-ai] Shri Bhawani Multispeciality Hospital and Research Institute: extracted
[local-ai] Kherde Maternity & Nursing Home: extracted
[local-ai] P.D. Hospital: extracted
[local-ai] Bharadwaj Hospital: extracted
[local-ai] Pushpachakra Hospital: extracted
[local-ai] Kalpataru Hospital: extracted
[local-ai] Indira Hospital: extracted
[local-ai] Shri Ameya Hospital: extracted
[checkpoint] saved 7489 records
[local-ai] Narmada Ratan Taori Hospital: extracted
[local-ai] HCG NCHRI Cancer Centre: extracted
[local-ai] Sure care Multispeciality Hospital: extracted
[local-ai] Auro Critical Care Hospital: extracted
[local-ai] Adishakti Hospital: extracted
[local-ai] Life Springs Hospital: extracted
[local-ai] Omkar Nursing Home: extracted
[local-ai] Hadole Hospital: extracted
[local-ai] Radiance Hospital: extracted
[local-ai] Gananam Hospital: extracted
[local-ai] Aparajit Orthopaedic & Maternity Nursing Home: extracted
[local-ai] KRIMS Hospitals: extracted
[local-ai] Safe Hands Hospitals: extracted
[local-ai] Renuka Maternity & ENT Hospital: extracted
[local-ai] Shri Krupa Hospital: extracted
[local-ai] Kimmatkar Orthopaedic Hospital: extracted
[local-ai] Deshmukh Hospital: extracted
[local-ai] Ear Nose & Throat Hospital: extracted
[local-ai] Naik Hospital: extracted
[local-ai] Shreemayi Hospital: extracted
[local-ai] Barad Hospital: extracted
[local-ai] Dr. Arvind Kinge General Hospital: extracted
[local-ai] Kalpavruksha Hospital: extracted
[local-ai] ESI Hospital: extracted
[local-ai] Chakole Government Hospital: extracted
[checkpoint] saved 7514 records
[local-ai] Shahu Hospital: extracted
[local-ai] Jafri Hospital and Research Centre: extracted
[local-ai] Anurag Multi Specialty Hospital: extracted
[local-ai] Well Treat Multispeciality Hospital: extracted
[local-ai] Shri Swami Samarth Hospital: extracted
[local-ai] Utkarsha Nursing Home: extracted
[local-ai] Gandhi Nursing Home and Cocoon Test Tube Baby Centre: extracted
[local-ai] Santaji Hospital: extracted
[local-ai] Samarpan Nursing Home: extracted
[local-ai] Sartaj Hospital: extracted
[local-ai] S D Hospital: extracted
[local-ai] Welltreat Hospital: extracted
[local-ai] Navjeevan Hospital: extracted
[local-ai] Om Multispeciality Hospital: extracted
[local-ai] Bhelonde Child Hospital & Multispeciality Hospital: extracted
[local-ai] Vedansha Hospital: extracted
[local-ai] Mrutyunjai Hospital: extracted
[local-ai] Abhiyog Hospital: extracted
[local-ai] Ordinance Factory Hospital: extracted
[local-ai] Rural hospital, Limpangaon: extracted
[local-ai] Dr. Rajoriya Eye Hospital: extracted
[local-ai] Sarvoday Hospital: extracted
[local-ai] Hatekar Hospital: extracted
[local-ai] Bhamkar Hospital: extracted
[local-ai] Marothi Hospital: extracted
[checkpoint] saved 7539 records
[local-ai] Dr. Sanjay Shendre Hospital: extracted
[local-ai] Dr. Bhaimare's Sanjeevan Eye Hospital: extracted
[local-ai] Sukhakarta Hospital: extracted
[local-ai] Ghorpade Hospital: extracted
[local-ai] Arihant Hospital: extracted
[local-ai] extraction failed: Local model request failed: timed out
[local-ai] Hajra Clinic & General Hospital: extracted
[local-ai] Dr. Ekhar Hospital: extracted
[local-ai] Khilekar Children's Hospital: extracted
[local-ai] Dr. Gandhi Hospital: extracted
