Local AI extraction: qwen2.5:3b at http://127.0.0.1:11434
[probe] https://overpass-api.de/api/interpreter ok (probe returned 187)
[resume] skipping 7563 already saved records; retrying missing or failed AI extraction
run=osm_overpass_health_facilities-20260908231327 chunks=36 kinds=hospital limit=100000 budget=720min
[ 1/36] Uttar Pradesh                          fetched=  3590 kept=     0 total=     0
[local-ai] Rural Hospital, Khandbara: extracted
[local-ai] Dr. Sanjay Shendre Hospital: extracted
[local-ai] Dr. Bhaimare's Sanjeevan Eye Hospital: extracted
[local-ai] Sukhakarta Hospital: extracted
[local-ai] Ghorpade Hospital: extracted
[local-ai] Arihant Hospital: extracted
[local-ai] Agrawal Hospital: extracted
[local-ai] Hajra Clinic & General Hospital: extracted
[local-ai] Dr. Ekhar Hospital: extracted
[local-ai] Khilekar Children's Hospital: extracted
[local-ai] Dr. Gandhi Hospital: extracted
[local-ai] Deote Hospital: extracted
[local-ai] Shelke Orthopaedic and Gyanac Hospital: extracted
[local-ai] Kadam Hospital: extracted
[local-ai] Varma Nursing Home: extracted
[local-ai] Ostwal Hospital: extracted
[local-ai] Kashikar Hospital: extracted
[local-ai] Vatsalya Pawade Nursing Home: extracted
[local-ai] Anjali Hospital: extracted
[local-ai] Saikrupa Multispecality Dental Hospital: extracted
[local-ai] Shete Nursing Home: extracted
[local-ai] Ubhad Accidental and Maternity Hospital: extracted
[local-ai] Gurukrupa Ortho and Accident Hospital: extracted
[local-ai] Dr. Suhaas Jajoo Hospital: extracted
[local-ai] Dr. Sharique Khan Hospital: extracted
[checkpoint] saved 25 records
[local-ai] Dr. Mogre Hospital: extracted
[local-ai] Deshpande Hospital: extracted
[local-ai] Siddhivinayak Children Hospitals: extracted
[local-ai] Panacea Hospital: extracted
[local-ai] Dr. Sharad Deshmuk Hospital: extracted
[local-ai] Sanghvi Hospital for Woman and Child: extracted
[local-ai] Arihant Eye Hospital: extracted
[local-ai] Laxmi Maternity & Pediatric Hospital: extracted
[local-ai] Shree Gurudev Ayurvedic Hospital: extracted
[local-ai] Chandrabhaga Hospital: extracted
[local-ai] Jain Hospital: extracted
[local-ai] Dr. Vijay Bhalavi Hospital: extracted
[local-ai] Adoni Hospital: extracted
[local-ai] Dr. Indranil Thakre Children's Hospital: extracted
[local-ai] Pande General Hospital: extracted
[local-ai] Cortex Hospital: extracted
[local-ai] Sune Eye Hospital: extracted
[local-ai] Kalambe Hospital: extracted
[local-ai] Belsare Hospital: extracted
[local-ai] Bhalme Nursing Home: extracted
[local-ai] Vanmali Hospital: extracted
[local-ai] Bhise Nursing Home: extracted
[local-ai] Gupta Hospital and Cardiology Centre: extracted
[local-ai] Dr. Agrawal Hospital: extracted
[local-ai] Varma Hospital: extracted
[checkpoint] saved 50 records
[local-ai] Bhutada Hospital: extracted
[local-ai] Pawade Hospital: extracted
[local-ai] Aashtha Hospital: extracted
[local-ai] Kakde Hospital: extracted
[local-ai] Dafale Hospital: extracted
[local-ai] Shree Hospital: extracted
[local-ai] Gotmare Hospital: extracted
[local-ai] Karva Hospital: extracted
[local-ai] Dr. Pravin Choudhari & Dr. Mamata Choudhari Hospital: extracted
[local-ai] Kashyap Hospital: extracted
[local-ai] Shwas Multispeciality Hospital: extracted
[local-ai] Dr. Sangole Hospital: extracted
[local-ai] Sayankar Hospital: extracted
[local-ai] Anvika Hospital: extracted
[local-ai] Bonde Hospital: extracted
[local-ai] Barde Hospital: extracted
[local-ai] Kothara Leprosy Hospital: extracted
[local-ai] Dr. Nagpure Hospital: extracted
[local-ai] Rane Hospital: extracted
[local-ai] Raikwar Hospital: extracted
[local-ai] Pawade Hospital: extracted
[local-ai] Life Care Hospital: extracted
[local-ai] Dr. Kothari Hospital & Physiotherapy Centre: extracted
[local-ai] Shrikamal Hospital: extracted
[local-ai] Gadekar Hospital: extracted
[checkpoint] saved 75 records
[local-ai] Shreya Children's Hospital: extracted
[local-ai] Government Hospital, Palaspur: extracted
[local-ai] Potode Hospital: extracted
[local-ai] Dr. Kiran Pande Hospital: extracted
[local-ai] Dr. Hedgewar Hospital: extracted
[local-ai] Sarda Hospital: extracted
[local-ai] Dr. Fazal Ansari Hospital: extracted
[local-ai] Dr. Pratibha Vinay Kale Children's Hospital: extracted
[local-ai] Varhade Hospital and Clinic: extracted
[local-ai] Dr. Boob Hospital: extracted
[local-ai] Dr. Omprakash Deshmukh Hospital: extracted
[local-ai] Radhey Hospital: extracted
[local-ai] Kawalkar Hospital: extracted
[local-ai] Om Shanti Hospital: extracted
[local-ai] Ambadekar Hospital: extracted
[local-ai] Shrikrushna Hospital: extracted
[local-ai] Roopbhajan Hospital: extracted
[local-ai] Bardiya Children Hospital: extracted
[local-ai] Bhuyar Hospital: extracted
[local-ai] Priyal Child Care, Heda Hospital: extracted
[local-ai] Ratanshree Hospital: extracted
[local-ai] Apex Hospital: extracted
[local-ai] Dr. Jaiswal Hospital: extracted
[local-ai] Daffodils Hospital: extracted
[local-ai] Deshmukh Maternity and Children Hospital: extracted
[checkpoint] saved 100 records
[local-ai] Shree Hari Hospital: extracted
[local-ai] Sewani Maternity Hospital: extracted
[local-ai] Swastik Clinic Hospital: extracted
[local-ai] Dr. Neeta Laddha Hospital: extracted
[local-ai] Rajendra Baitule Accident Hospital: extracted
[local-ai] Government Hospital: extracted
[local-ai] Siddhi Hospital: extracted
[local-ai] Daphale Hospital: extracted
[local-ai] Hantodkar Hospital: extracted
[local-ai] Bajaj Children's Hospital: extracted
[local-ai] Matruchhaya Hospital: extracted
[local-ai] Maharaj Roopbhajan Charitable Hospital: extracted
[local-ai] Yashwant Hospital: extracted
[local-ai] Dr. Sikchi Hospital: extracted
[local-ai] Icchamani Hospital: extracted
[local-ai] Medicare Hospital: extracted
[local-ai] Parijat Hospital: extracted
[local-ai] Vyankatesh Hospital: extracted
[local-ai] Ashirwad Hospital: extracted
[local-ai] Kohinoor Hospital: extracted
[local-ai] Arhant Hospital: extracted
[local-ai] Tirupati Hospital: extracted
[local-ai] Vanita Samaj Hospital: extracted
[local-ai] Kavimandan Hospital: extracted
[local-ai] Harwani Hospital: extracted
[checkpoint] saved 125 records
[local-ai] Bari Hospital: extracted
[local-ai] Chintamani Hospital: extracted
[local-ai] Dr. Baheti Multispeciality Hospital: extracted
[local-ai] Saisharan Asha Hospital: extracted
[local-ai] Dr. Patankar Hospital: extracted
[local-ai] LifeLine Hospital Amravati: extracted
[local-ai] Dr. Vyavhare Hospital: extracted
[local-ai] Dr. Patil Hospital: extracted
[local-ai] Rahat Hospital: extracted
[local-ai] Ingole Hospital and Breast Cancer Centre: extracted
[local-ai] Agrawal Children Hospital: extracted
[local-ai] Care Hospital: extracted
[local-ai] Hope Hospital: extracted
[local-ai] Anand Hospital: extracted
[local-ai] Dr. Kishor Bele Hospital: extracted
[local-ai] Astha Hospital: extracted
[local-ai] Raadhey Health Care & Wellness Centre: extracted
[local-ai] Sun Optical and Eye Care Hospital: extracted
[local-ai] Medi-tech Hospital: extracted
[local-ai] SRPF Hospital: extracted
[local-ai] Masanganj Municipal Hospital: extracted
[local-ai] Burhani Hospital: extracted
[local-ai] Hore Hospital: extracted
[local-ai] Sarda Hospital: extracted
[local-ai] Dr. Kela Hospital: extracted
[checkpoint] saved 150 records
[local-ai] Matoshree Nursing Home: extracted
[local-ai] Chandsi Piles Hospital: extracted
[local-ai] Adatiya Hospital: extracted
[local-ai] Sonone Hospital: extracted
[local-ai] Phoenix Hospital: extracted
[local-ai] Little Flower Maternity and Snake Bite Care Centre: extracted
[local-ai] Radiant Hospital: extracted
[local-ai] Dr. Pandharikar Hospital: extracted
[local-ai] Kabra Hospital: extracted
[local-ai] Dr. Dankhade Hospital: extracted
[local-ai] Kadu Hospital: extracted
[local-ai] Parvani Hospital: extracted
[local-ai] Dr. Kadu Madam Hospital: extracted
[local-ai] Dr. Sawdekar Hospital: extracted
[local-ai] The Face Hospital: extracted
[local-ai] Jeevan Jyoti Hospital: extracted
[local-ai] Umang Hospital: extracted
[local-ai] Anudarshan Child Care and Vaccination Centre: extracted
[local-ai] Shubham Hi-Tech Hospital: extracted
[local-ai] Kalode Hospital: extracted
[local-ai] Dr. Bhushan's Hospital: extracted
[local-ai] Bhojane Maternity & Nursing Home: extracted
[local-ai] Dr. Arora Cancer Hospital: extracted
[local-ai] Navjivan Hospital: extracted
[local-ai] Vety Hospital: extracted
[checkpoint] saved 175 records
[local-ai] Dhanvantari Cooperative Hospital: extracted
[local-ai] Adwani Maxillofacial Hospital: extracted
[local-ai] Dr. Avinash Choudhary Hospital: extracted
[local-ai] Government Hospital, Maka: extracted
[local-ai] Shri Krishna Orthopaedic & Maternity Hospital: extracted
[local-ai] Akbani Hospital and X-RAY Clinic: extracted
[local-ai] Tuba Hospital: extracted
[local-ai] Dr. Vora Hospital: extracted
[local-ai] Dr. Ashok Bang's Matruchaya Hospital: extracted
[local-ai] Pimparkar Hospital: extracted
[local-ai] Dhobale Hospital: extracted
[local-ai] Khona Hospital: extracted
[local-ai] Shree Ganesh Eye Hospital: extracted
[local-ai] Mauli Hospital: extracted
[local-ai] Government Hospital: extracted
[local-ai] Nakade Hospital: extracted
[local-ai] Sarda Hospital: extracted
[local-ai] Mahurkar Child Hospital: extracted
[local-ai] Dahake Hospital: extracted
[local-ai] Vitthal Children Hospital & Dental Clinic: extracted
[local-ai] Dr. Deshmukh Hospital: extracted
[local-ai] Dr. Doiphode Maternity Hospital: extracted
[local-ai] Raje Homoeopath Clinic: extracted
[local-ai] Rural Hospital: extracted
[local-ai] Gajanan Hospital & Diagnostic Centre: extracted
[checkpoint] saved 200 records
[local-ai] Firdose Hospital: extracted
[local-ai] Secura Multispeciality & Superspeciality Hospital: extracted
[local-ai] Mandhane Hospital: extracted
[local-ai] Jagdamb Hospital: extracted
[local-ai] Dr. Maske Children Hospital: extracted
[local-ai] Shri Ganapati Netralaya Hospital: extracted
[local-ai] Washim Critical Care Hospital: extracted
[local-ai] Yogi E.N.T. Hospital: extracted
[local-ai] Venkatesh Hospital: extracted
[local-ai] Sukhakarta Children Hospital: extracted
[local-ai] Government Hospital: extracted
[local-ai] Dr. Bhutada's Life Line Hospital: extracted
[local-ai] Reynolds Memorial Hospital: extracted
[local-ai] Balram Hospital: extracted
[local-ai] Tehre Hospital: extracted
[local-ai] Maniprabha Health Plus Hospital: extracted
[local-ai] Deshmukh Hospital: extracted
[local-ai] Dr. Toshniwal Orthopaedic and Dental: extracted
[local-ai] Dr. Shiradkar's Samyak Orthopaedic Hospital: extracted
[local-ai] Bibekar Hospital: extracted
[local-ai] Ankur Hospital: extracted
[local-ai] Bhale Hospital: extracted
[local-ai] Pulse Hospital: extracted
[local-ai] Government Hospital: extracted
[local-ai] Kabra Hospital Eye Specialist: extracted
[checkpoint] saved 225 records
[local-ai] Dagdiya Hospital: extracted
[local-ai] Saikrupa Hospital: extracted
[local-ai] Lad Hospital: extracted
[local-ai] Sahyadri Hospital: extracted
[local-ai] Bapu Hospital: extracted
[local-ai] Dr. Ghuge Varad Hospital: extracted
[local-ai] Sanmati Hospital: extracted
[local-ai] Bajad Hospital: extracted
[local-ai] Dr. Kanade Hospital: extracted
[local-ai] Ingle Orthopaedic Hospital: extracted
[local-ai] Chirayu Hospital: extracted
[local-ai] Maya Hospital: extracted
[local-ai] Ahale Eye Hospital: extracted
[local-ai] Dr. Pratap Davhale Hospital: extracted
[local-ai] Dr. Sachin Patil Clinic: extracted
[local-ai] Gawande Hospital: extracted
[local-ai] Mauli Hospital: extracted
[local-ai] Parati Hospital: extracted
[local-ai] Dr. Dhope Hospital: extracted
[local-ai] Gurukrupa Hospital: extracted
[local-ai] Khatod Hospital: extracted
[local-ai] Sanjivani Hospital: extracted
[local-ai] Rukhmini Children Hospital: extracted
[local-ai] Chavan Hospital: extracted
[local-ai] Government Hospital, Bodhegoan: extracted
[checkpoint] saved 250 records
[local-ai] Government Hospital, Nandur Pathar: extracted
[local-ai] Ankur Hospital: extracted
[local-ai] Dr. Katneshwarkar Hospital: extracted
[local-ai] Shree Siddhivinayak Children's Hospital: extracted
[local-ai] Shikwal Hospital: extracted
[local-ai] Biyani Hospital: extracted
[local-ai] Swati Criticare ICU Hospital: extracted
[local-ai] Sahara Hospital: extracted
[local-ai] Aboli Hospital: extracted
[local-ai] Dr. Muley Hospital: extracted
[local-ai] Ghule Hospital: extracted
[local-ai] Godavari Hospital: extracted
[local-ai] Navandar Hospital: extracted
[local-ai] Wattamwar Hospital: extracted
[local-ai] Mulawekar Hospital: extracted
[local-ai] Shivam Hospital: extracted
[local-ai] Life Line Hospital & ICU: extracted
[local-ai] Man Hospital: extracted
[local-ai] Talnikar Hospital: extracted
[local-ai] Omkar Hospital: extracted
[local-ai] Choudhari Hospital: extracted
[local-ai] Wankhede Eye Hospital: extracted
[local-ai] Vedant Hospital: extracted
[local-ai] Dr. Kulkarni Surpimprikar Hospital: extracted
[local-ai] Bhosale Hospital: extracted
[checkpoint] saved 275 records
[local-ai] Sparsh Multispeciality Hospital: extracted
[local-ai] Deharaksha Orthopedics Hospital: extracted
[local-ai] Solanke Hospital & Maternity: extracted
[local-ai] Chirayu Hospital: extracted
[local-ai] Kanhe Hospital & Maternity Home: extracted
[local-ai] Shree Nivas Hospital: extracted
[local-ai] Kousalya Matha Multi Speciality Hospital: extracted
[local-ai] Liyaqat Hospital: extracted
[local-ai] Sanjeevani Hospital: extracted
[local-ai] Sahara Hospital: extracted
[local-ai] Apurva Hospital: extracted
[local-ai] Hayat Hospital: extracted
[local-ai] Spandan Hospital: extracted
[local-ai] Vasundhara Hospital and IVF Centre: extracted
[local-ai] Varma Hospital and Maternity Home: extracted
[local-ai] Kharate Hospital: extracted
[local-ai] Sahyadri Hospital: extracted
[local-ai] Surbhi Hospital: extracted
[local-ai] Tejas Hospital: extracted
[local-ai] Sharayu Hospital: extracted
[local-ai] Yashoda Hospital: extracted
[local-ai] Sant Nirankari Hospital: extracted
[local-ai] Dr. Gopal Javade Hospital: extracted
[local-ai] Tirupathi Chest Hospital: extracted
[local-ai] Dr. Prafulla Patil Multi Superspeciality Hospital Private Limited: extracted
[checkpoint] saved 300 records
[local-ai] Ahuja Hospital: extracted
[local-ai] Surwase Hospital and Maternity Home: extracted
[local-ai] Navjeevan Hospital: extracted
[local-ai] Morya Hospital: extracted
[local-ai] Manwath Multi-Speciality Hospital: extracted
[local-ai] Dr. Karle Hospital: extracted
[local-ai] Kareem Hospital: extracted
[local-ai] Tamboli Hospital: extracted
[local-ai] Varad Hospital: extracted
[local-ai] Patil Hospital: extracted
[local-ai] Khalikar Children's Hospital: extracted
[local-ai] Amrut Hospital: extracted
[local-ai] Jagdamba Hospital: extracted
[local-ai] Dr. Sangle Hospital: extracted
[local-ai] Chandak Hospital: extracted
[local-ai] Om Sai Hospital: extracted
[local-ai] Shaad Hospital: extracted
[local-ai] Dr. Bhalerao Hospital: extracted
[local-ai] Dr. Gore Hospital: extracted
[local-ai] Vaijwade Netralay Hospital: extracted
[local-ai] Prasad Hospital: extracted
[local-ai] Devkrupa Hospital: extracted
[local-ai] Kendrekar Hospital: extracted
[local-ai] Dasare Hospital: extracted
[local-ai] Masoom Hospital: extracted
[checkpoint] saved 325 records
[local-ai] Vasmat Hospital: extracted
[local-ai] Bagal Hospital: extracted
[local-ai] Vitthala Accident Hospital: extracted
[local-ai] Yamuna Multispeciality Hospital: extracted
[local-ai] Pawar ENT Hospital: extracted
[local-ai] Parbhani ICU & Trauma Care Centre Hospital: extracted
[local-ai] Loya Eye Hospital: extracted
[local-ai] Government Hospital, Rahuri: extracted
[local-ai] Marathwada Children Hospital: extracted
[local-ai] Motewar Hospital: extracted
[local-ai] Sai Children's Hospital: extracted
[local-ai] Nidan Singh Memorial Hospital: extracted
[local-ai] Sahyadri Children's Hospital: extracted
[local-ai] Jija Mata Hospital: extracted
[local-ai] Vasmatkar Hospital: extracted
[local-ai] Patil Hospital: extracted
[local-ai] Arham Hospital Maternity & Surgical Home: extracted
[local-ai] Dr. Ashok Bhise Hospital: extracted
[local-ai] Matoshree Hospital: extracted
[local-ai] Rayat General Hospital: extracted
[local-ai] Chintalwar Hospital: extracted
[local-ai] Dr. A. P. Deshmukh Kahalekar: extracted
[local-ai] Dr. M.A.Gaffar Hospital: extracted
[local-ai] Ardhapurkar Hospital: extracted
[local-ai] Dr. Punde Hospital: extracted
[checkpoint] saved 350 records
[local-ai] Raziya Memorial Hospital: extracted
[local-ai] Mathurai Hospital: extracted
[local-ai] Goda Nursing Home: extracted
[local-ai] Krushnai Hospital: extracted
[local-ai] Ankur Super-Speciality Women Hospital: extracted
[local-ai] Sai Netralaya Hospital: extracted
[local-ai] Ansari Hospital: extracted
[local-ai] Deshmukh Hospital: extracted
[local-ai] Sane Guruji Hospital: extracted
[local-ai] Charkha Hospital: extracted
[local-ai] Rehman Hospital: extracted
[local-ai] Shusurusha Hospital ICSI & Test Tube Centre: extracted
[local-ai] Bajaj Hospital: extracted
[local-ai] Patil Eye Hospital and Maternity Home: extracted
[local-ai] Shree Gajanan Maternity & Nursing Home: extracted
[local-ai] Ashtvinayak Hospital and ICU: extracted
[local-ai] Deglurkar Hospital & Suyog Maternity Home: extracted
[local-ai] YashoSai Hospital: extracted
[local-ai] Mala Hospital: extracted
[local-ai] Umrekar Multispeciality Hospital: extracted
[local-ai] Swami Vivekanand Hospital: extracted
[local-ai] Sanjivani General Hospital and Maternity Home: extracted
[local-ai] Tammewar Hospital: extracted
[local-ai] Galaxy Hospital - Centre for GI & liver diseases: extracted
[local-ai] Dr. Santosh Malpani Hospital: extracted
[checkpoint] saved 375 records
[local-ai] S.G.G.S Memorial Government Hospital: extracted
[local-ai] Dashmesh Hospital: extracted
[local-ai] Gayakwad Hospital: extracted
[local-ai] Bhaskar Hospital: extracted
[local-ai] Vishakha Hospital: extracted
[local-ai] Shree Yogeshwari Hospital: extracted
[local-ai] Omsai Surgical and Leproscopy Centre: extracted
[local-ai] Gurukrupa Hospital: extracted
[local-ai] Apeksha Dental Hospital and Superspeciality Clinic: extracted
[local-ai] Renuka Eye Hospital: extracted
[local-ai] Dr. Saqueb Seva Children's Hospital: extracted
[local-ai] Dr. Shaikh Anees Hospital: extracted
[local-ai] Dr. Narlawar Vishal Hospital: extracted
[local-ai] Mangalmurti Hospital: extracted
[local-ai] Dr. Malegaonkar General Hospital: extracted
[local-ai] Shri Chidrawar Super Specality Hospital: extracted
[local-ai] Rayet Hospital: extracted
[local-ai] Vighnharta Hospital: extracted
[local-ai] Sanjivani Hospital: extracted
[local-ai] Kadam Hospital: extracted
[local-ai] Shams Hospital and Maternity Home: extracted
[local-ai] Monark Cancer Hospital: extracted
[local-ai] Katte Hospital: extracted
[local-ai] Perke Hospital and Maternity Home: extracted
[local-ai] Jaundice Hospital: extracted
[checkpoint] saved 400 records
[local-ai] Railway Hospital: extracted
[local-ai] Mauli Hospital: extracted
[local-ai] Sajne Hospital: extracted
[local-ai] Abhyuday's Lifecare Superspeciality Hospital: extracted
[local-ai] Bannalikar Children's Hospital: extracted
[local-ai] Jeevan Jyoti Hospital: extracted
[local-ai] Vedant Hospital: extracted
[local-ai] Sanvedana Skin Care Hospital: extracted
[local-ai] Tawde Hospital: extracted
[local-ai] Mamidwar Hospital: extracted
[local-ai] Quadri Hospital: extracted
[local-ai] Government Hospital, Deulgaon: extracted
[local-ai] Sharada Hospital: extracted
[local-ai] Kesarle Hospital: extracted
[local-ai] Dr. Kalambkar's Sushroot Hospital: extracted
[local-ai] Dhondge Hospital: extracted
[local-ai] Chandure Hospital: extracted
[local-ai] Patil Hospital: extracted
[local-ai] Kadam Hospital and Nursing Home: extracted
[local-ai] Yelmate Hospital: extracted
[local-ai] Varad Hospital: extracted
[local-ai] Chounde Hospital: extracted
[local-ai] Srinath Prasutigruh Children's Hospital: extracted
[local-ai] Dagadiya Dental Hospital: extracted
[local-ai] Janki Hospital: extracted
[checkpoint] saved 425 records
[local-ai] Gajanan Hospital: extracted
[local-ai] Bhagwati Multispeciality Hospital: extracted
[local-ai] Shree Durga Hospital: extracted
[local-ai] Kingaonkar Hospital: extracted
[local-ai] Radhika Hospital: extracted
[local-ai] Maher Hospital: extracted
[local-ai] Krishna Hospital: extracted
[local-ai] City Hospital Super Speciality Centre: extracted
[local-ai] Pulse Multispeciality Hospital: extracted
[local-ai] City Care Hospital: extracted
[local-ai] Tandale Hospital: extracted
[local-ai] Jyoti Hospital: extracted
[local-ai] Bhanushri Hospital: extracted
[local-ai] Gunai Hospital: extracted
[local-ai] Surya Hospital: extracted
[local-ai] Dr. Kotalwar ENT Hospital: extracted
[local-ai] Arogya Hospital: extracted
[local-ai] Jivala Hospital: extracted
[local-ai] Karmudi Hospital: extracted
[local-ai] Swami Vivekanand Hospital: extracted
[local-ai] Sahara Hospital: extracted
[local-ai] Shree Naarayana Super Speciality Hospital: extracted
[local-ai] Rukmini Hospital: extracted
[local-ai] Sanjeevani Critical Care & Trauma Care centre: extracted
[local-ai] Hake Hospital: extracted
[checkpoint] saved 450 records
[local-ai] Dhonde Hospital: extracted
[local-ai] Sadbhavana Netralaya Hospital: extracted
[local-ai] Lions Eye Hospital: extracted
[local-ai] Mansi Hospital: extracted
[local-ai] Tirumala Multispeciality Hospital: extracted
[local-ai] Kalyani Hospital: extracted
[local-ai] Gitai Hospital: extracted
[local-ai] Shiv-Shashi Hospital: extracted
[local-ai] Aai Hospital: extracted
[local-ai] Sagar Hospital: extracted
[local-ai] Sai Matruseva Hospital: extracted
[local-ai] Barade Children's Hospital: extracted
[local-ai] Mandakhalikar Hospital: extracted
[local-ai] Kudumbale Hospital: extracted
[local-ai] Janani Hospital: extracted
[local-ai] Suryawanshi Hospital: extracted
[local-ai] Joshi Hospital: extracted
[local-ai] N M C Hospital: extracted
[local-ai] Rachewad Hospital: extracted
[local-ai] Aadhar Hospital: extracted
[local-ai] Aarogya Multi-Specialty Hospital: extracted
[local-ai] Akanksha Hospital: extracted
[local-ai] Sangmeshwar Niwas, Sai seva Hospital: extracted
[local-ai] Sahyadri Hospital: extracted
[local-ai] Jadhav Hospital: extracted
[checkpoint] saved 475 records
[local-ai] Deshmukh Hospital: extracted
[local-ai] Shree Hospital: extracted
[local-ai] Videkar Hospital: extracted
[local-ai] Dr. More Hospital: extracted
[local-ai] Jagtap Hospital: extracted
[local-ai] Ishwar Multispeciality Hospital: extracted
[local-ai] Arab Hospital: extracted
[local-ai] Sai Children's Hospital: extracted
[local-ai] Triveni Hospital: extracted
[local-ai] Kalpataru Children's Hospital: extracted
[local-ai] Pooja Women's Hospital: extracted
[local-ai] Vinayak Hospital: extracted
[local-ai] Vision Hospital: extracted
[local-ai] Allampallewar Hospital: extracted
[local-ai] Bhau Hospital: extracted
[local-ai] Bhavani Hospital Maternity and Children Hospital: extracted
[local-ai] Ajinkya Hospital: extracted
[local-ai] Yashodara Hospital: extracted
[local-ai] Yelale Hospital: extracted
[local-ai] Malu Hospital: extracted
[local-ai] Habiba Hospital: extracted
[local-ai] Chavanda Hospital: extracted
[local-ai] Dr. Jamadar Global Hospital: extracted
[local-ai] Walse Hospital: extracted
[local-ai] Chalwade Hospital: extracted
[checkpoint] saved 500 records
[local-ai] Venkatesh Hospital: extracted
[local-ai] Sidheshwar Kids Hospital: extracted
[local-ai] Spandan Hospital: extracted
[local-ai] Vivekanand Hospital: extracted
[local-ai] Garad Hospital: extracted
[local-ai] Somwanshi Accident and Maternity Hospital: extracted
[local-ai] Mundhe Hospital: extracted
[local-ai] Sadasukh Hospital: extracted
[local-ai] Shanti Hospital: extracted
[local-ai] Gore ENT Hospital: extracted
[local-ai] Dr. Kalge Laxmi Netralaya & Maternity Home: extracted
[local-ai] Darak Hospital: extracted
[local-ai] Unni Hospital: extracted
[local-ai] Kasturba Gandhi Womens Hospital: extracted
[local-ai] Dirghayu Hospital: extracted
[local-ai] Bargale Hospital: extracted
[local-ai] Lahane Hospital: extracted
[local-ai] Gore Hospital Maternity Home: extracted
[local-ai] Mortale Patil Accident Hospital: extracted
[local-ai] Jadhav Hospital: extracted
[local-ai] Kelgaonkar Hospital: extracted
[local-ai] Dr. Mashalkar Yashashree Hospital: extracted
[local-ai] Shree Samarth Navjivan Hospital: extracted
[local-ai] Lotus Children Surgery Hospital: extracted
[local-ai] KGN Test-Tube Baby Hospital & Research Centre: extracted
[checkpoint] saved 525 records
[local-ai] Chiranjiv Women's Hospital and Test Tube Baby Centre: extracted
[local-ai] Aadhar Hospital: extracted
[local-ai] Tapadiya Hospital Accident and Maternity: extracted
[local-ai] Sawli Hospital - Centre for Mental Health and Research: extracted
[local-ai] Parvati Netralaya Hospital: extracted
[local-ai] Vyankatesh Hospital: extracted
[local-ai] Rahat Hospital: extracted
[local-ai] Halnikar Hospital: extracted
[local-ai] Biyani Hospital: extracted
[local-ai] Alpha Superspeciality Hospital: extracted
[local-ai] Dadage Hospital: extracted
[local-ai] Care Multispeciality Hospital: extracted
[local-ai] Karpe Hospital: extracted
[local-ai] Premvijay Toshniwal Hospital: extracted
[local-ai] Baheti Hospital: extracted
[local-ai] Ankur Hospital: extracted
[local-ai] Venkateshwar Hospital: extracted
[local-ai] Paike Hospital: extracted
[local-ai] Jijamata Hospital: extracted
[local-ai] Somani Hospital: extracted
[local-ai] Galaxy Hospital and Critical Care Centre: extracted
[local-ai] Aradwad Hospital: extracted
[local-ai] Kandakure Hospital: extracted
[local-ai] Phulabai Bansude Hospital: extracted
[local-ai] Sukhada Maternity and Nursing Home: extracted
[checkpoint] saved 550 records
[local-ai] Kale Hospital: extracted
[local-ai] Shwas Children Hospital & Intensive Care: extracted
[local-ai] Sunrise Hospital: extracted
[local-ai] Kaveri Hospital: extracted
[local-ai] Bhosle Hospital: extracted
[local-ai] Siddhi Hospital: extracted
[local-ai] Vaishnavi Hospital & Endoscopy Centre: extracted
[local-ai] Sandikar Hospital: extracted
[local-ai] Vision Multispeciality Hospital: extracted
[local-ai] Rksha Child Care: extracted
[local-ai] Government Hospital, Kakadi: extracted
[local-ai] Government Hospital, Ranjangaon Khurd: extracted
[local-ai] Government Hospital, Pratappur: extracted
[local-ai] Government Hospital, Tarodi: extracted
[local-ai] Rural Hospital, Ashwi Khurd: extracted
[local-ai] Government Hospital, Deodaithan: extracted
[local-ai] Government Hospital, Georai: extracted
[local-ai] Kadam Hospital: extracted
[local-ai] Chakurkar Skin Care Centre: extracted
[local-ai] Vivekanand Cancer Hospital and Optimus Oncology Radiotherapy Centre: extracted
[local-ai] Shivai Hospital & Critical care Centre: extracted
[local-ai] Dr. D. S. Thite Children Hospital: extracted
[local-ai] Jijamata Hospital: extracted
[local-ai] Sai Multispeciality Hospital: extracted
[local-ai] Rukmini Hospital: extracted
[checkpoint] saved 575 records
[local-ai] Vidhate Accident Hospital: extracted
[local-ai] Mugale Hospital: extracted
[local-ai] Jaju Hospital: extracted
[local-ai] Navodaya Multispeciality Hospital: extracted
[local-ai] Bhalchandra Hospital: extracted
[local-ai] Yadav Hospital and Nursing Home: extracted
[local-ai] Sanjeevani Hospital: extracted
[local-ai] Bhairavnath Hospital: extracted
[local-ai] G. G. Birajdar Memorial Hospital: extracted
[local-ai] Miniyar Hospital: extracted
[local-ai] Eye Hospital: extracted
[local-ai] Loharekar Hospital: extracted
[local-ai] Kutwal Multi Speciality Hospital: extracted
[local-ai] Sushrut Hospital: extracted
[local-ai] Shreeyash Hospital: extracted
[local-ai] Siddhivinayak Hospital: extracted
[local-ai] Parvati Hospital: extracted
[local-ai] Sadhak Childcare Hospital: extracted
[local-ai] Ghodke Hospital: extracted
[local-ai] Pulse ICU Centre & Hospital: extracted
[local-ai] Jeevan Jyot Hospital: extracted
[local-ai] Spandan Hospital: extracted
[local-ai] Nagar Accident Hospital: extracted
[local-ai] Sahyadri Super Speciality Hospital: extracted
[local-ai] Niramay Hospital: extracted
[checkpoint] saved 600 records
[local-ai] Kanade Hospital: extracted
[local-ai] Yogiraj Hospital: extracted
[local-ai] Shendge Hospital and Research Centre: extracted
[local-ai] Deshmukh Accident Hospital: extracted
[local-ai] Babre Hospital: extracted
[local-ai] Hiral Hospital: extracted
[local-ai] Pakle Hospital: extracted
[local-ai] Latur Superspeciality Hospital Pvt.Ltd: extracted
[local-ai] Dr. Vikas Kale Chirantan Hospital: extracted
[local-ai] Lifeline Hospital: extracted
[local-ai] Akshay Hospital: extracted
[local-ai] Om Vishvekar Hospital: extracted
[local-ai] Pophale Hospital: extracted
[local-ai] Kshirasagar Hospital: extracted
[local-ai] Kaveri Hospital: extracted
[local-ai] Sharayu Hospital: extracted
[local-ai] Shivpuje Hospital: extracted
[local-ai] Suvidha Hospital and ICU Centre: extracted
[local-ai] Jagtap Hospital: extracted
[local-ai] Patange Hospital: extracted
[local-ai] Chandak Hospital: extracted
[local-ai] More Multispeciality Hospital: extracted
[local-ai] Sparsh Hospital & ICU Centre: extracted
[local-ai] Mauli Hospital: extracted
[local-ai] Palkar Accident Hospital: extracted
[checkpoint] saved 625 records
[local-ai] Chirayu Hospital: extracted
[local-ai] Sahyadri Surgical & General Hospital: extracted
[local-ai] Sonai Children Hospital: extracted
[local-ai] Shivshakti Accidental Hospital: extracted
[local-ai] Keshavraj Hospital: extracted
[local-ai] Durgai Nidan Kendra Hospital: extracted
[local-ai] Sanjivani Hospital: extracted
[local-ai] Shrisai Multispeciality: extracted
[local-ai] Dr. Sandip Tambare Hospital: extracted
[local-ai] Reddy Hospital: extracted
[local-ai] Ugile Hospital & Research Centre: extracted
[local-ai] General Hospital: extracted
[local-ai] Ashwini Hospital: extracted
[local-ai] Sakolkar Hospital: extracted
[local-ai] Gayatri Super Speciality Hospital & Critical Care Centre: extracted
[local-ai] Dr. Sachin More Hospital: extracted
[local-ai] Nandi Hospital: extracted
[local-ai] Sree Sai Hospital: extracted
[local-ai] Parveen Hospital: extracted
[local-ai] Garad Hospital: extracted
[local-ai] Yogini Hospital: extracted
[local-ai] Chavan Hospital: extracted
[local-ai] khyade Mahamuni Hospital: extracted
[local-ai] Bhagya Jyoti Hospital: extracted
[local-ai] Government Hospital, Shrigonda: extracted
[checkpoint] saved 650 records
[local-ai] Government Hospital, Walvad: extracted
[local-ai] Londhe Hospital: extracted
[local-ai] Manas Hospital: extracted
[local-ai] Navjeevan Hospital: extracted
[local-ai] Mukane Hospital: extracted
[local-ai] Zadbuke Hospital: extracted
[local-ai] Jayashree Nursing Home: extracted
[local-ai] Kade Hospital: extracted
[local-ai] Dr. Tambare Hospital: extracted
[local-ai] Kore Children Hospital: extracted
[local-ai] Dr. Mahadik Hospital: extracted
[local-ai] Wellness Nursing Home: extracted
[local-ai] S S Baldawa Multispeciality Hospital: extracted
[local-ai] Bandgar Hospital: extracted
[local-ai] Dr. Aher Hospital: extracted
[local-ai] CNS Hospital: extracted
[local-ai] Sidhivinayak Hospital: extracted
[local-ai] Somani Heart Care Hospital: extracted
[local-ai] Vipulharsh Hospital: extracted
[local-ai] Akshay Hospital: extracted
[local-ai] Disha Orthocare Hospital: extracted
[local-ai] Sushrut Hospital: extracted
[local-ai] Adarsh Eye and Orthopaedic Hospital: extracted
[local-ai] Sahayog Hospital: extracted
[local-ai] Keskar Hospital: extracted
[checkpoint] saved 675 records
[local-ai] Dr. Shitalshah Hospital: extracted
[local-ai] Manorama Hospital: extracted
[local-ai] Central Railway Hospital: extracted
[local-ai] Narmada Multi Speciality Hospital: extracted
[local-ai] Trimurti Hospital: extracted
[local-ai] Mangoli Hospital: extracted
[local-ai] Apex Hospital: extracted
[local-ai] Dr. Jog Eye Hospital: extracted
[local-ai] Government Sub Hospital: extracted
[local-ai] Suman Speciality Hospital: extracted
[local-ai] Gangamai Hospital: extracted
[local-ai] Karande Hospital Ashirwad Health Care Centre: extracted
[local-ai] Nanajkar Maternity and Nursing Home: extracted
[local-ai] Reliance Hospital: extracted
[local-ai] Mohite Hospital: extracted
[local-ai] Jijamata Maternity Hospital: extracted
[local-ai] Akbar Hospital: extracted
[local-ai] Dr. Gavade Fracture and Accident Hospital: extracted
[local-ai] Noble Heart Care Centre Hospital: extracted
[local-ai] Dr. Nimkar Hospital: extracted
[local-ai] Dr. Mhaske Hospital: extracted
[local-ai] Agraj Hospital: extracted
[local-ai] Mohan Hospital: extracted
[local-ai] Katikar Hospital: extracted
[local-ai] Perfect Eye Care Hospital: extracted
[checkpoint] saved 700 records
[local-ai] Omkar Hospital: extracted
[local-ai] Shri Vithal Hospital: extracted
[local-ai] Damaji Multispeciality Hospital: extracted
[local-ai] Lokmangal Jeevak Hospital: extracted
[local-ai] Gholap Hospital: extracted
[local-ai] E S I Hospital: extracted
[local-ai] Akshara Hospital: extracted
[local-ai] Bhosale Hospital: extracted
[local-ai] Ameena Hospital: extracted
[local-ai] Santosh Hospital: extracted
[local-ai] Chopade Child Care Hospital: extracted
[local-ai] Phade Hospital: extracted
[local-ai] Sangola ICU & Multispeciality Hospital: extracted
[local-ai] Dr. Metan Hospital: extracted
[local-ai] Toshniwal Eye Clinic Hospital: extracted
[local-ai] GalaxyHospital: extracted
[local-ai] Swami Samarth Hospital: extracted
[local-ai] Seva Hospital: extracted
[local-ai] Ashirwad Hospital: extracted
[local-ai] Saifee Hospital: extracted
[local-ai] Naval Maternity & Nursing Home: extracted
[local-ai] Adke Hospital: extracted
[local-ai] Dr. Ajit Pokale Hospital: extracted
[local-ai] Kumthekar General Hospital: extracted
[local-ai] Suvidha Hospital: extracted
[checkpoint] saved 725 records
[local-ai] Patil Hospital: extracted
[local-ai] Navjeevan Hospital: extracted
[local-ai] Mamata Hospital: extracted
[local-ai] Moti Hospital: extracted
[local-ai] Shaha Hospital: extracted
[local-ai] Shri Swami Samarth Hospital: extracted
[local-ai] Nirmal Anorectal and Multispeciality Hospital: extracted
[local-ai] Sushrut Hospital: extracted
[local-ai] Khairnar Hospital: extracted
[local-ai] Jay Clinic and Eye Hospital: extracted
[local-ai] Sanjeevani Hospital: extracted
[local-ai] Madhekar Hospital: extracted
[local-ai] Solapur Cancer Centre Hospital: extracted
[local-ai] Monarch Hospital: extracted
[local-ai] Krishna Children Hospital: extracted
[local-ai] Gajanan Maternity Hospital: extracted
[local-ai] Jamadar Hospital: extracted
[local-ai] Saraswati E.N.T Hospital: extracted
[local-ai] Deshpande Hospital: extracted
[local-ai] Waghchavre Accident & Orthopedic Hospital: extracted
[local-ai] Shete Maternity Hospital & Laparoscopy Centre: extracted
[local-ai] Patil Hospital: extracted
[local-ai] Tuljai Hospital: extracted
[local-ai] Suratkal Nursing Home: extracted
[local-ai] Deshpande Children Hospital: extracted
[checkpoint] saved 750 records
[local-ai] Devini Eye Hospital: extracted
[local-ai] Jayprabha Hospital: extracted
[local-ai] Shaha Hospital: extracted
[local-ai] Mahila Hospital: extracted
[local-ai] Jagtap Hospital: extracted
[local-ai] Dr. Jalil Mujawar Hospital: extracted
[local-ai] Life Line Hospital & Research Centre Multi Speciality Hospital: extracted
[local-ai] Ramkrishna Eye Hospital: extracted
[local-ai] Shravan Clinic: extracted
[local-ai] Shri Lahan Mulance Hospital: extracted
[local-ai] Dr. Gade Children Hospital: extracted
[local-ai] Krishna Hospital: extracted
[local-ai] Aitwade Hospital: extracted
[local-ai] Wagle Hospital: extracted
[local-ai] Dr. Chopade Hospital: extracted
[local-ai] Sarda Hospital: extracted
[local-ai] Geeta Hospital: extracted
[local-ai] Shete Jagtap Hospital: extracted
[local-ai] Krishna Hospital: extracted
[local-ai] Fatima Hospital: extracted
[local-ai] Om Hospital: extracted
[local-ai] Siddharth Hospital: extracted
[local-ai] Apex Hospital: extracted
[local-ai] Shivkrupa Hospital: extracted
[local-ai] Dr. Bolli's Children's Hospital: extracted
[checkpoint] saved 775 records
[local-ai] Shreeyash Hospital: extracted
[local-ai] Varad Hospital: extracted
[local-ai] Rohit Children's Hospital: extracted
[local-ai] Arkal Hospital: extracted
[local-ai] Lifeline Superspeciality Hospital: extracted
[local-ai] Cancer Hospital and Research Centre: extracted
[local-ai] Siddhi Nursing Home: extracted
[local-ai] Kate Hospital: extracted
[local-ai] Dr. Chaudhari Hospital: extracted
[local-ai] Dr. Mastud Hospital: extracted
[local-ai] Abhijit Hospital: extracted
[local-ai] Siddheshwar Cancer Hospital: extracted
[local-ai] Dr. Batlawande Hospital: extracted
[local-ai] Pavale Hospital: extracted
[local-ai] Nikam Hospital: extracted
[local-ai] Shaha Hospital: extracted
[local-ai] Aadhar Psychiatry Hospital: extracted
[local-ai] Niramaya Hospital: extracted
[local-ai] Balaji Hospital: extracted
[local-ai] Chaitanya Children's Hospital: extracted
[local-ai] Saygaonkars Krushnai Hospital: extracted
[local-ai] Dr. Kshirsagar Hospital: extracted
[local-ai] Vighnaharta Hospital: extracted
[local-ai] Kshirsagar Hospital: extracted
[local-ai] Dr. Onagiri Hospital: extracted
[checkpoint] saved 800 records
[local-ai] Dr. D.M. Barve Memorial Hospital: extracted
[local-ai] Lokhande Hospital: extracted
[local-ai] Amruta Hospital: extracted
[local-ai] Shri Kamakshi Multispeciality Hospital: extracted
[local-ai] Babar Hospital and ICU: extracted
[local-ai] Thorat ENT and Eye Hospital: extracted
[local-ai] Shri Mangalmurti Hospital: extracted
[local-ai] Kazi Hospital: extracted
[local-ai] Shree Balaji Hospital: extracted
[local-ai] Siddhivinayak Hospital: extracted
[local-ai] Sawant Hospital: extracted
[local-ai] Lahoti Children's Hospital: extracted
[local-ai] Mane Hospital: extracted
[local-ai] Prathmesh ENT Hospital: extracted
[local-ai] Bhosale Hospital: extracted
[local-ai] District Hospital, Satara: extracted
[local-ai] Botre Hospital: extracted
[local-ai] Jai Bhagwan Hospital: extracted
[local-ai] Sai Amrut Multispeciality Hospital: extracted
[local-ai] Satara Diagnostic Centre & Multispeciality Hospital: extracted
[local-ai] Krishna Clinic: extracted
[local-ai] Sanjivani Hospital: extracted
[local-ai] Jadhav Hospital: extracted
[local-ai] Joglekar Hospital: extracted
[local-ai] Savalkar Children's Hospital: extracted
[checkpoint] saved 825 records
[local-ai] Bodhe Maternity Hospital: extracted
[local-ai] Yashodeep ENT Hospital: extracted
[local-ai] Niramaya Hospital and Research Centre: extracted
[local-ai] Kil-Bil Children's Hospital: extracted
[local-ai] Hirve Multispeciality Hospital: extracted
[local-ai] Manasi Memorial Hospital: extracted
[local-ai] Howale Hospital Private Limited: extracted
[local-ai] Ajinkya Hospital: extracted
[local-ai] Lomate Hospital: extracted
[local-ai] Ahireshwar Hospital: extracted
[local-ai] Astha Childcare & General Hospital: extracted
[local-ai] Patil Hospital: extracted
[local-ai] Vedant Health Care Centre Hospital: extracted
[local-ai] Gore Accident Hospital: extracted
[local-ai] Indira Hospital: extracted
[local-ai] Kamala Hospital: extracted
[local-ai] Danth Nursing Home: extracted
[local-ai] Dhanvantari Hospital: extracted
[local-ai] Shah Hospital: extracted
[local-ai] Shree Radha Krishna Hospital & Infertility Centre: extracted
[local-ai] Sharvil Nursing Home and Laparoscopy Centre: extracted
[local-ai] Nalawade Hospital: extracted
[local-ai] Ekopa Hospital & Karad Fertility Research Centre: extracted
[local-ai] Karambelkar Hospital: extracted
[local-ai] Kandalgaonkar Eye Hospital: extracted
[checkpoint] saved 850 records
[local-ai] Shivam Hospital: extracted
[local-ai] Varad Hospital and ICU center: extracted
[local-ai] Kadam Hospital: extracted
[local-ai] Aryavidhi Hospital - Maternity & ENT Specialist: extracted
[local-ai] Dr. Srigopal Chandak Hospital: extracted
[local-ai] Dr. Sangram Pawar Hospital: extracted
[local-ai] Mahajan Hospital: extracted
[local-ai] Saurabh Hospital: extracted
[local-ai] Bichkar Hospital: extracted
[local-ai] Ankur Hospital: extracted
[local-ai] Bharati Hospital & Laparoscopy Centre: extracted
[local-ai] Dikshit Hospital: extracted
[local-ai] Bahulekar Hospital: extracted
[local-ai] Lokmanya Nursing Home: extracted
[local-ai] Suvidha Multispeciality Hospital: extracted
[local-ai] Shri Sai Multispeciality Hospital: extracted
[local-ai] Karad Hospital: extracted
[local-ai] Sonwalkar Maternity and Surgical Hospital: extracted
[local-ai] Lawand Hospital: extracted
[local-ai] Chaitanya Children Hospital: extracted
[local-ai] Gandhi Hospital: extracted
[local-ai] Anjali Hospital: extracted
[local-ai] Sunrise Hospital: extracted
[local-ai] Onco Life Cancer Centre- Comprehensive Super Specialty Cancer Hospital: extracted
[local-ai] Phadke Nursing Home: extracted
[checkpoint] saved 875 records
[local-ai] Shree Hospital: extracted
[local-ai] Bheda Eye Hospital: extracted
[local-ai] Life Care Multi-Speciality Hospital: extracted
[local-ai] Yash Hospital: extracted
[local-ai] Datar's General Hospital: extracted
[local-ai] Kore Hospital: extracted
[local-ai] Nilprabha Hospital: extracted
[local-ai] Dhumal Hospital: extracted
[local-ai] Barge Hospital: extracted
[local-ai] Dr. Sanjay Korde Clinic: extracted
[local-ai] Dr. Galande Hospital: extracted
[local-ai] Jagtap Hospital: extracted
[local-ai] Nikam Hospital: extracted
[local-ai] Saoo Hospital: extracted
[local-ai] Ghorpade Hospital: extracted
[local-ai] Government Hospital, Umbargaon: extracted
[local-ai] Government Hospital, Karjule Pathar: extracted
[local-ai] Government Hospital, Sawarkute: extracted
[local-ai] Government Hospital, Bhatkudgaon: extracted
[local-ai] Government Hospital, Sarola Kasar: extracted
[local-ai] Bhole Hospital: extracted
[local-ai] Swastik Hospital: extracted
[local-ai] Nandadeep Eye Hospital: extracted
[local-ai] Mukadam Hospital: extracted
[local-ai] Mindcare Hospital: extracted
[checkpoint] saved 900 records
[local-ai] Dewaliben Mohanlal Mehta Lions Eye Hospital: extracted
[local-ai] extraction failed: Local model returned invalid JSON
[local-ai] Walwalkar Hospital and Research Centre: extracted
[local-ai] Dr. Kodichar General Hospital: extracted
[local-ai] Dipti Hospital: extracted
[local-ai] Spandan Hospital: extracted
[local-ai] Sunrise Hospital: extracted
[local-ai] S M S Hospital: extracted
[local-ai] Dr. Waghmare 's Aaditya Orthopaedic & Eyecare Hospital: extracted
[local-ai] Rahim Hospital and ICU: extracted
[local-ai] Chintamani Hospital: extracted
[local-ai] Bai Ratanbai Gharda Hospital: extracted
[local-ai] Patil Hospital: extracted
[local-ai] Dr. Khot Hospital: extracted
[local-ai] Chitle Hospital: extracted
[local-ai] Shree Dhanvantari Hospital: extracted
[local-ai] Deshpande Hospital: extracted
[local-ai] NAB Eye Hospital: extracted
[local-ai] Dr. Munir Maskar Hospital: extracted
[local-ai] Shraddha Hospital: extracted
[local-ai] Aparant Hospital: extracted
[local-ai] Dighe Hospital: extracted
[local-ai] Wandkar Hospital: extracted
[local-ai] Dr Radharani Patil Eye Specalist Hospital: extracted
[local-ai] Sushrusha Hospital: extracted
[checkpoint] saved 925 records
[local-ai] Nikam Hospital: extracted
[local-ai] Lotalikar Hospital: extracted
[local-ai] Avneesh Criticare Centre & Hospital: extracted
[local-ai] Jable Hospital: extracted
[local-ai] Anandkalp Hospital: extracted
[local-ai] Khalid Hospital: extracted
[local-ai] Shree Vyankatesh Netralay Hospital: extracted
[local-ai] Modak Hospital: extracted
[local-ai] Dr. Priya Yadav Hospital: extracted
[local-ai] Soham Hospital: extracted
[local-ai] Shivkrupa Multispeciality Hospital: extracted
[local-ai] Dr. G.S. Kulkarni's Shri Renuka Hospital: extracted
[local-ai] Hridaya Multyspeciality Hospital: extracted
[local-ai] Dr. Ushti Netralaya Hospital: extracted
[local-ai] Dr. Abhay Kudache Hospital: extracted
[local-ai] Sakharpe Hospital: extracted
[local-ai] Moghe Hospital: extracted
[local-ai] Shivkrupa Modern Hospital: extracted
[local-ai] Maher Hospital: extracted
[local-ai] Borgave Hospital: extracted
[local-ai] Dr. Pathan Hospital: extracted
[local-ai] Dr. Kumbhar Hospital: extracted
[local-ai] Banashree Nursing Home: extracted
[local-ai] Ashwini Eye Hospital: extracted
[local-ai] Parvati ENT Hospital: extracted
[checkpoint] saved 950 records
[local-ai] Arihant Hospital: extracted
[local-ai] Aai Hospital: extracted
[local-ai] Dr. Deshpande Nursing Home: extracted
[local-ai] Kalyanshetty Hospital: extracted
[local-ai] City Care Hospital: extracted
[local-ai] Purvapunyai Hospital: extracted
[local-ai] Dr. Ashok Kajave Children Hospital and Maternity Home: extracted
[local-ai] Lata Surgical Hospital: extracted
[local-ai] Dnyandeep Nursing Home & General Hospital: extracted
[local-ai] Kesarkar Hospital: extracted
[local-ai] Swaroop Hospital: extracted
[local-ai] Dangare Hospital: extracted
[local-ai] Desai Hospital: extracted
[local-ai] Dr. Arvind Lande Surgical, Maternity and Urology Hospital: extracted
[local-ai] Nagvekar Hospital: extracted
[local-ai] Hospital Sawant: extracted
[local-ai] Bhakti Hospital and Maternity Home: extracted
[local-ai] Dr. Vishakha Patil's Shriram Hospital and Maternity Home: extracted
[local-ai] Tara Nursing Home: extracted
[local-ai] Amar Vija Child care Hospital: extracted
[local-ai] Kaulavkar Hospital & Dental Care: extracted
[local-ai] Sidnale Hospital: extracted
[local-ai] Samarth Satam Maharaj Children Hospital: extracted
[local-ai] Dr. Hedgewar Hospital SevaBharati: extracted
[local-ai] Ujjwala Hospital: extracted
[checkpoint] saved 975 records
[local-ai] Jeevandhara Hospital: extracted
[local-ai] Magdum Hospital: extracted
[local-ai] Gurukripa Nursing Home: extracted
[local-ai] Sukhayu Hospital: extracted
[local-ai] Ashwini Hospital: extracted
[local-ai] Siddhivinayak Orthopaedic Hospital: extracted
[local-ai] Pattanshetti Hospital: extracted
[local-ai] Sainath Hospital: extracted
[local-ai] Dr. Sunil Sawant Hospital: extracted
[local-ai] Dr. Chandrakant Rane Private Hospital: extracted
[local-ai] Sanjivani Hospital: extracted
[local-ai] Athaayu Hospital: extracted
[local-ai] Kashalikar Hospital: extracted
[local-ai] Malewad Hospital: extracted
[local-ai] Hattarki Hospital: extracted
[local-ai] Sanjivani Balrugnalay Children's Hospital: extracted
[local-ai] Ligade Hospital: extracted
[local-ai] Narayan Hospital: extracted
[local-ai] Sai Hospital: extracted
[local-ai] Alliance Multispeciality Hospital: extracted
[local-ai] Venkateshwara Hospital: extracted
[local-ai] Dr. Rane Hospital: extracted
[local-ai] Pednekar Hospital: extracted
[local-ai] B S Patil Hospital: extracted
[local-ai] Shalaka Eye Centre: extracted
[checkpoint] saved 1000 records
[local-ai] Pink Lotus Hospital: extracted
[local-ai] Nityashradha Hospital: extracted
[local-ai] Sanjeevani Hospital: extracted
[local-ai] Kolhapur Kidney Care & Super Speciality Hospital: extracted
[local-ai] Devdhar Hospital: extracted
[local-ai] Om Hospital: extracted
[local-ai] Sudhan Hospital: extracted
[local-ai] Antrang Hospital: extracted
[local-ai] ESIC Hospital, Kamgar: extracted
[local-ai] Gawade Ortho & Maternity Hospital: extracted
[local-ai] Akshay Hospital: extracted
[local-ai] Mauli Maternity Hospital: extracted
[local-ai] Vyankateshwara Hospital: extracted
[local-ai] Shushrusha Hospital: extracted
[local-ai] Kulkarni Children's Hospital: extracted
[local-ai] Chintamani Hospital: extracted
[local-ai] Shri Swami Samarth Hospital: extracted
[local-ai] Kranti Hospital: extracted
[local-ai] Pardeshi Hospital: extracted
[local-ai] Tulip Traumacare & Multispeciality Hospital: extracted
[local-ai] Sahyadri Hospital: extracted
[local-ai] Dr. Appasaheb Varute Memorial Hospital: extracted
[local-ai] RM Patil Memorial Orthopaedic Hospital: extracted
[local-ai] North Star Superspecialty Hospital: extracted
[local-ai] Dr. Vasgadekar Hospital: extracted
[checkpoint] saved 1025 records
[local-ai] Aditya Eye Hospital: extracted
[local-ai] Yashwant Hospital: extracted
[local-ai] Patil Nursing Home: extracted
[local-ai] Dr. Vikas Kulkarni ENT Hospital: extracted
[local-ai] Surya Hospital: extracted
[local-ai] Renuka Hospital: extracted
[local-ai] Ganga Hospital: extracted
[local-ai] Krishnamai Hospital: extracted
[local-ai] Dr. Malgave Hospital: extracted
[local-ai] Morna Hospital: extracted
[local-ai] Manorama Hospital: extracted
[local-ai] Mahalaxmi Hospitals: extracted
[local-ai] Sunrise Hospital: extracted
[local-ai] Shree Hospital: extracted
[local-ai] Kushal Hospital: extracted
[local-ai] Shraddha Hospital: extracted
[local-ai] Sande Homeopathy Hospital: extracted
[local-ai] Life Line Hospital: extracted
[local-ai] Krishnai Ortho & Paeds Hospital: extracted
[local-ai] Samarth Hospital: extracted
[local-ai] Apoorva Hospital: extracted
[local-ai] Morale Hospital: extracted
[local-ai] Varad Multispeciality Hospital: extracted
[local-ai] Shah ENT Hospital: extracted
[local-ai] Sai Nursing Home: extracted
[checkpoint] saved 1050 records
[local-ai] Shraddha Hospital: extracted
[local-ai] Annapurna Hospital: extracted
[local-ai] Nadkarni Hospital: extracted
[local-ai] Hira Nursing Home: extracted
[local-ai] Samarth Hospital: extracted
[local-ai] Krishna Hospital: extracted
[local-ai] Morya Nursing Home: extracted
[local-ai] Super Hospital: extracted
[local-ai] Kurne Hospital: extracted
[local-ai] Arya Hospital: extracted
[local-ai] Pravara Hospital: extracted
[local-ai] Shubhankaroti Hospital: extracted
[local-ai] Dr. Walke Hospital: extracted
[local-ai] Matoshri Hospital: extracted
[local-ai] Dr. Nerlekar Hospital: extracted
[local-ai] Diamond Hospital: extracted
[local-ai] Mangalmurti Hospital: extracted
[local-ai] Shree Nursing Home: extracted
[local-ai] J K Multispeciality Hospital: extracted
[local-ai] Karanjakar Hospital: extracted
[local-ai] Swastik Hospital: extracted
[local-ai] Mamata Hospital: extracted
[local-ai] Shri Ram Vijaya Kakade Hospital: extracted
[local-ai] Sai Hospital: extracted
[local-ai] Vijaya Nursing Home: extracted
[checkpoint] saved 1075 records
[local-ai] Akshay Hospital: extracted
[local-ai] Dige Hospital: extracted
[local-ai] Gholape Hospital: extracted
[local-ai] Shri Siddhivinayak Hospital: extracted
[local-ai] Tejomay Hospital: extracted
[local-ai] Dr. Karanjkar Hospital: extracted
[local-ai] Siddhant Hospital & Research Centre: extracted
[local-ai] Sadichha Hospital: extracted
[local-ai] Katre Hospital: extracted
[local-ai] Chougule Hospital: extracted
[local-ai] Sushrisha Hospital: extracted
[local-ai] Matru Bal Hospital: extracted
[local-ai] Lotus Hospital: extracted
[local-ai] Peerkhan Hospital: extracted
[local-ai] Tamboli Hospital & ICU: extracted
[local-ai] Yashodhan Hospital: extracted
[local-ai] Divekar Hospital: extracted
[local-ai] Thanedar Hospital: extracted
[local-ai] Ashadevi Hospital: extracted
[local-ai] Savardekar Hospital: extracted
[local-ai] Ayush Children Hospital: extracted
[local-ai] Dr. Gosavi Hospital: extracted
[local-ai] Dorle Hospital: extracted
[local-ai] Ashtekar Hospital: extracted
[local-ai] Saha Orthopaedic Hospital: extracted
[checkpoint] saved 1100 records
[local-ai] Kumbhar Hospital: extracted
[local-ai] Pristine Women's Hospital: extracted
[local-ai] Mhetre Accident and Multispeciality Hospital: extracted
[local-ai] Bhave Children Hospital: extracted
[local-ai] Pujari Hospital: extracted
[local-ai] Mahatma Gandhi Cancer Hospital: extracted
[local-ai] Gupte Nursing Home: extracted
[local-ai] Maa Hospital: extracted
[local-ai] Sachin Hospital: extracted
[local-ai] Palkar Hospital: extracted
[local-ai] Dr. Isapure Orthopaedic Hospital: extracted
[local-ai] Naik Hospital: extracted
[local-ai] Tamboli Maternity Hospital: extracted
[local-ai] Dr. Patil's Akashdeep Netralay Eye Hospital: extracted
[local-ai] Synegy Multispeciality Hospital: extracted
[local-ai] Dr. Harshal Kulkarni Bone and Joint Centre: extracted
[local-ai] Jadhav Hospital: extracted
[local-ai] Karanje Children's Hospital: extracted
[local-ai] Gosavi Hospital Ashwini Prasad: extracted
[local-ai] Kothawale Hospital: extracted
[local-ai] Gurukrupa Hospital: extracted
[local-ai] Sakekar Hospital: extracted
[local-ai] Chirayu Hospital: extracted
[local-ai] Dr. A R Patil Hospital: extracted
[local-ai] Pratibha Nursing Home: extracted
[checkpoint] saved 1125 records
[local-ai] Shankargouda Child Hospital: extracted
[local-ai] Galaxy Hospital: extracted
[local-ai] City Hospital: extracted
[local-ai] Dr. Rawal Maternity and Surgical Hospital: extracted
[local-ai] Shivannavar Hospital: extracted
[local-ai] Chandrapattan Hospital: extracted
[local-ai] Khot Maternity Hospital: extracted
[local-ai] Ankur Hospital: extracted
[local-ai] District General Hospital: extracted
[local-ai] Dr. M.P. Patil Hospital: extracted
[local-ai] Vail Memorial Hospital: extracted
[local-ai] Dr. Chavan Hospital: extracted
[local-ai] Diwan Hospital: extracted
[local-ai] Nitave Hospital: extracted
[local-ai] Shamshree Maternity & Surgical Hospital: extracted
[local-ai] Vadgaokar Nursing Home: extracted
[local-ai] K.M.C. Memorial General Hospital: extracted
[local-ai] Jeevan Children Hospital: extracted
[local-ai] Ganga Hospital: extracted
[local-ai] Dr. Rajiv Gandhi Hospital: extracted
[local-ai] Horizon Multispeciality Hospital: extracted
[local-ai] Lomte Nursing Home: extracted
[local-ai] Hombalkar Pediatric and Neonatal Surgical Hospital: extracted
[local-ai] Janani Hospital: extracted
[local-ai] Nirmal Hospital: extracted
[checkpoint] saved 1150 records
[local-ai] Aastha Nursing Home: extracted
[local-ai] Satyasairam Hospital: extracted
[local-ai] Samvedana Neurological Hospital: extracted
[local-ai] Kashalikar Hospital: extracted
[local-ai] Shwas Lifeline Centre Hospital: extracted
[local-ai] Radhagovind Hospital: extracted
[local-ai] Nayantara Nursing Home: extracted
[local-ai] Sanjeevani Hospital: extracted
[local-ai] Pathak Hospital: extracted
[local-ai] Somashekhar Hospital: extracted
[local-ai] Laparoscopy Hospital: extracted
[local-ai] Sanjeevan Hospital: extracted
[local-ai] Sevasadan Lifeline Superspeciality Hospital: extracted
[local-ai] Dr. Charudatta Kulkarni Hospital: extracted
[local-ai] Pawar Hospital: extracted
[local-ai] Chadha Hospital: extracted
[local-ai] Qadri Hospital: extracted
[local-ai] Dr. Dayanand Naik Skin Care Hospital: extracted
[local-ai] Sunita Memorial Accident Hospital: extracted
[local-ai] Ankur Hospital: extracted
[local-ai] Magdum Multispeciality Hospital: extracted
[local-ai] Government Hospital, Akolner: extracted
[local-ai] Government Hospital, Chikhali: extracted
[local-ai] Varad Hospital: extracted
[local-ai] Patil Hospital: extracted
[checkpoint] saved 1175 records
[local-ai] Savant Hospital: extracted
[local-ai] Bhosale Hospital: extracted
[local-ai] Vishwas Nursing Home: extracted
[local-ai] Life Care Multispeciality Hospital: extracted
[local-ai] Samarth Hospital: extracted
[local-ai] Shriram Hospital: extracted
[local-ai] Anuraj Hospital: extracted
[local-ai] Shree Samarth Hospital: extracted
[local-ai] Padalkar Hospital: extracted
[local-ai] Sarswati Hospital: extracted
[local-ai] Sudha Hospital: extracted
[local-ai] Vijaya Hospital: extracted
[local-ai] Virupaksha Hospital: extracted
[local-ai] Mamta Nursing Home: extracted
[local-ai] Bhoi Hospital Children's Hospital: extracted
[local-ai] Mamta Maternity Fertility and Surgical Hospital: extracted
[local-ai] Maher Hospital Maternity: extracted
[local-ai] Shah Hospital: extracted
[local-ai] Dr. Ghunkikar Multispeciality Hospital: extracted
[local-ai] Patange Hospital: extracted
[local-ai] Dr. Walekar Amrutvel Hospital: extracted
[local-ai] Dr. Pawar Hospital: extracted
[local-ai] OmShree Hospital: extracted
[local-ai] ESI Hospital: extracted
[local-ai] Bandgar Hospital: extracted
[checkpoint] saved 1200 records
[local-ai] Yashsree Hospital: extracted
[local-ai] Kore General Hospital: extracted
[local-ai] Nandadeep Eye Hospital: extracted
[local-ai] Shreyas Hospital: extracted
[local-ai] Shree Sai Surgical and Maternity Hospital: extracted
[local-ai] Varad Hospital: extracted
[local-ai] Tasgaon Hospital: extracted
[local-ai] Modi Maternity Hospital: extracted
[local-ai] Asha Hospital: extracted
[local-ai] Niramay Hospital: extracted
[local-ai] Saideep Eye Hospital: extracted
[local-ai] Dr. Kanti Shah Hospital: extracted
[local-ai] Prajakta Hospital: extracted
[local-ai] Mayureshwar Hospital: extracted
[local-ai] Nav Jeevan Surgical Hospital: extracted
[local-ai] Ingle Hospital: extracted
[local-ai] Vishwa Vinayak Maternity Hospital: extracted
[local-ai] Kamala Accident & Orthopaedic Hospital: extracted
[local-ai] Shree Hospital: extracted
[local-ai] Sonali Hospital: extracted
[local-ai] Samarth Hospital: extracted
[local-ai] Kiran Hospital: extracted
[local-ai] Government Civil Hospital: extracted
[local-ai] Dr. Soamshekar Modi Hospital: extracted
[local-ai] Shinde Hospital: extracted
[checkpoint] saved 1225 records
[local-ai] Kolekar Hospital: extracted
[local-ai] Bal Gopal Children Hospital: extracted
[local-ai] Gaurav Orthopaedic and Accident Hospital: extracted
[local-ai] Mahankali Orthopaedic Centre Hospital: extracted
[local-ai] Banshankari Hospital: extracted
[local-ai] Shri Samarth Children Hospital: extracted
[local-ai] Hajare Hospital: extracted
[local-ai] Kalpana Hospital: extracted
[local-ai] Sumangal Hospital: extracted
[local-ai] Navajivan Hospital: extracted
[local-ai] Tamboli Hospital: extracted
[local-ai] Shri Swami Samarth Hospital: extracted
[local-ai] Uma Hospital: extracted
[local-ai] Anand Maternity Hospital: extracted
[local-ai] Dr. C.B Pawar Hospital: extracted
[local-ai] Radha Memorial Hospital: extracted
[local-ai] CPM Hospital: extracted
[local-ai] Mangalmurti Children's Hospital: extracted
[local-ai] Dr. Manohar Modi Hospital: extracted
[local-ai] Aadhar Chikitsalaya General Hospital: extracted
[local-ai] Priyanka Hospital: extracted
[local-ai] Krushna Hospital: extracted
[local-ai] Parvati Hospital: extracted
[local-ai] Badakh Hospital: extracted
[local-ai] Dr. Kavade Hospital: extracted
[checkpoint] saved 1250 records
[local-ai] Sadguru Hospital: extracted
[local-ai] Arali Hospital: extracted
[local-ai] Mehta Hospital: extracted
[local-ai] Ghatage Multispeciality Hospital: extracted
[local-ai] Jog Hospital: extracted
[local-ai] Urmila Hospital: extracted
[local-ai] Government Hospital, Chimbhale: extracted
[local-ai] Ashtavinayak Hospital: extracted
[local-ai] Deshpande Nursing Home: extracted
[local-ai] Lohiya Hospital: extracted
[local-ai] Sigedar Accidental Hospital: extracted
[local-ai] Shinde Hospital: extracted
[local-ai] Kayande Hospital: extracted
[local-ai] Jayshree Hospital: extracted
[local-ai] Aayush Bal Rugnalay and Critical Care: extracted
[local-ai] Gurukrupa Hospital: extracted
[local-ai] Shree Sai Hospital: extracted
[local-ai] Meher Hospital: extracted
[local-ai] Naval Hospital: extracted
[local-ai] Netraseva Hospital: extracted
[local-ai] Dr. Budhawat Hospital: extracted
[local-ai] Mahendra Hospital: extracted
[local-ai] Care Hospital: extracted
[local-ai] Sai Children Hospital: extracted
[local-ai] Jethliya Hospital: extracted
[checkpoint] saved 1275 records
[local-ai] Shatayu Multispeciality Hospital: extracted
[local-ai] Kakad Hospital: extracted
[local-ai] Matoshree Hospital: extracted
[local-ai] Sahyadri Hospital: extracted
[local-ai] Shinde Children Hospital: extracted
[local-ai] Mauli Hospital: extracted
[local-ai] Giriraj Hospital Accidental & Dental Hospital: extracted
[local-ai] Aastha Hospital: extracted
[local-ai] Anusaya Hospital: extracted
[local-ai] Aastha Hospital & ICU: extracted
[local-ai] Mauli Sparsh Hospital and Maternity Home: extracted
[local-ai] Gadiya Hospital: extracted
[local-ai] Dr. Mindhar General Hospital: extracted
[local-ai] Om Hospital: extracted
[local-ai] Warkad Hospital: extracted
[local-ai] Krishna Hospital: extracted
[local-ai] Shri Krishna Hospital: extracted
[local-ai] Niramay Hospital: extracted
[local-ai] Shashwat Piles Hospital: extracted
[local-ai] Joshi Accident and General Hospital: extracted
[local-ai] Santkrupa Hospital: extracted
[local-ai] Shewale Hospital: extracted
[local-ai] Vital Hospital: extracted
[local-ai] Shubham Hospital: extracted
[local-ai] Ashtavinayak Hospital: extracted
[checkpoint] saved 1300 records
[local-ai] Guru Ganesh Mutha Hospital: extracted
[local-ai] Vivekanand Hospital: extracted
[local-ai] Dargad Hospital: extracted
[local-ai] Hushe's Jalna Hospital: extracted
[local-ai] Government Hospital: extracted
[local-ai] Venkatesh Hospital: extracted
[local-ai] Avadh Hospital: extracted
[local-ai] Shinde Hospital: extracted
[local-ai] Aai Hospital: extracted
[local-ai] Deepak Hospital: extracted
[local-ai] Prathmesh Hospital: extracted
[local-ai] Giram Hospital: extracted
[local-ai] Yash Eye Hospital: extracted
[local-ai] Gite Netra Rugnalaya: extracted
[local-ai] Maniyar Hospital: extracted
[local-ai] Sabale Hospital: extracted
[local-ai] Jinturkar Samyak Hospital: extracted
[local-ai] Kulswamini Hospital: extracted
[local-ai] Runwal Accident Hospital: extracted
[local-ai] Yogeshwar Hospital: extracted
[local-ai] Ambika Hospital: extracted
[local-ai] Budhawat Hospital: extracted
[local-ai] Chhabda Hospital: extracted
[local-ai] Prabhu Hospital: extracted
[local-ai] Padol Hospital & Prasuti Gruha: extracted
[checkpoint] saved 1325 records
[local-ai] Bharati Balrugnalaya: extracted
[local-ai] Sant Gadge Baba Multispeciality Hospital: extracted
[local-ai] Saishardha Hospital: extracted
[local-ai] Sachdev Child Hospital: extracted
[local-ai] Samarth Hospital and Maternity Home: extracted
[local-ai] Sri Samarth Hospital: extracted
[local-ai] Shree Surgical Hospital: extracted
[local-ai] Ambekar Hospital: extracted
[local-ai] Shilpa ENT Hospital: extracted
[local-ai] Chiranjeev Child Hospital: extracted
[local-ai] Prayag Hospital: extracted
[local-ai] Panchsheel Hospital: extracted
[local-ai] Borade Hospital: extracted
[local-ai] Sahyadri Hospital & ICU: extracted
[local-ai] Aadhar Hospital: extracted
[local-ai] Minakshi Child Hospital: extracted
[local-ai] Om Children Hospital: extracted
[local-ai] Rajendra Hospital: extracted
[local-ai] Government Hospital, Devibhoyare: extracted
[local-ai] Government Hospital, Ganore: extracted
[local-ai] Government Hospital, Khandgaon: extracted
[local-ai] Kothari Hospital: extracted
[local-ai] Bhusare Hospital & Research Centre: extracted
[local-ai] Vyankatesh Hospital: extracted
[local-ai] Bhujbal Hospital: extracted
[checkpoint] saved 1350 records
[local-ai] Narole Hospital: extracted
[local-ai] Tirupati Hospital: extracted
[local-ai] Masoom Hospital: extracted
[local-ai] Soham Hospital: extracted
[local-ai] Dr. Mangesh Kadam Psychiatric Hospital: extracted
[local-ai] Mamta Memorial Multispeciality Hospital: extracted
[local-ai] Padmavati Hospital: extracted
[local-ai] Aarogyam Hospital: extracted
[local-ai] Jadhav Hospital: extracted
[local-ai] Daiva-Bharti Accident Hospital: extracted
[local-ai] Shree Sai Samrth Hospital: extracted
[local-ai] Amar Hospital, Maternity & Bal Rungnalaya: extracted
[local-ai] Gajanana Hospital: extracted
[local-ai] Suman Hospital & Maternity Home: extracted
[local-ai] Golden City Hospital: extracted
[local-ai] Samarth Hospital: extracted
[local-ai] Dhanvantri Hospital: extracted
[local-ai] Chirayu Hospital: extracted
[local-ai] Mauli Multispeciality Hospital: extracted
[local-ai] Sahara Hospital: extracted
[local-ai] Mandhane Hospital: extracted
[local-ai] Patil Hospital: extracted
[local-ai] Noble Hospital: extracted
[local-ai] Ghrushneshwar Multispeciality Hospital: extracted
[local-ai] Dr. Gobre Hospital: extracted
[checkpoint] saved 1375 records
[local-ai] Al Khair Hospital: extracted
[local-ai] Jaiswal Hospital: extracted
[local-ai] Sanjivani Multi-Speciality Hospital: extracted
[local-ai] Aai Nursing Home: extracted
[local-ai] Shri Sai Hospital: extracted
[local-ai] Ajanta Multispeciality & Children Hospital: extracted
[local-ai] Waluj Hospital: extracted
[local-ai] Shrinath Hospital: extracted
[local-ai] Sanjeevani Hospital: extracted
[local-ai] Pushpanjali Hospital: extracted
[local-ai] Dhanwantari Hospital: extracted
[local-ai] Rohini Hospital: extracted
[local-ai] Suryavanshi Nursing Home: extracted
[local-ai] Siddhivinayak Hospital: extracted
[local-ai] Ganpati Hospital: extracted
[local-ai] Mahendrakar Hospital: extracted
[local-ai] Dr. Sonar Children's Hospital: extracted
[local-ai] District Civil Hospital - Chikalthana: extracted
[local-ai] Sai Hospital: extracted
[local-ai] Jawalkar Hospital: extracted
[local-ai] Suhasini Children's Hospital: extracted
[local-ai] Tirumala Hospital: extracted
[local-ai] AIMS Hospital: extracted
[local-ai] Shri Hospital: extracted
[local-ai] Anand Hospital: extracted
[checkpoint] saved 1400 records
[local-ai] Renuka Hospital and Prasutigruha: extracted
[local-ai] Dr. Heena's Hospital: extracted
[local-ai] Dhanwantari Hospital: extracted
[local-ai] Shri Balaji Jivanjyot Hospital: extracted
[local-ai] Dr. Azim Shaikh Hospital: extracted
[local-ai] Sai Medicity Hospital & ICU: extracted
[local-ai] Waghmare Hospital: extracted
[local-ai] Gajanan Hospital: extracted
[local-ai] Indumati Netralaya and Sonography Centre Hospital: extracted
[local-ai] Mangal Hospital: extracted
[local-ai] Manik Hospital: extracted
[local-ai] Vertex Hospital: extracted
[local-ai] Safa Hospital: extracted
[local-ai] Jirvanakar Hospital: extracted
[local-ai] Ikon Multispeciality Hospital: extracted
[local-ai] Savaji Tupkari Hospital: extracted
[local-ai] Shivkala Netralay Hospital: extracted
[local-ai] Vare ENT Hospital: extracted
[local-ai] Shreeji Hospital: extracted
[local-ai] Ghazala Maternity: extracted
[local-ai] Paripurti Nursing Home: extracted
[local-ai] Deshmukh Hospital: extracted
[local-ai] Apsingkar Hospital: extracted
[local-ai] Navdip Superspeciality Hospital: extracted
[local-ai] Brain Hospital: extracted
[checkpoint] saved 1425 records
[local-ai] Nawandar Accident Hospital: extracted
[local-ai] Narayanii Hospital: extracted
[local-ai] Dr. Kasbekar Eye Hospital: extracted
[local-ai] Gaikwad Hospital: extracted
[local-ai] More Hospital & Nursing Home: extracted
[local-ai] Sai Nursing Home Advance Laparoscopy & Infertility Centre: extracted
[local-ai] Dr. Narendra Vaidya's Colony Nursing Home: extracted
[local-ai] Asian Citicare Superspeciality Hospital: extracted
[local-ai] Mathura Maternity and Nursing Home: extracted
[local-ai] International Hospital: extracted
[local-ai] Kulkarni Hospital: extracted
[local-ai] Antarang Neuropsychiatry Hospital: extracted
[local-ai] Matoshri Hospital: extracted
[local-ai] Aniket Hospital: extracted
[local-ai] The Pacific Hospital: extracted
[local-ai] Noor Hospital: extracted
[local-ai] Dhule Hospital: extracted
[local-ai] Keley ENT Hospital: extracted
[local-ai] Ghule Hospital: extracted
[local-ai] Shankar Chest Hospital: extracted
[local-ai] Indos Hospital and Trauma Centre: extracted
[local-ai] Bebde Hospital: extracted
[local-ai] YSK Superspeciality Hospital: extracted
[local-ai] Alpine Superspeciality Hospital: extracted
[local-ai] Dhanvantari Hospital: extracted
[checkpoint] saved 1450 records
[local-ai] Aditya Children's Hospital: extracted
[local-ai] Nirmal Hospital: extracted
[local-ai] Palwe Hospital: extracted
[local-ai] Gadekar Hospital: extracted
[local-ai] Sainath Accident and Orthopaedic Hospital: extracted
[local-ai] Ramkrishna Hospital: extracted
[local-ai] Amey Hospital: extracted
[local-ai] Noble Hospital: extracted
[local-ai] E.S.I.S. Hospital: extracted
[local-ai] Ashirvad Hospital: extracted
[local-ai] Raghvendra Hospital: extracted
[local-ai] Mamta Hospital: extracted
[local-ai] Baheti Hospital: extracted
[local-ai] Shree Venkatesh Hospital: extracted
[local-ai] Sabahat Hospital: extracted
[local-ai] Synergy Hospital: extracted
[local-ai] Hormone Clinic: extracted
[local-ai] Prachi Hospital: extracted
[local-ai] Nandini Hospital: extracted
[local-ai] Venkatesh Hospital: extracted
[local-ai] M.G.M. Hospital: extracted
[local-ai] Dr. Rashid's Children Hospital: extracted
[local-ai] Borikar Hospital: extracted
[local-ai] Nirmiti Hospital: extracted
[local-ai] Krishna Hospital and ICU: extracted
[checkpoint] saved 1475 records
[local-ai] Citizen Hospital: extracted
[local-ai] Dr. Imran's Children Hospital: extracted
[local-ai] Care Multispeciality and Children Hospital: extracted
[local-ai] Shubham Children's Hospital: extracted
[local-ai] Diwan Hospital: extracted
[local-ai] Kpond Children's Superspeciality Hospital: extracted
[local-ai] Life Multispeciality Hospital & Trauma Centre: extracted
[local-ai] Renuka Nursing Home & Children Hospital: extracted
[local-ai] Shraddha Hospital: extracted
[local-ai] Daulat Memorial Hospital: extracted
[local-ai] Bohra E.N.T. Hospital & Laser Centre: extracted
[local-ai] Jinturkar Hospital: extracted
[local-ai] Dr. Sodhi's Kewal Care Hospital: extracted
[local-ai] Gharpure Hospital: extracted
[local-ai] Govindraj Hospital: extracted
[local-ai] United CIiigma Nursing Home: extracted
[local-ai] Bhartiya Hospital: extracted
[local-ai] Mi & Mummy Hospital: extracted
[local-ai] Vedant Children Hospital: extracted
[local-ai] Dande Hospital: extracted
[local-ai] Shruti Hospital: extracted
[local-ai] Pendkar Hospital: extracted
[local-ai] Fatima Maternity and Surgical Hospital: extracted
[local-ai] Kelgaokar Hospital: extracted
[local-ai] Chirayu Children's Hospital: extracted
[checkpoint] saved 1500 records
[local-ai] Dr. Satarkar Hospital: extracted
[local-ai] Dr. Jyoti Mahadik Private Hospital: extracted
[local-ai] Deshmukh Hospital: extracted
[local-ai] Nilkanth Hospital: extracted
[local-ai] Sharma Hospital: extracted
[local-ai] Government Hospital, Zole: extracted
[local-ai] Dube Hospital: extracted
[local-ai] Sarthak Multi-Speciality Hospital: extracted
[local-ai] Thorat Multispeciality Hospital: extracted
[local-ai] Shirur Government Civil Hospital: extracted
[local-ai] Renu Hospital: extracted
[local-ai] Sanjay Hospital: extracted
[local-ai] Yogeshwari Diabetes Hospital: extracted
[local-ai] Toshniwal Accident Hospital: extracted
[local-ai] Goverment Hospital: extracted
[local-ai] Daund Hospital: extracted
[local-ai] Yashoda Hospital: extracted
[local-ai] Jaju Hospital: extracted
[local-ai] Yashodeep Hospital: extracted
[local-ai] Sankalp Maternity and General Hospital: extracted
[local-ai] SK Hospital: extracted
[local-ai] Lad Children's Hospital: extracted
[local-ai] Mauli Hospital: extracted
[local-ai] Deshpande Hospital: extracted
[local-ai] Matoshri Hospital: extracted
[checkpoint] saved 1525 records
[local-ai] Pawar Hospital: extracted
[local-ai] Adhar Hospital: extracted
[local-ai] Gajanan Hospital: extracted
[local-ai] Dhoraj Hospital & Vision Diagnostic centre: extracted
[local-ai] Khan Hospital: extracted
[local-ai] Government Hospital: extracted
[local-ai] Tekade Multispciality Hospital: extracted
[local-ai] Kalawati Hospital: extracted
[local-ai] Bajaj Hospital: extracted
[local-ai] Manmath Mauli Hospital: extracted
[local-ai] Tulsi Arogya Pratishthan Hospital: extracted
[local-ai] Pranjal Hospital: extracted
[local-ai] Mhaske Hospital: extracted
[local-ai] Baheti Children Hospital: extracted
[local-ai] Ashwini Hospital: extracted
[local-ai] Harkut Hospital: extracted
[local-ai] Rural Hospital: extracted
[local-ai] Sanap Hospital: extracted
[local-ai] Dr. Joshi Hospital: extracted
[local-ai] Vithai Hospital: extracted
[local-ai] Ghuge Multispeciality Hospital: extracted
[local-ai] Spandan Hospital: extracted
[local-ai] Patil Hospital: extracted
[local-ai] Choure Hospital: extracted
[local-ai] Manik Hospital: extracted
[checkpoint] saved 1550 records
[local-ai] Dr. Sham Charkha's Gauri Hospital: extracted
[local-ai] Vyankatesh Children Hospital: extracted
[local-ai] Shatayushi Hospital: extracted
[local-ai] Government Hospital: extracted
[local-ai] Chandan Hospital: extracted
[local-ai] Gopinat Munde Hospital: extracted
[local-ai] Dhakne Hospital: extracted
[local-ai] Dr. Kale Hospital: extracted
[local-ai] Shri Gajanan Hospital & Maternity Home: extracted
[local-ai] Hange Hospital: extracted
[local-ai] Karpe Hospital: extracted
[local-ai] Pache Hospital: extracted
[local-ai] Kulkarni Hospital: extracted
[local-ai] Holambe Hospital and IVF Centre: extracted
[local-ai] Dr. Tidke General Hospital: extracted
[local-ai] Vivekand Hospital: extracted
[local-ai] Gutte Hospital: extracted
[local-ai] Samartha Hospital: extracted
[local-ai] Zuber Bhai Malishwala Hospital: extracted
[local-ai] Pokale Hospital: extracted
[local-ai] Government Hospital: extracted
[local-ai] Didul Hospital: extracted
[local-ai] Mauli Hospital: extracted
[local-ai] Shatayu Multispeciality Hospital: extracted
[local-ai] Rural Hospital: extracted
[checkpoint] saved 1575 records
[local-ai] Babhleshvar Hospital: extracted
[local-ai] Deshmukh Hospital: extracted
[local-ai] Reddy Hospital: extracted
[local-ai] TPS Hospital: extracted
[local-ai] Hadbe Children's Hospital: extracted
[local-ai] Indani Hospital: extracted
[local-ai] Dake Accident & General Hospital: extracted
[local-ai] Anand Children's Hospital: extracted
[local-ai] Disha Hospital: extracted
[local-ai] Yogiraj Hospital and ICU: extracted
[local-ai] Chate Hospital: extracted
[local-ai] Sant Krupa Hospital: extracted
[local-ai] Kakade Hospital: extracted
[local-ai] Sai Hospital: extracted
[local-ai] Government Civil Hospital: extracted
[local-ai] Shri Laxmi Hospital: extracted
[local-ai] Paithankar Hospital: extracted
[local-ai] Priyanka Hospital: extracted
[local-ai] City Care Hospital: extracted
[local-ai] Mundhe Hospital: extracted
[local-ai] Gaikwad Hospital: extracted
[local-ai] Dr. Mekhe Hospital: extracted
[local-ai] Ashirwad Hospital: extracted
[local-ai] Gholve Hospital: extracted
[local-ai] Nath Hospital: extracted
[checkpoint] saved 1600 records
[local-ai] Gurukrupa Hospital: extracted
[local-ai] Deshmukh Orthopaedic Hospital: extracted
[local-ai] Gavate Hospital: extracted
[local-ai] Shelke Hospital: extracted
[local-ai] Jadhav Hospital: extracted
[local-ai] Shri Rautmare Hospital: extracted
[local-ai] Mundhe Hospital: extracted
[local-ai] Child Care Hospital: extracted
[local-ai] Bhople Hospital: extracted
[local-ai] Krushnai Hospital: extracted
[local-ai] Dhoot Hospital: extracted
[local-ai] Yashwant Maternity Hospital and Diagnostic Centre: extracted
[local-ai] Noble Multispeciality Hospital: extracted
[local-ai] Arnav Hospital: extracted
[local-ai] Kute Hospital and Maternity Home: extracted
[local-ai] Fatale Hospital: extracted
[local-ai] Pakhare Eye Care Centre Hospital: extracted
[local-ai] Chintamani Hospital: extracted
[local-ai] Barkul Hospital: extracted
[local-ai] Paradise Hospital: extracted
[local-ai] Ashish Hospital: extracted
[local-ai] Randad Hospital: extracted
[local-ai] Shree Yoge ENT Hospital: extracted
[local-ai] Shri Vedant ENT & Pediatrics Hospital: extracted
[local-ai] Pansambal Hospital: extracted
[checkpoint] saved 1625 records
[local-ai] Tirupati Hospital: extracted
[local-ai] Dhakne Hospital: extracted
[local-ai] Unhale Hospital: extracted
[local-ai] Vatsalya Hospital: extracted
[local-ai] Shree Bhagwan Hospital: extracted
[local-ai] Vighnaharta Hospital: extracted
[local-ai] Sankalp Hospital: extracted
[local-ai] Shree Children's Hospital: extracted
[local-ai] Kesona Homeopatic Hospital: extracted
[local-ai] Lotus Multispeciality Hospital: extracted
[local-ai] Dwarka Hospital: extracted
[local-ai] Bangar Hospital: extracted
[local-ai] Sree Swami Samarth Hospital: extracted
[local-ai] Sankalp Child Hospital: extracted
[local-ai] Veer Hospital: extracted
[local-ai] Vishwajeet Hospital: extracted
[local-ai] Dr. Galnimbkar Accident & Trauma Hospital: extracted
[local-ai] Prashant Hospital: extracted
[local-ai] Shree Narayani Child Care Unit: extracted
[local-ai] Mane Hospital & Diabetes Care Unit: extracted
[local-ai] Shirpurkar Hospital: extracted
[local-ai] Baig Hospital: extracted
[local-ai] Mauli Multi speciality Hospital: extracted
[local-ai] Vivekanand Multispeciality Hospital: extracted
[local-ai] Dr. Dheeraj Sarvadnya Hospital: extracted
[checkpoint] saved 1650 records
[local-ai] Dr. Najan General Surgical & Accident Hospital: extracted
[local-ai] Deore Hospital: extracted
[local-ai] Baglane Hospital: extracted
[local-ai] Katte Orthopaedics Hospital: extracted
[local-ai] Netrajyoti Eye Hospital: extracted
[local-ai] Sai Shilp Eye Hospital: extracted
[local-ai] Ghodke Hospital: extracted
[local-ai] Alane Multispeciality Hospital: extracted
[local-ai] Sahyadri Accident Hospital: extracted
[local-ai] Matoshree Hospital: extracted
[local-ai] Government Hospital, Pimpalgaon Malvi: extracted
[local-ai] Harjivan Hospital: extracted
[local-ai] Mishra Hospital: extracted
[local-ai] Sumangalya Children's Hospital: extracted
[local-ai] Jupiter Hospital: extracted
[local-ai] Padmawati Hospital: extracted
[local-ai] धूत रुग्णालय: extracted
[local-ai] Vighnaharta Hospital: extracted
[local-ai] Khalkar Hospital: extracted
[local-ai] Matruseva Womens Hospital: extracted
[local-ai] Sonar Hospital: extracted
[local-ai] Bhosale Hospital: extracted
[local-ai] Shree Multan Chandji Bora Trust Hospital: extracted
[local-ai] Platinum Hospital: extracted
[local-ai] Tamboli Hospital: extracted
[checkpoint] saved 1675 records
[local-ai] Jeevandeep Hospital & Critical Care Centre: extracted
[local-ai] Dr. Bagale Hospital: extracted
[local-ai] Satalkar Lotus Superspeciality Hospital: extracted
[local-ai] Sai Asian Hospital: extracted
[local-ai] Sankalp Hospital: extracted
[local-ai] Bhairavnath Hospital: extracted
[local-ai] Apex Hospital: extracted
[local-ai] Apple Multispeciality Hospital: extracted
[local-ai] Kalamkar Hospital: extracted
[local-ai] Suvidha Hospital: extracted
[local-ai] Dr. Vikhe Patil Memorial Hospital: extracted
[local-ai] Nuclius Hospital: extracted
[local-ai] Dungarwal Hospital: extracted
[local-ai] Bhagirathi Accident Hospital: extracted
[local-ai] Kshirsagar Hospital: extracted
[local-ai] Neha Clinic: extracted
[local-ai] Raj Hospital: extracted
[local-ai] Tarde Hospital: extracted
[local-ai] Sukhada Hospital: extracted
[local-ai] Pansambal Hospital: extracted
[local-ai] Rajmata Hospital: extracted
[local-ai] Shree Deep Hospital: extracted
[local-ai] Trimurti Hospital: extracted
[local-ai] सरस्वती रुग्णालय: extracted
[local-ai] पोखर्णा रुग्णालय: extracted
[checkpoint] saved 1700 records
[local-ai] Saideep Hospital: extracted
[local-ai] Zawar Hospital: extracted
[local-ai] Joshi Hospital: extracted
[local-ai] Saiarya Surgical Hospital: extracted
[local-ai] Pranav Hospital Multispeciality & ICU Centre: extracted
[local-ai] Preethi Deshpande Hospital: extracted
[local-ai] Ketkar Hospital: extracted
[local-ai] Thipse Ortho Hospital: extracted
[local-ai] Dharma Hospital: extracted
[local-ai] युनायटेड शहर रुग्णालय: extracted
[local-ai] Shreenath Hospital: extracted
[local-ai] Gunjal Hospital: extracted
[local-ai] Jeevandhara Hospital: extracted
[local-ai] Karandikar Hospital: extracted
[local-ai] Gite Hospital: extracted
[local-ai] Katariya Hospital: extracted
[local-ai] Sanjeevani Accident Hospital: extracted
[local-ai] Surabhi Hospital: extracted
[local-ai] Naik Hospital: extracted
[local-ai] Somani Hospital: extracted
[local-ai] Savi Hospital & Maternity Home: extracted
[local-ai] Care Plus Hospital: extracted
[local-ai] Osteon Accident and Spine Hospital: extracted
[local-ai] Bhide Hospital: extracted
[local-ai] Shree Kamala Hospital: extracted
[checkpoint] saved 1725 records
[local-ai] Namrata Hospital: extracted
[local-ai] Gadge Hospital: extracted
[local-ai] Pargaonkar Hospital and Children's Dental Clinic: extracted
[local-ai] Navjivan Multispeciality Hospital: extracted
[local-ai] Akshara Maternity Hospital: extracted
[local-ai] Sathe Hospital: extracted
[local-ai] Gupte Hospital Extension Clinic: extracted
[local-ai] Shree Ganesh Hospital: extracted
[local-ai] Hinjawadi Hospital: extracted
[local-ai] Gauri Hospital: extracted
[local-ai] Mahesh Smruti Multispeciality Hospital: extracted
[local-ai] Lotus Hospital: extracted
[local-ai] Bora Hospital: extracted
[local-ai] Shivam Hospital: extracted
[local-ai] ESIC Hospital: extracted
[local-ai] Saijyoti Hospital & ICU: extracted
[local-ai] Kamal Hospital: extracted
[local-ai] Manas Hospital: extracted
[local-ai] Prime Multispeciality Hospital: extracted
[local-ai] Goodwill Icon Hospital: extracted
[local-ai] Shreenath Hospital: extracted
[local-ai] Orchid Speciality Hospital: extracted
[local-ai] Golden Care Hospital: extracted
[local-ai] Shree Sai Prasad Hospital: extracted
[local-ai] Petals Hospital: extracted
[checkpoint] saved 1750 records
[local-ai] Gangotri Hospital: extracted
[local-ai] Dr. Agarwals Eye Hospital: extracted
[local-ai] Fursungi Old ZP Hospital: extracted
[local-ai] Shwas Multispeciality Hospital: extracted
[local-ai] Mauli Hospital: extracted
[local-ai] Londhe Hospital: extracted
[local-ai] Snehbandh Multispeciality Hospital: extracted
[local-ai] N. M. Wadia Hospital: extracted
[local-ai] Mahalunge Hospital: extracted
[local-ai] Shahu Hospital: extracted
[local-ai] Mayureshwar Multispeciality Hospital: extracted
[local-ai] Dr. Shraddha Angal: extracted
[local-ai] Nanal Hospital: extracted
[local-ai] Ayushree Hospital: extracted
[local-ai] Omkar Children Hospital: extracted
[local-ai] Giridhar Hospital: extracted
[local-ai] Noble Hospital: extracted
[local-ai] Global chemist: extracted
[local-ai] Vighnaharta Hospital: extracted
[local-ai] PCIP Hospital: extracted
[local-ai] New Command Hospital: extracted
[local-ai] Sushrusha Hospital: extracted
[local-ai] Aditya Hospital: extracted
[local-ai] Public Civil Hospital: extracted
[local-ai] Serene Hospital: extracted
[checkpoint] saved 1775 records
[local-ai] Sakhalkar Hospital: extracted
[local-ai] Sanjeevani Hospital: extracted
[local-ai] Chaitanya General Hospital: extracted
[local-ai] Dharmadhikari Hospital: extracted
[local-ai] Dinkar Hospital: extracted
[local-ai] Pagare Hospital: extracted
[local-ai] Shree Hospital: extracted
[local-ai] Dr. Babasaheb Ambedkar Cantonment General Hospital: extracted
[local-ai] Tongaonkar Hospital: extracted
[local-ai] Varad Hospital & Critical Care: extracted
[local-ai] Harpale Hospital: extracted
[local-ai] Life Care Multispecality Hospital: extracted
[local-ai] Sadhana Hospital: extracted
[local-ai] Bhakare Super Speciality Hospital: extracted
[local-ai] Kasturba General Hospital: extracted
[local-ai] Shree Sai Hospital: extracted
[local-ai] Sudarshan Hospital: extracted
[local-ai] Niga Hospital: extracted
[local-ai] Vinayak Hospital: extracted
[local-ai] Shree Anand Memorial Hospital: extracted
[local-ai] Aadhar Hospital: extracted
[local-ai] Max Neuro Hospital: extracted
[local-ai] Mauli Lahan Mulanche Hospital: extracted
[local-ai] Deogiri Hospital: extracted
[local-ai] Manipal Hospital, Pune: extracted
[checkpoint] saved 1800 records
[local-ai] Ayodhya Trust General Hospital: extracted
[local-ai] J & J Accident Nursing Home: extracted
[local-ai] Sai Hospital: extracted
[local-ai] Sanjivani Hospital: extracted
[local-ai] Sharda Hospital: extracted
[local-ai] Sai Hospital: extracted
[local-ai] Gurav Hospital: extracted
[local-ai] Nyuninad Metkar Maternity & Nursing Home: extracted
[local-ai] Rana Hospital: extracted
[local-ai] Pawan Accident & General Hospital: extracted
[local-ai] Sahwas Hospital Private Limited: extracted
[local-ai] Sakhale Hospital: extracted
[local-ai] Shree Sankalp Hospital: extracted
[local-ai] Jadhav Hospital: extracted
[local-ai] Akshay Hospital: extracted
[local-ai] Venus super Speciality Hospital Limited: extracted
[local-ai] Six Sigma Multispeciality & Accidental Hospital: extracted
[local-ai] Dr. Pawar Children's Hospital: extracted
[local-ai] Pragati Health Care Hospital: extracted
[local-ai] Mogal Hospital: extracted
[local-ai] Dr. Varsha Lahade Hospital: extracted
[local-ai] Sankalp Hospital: extracted
[local-ai] Omkar Hospital: extracted
[local-ai] Siddhi Hospital: extracted
[local-ai] Sai Meva Accident and General Hospital: extracted
[checkpoint] saved 1825 records
[local-ai] Sanjeevani Dental and Accident Hospital: extracted
[local-ai] Dr. Tamboli Hospital: extracted
[local-ai] Muthal Hospital: extracted
[local-ai] Aai Nursing & Maternity Home: extracted
[local-ai] Samarth Hospital: extracted
[local-ai] New Life Hospital: extracted
[local-ai] Dr. Jain Accident & General Hospital: extracted
[local-ai] Sai Seva Children Hospital: extracted
[local-ai] Jeevan Jyoti Hospital: extracted
[local-ai] Shree P. P. More Dada Hospital: extracted
[local-ai] Dr. Sonawane's Seva Hospital: extracted
[local-ai] Jupiter Multi-Speciality Hospital: extracted
[local-ai] Joshi Nursing Home & Ayurved Chikitsa Kendra: extracted
[local-ai] Leelavati Hospital: extracted
[local-ai] Synergy Hospital & Research Centre: extracted
[local-ai] Dhande Hospital: extracted
[local-ai] Bangar Hospital: extracted
[local-ai] Lilavati Hospital: extracted
[local-ai] Suman Hospital: extracted
[local-ai] Dr. Ahire's Anand Hospital: extracted
[local-ai] Bhosale Multi - Speciality Hospital: extracted
[local-ai] Shree Sai Hospital: extracted
[local-ai] Vaishali Hospital: extracted
[local-ai] Anurag Children Hospital: extracted
[local-ai] Aaditya Women's Hospital: extracted
[checkpoint] saved 1850 records
[local-ai] Shree Swami Samarth Hospital: extracted
[local-ai] Dr. Rakesh Tiwari Hospital: extracted
[local-ai] Medade General Hospital: extracted
[local-ai] Divya Jyot Hospital: extracted
[local-ai] Medicare Multispeciality Hospital: extracted
[local-ai] Janki Maternity Home: extracted
[local-ai] Shree Siddhivinayak Hospital: extracted
[local-ai] Niramay Hospital: extracted
[local-ai] Saubhagya Hospital: extracted
[local-ai] Nandurkar Hospital: extracted
[local-ai] Shaishav Children Hospital: extracted
[local-ai] Government Hospital, pategoan: extracted
[local-ai] Government Hospital, Kangar Kh: extracted
[local-ai] Chordiya Nursing Home: extracted
[local-ai] Anup Hospital: extracted
[local-ai] Apex Superspeciality Hospital: extracted
[local-ai] Date Hospital: extracted
[local-ai] Morya General Hospital: extracted
[local-ai] Suman Hospital: extracted
[local-ai] Lifeline Hospital: extracted
[local-ai] Sabane Hospital: extracted
[local-ai] Kamat Hospital: extracted
[local-ai] Bindu Madhav Thakarey Hospital: extracted
[local-ai] National Hospital: extracted
[local-ai] Meenatai Thakre Maternity Home: extracted
[checkpoint] saved 1875 records
[local-ai] Bhagirathi Children's Hospital: extracted
[local-ai] Vishranti Hospital: extracted
[local-ai] Matru Seva Hospital;Pacharne Hospital: extracted
[local-ai] Shraddha Hospital: extracted
[local-ai] Purohit Hospital: extracted
[local-ai] Prerna Hospital: extracted
[local-ai] Bapat Hospital: extracted
[local-ai] Shivneri Hospital: extracted
[local-ai] New Pune Hospital: extracted
[local-ai] Kothari Orthopaedic Hospital: extracted
[local-ai] Kalyani Hospital: extracted
[local-ai] Kumbhare Hospital: extracted
[local-ai] योगेश हॉस्पिटल: extracted
[local-ai] Gokhale Hospital: extracted
[local-ai] Sai Samarth Hospital: extracted
[local-ai] Dr. Baba Saheb Ambedkar Hospital;dr baba saheb ambedkar hospital: extracted
[local-ai] Todkar Hospital: extracted
[local-ai] Shaishav Children's Hospital: extracted
[local-ai] Suyash Hospital: extracted
[local-ai] Moraya Nursing Home: extracted
[local-ai] Swanand Maternity Hospital: extracted
[local-ai] City Hospital: extracted
[local-ai] Parasnis Hospital: extracted
[local-ai] Shintre Hospital: extracted
[local-ai] Alliance Munot Hospital;munot hospital: extracted
[checkpoint] saved 1900 records
[local-ai] Kalavati Mavale Hospital: extracted
[local-ai] Jeevandhara Multispeciality Hospital: extracted
[local-ai] ASG Eye Hospital: extracted
[local-ai] Rode Hospital: extracted
[local-ai] Mantri Hospital: extracted
[local-ai] Kering Hospital;kering clinic: extracted
[local-ai] Siddhivinayak Hospital: extracted
[local-ai] Kirad Hospital: extracted
[local-ai] Chajed Hospital: extracted
[local-ai] KEM Hospital: extracted
[local-ai] Hope Hospital: extracted
[local-ai] David Sassoon Hospital: extracted
[local-ai] MJM Hospital: extracted
[local-ai] Chavan Hospital: extracted
[local-ai] Dhadgaon Sickle Cell Anamia Hospital: extracted
[local-ai] Navjeevan Hospital: extracted
[local-ai] Thakare Hospital: extracted
[local-ai] Siddhi-Vinayak Hospital: extracted
[local-ai] Ahirrao Hospital: extracted
[local-ai] Sunder Madhav Hospital: extracted
[local-ai] Hire Accident Hospital: extracted
[local-ai] J. K. Thakare Hospital: extracted
[local-ai] Dr. Nikhil Shirole Gastroenterologist Hospital: extracted
[local-ai] Aayushyavardhini Hospital: extracted
[local-ai] Arpan Maternity Hospital: extracted
[checkpoint] saved 1925 records
[local-ai] Janseva Hospital: extracted
[local-ai] As Salam Hospital: extracted
[local-ai] Kaderi Hospital: extracted
[local-ai] Vatsalya Hospital: extracted
[local-ai] Sane Guruji Hospital: extracted
[local-ai] Dr. lC Patil Hospital: extracted
[local-ai] Suyog Hospital: extracted
[local-ai] Sarvajanik Hospital: extracted
[local-ai] Shradha Multi Speciality Hospital: extracted
[local-ai] Mamta Hospital: extracted
[local-ai] Jeevan Jyoti Children Hospital: extracted
[local-ai] Kesharanand Hospital: extracted
[local-ai] Dr. Shivajirao Patil - Himmatrao Hospital: extracted
[local-ai] Jai Shree Datta Accident Hospital and Physiotherapy Centre: extracted
[local-ai] Dr. Dipak Anthare Hospital: extracted
[local-ai] Sharada Hospital: extracted
[local-ai] Om Accident Hospital: extracted
[local-ai] Siddhi Maternity Hospital: extracted
[local-ai] Saroj Maternity Hospital: extracted
[local-ai] A.C.P.M. Dental College & Hospital: extracted
[local-ai] Manasi Hospital: extracted
[local-ai] Shree Narayan Hospital: extracted
[local-ai] Om Sai Hospital: extracted
[local-ai] Charak Hospital: extracted
[local-ai] Gindodia Hospital: extracted
[checkpoint] saved 1950 records
[local-ai] Desai Hospital: extracted
[local-ai] Patel Children General Hospital: extracted
[local-ai] Shree Dwarka Hospital: extracted
[local-ai] Dashak Hospital: extracted
[local-ai] Aastha Hospital: extracted
[local-ai] Nandadeep Maternity and E.N.T Hospital: extracted
[local-ai] Ankur Hospital: extracted
[local-ai] Tuljai Hospital: extracted
[local-ai] Yash Urology Hospital: extracted
[local-ai] Dr. Deepak Dinkar Patil Accident Hospital: extracted
[local-ai] Thakare Hospital: extracted
[local-ai] Sarthak Hospital: extracted
[local-ai] Suhari Hospital: extracted
[local-ai] Sanjeevani Children's Hospital: extracted
[local-ai] Mamta Hospital: extracted
[local-ai] More Hospital: extracted
[local-ai] Yashashree Hospital: extracted
[local-ai] Kilbil Hospital: extracted
[local-ai] Sanjivan Child Hospital: extracted
[local-ai] Panjarale Hospital: extracted
[local-ai] Munot Hospital: extracted
[local-ai] Bhatwal Hospital: extracted
[local-ai] Sharon TB Hospital: extracted
[local-ai] Bhagwati Hospital: extracted
[local-ai] Shaishav Hospital: extracted
[checkpoint] saved 1975 records
[local-ai] Shraddha Hospital: extracted
[local-ai] Madhusmit Hospital: extracted
[local-ai] Krushna Hospital: extracted
[local-ai] Aditya Maternity and Eye Hospital: extracted
[local-ai] Sarah Multispeciality Hospital: extracted
[local-ai] Saideep Hospital: extracted
[local-ai] Radhey Hospital: extracted
[local-ai] Jai Prakash Narayan Hospital: extracted
[local-ai] Sonam Hospital: extracted
[local-ai] Rakshak Accident Hospital: extracted
[local-ai] Seva Superspeciality Hospital and Critical Care Centre: extracted
[local-ai] JAIN Children & General Hospital: extracted
[local-ai] Madhura Maternity Hospital: extracted
[local-ai] Shivpushp Hospital: extracted
[local-ai] Vardaan Hospital: extracted
[local-ai] Patil Hospital: extracted
[local-ai] Shri Sai Accident and Eye Hospital: extracted
[local-ai] Jamnabai Memorial Hospital: extracted
[local-ai] Pushpravi Hospital: extracted
[local-ai] Daga Hospital: extracted
[local-ai] C D Mahajan Accident Hospital: extracted
[local-ai] Jagdish Hospital: extracted
[local-ai] Archana Cardiac and Diabetes Centre Hospital: extracted
[local-ai] Government Hospital: extracted
[local-ai] Mangalya Hospital: extracted
[checkpoint] saved 2000 records
[local-ai] Chaitanya Hospital: extracted
[local-ai] Prarthana Hospital: extracted
[local-ai] Gokul Children's Hospital: extracted
[local-ai] Medicare Hospital: extracted
[local-ai] Devare Nursing Home: extracted
[local-ai] Shree Shakambhari Hospital: extracted
[local-ai] Shinde Hospital and Surgical ICU: extracted
[local-ai] Government Hospital, Yelpane: extracted
[local-ai] Government Hospital, Popatkhed: extracted
[local-ai] Lokesh Hospital: extracted
[local-ai] Ashirwad Hospital: extracted
[local-ai] Shree Datta Nursing Home: extracted
[local-ai] Asha Hospital: extracted
[local-ai] Aai Hospital: extracted
[local-ai] Nirmalseva Accident Hospital: extracted
[local-ai] Dr. K D Patil Multispeciality Hospital: extracted
[local-ai] Dr. Ishti Hospital: extracted
[local-ai] Rubi Hospital & Maternity Home: extracted
[local-ai] Krishna Hospital: extracted
[local-ai] Aai Hospital: extracted
[local-ai] Dr. Gopal Patil Private Hospital: extracted
[local-ai] Gurudev Hospital: extracted
[local-ai] Dr. Rahul Jawale's Sunrise Hospital: extracted
[local-ai] Moraya Hospital: extracted
[local-ai] Mangalmurti Hospital Critical Care and Laparoscopy Centre: extracted
[checkpoint] saved 2025 records
[local-ai] Dr. Ravindra Bhangale Hospital: extracted
[local-ai] Chinmay Hospital & Critical Care Centre: extracted
[local-ai] Orchid Multi Superspeciality Hospital: extracted
[local-ai] Shree Om Surgical and Eye Hospital: extracted
[local-ai] Madhu Prabha Children Hospital: extracted
[local-ai] Nehete Hospital: extracted
[local-ai] Dr. Ravi Mahajan Hospital: extracted
[local-ai] New Asha Hospital: extracted
[local-ai] Sadguru Hospital: extracted
[local-ai] Wankhede Hospital: extracted
[local-ai] Aashwini Multispeciality Hospital: extracted
[local-ai] Chetana Hospital: extracted
[local-ai] Vishvesh Mulanche Children's Hospital: extracted
[local-ai] Vishwasudha Hospital: extracted
[local-ai] Pratibha Hospital: extracted
[local-ai] Bhalode Hospital: extracted
[local-ai] Kaminikamal Accident and Joint Replacement Hospital: extracted
[local-ai] Vansh Hospital: extracted
[local-ai] Gujar Spine Centre & Matrix Hospital: extracted
[local-ai] Tejas Mulanche Hospital: extracted
[local-ai] Tara Maternity Surgical Hospital: extracted
[local-ai] City Hospital: extracted
[local-ai] Chaitanya Hospital: extracted
[local-ai] Meera Multispeciality Hospital: extracted
[local-ai] Patel Hospital: extracted
[checkpoint] saved 2050 records
[local-ai] Vijayanand Hospital: extracted
[local-ai] Shreepad Hospital: extracted
[local-ai] Dr. Tejendra Chaudhari Neurology Hospital: extracted
[local-ai] Arpan Hospital: extracted
[local-ai] Swara Hospital: extracted
[local-ai] Mahajan Accident Hospital: extracted
[local-ai] Dr. Dhande Hospital: extracted
[local-ai] Sanjivani Hospital: extracted
[local-ai] Om Hospital: extracted
[local-ai] Medicare Children and General Hospital: extracted
[local-ai] Shobha Maternity Hospital: extracted
[local-ai] Sujay Hospital and Maternity Home: extracted
[local-ai] Jeevan Jyoti Cancer Hospital: extracted
[local-ai] Vandana Hospital and Maternity Home: extracted
[local-ai] Yamunai Hospital: extracted
[local-ai] Avantika Hospital: extracted
[local-ai] K K Hospital: extracted
[local-ai] Dr. Khemchandra Borole Hospital: extracted
[local-ai] Prakash Children's Hospital and Neonatology Centre: extracted
[local-ai] Godavari Hospital: extracted
[local-ai] Sarla Hospital: extracted
[local-ai] Ruby Multispecility Hospital: extracted
[local-ai] Dr. Sujata Mahajan & Dr. Pramod Mahajan, Maternity & Surgical Hospital: extracted
[local-ai] Mamta Hospital: extracted
[local-ai] Netrayu Eye care center Hospital: extracted
[checkpoint] saved 2075 records
[local-ai] Ganpati Hospital: extracted
[local-ai] Janki Hospital: extracted
[local-ai] Navjeevan Maternity Hospital: extracted
[local-ai] Sona Hospital and Maternity Home: extracted
[local-ai] Ravikamal Hospital: extracted
[local-ai] ESIC General Hospital: extracted
[local-ai] Sanghvi Hospital: extracted
[local-ai] Agrawal Hospital: extracted
[local-ai] Adit Neuro Surgical and Maternity Hospital: extracted
[local-ai] Mangalam Hospital: extracted
[local-ai] Muktai Prasutigruha and Children Hospital: extracted
[local-ai] Shriram Maternity & Nursing home: extracted
[local-ai] GEM Hospital & Chavan Netralaya: extracted
[local-ai] Bhakti Manasopchar Hospital: extracted
[local-ai] Dr. Jagdish Patil Hospital: extracted
[local-ai] Pooja Hospital: extracted
[local-ai] Malti Accident Hospital: extracted
[local-ai] Newlife Hospital: extracted
[local-ai] Astha Plastic and Cosmetic Surgery Centre Hospital: extracted
[local-ai] Aashirwad Heart Care Hospital: extracted
[local-ai] Apex Asian Hospital: extracted
[local-ai] Bhirud Hospital: extracted
[local-ai] Kirti Hospital: extracted
[local-ai] Dr. Dileep Rane Maternity & Nursing Hospital: extracted
[local-ai] Jijai Eye Hospital: extracted
[checkpoint] saved 2100 records
[local-ai] Sawita Hospital: extracted
[local-ai] Girija Hospital: extracted
[local-ai] Dwaraka Hospital: extracted
[local-ai] Mahajan Accident Hospital: extracted
[local-ai] Shree Saileela Accident Hospital: extracted
[local-ai] Bendale Hospital: extracted
[local-ai] Minakshi Lahan Mulanche Hospital: extracted
[local-ai] Shriniwas Multispeciality Hospital: extracted
[local-ai] Axon Brain Hospital: extracted
[local-ai] Payghan Hospital: extracted
[local-ai] Dr. A. G. Bhangale Hospital: extracted
[local-ai] Dabi Hospital: extracted
[local-ai] Sai Children Hospital: extracted
[local-ai] Baviskar Hospital: extracted
[local-ai] Suyash Accident & Maternity Hospital: extracted
[local-ai] Nityanand Hospital: extracted
[local-ai] Sai Krishna Hospital: extracted
[local-ai] Tuljai Hospital: extracted
[local-ai] Sonal Hospital: extracted
[local-ai] Asha Multispeciality Hospital: extracted
[local-ai] Ganesh Hospital: extracted
[local-ai] Niramay Accident Hospital: extracted
[local-ai] Sujit Wagh General Hospital: extracted
[local-ai] Ashirwad Hospital: extracted
[local-ai] Bapji Hospital: extracted
[checkpoint] saved 2125 records
[local-ai] Balaji Hospital: extracted
[local-ai] Anand Hospital: extracted
[local-ai] Ashwini Children's Hospital: extracted
[local-ai] Nikumbh Hospital: extracted
[local-ai] Mauli Hospital: extracted
[local-ai] R.K. Hospital: extracted
[local-ai] Aditya Child Hospital: extracted
[local-ai] Dr. Pankaj Nikumbh Accident Hospital: extracted
[local-ai] Patil Children Hospital: extracted
[local-ai] Dr. Amit Mahajan Hospital: extracted
[local-ai] Sanjog Hospital: extracted
[local-ai] Y P Patil Hospital: extracted
[local-ai] Nims Hospital: extracted
[local-ai] Dr. Narendra Gujarathi Hospital: extracted
[local-ai] Pradhan Hospital Maternity and Fertility Centre: extracted
[local-ai] Shree Datta Hospital and Critical Care Centre: extracted
[local-ai] Vedant Hospital: extracted
[local-ai] Aditya Hospital: extracted
[local-ai] Dr. Pravin Bhokre Hospital: extracted
[local-ai] Patil Multispeciality Hospital: extracted
[local-ai] Kantai Hospital: extracted
[local-ai] Aai Maternity Hospital: extracted
[local-ai] Amrut Children Hospital: extracted
[local-ai] Shree Ganesh Eye Hospital: extracted
[local-ai] Shardha Hospital: extracted
[checkpoint] saved 2150 records
[local-ai] Dr. Satish Chaudhari Hospital: extracted
[local-ai] Renuka Hospital: extracted
[local-ai] Tendulkar Hospital: extracted
[local-ai] Shalinidevi Nursing Home: extracted
[local-ai] Joshi Hospital: extracted
[local-ai] Moreshwar Accident Hospital: extracted
[local-ai] Sudhan Hospital: extracted
[local-ai] Dr. Akshay's Manushree Surgical Hospital: extracted
[local-ai] Kabra Hospital: extracted
[local-ai] Jaiswal Hospital: extracted
[local-ai] Arkadi Hospital: extracted
[local-ai] Chavan Hospital: extracted
[local-ai] Savnerkar Hospital: extracted
[local-ai] Hartalkar Hospital: extracted
[local-ai] Shri Balaji Hospital: extracted
[local-ai] Gajendra Hospital: extracted
[local-ai] Meera Hospital: extracted
[local-ai] Mundada Children Hospital: extracted
[local-ai] Dr. Jayant Patil Paediatrics Hospital: extracted
[local-ai] Saiseva Hospital: extracted
[local-ai] Shree Samarth Hospital: extracted
[local-ai] Parishram Maternity Home: extracted
[local-ai] Chiranjeev Hospital: extracted
[local-ai] Morya Hospital: extracted
[local-ai] Malti Hospital: extracted
[checkpoint] saved 2175 records
[local-ai] Chandvade Accident Hospital: extracted
[local-ai] Sameer Hospital: extracted
[local-ai] Bahugune Hospital: extracted
[local-ai] Shree Govind Samartha Hospital: extracted
[local-ai] Jyotsnai Health Care Centre Hospital: extracted
[local-ai] Vedant Children Hospital: extracted
[local-ai] Ankur Hospital: extracted
[local-ai] Dr. Sharad Bhaviskar Kasturba Hospital: extracted
[local-ai] Mamta Hospital: extracted
[local-ai] Shree Hospital: extracted
[local-ai] Samarpan Hospital: extracted
[local-ai] Purnapatre Hospital: extracted
[local-ai] Shree Accident Hospital & Trauma Care Centre: extracted
[local-ai] Varad Hospital: extracted
[local-ai] Gajanan Hospital: extracted
[local-ai] Shivam Hospital: extracted
[local-ai] Shreyas Multispeciality Hospital: extracted
[local-ai] Sanjeevani Hospital: extracted
[local-ai] Ashray Hospital: extracted
[local-ai] Paramsai Hospital: extracted
[local-ai] Badve Hospital: extracted
[local-ai] Mahale Hospital: extracted
[local-ai] Suman Hospital Surgical Specialist: extracted
[local-ai] Gurukrupa Hospital: extracted
[local-ai] Shree Sai Krupa Hospital: extracted
[checkpoint] saved 2200 records
[local-ai] Lotus Hospital: extracted
[local-ai] Astha Multispeciality Hospital: extracted
[local-ai] Sushrut Hospital: extracted
[local-ai] Niphad Multispeciality Hospital: extracted
[local-ai] Ugale Accident & Maternity Hospital: extracted
[local-ai] Loharkar Maternity Hospital: extracted
[local-ai] Rajendra Amin Hospital: extracted
[local-ai] Borade Hospital: extracted
[local-ai] Kasliwal Hospital: extracted
[local-ai] Shri Hari Hospital: extracted
[local-ai] Dr. Kedar Prayas Hospital: extracted
[local-ai] Shelke Hospital: extracted
[local-ai] Suyog Hospital: extracted
[local-ai] Abhinandan Hospital: extracted
[local-ai] Chaitanya Sai Hospital: extracted
[local-ai] Al Aziz Hospital: extracted
[local-ai] Dhanvantari Hospital: extracted
[local-ai] Chaitanya Accident & Trauma Care Centre Hospital: extracted
[local-ai] Shah Hospital: extracted
[local-ai] Shree Dhanvantari Hospital: extracted
[local-ai] Malegaon Hospital: extracted
[local-ai] Sai Shradha Hospital: extracted
[local-ai] Shri Sai Multispeciality Hospital: extracted
[local-ai] Sai Children Hospital: extracted
[local-ai] Thakare ENT Hospital: extracted
[checkpoint] saved 2225 records
[local-ai] Mamta Hospital: extracted
[local-ai] Samarth Hospital: extracted
[local-ai] Abhilasha Hospital: extracted
[local-ai] Tanmay Hospital and Dental Clinic: extracted
[local-ai] Sanjivani Children Hospital: extracted
[local-ai] Nisarg Hospital: extracted
[local-ai] Sai Amrut Hospital & Multispeciality Unit: extracted
[local-ai] Siddhivinayak Super Speciality Hospital: extracted
[local-ai] New Faran Hospital: extracted
[local-ai] Rachana Hospital: extracted
[local-ai] Dr. Parag Memorial Hospital: extracted
[local-ai] Shree Children Hospital: extracted
[local-ai] Gayatri Accident Hospital: extracted
[local-ai] Noor Hospital: extracted
[local-ai] Sri Govinda Accident Hospital: extracted
[local-ai] Dr. Pustake Hospital: extracted
[local-ai] Bora Children's Hospital: extracted
[local-ai] Borude Children's Hospital: extracted
[local-ai] Sai Shree Superspeciality Hospital: extracted
[local-ai] Radhakrishna Hospital: extracted
[local-ai] Dr. Sunit Shah Hospital: extracted
[local-ai] Dhanwantari Multispeciality Hospital: extracted
[local-ai] Navjeevan Hospital: extracted
[local-ai] Netralaxmi Eye Hospital: extracted
[local-ai] Gurukrupa Hospital: extracted
[checkpoint] saved 2250 records
[local-ai] Jawahar Hospital: extracted
[local-ai] Maryam Hospital: extracted
[local-ai] Sai Shraddha Hospital: extracted
[local-ai] Swat Hospital: extracted
[local-ai] Madeena Hospital: extracted
[local-ai] Avhad Children Hospital & Sonography Centre: extracted
[local-ai] Ashirwad Multispeciality Hospital: extracted
[local-ai] Assayer Hospital: extracted
[local-ai] Vateshwari Children's Hospital: extracted
[local-ai] Navjeevan Hospital: extracted
[local-ai] Gayatri Hospital and Fertility Centre: extracted
[local-ai] vithai Hospital: extracted
[local-ai] Mauli Hospital: extracted
[local-ai] Lotus Multispeciality Hospital: extracted
[local-ai] Girija Hospital: extracted
[local-ai] Government Hospital: extracted
[local-ai] Prayas Hospital: extracted
[local-ai] Ameeniya Hospital: extracted
[local-ai] Bafna Hospital: extracted
[local-ai] Alfa Accident Hospital: extracted
[local-ai] More Accident Hospital: extracted
[local-ai] Life Care Hospital: extracted
[local-ai] Audumbar Hospital: extracted
[local-ai] Excel Hospital: extracted
[local-ai] Om Sai Hospital: extracted
[checkpoint] saved 2275 records
[local-ai] Yashodhan Multispeciality Hospital: extracted
[local-ai] Dr. V D Patil Hospital: extracted
[local-ai] Janseva Hospital: extracted
[local-ai] Om Hospital: extracted
[local-ai] Islah Hospital: extracted
[local-ai] Mangulkar Eye Hospital: extracted
[local-ai] Government Hospital, Sirsoli: extracted
[local-ai] Spandan Hospital: extracted
[local-ai] Ashirwad Nursing Home: extracted
[local-ai] Gawale Maternity Hospital: extracted
[local-ai] Swami Criticare Hospital: extracted
[local-ai] Eshwar Krupa Hospital: extracted
[local-ai] Safafalya Hospital: extracted
[local-ai] Bora Hospital: extracted
[local-ai] Super Specialist Hospital: extracted
[local-ai] Optimus Hospital: extracted
[local-ai] Nasim Hospital: extracted
[local-ai] Naik Hospital: extracted
[local-ai] Vimal Hospital: extracted
[local-ai] Sonawane Heart Care Hospital: extracted
[local-ai] Dhadiwal Hospital: extracted
[local-ai] Vedant Hospital: extracted
[local-ai] Supreme Maternity Hospital and Laproscopy Centre: extracted
[local-ai] Saptashrungi Hospital: extracted
[local-ai] Shree Yash Hospital: extracted
[checkpoint] saved 2300 records
[local-ai] Shraddha Piles Hospital: extracted
[local-ai] Nelson Memorial Children's Hospital Private Limited: extracted
[local-ai] Aghor Hospital: extracted
[local-ai] Sopan Hospital & Neurology Institute: extracted
[local-ai] Ahirrao Hospital: extracted
[local-ai] Mayara Maternity Hospital: extracted
[local-ai] Ramole Eye Hospital: extracted
[local-ai] Deogaonkar Hospital: extracted
[local-ai] Geetha Children's Hospital: extracted
[local-ai] More Hospital: extracted
[local-ai] Chopda Hospital: extracted
[local-ai] Upadhye Hospital: extracted
[local-ai] Shri Krushna Maternity Hospital: extracted
[local-ai] Manas Hospital: extracted
[local-ai] Chetna Hospital: extracted
[local-ai] Aaditya Children's Hospital: extracted
[local-ai] Kalpataru Multispeciality Hospital: extracted
[local-ai] Shri Hari Hospital: extracted
[local-ai] Saru Hospital: extracted
[local-ai] Sahara Hospital: extracted
[local-ai] Tirupati Hospital: extracted
[local-ai] Shraddha Hospital And Maternity Home: extracted
[local-ai] Dr. Joshi Hospital: extracted
[local-ai] Rainbow Hospital: extracted
[local-ai] Shivom Hospital: extracted
[checkpoint] saved 2325 records
[local-ai] Shree Hospital: extracted
[local-ai] Navkar Hospital: extracted
[local-ai] Chaitanya Hospital & Research Centre Private limited: extracted
[local-ai] Suman Symphony Hospital: extracted
[local-ai] Baste Maternity Hospital: extracted
[local-ai] Wellcare Hospital: extracted
[local-ai] Sankalecha Hospital: extracted
[local-ai] Fortune Multispeciality Hospital and Research Centre: extracted
[local-ai] Kilbil Children Hospital: extracted
[local-ai] Ashoka Medicover Hospitals: extracted
[local-ai] Sai Seva Superspeciality Hospital: extracted
[local-ai] M H Pawar Hospital: extracted
[local-ai] Kaushalya Hospital: extracted
[local-ai] Dr. Darade Hospital: extracted
[local-ai] NIMS Hospital: extracted
[local-ai] Dr. Shyam Chaudhari Children Hospital: extracted
[local-ai] Malpani Maternity Hospital: extracted
[local-ai] Gondhale Hospital ENT, Eye & Maternity Home: extracted
[local-ai] Ishwar Krupa Maternity Hospital: extracted
[local-ai] Mehta Hospital: extracted
[local-ai] Little Angels Child Clinic: extracted
[local-ai] Yash Hospital: extracted
[local-ai] Apex Wellness Rishikesh Hospital: extracted
[local-ai] Snehal Hospital: extracted
[local-ai] Dr. Kadale Baba Hospital: extracted
[checkpoint] saved 2350 records
[local-ai] Shatayushi Hospital: extracted
[local-ai] Prapti Women's Hospital: extracted
[local-ai] Leelavati Hospital & Research Centre: extracted
[local-ai] Nitin Hospital and Medical: extracted
[local-ai] Nivedita Maternity Home: extracted
[local-ai] Dr. Shaikh Paralysis Hospital: extracted
[local-ai] SaiKrupa Hospital: extracted
[local-ai] Dr. M.L. Dhawale Trust's Rural Homeopathic Hospital: extracted
[local-ai] Pheonix Hospital: extracted
[local-ai] Dr. Zoeb's Central Nursing Home: extracted
[local-ai] Life Line Hospital: extracted
[local-ai] Anand Chandavarkar Multi-speciality Hospital: extracted
[local-ai] Mangesh Netralaya: extracted
[local-ai] Dr. Jagdish Narayan Private Hospital: extracted
[local-ai] Redplus Multispeciality Hospital: extracted
[local-ai] Sanjivani Hospital: extracted
[local-ai] Sankalp Nursing Home: extracted
[local-ai] Suryaraju Hospital: extracted
[local-ai] Sushrusha Hospital & Medical: extracted
[local-ai] Shree Seva Hospital: extracted
[local-ai] Vikas Hospital: extracted
[local-ai] Kamble Hospital: extracted
[local-ai] Vartak Hospital: extracted
[local-ai] Dr. One Hospital: extracted
[local-ai] Balaji Children Hospital: extracted
[checkpoint] saved 2375 records
[local-ai] Philia Hospital: extracted
[local-ai] Ganesh Hospital: extracted
[local-ai] Vaishali Nursing Home: extracted
[local-ai] Subhas Shankhe Hospital: extracted
[local-ai] Sahyadri Hospital: extracted
[local-ai] Dr. Irani's Nursing Home: extracted
[local-ai] Sai Sakshi Maternity Hospital: extracted
[local-ai] Vatsalya Maternity Hospital: extracted
[local-ai] Kalyani Hospital: extracted
[local-ai] Sharvari Hospital: extracted
[local-ai] Naniwadekar Hospital: extracted
[local-ai] Aastha Hospital: extracted
[local-ai] Mai Hospital: extracted
[local-ai] Vaitarna Hospital: extracted
[local-ai] Sanjeevani Nursing Home: extracted
[local-ai] Dr. Tiwari Hospital: extracted
[local-ai] Pruthvi Hospital: extracted
[local-ai] Rajshree Hospital: extracted
[local-ai] ENT Hospital Boisar Nursing Home: extracted
[local-ai] Shraddha Nursing Home: extracted
[local-ai] Kanta Hospital: extracted
[local-ai] Brethren Mission Hospital: extracted
[local-ai] Dr. Rathods Maternity Hospital: extracted
[local-ai] Shinde Hospital: extracted
[local-ai] Aditya Nursing Home Materniy: extracted
[checkpoint] saved 2400 records
[local-ai] TIMA Hospital: extracted
[local-ai] Vikas Hospital: extracted
[local-ai] Westcoast Nursing Home: extracted
[local-ai] Sumadhur General Hospital: extracted
[local-ai] Reliance Hospital: extracted
[local-ai] Matruchhaya Nursing Home: extracted
[local-ai] Jeevan Jyot Eye Hospital: extracted
[local-ai] Chinmaya Hospital: extracted
[local-ai] Vikas Children Hospital: extracted
[local-ai] Dr. Yadav Hospital for Women: extracted
[local-ai] Sterling Hospital & ICU: extracted
[local-ai] United Multispeciality Hospital: extracted
[local-ai] Saliha Hospital: extracted
[local-ai] Patil Hospital: extracted
[local-ai] Sangam Siddhi Hospital: extracted
[local-ai] Siddharth Hospital: extracted
[local-ai] New Municipal Hospital: extracted
[local-ai] Indu Diabetic Hospital: extracted
[local-ai] Shubham Lifeline Multispeciality Hospital: extracted
[local-ai] Chaitanya Nursing Home: extracted
[local-ai] Om Sai Hospital: extracted
[local-ai] Alhad Hospital: extracted
[local-ai] Dr. Kale Hospital: extracted
[local-ai] Golden Park Hospitals: extracted
[local-ai] Paras Hospital: extracted
[checkpoint] saved 2425 records
[local-ai] Atharva Hospital: extracted
[local-ai] Sneha Hospital: extracted
[local-ai] Aastha Children Hospital: extracted
[local-ai] Naigaon Hospital: extracted
[local-ai] IM Multispeciality Hospital: extracted
[local-ai] Jivadani Hospital: extracted
[local-ai] Chaitanya Hospital: extracted
[local-ai] Ashwini Children's Hospital: extracted
[local-ai] Jagannath Hospital: extracted
[local-ai] Shreyas Hospital: extracted
[local-ai] Apollo Children's Hospital: extracted
[local-ai] Aditya Orthopaedic and Surgical Hospital: extracted
[local-ai] Dr. Laxman N. Prabhu Hospital: extracted
[local-ai] Mahaveer Nursing Home: extracted
[local-ai] Divine Hospital: extracted
[local-ai] Rakiya Ortho Hospital: extracted
[local-ai] Alliance Hospital: extracted
[local-ai] Pawar Children's Hospital: extracted
[local-ai] Saibaba Hospital: extracted
[local-ai] Tondare Maternity Hospital: extracted
[local-ai] Dr. Parag Mhatre Hospital: extracted
[local-ai] Vinayaka Hospital: extracted
[local-ai] Arush Hospital: extracted
[local-ai] Gurukrupa Hospital: extracted
[local-ai] Riddhi Vinayak Multispeciality Hospital: extracted
[checkpoint] saved 2450 records
[local-ai] Janseva Hospital: extracted
[local-ai] Shree Gujarati Samaj Hospital: extracted
[local-ai] Mamta Nursing Home: extracted
[local-ai] Rajhans Hospital: extracted
[local-ai] City Multispecility I. C. U. Hospital: extracted
[local-ai] Navodaya Children's Hospital: extracted
[local-ai] Al-Hasan Children Hospital: extracted
[local-ai] JP Hospital & Diagnostics: extracted
[local-ai] Laxminarayan Hospital: extracted
[local-ai] Gayatri Hospital: extracted
[local-ai] Vinay Raghuvanshi's Nursing Home: extracted
[local-ai] Navjeevan Hospital: extracted
[local-ai] Manorma Hospital: extracted
[local-ai] Saarthak Maternity and Nursing Home: extracted
[local-ai] Swami Shraddhanand Hospital: extracted
[local-ai] Parimal Hospital: extracted
[local-ai] Dr. Palaskar Hospital: extracted
[local-ai] Anusaya Children Hospital: extracted
[local-ai] Dr. Sadafule Hospital: extracted
[local-ai] Dr. Waghamare Hospital: extracted
[local-ai] Lilavti Hospital: extracted
[local-ai] Vatsalya Maternity and Nursing Home: extracted
[local-ai] Tondare Hospital: extracted
[local-ai] Dr. Nikam Hospital: extracted
[local-ai] Sathe Hospital: extracted
[checkpoint] saved 2475 records
[local-ai] Kulkarni Eye Care and Phaco Centre: extracted
[local-ai] Dr. Takke Hospital: extracted
[local-ai] Dr. Suresh Jadhav Nursing Home: extracted
[local-ai] Soham Clinic & Jogdand Hospital: extracted
[local-ai] Government Civil Hospital: extracted
[local-ai] Niramay Hospital: extracted
[local-ai] Good Health Hospital: extracted
[local-ai] Trimurthi Aadhar Hospital & Netralaya: extracted
[local-ai] Soham Hospital: extracted
[local-ai] Criti Care Hospital: extracted
[local-ai] Shree Sanjivani Hospital: extracted
[local-ai] Pen City Hospital: extracted
[local-ai] Aayush Hospital: extracted
[local-ai] Alhamd Hospital: extracted
[local-ai] More Children Hospital: extracted
[local-ai] Mokal Hospital: extracted
[local-ai] Badgire Hospital: extracted
[local-ai] Dr. Ashok Bhoir Hospital: extracted
[local-ai] Ankur Nursing & Maternity Home: extracted
[local-ai] Suyog Hospital: extracted
[local-ai] Dr. Dipak Patil Hospital: extracted
[local-ai] Dr. Vishvekar Orthopaedic and Dental Clinic Hospital: extracted
[local-ai] Mayalaxmi Hospital: extracted
[local-ai] Indira Gandhi Hospital: extracted
[local-ai] Niramay Hospital: extracted
[checkpoint] saved 2500 records
[local-ai] Naik Hospital: extracted
[local-ai] Mhatre Hospital: extracted
[local-ai] Kamerkar Hospital: extracted
[local-ai] Krishna Hospital: extracted
[local-ai] Dr. Ashok Mehta: extracted
[local-ai] Veer Hospital: extracted
[local-ai] Gavali Hospital: extracted
[local-ai] B J Shinde Hospital: extracted
[local-ai] Dr. Bhat Nursing Home: extracted
[local-ai] Vakratunda Hospital: extracted
[local-ai] Ankur Children's Hospital: extracted
[local-ai] Afjalpurkr Hospital: extracted
[local-ai] Om Sai Hospital: extracted
[local-ai] Jawaharlal Nehru Port Trust Hospital: extracted
[local-ai] Dr. Vaz Hospital: extracted
[local-ai] B C Jindal Charitable Hospital: extracted
[local-ai] Aditya Nursing Hospital: extracted
[local-ai] Kalpataru Mother and Child Hospital: extracted
[local-ai] Giri Child Hospital: extracted
[local-ai] Sanjay Gandhi Hospital: extracted
[local-ai] Pulse Multispeciality Hospital: extracted
[local-ai] Kilbil Children's Hospital: extracted
[local-ai] Max Life Hospital: extracted
[local-ai] Vihaan Hospital: extracted
[local-ai] Pioneer Hospital: extracted
[checkpoint] saved 2525 records
[local-ai] Dr. Gosavi Pediatric Hospital: extracted
[local-ai] Anuja Nursing Home: extracted
[local-ai] Kulkarni Nursing Home: extracted
[local-ai] Aayush Nursing Home: extracted
[local-ai] Dr. Kale Hospital: extracted
[local-ai] Jayrutukamal Hospital and I.C.U: extracted
[local-ai] Dr. Sabne's Manaswi Hospital: extracted
[local-ai] Sunrise Multispeciality Hospital: extracted
[local-ai] Khandekar Hospital: extracted
[local-ai] Kalpataru Hospital & Maternity Clinic: extracted
[local-ai] B &J Superspeciality Hospital and Research Centre: extracted
[local-ai] Purohit Hospital: extracted
[local-ai] Jeevan Jyot Hospital: extracted
[local-ai] Yash Hospital: extracted
[local-ai] Amar Hospital: extracted
[local-ai] Deshmukh Children Hospital: extracted
[local-ai] Dr. Nazirkar Shree Narayan Hospital: extracted
[local-ai] Criticare Lifeline Hospital: extracted
[local-ai] Dr. Sonavane Hospital: extracted
[local-ai] Dhanvantri Hospital: extracted
[local-ai] Dr. Sabale Orthopaedic Hospital: extracted
[local-ai] Al Shifa Multi Speciality Hospital: extracted
[local-ai] Saanvi Children's Hospital: extracted
[local-ai] Health gs Hospitals: extracted
[local-ai] Jnaneshwari Accident Hospital, Brain & Spine Centre: extracted
[checkpoint] saved 2550 records
[local-ai] Polaris Hospital: extracted
[local-ai] Tathastu Women's Hospital: extracted
[local-ai] Mhatre Accident Hospital: extracted
[local-ai] Dr. Dipalee Mane Hospital: extracted
[local-ai] Hande Hospital: extracted
[local-ai] Prism Eye Institute and Reseach Centre: extracted
[local-ai] Holkar Multispeciality Hospital & Dental Care: extracted
[local-ai] Shree Sai Multispeciality Hospital: extracted
[local-ai] Raigad Hospital & Research Centre: extracted
[local-ai] Jeevan Jyoti Multispeciality Hospital: extracted
[local-ai] Shifa Hospital: extracted
[local-ai] Shelar Hospital: extracted
[local-ai] Riddhi Children's Hospital and Dental Clinic: extracted
[local-ai] Shreepad Hospital: extracted
[local-ai] Sai Samarth Hospital Accident & Trauma Care Centre: extracted
[local-ai] Chirayu Hospital;hospital kamothe: extracted
[local-ai] Government Rural Hospital: extracted
[local-ai] Dr. Nadkarni Children's Hospital: extracted
[local-ai] Suman Kanta Hospital: extracted
[local-ai] Care and Cure Hospital: extracted
[local-ai] Dr. Alat's Sushrut Multispeciality Hospital: extracted
[local-ai] Ashwini General Hospital: extracted
[local-ai] Aasha Hospital: extracted
[local-ai] Ayesha Hospital: extracted
[local-ai] ONGC Hospital: extracted
[checkpoint] saved 2575 records
[local-ai] Prachin Healthcare: extracted
[local-ai] More Hospital and ICU: extracted
[local-ai] Veer Hospital & ICU: extracted
[local-ai] Sumitra Raj Hospital: extracted
[local-ai] Kamothe Criticare Hospital: extracted
[local-ai] Spandan Hospital: extracted
[local-ai] Anjani Maternity and Nursing Home: extracted
[local-ai] Dr. Nitin Amale Hospital: extracted
[local-ai] Sai Hospital for Child & Skin Hospital: extracted
[local-ai] Sai Hospital: extracted
[local-ai] Arunodaya Hospital: extracted
[local-ai] Aayesha Clinic: extracted
[local-ai] Children's Hospital: extracted
[local-ai] Shri Samarth Children's Hospital: extracted
[local-ai] Government Hospital: extracted
[local-ai] Shree Sai Multispecialist Hospital: extracted
[local-ai] Aayushman Hospital: extracted
[local-ai] Shree Sangam Multispeciality Hospital: extracted
[local-ai] Mauli Hospital: extracted
[local-ai] Maxcare Multispeciality Hospital: extracted
[local-ai] Welcare Ortho Maternity Children's Hospital: extracted
[local-ai] S S Vaidya Hospital: extracted
[local-ai] Sanjeevani Hospital: extracted
[local-ai] Sai Sharadha Hospital: extracted
[local-ai] Lions Eye Hospital: extracted
[checkpoint] saved 2600 records
[local-ai] Bhatia Hospital: extracted
[local-ai] Kimaya Hospital - Maternity and Surgical: extracted
[local-ai] Surekha Criticare Hospital: extracted
[local-ai] Meera ENT Hospital: extracted
[local-ai] Sfurti Multispeciality Hospital: extracted
[local-ai] Ashirwad Nursing Home: extracted
[local-ai] Akshaya Hospital: extracted
[local-ai] Shree Manav Kalyan Hospital: extracted
[local-ai] Ashka Hospital: extracted
[local-ai] Deshmukh Children's Hospital: extracted
[local-ai] Sai Krupa Hospital: extracted
[local-ai] Government Hospital: extracted
[local-ai] SN Hospital: extracted
[local-ai] Shri Balaji Hospital: extracted
[local-ai] Government Hospital: extracted
[local-ai] Shree Maternity Hospital: extracted
[local-ai] Sparsh Children's Hospital: extracted
[local-ai] Jeevan Jyot Multispeciality and ICCU Hospital: extracted
[local-ai] Singh Hospital: extracted
[local-ai] Prabha Hospital: extracted
[local-ai] Nirvaa Multispeciality Hospital: extracted
[local-ai] Chetna Children's Hospital: extracted
[local-ai] Life Care Hospital & Accupuncture Centre: extracted
[local-ai] Sant Gadge Maharaj Hospital: extracted
[local-ai] Ganesh Hospital: extracted
[checkpoint] saved 2625 records
[local-ai] Raviraj Hospital: extracted
[local-ai] Dhanlaxmi Hospital: extracted
[local-ai] JSW Hospital: extracted
[local-ai] Aashirwad Hospital: extracted
[local-ai] Aastha Health Care Centre Hospital: extracted
[local-ai] Ashwini Charitable Trust Hospital: extracted
[local-ai] Vishnavi Multispeciality Hospital: extracted
[local-ai] Prakruti Maternity and General Hospital: extracted
[local-ai] Swami Sarvanand Hospital: extracted
[local-ai] Govind Hospital: extracted
[local-ai] Swanand Children's Hospitals: extracted
[local-ai] Ramraksha Hospital: extracted
[local-ai] Shivneri Hospital: extracted
[local-ai] Newlife Hospital & Maternity Home: extracted
[local-ai] Matrix Hospital: extracted
[local-ai] Jiya's Multi Speciality & Maternity Hospital: extracted
[local-ai] Tembha Hospital: extracted
[local-ai] Jyotirmay Hospital: extracted
[local-ai] Horizon Hospital: extracted
[local-ai] Ratnadeep Children's Hospitals: extracted
[local-ai] Dhanwantari Multispeciality Hospital: extracted
[local-ai] Global Hospital: extracted
[local-ai] Mannat Hospital: extracted
[local-ai] Anish Hospital: extracted
[local-ai] Bhayandar Criticare Hospital: extracted
[checkpoint] saved 2650 records
[local-ai] Navjeevan Hospital: extracted
[local-ai] Mauli Hospital: extracted
[local-ai] Suleman Mulla Hospital: extracted
[local-ai] MGM Hospital: extracted
[local-ai] Ved Hospital: extracted
[local-ai] Ansh Hospital: extracted
[local-ai] Maheshwari Multispeciality Hospital: extracted
[local-ai] Sai Vedant Multi Speciality Hospital: extracted
[local-ai] First Care Hospital: extracted
[local-ai] Parsik Hospital: extracted
[local-ai] Phadke Hospital: extracted
[local-ai] Rathi Hospital: extracted
[local-ai] Sheva Niketan Hospital: extracted
[local-ai] Om Hospital: extracted
[local-ai] Dr. Maheshwari Hospital: extracted
[local-ai] Bijankur Hospital: extracted
[local-ai] Prathmesh Hospital: extracted
[local-ai] Janani Nursing Home & Hospital: extracted
[local-ai] Jeevan Jyot Hospital: extracted
[local-ai] Goverment Hospital: extracted
[local-ai] Katkar Hospital: extracted
[local-ai] Kasturi Hospital: extracted
[local-ai] Galaxy Criticare Hospital: extracted
[local-ai] Aadhar Hospital: extracted
[local-ai] Dr. Farids Hospital: extracted
[checkpoint] saved 2675 records
[local-ai] Tirupati Hospital: extracted
[local-ai] Venus Hospital Multispeciality: extracted
[local-ai] AM PM 24 Hrs Hospital: extracted
[local-ai] Lotus Hospital: extracted
[local-ai] Apex Multispeciality Hospital & ICU: extracted
[local-ai] Royal Hospital: extracted
[local-ai] Aarambh Hospital: extracted
[local-ai] Dr. Oak Hospital: extracted
[local-ai] Sai Krupa Hospital: extracted
[local-ai] Platinum Hospital: extracted
[local-ai] Neptune Superspeciality Hospital: extracted
[local-ai] Sai Ashutosh Hospital: extracted
[local-ai] City Criticare Hospital: extracted
[local-ai] Aayush Hospital: extracted
[local-ai] Rahat Hospital: extracted
[local-ai] National Hospital: extracted
[local-ai] Ekta Hospital: extracted
[local-ai] Supreme Hospital: extracted
[local-ai] Anupam Hospital: extracted
[local-ai] Orion Multispeciality Hospital: extracted
[local-ai] Puja Nursing Home: extracted
[local-ai] Sapphire Hospitals: extracted
[local-ai] Shree Ram Hospital: extracted
[local-ai] Siddhivinayak Nurshing Home: extracted
[local-ai] Singhi Hospital: extracted
[checkpoint] saved 2700 records
[local-ai] Apex Hospitals: extracted
[local-ai] Dr. Usha Hospital: extracted
[local-ai] Vivanta Multispeciality Hospital: extracted
[local-ai] Apex Superspeciality Hospitals: extracted
[local-ai] Vivanta Hospital: extracted
[local-ai] Sai Siddhi Hospital: extracted
[local-ai] Dr. Sharik's Asha Maternity & General Hospital: extracted
[local-ai] Cloud Nine Children's Hospital: extracted
[local-ai] Shishubharti Hospital;Nandini Hospital: extracted
[local-ai] L. M Patel Eye Hospital: extracted
[local-ai] Ganatra's Riddhi Nursing Home: extracted
[local-ai] Omkareshwar Nursing Home: extracted
[local-ai] MIB Super Speciality Hospital: extracted
[local-ai] Radha Krishna Hospital: extracted
[local-ai] Jain Hospital: extracted
[local-ai] The Children's Hospital Mumbai - Best child specialist in Mumbai: extracted
[local-ai] Punit Orthopaedic Hospital: extracted
[local-ai] Matushree Gomati Hospital: extracted
[local-ai] Thunga Hospital: extracted
[local-ai] Hospital Vedant: extracted
[local-ai] New Nari Hospital: extracted
[local-ai] Om Sai Hospital: extracted
[local-ai] Sage Hospital: extracted
[local-ai] Ashok Hospital: extracted
[local-ai] Balajee Hospital: extracted
[checkpoint] saved 2725 records
[local-ai] Shree Ganesha Hospital: extracted
[local-ai] Neerja Children's Hospital: extracted
[local-ai] Dr. Sabnis Hospital: extracted
[local-ai] Jeevan Jyoti Hospital: extracted
[local-ai] Sai Kripa Pediatric Hospital: extracted
[local-ai] Chiranjeev Childrens Hospital: extracted
[local-ai] Apex Multispeciality Hospitals: extracted
[local-ai] Gosalia Hospital: extracted
[local-ai] Aastha Maternity: extracted
[local-ai] Dalvi Hospital: extracted
[local-ai] Navjivan Hospital: extracted
[local-ai] Trauma Hospital: extracted
[local-ai] Anand Nursing Home: extracted
[local-ai] Vidya Hospital: extracted
[local-ai] Dr. Bhatt's Hospital: extracted
[local-ai] Dr. Sudhir Patil Sai Siddhi Clinic: extracted
[local-ai] Usha Maternity Home: extracted
[local-ai] Namaha Hospital: extracted
[local-ai] Choksi Nursing Home: extracted
[local-ai] Meeti Lifeline Hospital: extracted
[local-ai] Evershine Ortho & Surgical Hospital: extracted
[local-ai] Aashapuri Hospital: extracted
[local-ai] Sun Hospital: extracted
[local-ai] Savla Hospital: extracted
[local-ai] Vardann Multi Speciality Hospital: extracted
[checkpoint] saved 2750 records
[local-ai] Chandra Maternity Hospital: extracted
[local-ai] Government Hospital, Asara: extracted
[local-ai] Lotus Eye Hospital: extracted
[local-ai] Dr. Ashfaque Shah's City Hospital: extracted
[local-ai] Dadasaheb Gaikwad BMC Hospital: extracted
[local-ai] Medicare Hospital: extracted
[local-ai] Chandra Maternity Hospital: extracted
[local-ai] CritiCare Hospital: extracted
[local-ai] Dr. Sanjanwala Hospital: extracted
[local-ai] Mrudula Hospital: extracted
[local-ai] Sona Maternity and Surgical Nursing Home: extracted
[local-ai] City Hospital: extracted
[local-ai] Subhash Hospital: extracted
[local-ai] Lions Club Medical Centre General Hospital: extracted
[local-ai] Buddh Colony BMC Hospital: extracted
[local-ai] Kohinoor Hospital: extracted
[local-ai] Zobiya Hospital Maternity Home: extracted
[local-ai] Jogeshwari Hospital: extracted
[local-ai] Kankal Hospital Child Specialist: extracted
[local-ai] Sapna Maternity and General Hospital: extracted
[local-ai] Dr. Chhajed Surgerical & Maternity Hospital: extracted
[local-ai] Sai Hospital: extracted
[local-ai] Muskaan Hospital: extracted
[local-ai] DNA Hospital: extracted
[local-ai] Pasaydan Hospital and Trust: extracted
[checkpoint] saved 2775 records
[local-ai] Amarnath Multidisciplinary Children's Hospital: extracted
[local-ai] Cuddles N Care Pediatric Hospital: extracted
[local-ai] Habib Hospital: extracted
[local-ai] Shiv Hospital: extracted
[local-ai] Ruby Hospital: extracted
[local-ai] RCF Hospital: extracted
[local-ai] Uma Hospital: extracted
[local-ai] Alphine Life Solutions General Hospital: extracted
[local-ai] Mahavir Hospital: extracted
[local-ai] Mangal Multispeciality Hospital: extracted
[local-ai] SRV Hospital: extracted
[local-ai] Suvidha Hospital & PolyClinic: extracted
[local-ai] Dr. Wagh Maternity Hospital: extracted
[local-ai] Santrupti Hospital: extracted
[local-ai] Naval Hospital: extracted
[local-ai] Sunridges Speciality Hospital: extracted
[local-ai] Masoom Child Hospital: extracted
[local-ai] Balthakra Sahara Jogeshwari Hospital: extracted
[local-ai] Zen Multi Speciality Hospital: extracted
[local-ai] Shrimati Diwaliben Mohanlal Mehta Maa Sarvasadharan Rugnalay Hospital: extracted
[local-ai] Ruby Hospital: extracted
[local-ai] Chandra Hospital: extracted
[local-ai] Noor Nursing Home: extracted
[local-ai] Shree Hospital: extracted
[local-ai] Prathamesh Hospital: extracted
[checkpoint] saved 2800 records
[local-ai] Central Hospital & Child Care Centre: extracted
[local-ai] Apex Multi Speciality Hospital: extracted
[local-ai] Mohili Village Municipal Hospital: extracted
[local-ai] Shalyak Hospital: extracted
[local-ai] Hajari Hospital: extracted
[local-ai] Fathima Children Hospital & Criticare Centre: extracted
[local-ai] Devaki Hospital: extracted
[local-ai] Asmira Hospital: extracted
[local-ai] Shashikant Hospital: extracted
[local-ai] Shrenik Hospital and Maternity House: extracted
[local-ai] Jeevan Jyot Hospital and Nursing Home: extracted
[local-ai] Dr. Sanjay Shah Hospital: extracted
[local-ai] Suryakant Wagal Maternity Hospital: extracted
[local-ai] Gorai Naka Nalasopara Zoya Hospital: extracted
[local-ai] Kalajot Hospital: extracted
[local-ai] Anand Niketan Hospital: extracted
[local-ai] Desa's Hospital: extracted
[local-ai] Dolby Hospital: extracted
[local-ai] Ashvini Nursing Home: extracted
[local-ai] Dr. Shantilal Oza Hospital: extracted
[local-ai] Janani Hospital: extracted
[local-ai] Laxmi Niwas General Hospital: extracted
[local-ai] Resham Hospital: extracted
[local-ai] New Ratna Hospital: extracted
[local-ai] Smt. Motiben B. Dalvi Hospital: extracted
[checkpoint] saved 2825 records
[local-ai] Punamiya Hospital: extracted
[local-ai] Khimji Jeeva Sanitorium Hospital: extracted
[local-ai] Astha Nursing Home: extracted
[local-ai] BMC Hospital: extracted
[local-ai] Hospital For Women Care: extracted
[local-ai] Mahim Police Hospital: extracted
[local-ai] Welkarwadi BMC Hospital: extracted
[local-ai] Dr. Nadeem Rais Endocrinologist: extracted
[local-ai] Raj Ratan Hospital: extracted
[local-ai] Sion Hospital: extracted
[local-ai] Reliance Health Ventures Limited Hospital: extracted
[local-ai] Nair Hospital: extracted
[local-ai] Lelavati Hospital: extracted
[local-ai] Aayush Hospital: extracted
[local-ai] Lifecare Hospital: extracted
[local-ai] Mhaskar Hospital: extracted
[local-ai] Government Hospital, Wadura: extracted
[local-ai] District TB Hospital, Amravati: extracted
[local-ai] Government Hospital, Kalashi: extracted
[local-ai] Government Hospital, Dahigaon Recha: extracted
[local-ai] Government Hospital, Nirul Gangamai: extracted
[local-ai] Government Hospital, Juna Dhamangaon: extracted
[local-ai] Government Hospital, Pandharpur: extracted
[local-ai] Government Hospital,Charner: extracted
[local-ai] Government Hospital, Chincholi L: extracted
[checkpoint] saved 2850 records
[local-ai] Government Hospital, Kaiser Colony: extracted
[local-ai] Government Hospital, Palod: extracted
[local-ai] Government Hospital, Bhendala: extracted
[local-ai] Government Hospital, Kate Pimpalgaon: extracted
[local-ai] Government Hospital, Jarul: extracted
[local-ai] Government Hospital, Ranjangaon Shenpunji: extracted
[local-ai] Government Hospital, Bharadi: extracted
[local-ai] Government Hospital, Fulshevra: extracted
[local-ai] Government Hospital, Anvi: extracted
[local-ai] Women government hospital, london sawargaon: extracted
[local-ai] Government Hospital, london sawargaon: extracted
[local-ai] Government Hospital, Savargaon: extracted
[local-ai] Government Hospital, Dahifalwadmauli: extracted
[local-ai] Government Hospital, Kuslamb: extracted
[local-ai] Government Hospital, Nadur Ghat: extracted
[local-ai] Government Hospital, Tintarwani: extracted
[local-ai] Government Hospital, Tamba Rajuri: extracted
[local-ai] Government Hospital, Sautada: extracted
[local-ai] Government Hospital, Telgaon Bk: extracted
[local-ai] Government Hospital, Moha: extracted
[local-ai] Government Hospital, Tawasi: extracted
[local-ai] Government Hospital, Wangi: extracted
[local-ai] Government Hospital, Soni: extracted
[local-ai] Government Hospital, Borgaon Kakde: extracted
[local-ai] Government Hospital, Vivekanand nagar: extracted
[checkpoint] saved 2875 records
[local-ai] Government Hospital, Palshi Bk: extracted
[local-ai] Government Hospital, Tarwadi: extracted
[local-ai] Government Hospital, Madh: extracted
[local-ai] Government Hospital, Rohinkhed: extracted
[local-ai] Government Hospital, Wankhed: extracted
[local-ai] Civil Hospital ,Sav: extracted
[local-ai] Government Hospital, Gadegaon: extracted
[local-ai] Government Hospital, Bhangaram Talodhi: extracted
[local-ai] Government Hospital, Kanpa: extracted
[local-ai] Rural Hospital, Wirur Station: extracted
[local-ai] Government Hospital, Patala: extracted
[local-ai] Shri.Bhausaheb Hire Govt.Medical College: extracted
[local-ai] Government Hospital, Nagepalli: extracted
[local-ai] SubCentre, Japtalai: extracted
[local-ai] Government Hospital, Metigudam: extracted
[local-ai] Government Hospital, Asaralli: extracted
[local-ai] Bai Ganga Bai Women Hospital, Gondia: extracted
[local-ai] Rural Hospital, Arjuni Morgaon: extracted
[local-ai] Government Hospital, Ilda: extracted
[local-ai] Government Hospital, surytola: extracted
[local-ai] Government Hospital, Kumbhare Nagar: extracted
[local-ai] Government Hospital, Kadoli: extracted
[local-ai] Government Hospital, Nanded: extracted
[local-ai] Government Hospital, Bhusawal: extracted
[local-ai] Government Hospital, Shirsal: extracted
[checkpoint] saved 2900 records
[local-ai] Parate Hospital: extracted
[local-ai] Government Hospital, Bhadli: extracted
[local-ai] Rural Hospital ,Padmalaya: extracted
[local-ai] Government Hospital, Balad Bk: extracted
[local-ai] Civil Hospital ,Salva: extracted
[local-ai] Government Hospital, Talvel: extracted
[local-ai] Government Hospital, Khedgaon: extracted
[local-ai] Government Hospital, Adgaon: extracted
[local-ai] Government Hospital, Machla: extracted
[local-ai] Government Hospital, Tahakali: extracted
[local-ai] Government Hospital, Toli Kh: extracted
[local-ai] Government Hospital, Jaikisan Wadi: extracted
[local-ai] Government Hospital, Bhatkhande Kh: extracted
[local-ai] Government Hospital, Jalod: extracted
[local-ai] Central Railway Divisional Hospital ,Bhusawal: extracted
[local-ai] Government Hospital, Pimpri Bk: extracted
[local-ai] Bhagavat Hospital: extracted
[local-ai] Shushrut Clinic: extracted
[local-ai] Dr. Modak Hospital: extracted
[local-ai] Chandak Prathamik Aarogya Kendra: extracted
[local-ai] dental health care: extracted
[local-ai] Shree Hospital and Research Institutes (SHRI): extracted
[local-ai] ADITYA RAINBOW HOSPITAL: extracted
[local-ai] ARCUS HOSPITAL: extracted
[local-ai] Sai Allergy asthma Eye Children Hospital: extracted
[checkpoint] saved 2925 records
[local-ai] Sathe Multispeciality Hospital: extracted
[local-ai] Oscar hospital charkop naka: extracted
[local-ai] Pankaj Multispeciality Hospital: extracted
[local-ai] Facethetics - Dental, Facial Cosmetics(BOTOX), & Hair Transplant Clinique: extracted
[local-ai] DR PATIL'S FACE DENTAL HOSPITAL: extracted
[local-ai] Shree Hospital: extracted
[local-ai] Shinde Hospital: extracted
[local-ai] Nagre Hospital: extracted
[local-ai] Matoshree Hospital: extracted
[local-ai] Rakshak Hospital: extracted
[local-ai] Karan Hospital: extracted
[local-ai] Jeevan Jyoti Heart Care Centre: extracted
[local-ai] Paranjape Surgical And Maternity Hospital (Manavta Hospital): extracted
[local-ai] Desai Hospital Bhosari: extracted
[local-ai] SAMARTH HOSPITAL General,Surgical Accident & Maternity hospital: extracted
[local-ai] Choudhary multispeciality Hospital: extracted
[local-ai] S.K.Patil Hospital: extracted
[local-ai] Charkop Maternity Home: extracted
[local-ai] Dr Bhatia’s Hospital, Bhandup: extracted
[local-ai] Millat Dialysis Center: extracted
[local-ai] Sapna Health Care Centre Pvt Ltd: extracted
[local-ai] Sushrut Hospital: extracted
[local-ai] matoshri umabai RANE hospital: extracted
[local-ai] Shantiniketan Hospital: extracted
[local-ai] Dalvi Nursing Home: extracted
[checkpoint] saved 2950 records
[local-ai] Oscar Hospital: extracted
[local-ai] Sunrise Hospital: extracted
[local-ai] Ashirwad Critical Care Unit & Multi speciality: extracted
[local-ai] Zen Hospital: extracted
[local-ai] Akurli Maternity Home: extracted
[local-ai] ESIC Hospital: extracted
[local-ai] Naigaon Municipal Maternity Home: extracted
[local-ai] BMC arogya Kendra: extracted
[local-ai] Axon Hospital & Dialysis Center: extracted
[local-ai] Surya Hospital: extracted
[local-ai] Babasaheb Gawde Hospital: extracted
[local-ai] Government Hospital, Malvani: extracted
[local-ai] All India Institute of Medical Sciences , Nagpur: extracted
[local-ai] Mogre Children Hospital: extracted
[local-ai] Hope Hospital: extracted
[local-ai] Ganga Care Hospital Limited: extracted
[local-ai] NewEra Hospital: extracted
[local-ai] Viveka Hospital: extracted
[local-ai] Ordnance Factory Hospital: extracted
[local-ai] Lifeline hospital: extracted
[local-ai] Adhav Hospitals Nirmal Neurocare And Superspeciality Center: extracted
[local-ai] Renukai Hospital: extracted
[local-ai] Government Hospital, Sapti: extracted
[local-ai] Government Hospital, Motarga: extracted
[local-ai] Government Hospital, Dongargaon: extracted
[checkpoint] saved 2975 records
[local-ai] Government Hospital, Lahan: extracted
[local-ai] Government Hospital, Niwgha: extracted
[local-ai] Government Hospital, Nimgaon: extracted
[local-ai] Government Hospital, Khanapur: extracted
[local-ai] Government Hospital, Malakjam: extracted
[local-ai] Government Hospital, Penur: extracted
[local-ai] Lifeline Multispeciality Hospital: extracted
[local-ai] Government Hospital, Kini: extracted
[local-ai] J J Plus Hospitals Pvt Ltd, Aurangabad: extracted
[local-ai] Government Hospital, Alkuti: extracted
[local-ai] Mahima General Hospital: extracted
[local-ai] Government Hospital, Kshirasgaon: extracted
[local-ai] Shri Sainath Hospital, Shirdi: extracted
[local-ai] Atmaram Giri Baba Multispecility Hospital And Critical Care Unit: extracted
[local-ai] Hole Multispeciality Hospital: extracted
[local-ai] Onkar Hospital: extracted
[local-ai] Kute Hospital: extracted
[local-ai] Malpani Hospital: extracted
[local-ai] Shree Hospital: extracted
[local-ai] Pravara Rural Hospital: extracted
[local-ai] CITI Multi-specialty Hospital: extracted
[local-ai] Government Hospital, Chatari: extracted
[local-ai] Morya Multispeciality Hospital: extracted
[local-ai] Baramati Hospital: extracted
[local-ai] Mehta Hospital: extracted
[checkpoint] saved 3000 records
[local-ai] Apex Hospital: extracted
[local-ai] Shingote Multispeciality Hospital ,Prasutigruah: extracted
[local-ai] GetWell Multispeciality Hospital: extracted
[local-ai] Indrayani Hospital: extracted
[local-ai] Bhimashankar Hospital and Research Centre: extracted
[local-ai] Dr. Mate Hospital: extracted
[local-ai] Shlok Hospital: extracted
[local-ai] Om Chaitanya Hospital: extracted
[local-ai] Matoshri Ramabai Ambedkar Prasutigriha: extracted
[local-ai] Savitribai Phule Meternity Home: extracted
[local-ai] Premchand Oswal Hospital: extracted
[local-ai] Janata Hospital ,Pune: extracted
[local-ai] Government Hospital, Dhankawadi: extracted
[local-ai] Vasant More Hospital: extracted
[local-ai] Brahm Chaitanya Hospital: extracted
[local-ai] Hazrat Maulana Yunus Sahab Rahmatullah Alaih Dawakhana: extracted
[local-ai] G B Indumati Manilal Khanna Hospital: extracted
[local-ai] VishwaRaj Hospital ,Pune: extracted
[local-ai] Langhe Hospital ,Shikrapur: extracted
[local-ai] Varadvinayak Children and Eye Hospital: extracted
[local-ai] Ojas Multispeciality Hospital: extracted
[local-ai] Rising Medicare Hospital: extracted
[local-ai] Om Hospital: extracted
[local-ai] Late Pruthak Barate Hospital: extracted
[local-ai] Sanjeevan Hospital: extracted
[checkpoint] saved 3025 records
[local-ai] Apollo Spectra Hospitals: extracted
[local-ai] Shree Hospital: extracted
[local-ai] Maulinath Multispeciality Hospital: extracted
[local-ai] Siddhivinayak Hospital: extracted
[local-ai] Life Line Hospital: extracted
[local-ai] Mahalaxmi Hospital: extracted
[local-ai] Jeevanjyoti Hospital: extracted
[local-ai] Sparsh Hospital: extracted
[local-ai] Unique Neonatal & Pediatric Intensive Care Unit Pvt Ltd: extracted
[local-ai] Government Hospital, Nirgudsar: extracted
[local-ai] Apollo Hospital: extracted
[local-ai] Civil Hospital ,Thane: extracted
[local-ai] Mathadi Hospital KK: extracted
[local-ai] Acharya Shri Nanesh Hospital: extracted
[local-ai] Stella Maris Hospital: extracted
[local-ai] Family Care Hospitals: extracted
[local-ai] CritiCare Hospital: extracted
[local-ai] Vinamra Swaraj Hospital: extracted
[local-ai] Pranayu Multispeciality Hospital: extracted
[local-ai] Horizon Prime Hospital: extracted
[local-ai] Siddhivinayak Hospital: extracted
[local-ai] Doddu Sheena Shetty Memorial Central Hospital: extracted
[local-ai] Life care Hospital: extracted
[local-ai] Satya Sai Platinum Hospital: extracted
[local-ai] NMMC Hospitals: extracted
[checkpoint] saved 3050 records
[local-ai] Dr Mudit Khanna: extracted
[local-ai] Optilife Multispeciality Hospital: extracted
[local-ai] Noble Hospital: extracted
[local-ai] Star city Multispeciality Hospital: extracted
[local-ai] Rajmata Jijau Ruganlay: extracted
[local-ai] Shwaas Multispeciality Hospital: extracted
[local-ai] S.N. Hospital: extracted
[local-ai] Noor Hospital: extracted
[local-ai] Pulfail UPHC A: extracted
[local-ai] Dr Vaisya Eye Center: extracted
[local-ai] District Women Hospital,Buldana: extracted
[local-ai] korde hospital: extracted
[local-ai] patil hospital: extracted
[local-ai] Mane hospital: extracted
[local-ai] Jagannath hospital: extracted
[local-ai] Radhakrishna Hospital: extracted
[local-ai] Anant Seva Hospital: extracted
[local-ai] city hospiyal: extracted
[local-ai] Om Hospital in Pune: extracted
[local-ai] Sai Shradha Health Care Centre: extracted
[local-ai] Chellaram Hospital: extracted
[local-ai] Om Childrens Clinic: extracted
[local-ai] Konark Hospital: extracted
[local-ai] Shanti accident and skin clinic: extracted
[local-ai] Gomathi Eye & Cornea Centre: extracted
[checkpoint] saved 3075 records
[local-ai] Axis Orthopaedic Hospital: extracted
[local-ai] AL Kaleskar Hospital: extracted
[local-ai] Bhabha Hospital: extracted
[local-ai] Navkar Skin Hair And Laser Clinic: extracted
[local-ai] Sushrut Surgical and Maternity Hospital: extracted
[local-ai] Matoshree Hospital: extracted
[local-ai] Thite Multispeciality Hospital: extracted
[local-ai] Pooja Clinic: extracted
[local-ai] Thyrocare Aarogyam Center - Dadar West: extracted
[local-ai] Dhanvantari Multispeciality Hospital: extracted
[local-ai] Suprama hospital: extracted
[local-ai] Metropolis Healthcare Ltd: extracted
[local-ai] Sudarshan Eye Hospital: extracted
[local-ai] Shree laxmi Hospital: extracted
[local-ai] Shree Seva Hospital: extracted
[local-ai] Clear Vision Eye Care: extracted
[local-ai] Sai Hospital: extracted
[local-ai] Om Netralaya and Dental Clinic: extracted
[local-ai] Infinity Medisurge Centre Speciality Hospital: extracted
[local-ai] Ketki Hospital: extracted
[local-ai] Joshi Hospital: extracted
[local-ai] Ruby Hall: extracted
[local-ai] Khapne Hospital: extracted
[local-ai] Benecare Superspeciality Hospital: extracted
[local-ai] Tirupati Hospital: extracted
[checkpoint] saved 3100 records
[local-ai] Satvic Hospital: extracted
[local-ai] Aamby Valley Base Hospital: extracted
[local-ai] Kokilaben Dhirubhai Ambani Hospital: extracted
[local-ai] Patil Eye Hospital: extracted
[local-ai] Prathamik Arogya Kendra: extracted
[local-ai] Pet hospital: extracted
[local-ai] Swami Ramanand Teerth Rural Medical College: extracted
[local-ai] Symbiosis University Hospital & Research Centre: extracted
[local-ai] Vaishali Hospital: extracted
[local-ai] Pushp Clinic: extracted
[local-ai] Kavthale Hospital: extracted
[local-ai] Sadguru Multispeciality Hospital, Kolhapur: extracted
[local-ai] Vardan Clinic: extracted
[local-ai] Mule Hospital and Chikitsalay diagnostics: extracted
[local-ai] Little miracle childrens hospital: extracted
[local-ai] Manipal Hospital: extracted
[local-ai] apple hospital: extracted
[local-ai] Aashirwad Hospital: extracted
[local-ai] Care lifeline hospital: extracted
[local-ai] साईकृपा रुग्णालय: extracted
[local-ai] DHOLE MEDICAL SHOP: extracted
[local-ai] om hospital: extracted
[local-ai] Modern Hospital: extracted
[local-ai] Saswad ST stand: extracted
[local-ai] Sant Dnyaneshwar Palkhi tal 1: extracted
[checkpoint] saved 3125 records
[local-ai] Sant Dnyaneshwar Palkhi tal 2: extracted
[local-ai] Sport Ground: extracted
[local-ai] Dhanvantari Hospital: extracted
[local-ai] Waghire college Ground: extracted
[local-ai] mothercare hospital: extracted
[local-ai] metro advanced homeopathy clinic: extracted
[local-ai] suraj hospital: extracted
[local-ai] anvi ENT and thyroid clinic: extracted
[local-ai] sharda clinic: extracted
[local-ai] immunology and rheumatology clinic: extracted
[local-ai] sahyadri hospital: extracted
[local-ai] harsh hospital: extracted
[local-ai] apollo clinic: extracted
[local-ai] bhagali clinic and nursing home: extracted
[local-ai] sayar hospital: extracted
[local-ai] isshan orthopedic hospital: extracted
[local-ai] dr kashyab nursing home: extracted
[local-ai] Fauziya hospital: extracted
[local-ai] bhabha hospital: extracted
[local-ai] Alphine life solutions general hospital: extracted
[local-ai] Dalvi nursing home: extracted
[local-ai] Prathamesh hospital: extracted
[local-ai] Brihanmumbai mucipality Hospital: extracted
[local-ai] Santrupti hospital: extracted
[local-ai] Dr.Sanjay sonar laparoscopy and scopy centre: extracted
[checkpoint] saved 3150 records
[local-ai] Amita Patil Nursing Home: extracted
[local-ai] Chandra maternity Hospital: extracted
[local-ai] Chandra Hospital: extracted
[local-ai] Shiv Hospital: extracted
[local-ai] RCF Hospital: extracted
[local-ai] Nayak medicare -chembur: extracted
[local-ai] Inlaska Hospital: extracted
[local-ai] Bora Hospital: extracted
[local-ai] kedari Hospital: extracted
[local-ai] RAJ HP A: extracted
[local-ai] DHUT HP B: extracted
[local-ai] Umarji Hospital: extracted
[local-ai] Panchsheel Hospital: extracted
[local-ai] Sardar Patel Genral Hospital: extracted
[local-ai] Meera Hospital: extracted
[local-ai] Allice Munot Hospital: extracted
[local-ai] Kering Hospital: extracted
[local-ai] G.M Babubbhai Memo Hospital: extracted
[local-ai] Military Hospital: extracted
[local-ai] CHandralok Hospital: extracted
[local-ai] Sangam Hospital: extracted
[local-ai] Jain Hospital: extracted
[local-ai] Ambika hospital: extracted
[local-ai] Siddheshwar Multispeciality Hospital: extracted
[local-ai] Shiv Santosh Hospitsal solapur: extracted
[checkpoint] saved 3175 records
[local-ai] Khairnar Hospital: extracted
[local-ai] Noble heart Care centre Hospital: extracted
[local-ai] S S Multispeciality Hospital: extracted
[local-ai] Accident And MAternity Hospital: extracted
[local-ai] Dr Birajdar Hospital: extracted
[local-ai] Ashwini sahkari rugnalaya: extracted
[local-ai] Sunrise Hospital solapur: extracted
[local-ai] Bhanari Hospital Solapur: extracted
[local-ai] Civil Hospital: extracted
[local-ai] Darshan Maternity Hospital: extracted
[local-ai] Siddheshwar Cancer Hospital: extracted
[local-ai] Dr Patil clinic: extracted
[local-ai] Ramwadi Hospital: extracted
[local-ai] Bhaveshwar Hospital: extracted
[local-ai] Oyster and Pearl Hospital: extracted
[local-ai] Ghaisas ENT Hospital: extracted
[local-ai] Phadke Hospital: extracted
[local-ai] Seth Tarachand Hospital: extracted
[local-ai] Shre Samarth Hospital: extracted
[local-ai] Ruby Hall Clinic: extracted
[local-ai] Red blood hospital: extracted
[local-ai] Nityashraddha super speciality hospital: extracted
[local-ai] N. M. Wadia Institute of Cardiology: extracted
[local-ai] WEST VALLEY MULTISPECIALITY HOSPITAL PVT LTD: extracted
[local-ai] Kawediya Hospital: extracted
[checkpoint] saved 3200 records
[local-ai] Unique Hospital: extracted
[local-ai] Sadhu Vaswani Missions Medical Complex: extracted
[local-ai] school Ground: extracted
[local-ai] Poona Hospital and Research Centre: extracted
[local-ai] DEENDAYAL MEMORIAL HOSPITAL: extracted
[local-ai] KAMLA NEHRU HOSPITAL: extracted
[local-ai] GLOBAL HOSPITAL & RESEARCH: extracted
[local-ai] RANKA HOSPITAL: extracted
[local-ai] Joshi Hospital: extracted
[local-ai] Prayag Hospital: extracted
[local-ai] PUNE ADVENTIST HOSPITAL: extracted
[local-ai] HARIJIVAN HOSPITAL: extracted
[local-ai] lokmanya hospital: extracted
[local-ai] lokmanya hospital: extracted
[local-ai] jupiter hospital: extracted
[local-ai] khalkar hsopital: extracted
[local-ai] platinum hospital: extracted
[local-ai] patil hospital: extracted
[local-ai] shreedeep hospital: extracted
[local-ai] hospital26: extracted
[local-ai] UNDRE HP: extracted
[local-ai] PHC: extracted
[local-ai] HOSPITAL 9: extracted
[local-ai] SKINN AND HAIR CLINIC: extracted
[local-ai] shree shidhi hospital: extracted
[checkpoint] saved 3225 records
[local-ai] Public health Care Wagoli: extracted
[local-ai] care hospital: extracted
[local-ai] Undre Hospital: extracted
[local-ai] Shinde Hospitals: extracted
[local-ai] Pulse Speciality Hospital: extracted
[local-ai] Morya Hospitals: extracted
[local-ai] Siddheswar Hospitals: extracted
[local-ai] Medinova Hospital: extracted
[local-ai] Dhanwatari Hospital: extracted
[local-ai] Sai Hospitals: extracted
[local-ai] Siddheswar Hospital: extracted
[local-ai] Lotus Hospital: extracted
[local-ai] Care Hospitals: extracted
[local-ai] Life Line Hospital: extracted
[local-ai] Care Hospital: extracted
[local-ai] Medinova Hospitals: extracted
[local-ai] Lotus Hospitals: extracted
[local-ai] Shusshrusha Hospital: extracted
[local-ai] Shinde Hospitals: extracted
[local-ai] Rainbow Hospitals: extracted
[local-ai] Sai Hospitals: extracted
[local-ai] Unity Hospitals: extracted
[local-ai] Morya Hospitals: extracted
[local-ai] Pulse hospitals: extracted
[local-ai] Metro Hospitals: extracted
[checkpoint] saved 3250 records
[local-ai] Shinde hospitals: extracted
[local-ai] Life line hospital: extracted
[local-ai] imax Eye care hospital: extracted
[local-ai] Shashwat Hospital: extracted
[local-ai] Chavan Hospital: extracted
[local-ai] Government Hospital Vajaroshi: extracted
[local-ai] Government Hospital Saspade: extracted
[local-ai] Primary Health Care Center: extracted
[local-ai] Government Hospital: extracted
[local-ai] Auti Hospital: extracted
[local-ai] Aureus Institute of Medical Science: extracted
[local-ai] Lakshya cancer hospital: extracted
[local-ai] Globus Diagnostic Centre: extracted
[local-ai] sai medical: extracted
[local-ai] Accord hospital: extracted
[local-ai] Global hospital and research center: extracted
[local-ai] Suyog Hospital: extracted
[local-ai] Dr Mhaske Hospital and Research Centre Pvt Ltd: extracted
[local-ai] amrut bal rugnalay: extracted
[local-ai] Vaibhav Nursing Home: extracted
[local-ai] Yashoda Orthopediac Hospital: extracted
[local-ai] Alpha hospital: extracted
[local-ai] Ingale Hospital: extracted
[local-ai] Care Hospital: extracted
[local-ai] Care Hospital: extracted
[checkpoint] saved 3275 records
[local-ai] milan medical: extracted
[local-ai] Deshpande Hospital: extracted
[local-ai] PROPOSED SITE: extracted
[local-ai] Apex Hospital: extracted
[local-ai] Ashwamedh Orthopaedic Hospital.: extracted
[local-ai] Orion hospital: extracted
[local-ai] Nakshatra eye hospital: extracted
[local-ai] Arun Hospital: extracted
[local-ai] Saibaba Hospital: extracted
[local-ai] Emcure Pharmaceuticals Limited: extracted
[local-ai] LifeTree Hospital: extracted
[local-ai] Marunji Hospital: extracted
[local-ai] Yashoda Children and Maternity Hospital (Pediatrician and Gynaecologist): extracted
[local-ai] Dr. Satra's Dental Clinic: extracted
[local-ai] Khare Dental Clinic: extracted
[local-ai] Ashtavinayak Dental Clinic: extracted
[local-ai] Datacha Dawakhana: extracted
[local-ai] SANJIVANI HOSPITAL: extracted
[local-ai] घनवट हॉस्पिटल: extracted
[local-ai] Shri Hospital: extracted
[local-ai] siddhivinayak maternity hospital and infetility center: extracted
[local-ai] Kand Clinic: extracted
[local-ai] PCMC Hospital: extracted
[local-ai] Ruby Hall Clinic, Hinjawadi, Pune: extracted
[local-ai] Chirayu hospital: extracted
[checkpoint] saved 3300 records
[local-ai] Saibaba Hospital: extracted
[local-ai] ASG eye hospital: extracted
[local-ai] White Shine Multispeciality Dental Clinic: extracted
[local-ai] JaiHind Hospital: extracted
[local-ai] Life Care Hospital: extracted
[local-ai] Sanjeevan Hospital: extracted
[local-ai] Srushti Hospital: extracted
[local-ai] Avdhoot Hospital: extracted
[local-ai] Suyash Hospital: extracted
[local-ai] arihant hospital: extracted
[local-ai] Remedia Hospital: extracted
[local-ai] Krushnai Hospital Mother and Child Care centre: extracted
[local-ai] Suvidha hospital: extracted
[local-ai] Prime Diagnostics: extracted
[local-ai] Dr Ninad Tamboli- Urologist at Terna Hospital, Terna Speciality Hospital and research center: extracted
[local-ai] Dhanvantari Hospital: extracted
[local-ai] Astha Hospital: extracted
[local-ai] Satav pathology Laboratory: extracted
[local-ai] Pharmacy: extracted
[local-ai] Nursing Home: extracted
[local-ai] Life Care Hospital: extracted
[local-ai] Maindarkar Hospital: extracted
[local-ai] Yashoda Test Tube Baby: extracted
[local-ai] Mauli Hospital and Critical Care Centre: extracted
[local-ai] New Life Heart & Critical Care: extracted
[checkpoint] saved 3325 records
[local-ai] Gandhi Hospital: extracted
[local-ai] Shri Sai Critical Care Unit: extracted
[local-ai] Rainbow Superspeciality Hospital: extracted
[local-ai] Asha Hospital: extracted
[local-ai] Apollo Neurocare and Superspeciality Hospital: extracted
[local-ai] Max Neurocare and Superspeciality Hospital: extracted
[local-ai] Adarsh Hospital: extracted
[local-ai] Jeevan Uday Multispeciality Hospital: extracted
[local-ai] Dr. A. G. Bhangale: extracted
[local-ai] Dr. A. G. Bhangale: extracted
[local-ai] GURUKRUPA HOSPITAL: extracted
[local-ai] Tambe Hospital: extracted
[local-ai] Dr. Sunil V. Bajaj: extracted
[local-ai] Kingsway Hospital: extracted
[local-ai] Sharyu Hospital: extracted
[local-ai] Bhanushali Hospital: extracted
[local-ai] Bhanushali hospital: extracted
[local-ai] KLS Memorial Hospital: extracted
[local-ai] Noble chemist: extracted
[local-ai] Navneet Hospital: extracted
[local-ai] Racemous Polyclinics: extracted
[local-ai] Flora Hospital: extracted
[local-ai] lonkar: extracted
[local-ai] ayodhya: extracted
[local-ai] shinde hospital.malsiras: extracted
[checkpoint] saved 3350 records
[local-ai] elite hospital: extracted
[local-ai] patil hospital: extracted
[local-ai] Navjeevan: extracted
[local-ai] battlefield: extracted
[local-ai] Prism Dental and Medical Clinic: extracted
[local-ai] extraction failed: Local model request failed: timed out
[local-ai] dr.anjali's hospital: extracted
[local-ai] Bhaktisindhant Hospital: extracted
[local-ai] Seven Palms Hospital: extracted
[local-ai] Dentist Clinic: extracted
[local-ai] Spndan Hospital: extracted
[local-ai] Dr. Attal O. R. CLinic: extracted
[local-ai] Badakh Hospital: extracted
[local-ai] Thorat Hospital: extracted
[local-ai] Gadakh Hospital: extracted
[local-ai] Sukhkarta Hospital: extracted
[local-ai] Varad Hospital: extracted
[local-ai] Shete Hospital: extracted
[local-ai] Chaitanya Hospital: extracted
[local-ai] Gursal Hospital: extracted
[local-ai] Sant Hospital: extracted
[local-ai] Nanjivan Hospital (Dr. Govind Lahoti): extracted
[local-ai] Cessna Lifeline Veterinary Hospital: extracted
[local-ai] The Diagno Hub: extracted
[local-ai] Yashorahi Hospital: extracted
[checkpoint] saved 3375 records
[local-ai] Yashoda Hospital: extracted
[local-ai] Construction Site: extracted
[local-ai] Capital Hospital: extracted
[local-ai] Shinde Hospital: extracted
[local-ai] Vasundhara Multispeciality Hospital: extracted
[local-ai] Jijau Hospital: extracted
[local-ai] Dr. Rajendra Mehata Hospital: extracted
[local-ai] PMC Health Center: extracted
[local-ai] Vighanaharata Hospital: extracted
[local-ai] Pulse Multispeciality Hospital: extracted
[local-ai] sparsh hospital: extracted
[local-ai] Vijaymala Hospital: extracted
[local-ai] Agarwal Children's Hospital: extracted
[local-ai] City Maternity hospital: extracted
[local-ai] USHA HOSPITAL: extracted
[local-ai] Sai Asha Hospital: extracted
[local-ai] Parakh Hospital and Research Centre - Ghatkopar: extracted
[local-ai] ZP Hospital: extracted
[local-ai] Joshi Multi Speciality Hospital: extracted
[local-ai] Ahire Child Special Hospital: extracted
[local-ai] Civil Hospital, Nampur: extracted
[local-ai] Pawar Multi Speciality Hospital: extracted
[local-ai] Anil Ahire Genral Hospital: extracted
[local-ai] Civil Hospital, Chirai: extracted
[local-ai] life care hospital: extracted
[checkpoint] saved 3400 records
[local-ai] Navneet hospital achole talav: extracted
[local-ai] sanjivani hospital: extracted
[local-ai] Medinine Hospital: extracted
[local-ai] siddiqui: extracted
[local-ai] Apollo Hospitals: extracted
[local-ai] Indian Cancer Society: extracted
[local-ai] Shree Sai Hospital: extracted
[local-ai] Arogyam Superspeciality Hospital: extracted
[local-ai] VARDHAN TEST TUBE CENTRE: extracted
[local-ai] Titan: extracted
[local-ai] Align Diagnostic & BoneCare Polyclinic: extracted
[local-ai] Mai Hospital: extracted
[local-ai] suryachandra hospital akola: extracted
[local-ai] sadguru homoeo hospital: extracted
[local-ai] extraction failed: Local model returned invalid JSON
[local-ai] Auro Skin Clinic: extracted
[local-ai] Sai General Hospital: extracted
[local-ai] Shreyash Banquets: extracted
[local-ai] Indralok Multispeciality Hospital: extracted
[local-ai] Wockhardt Hospital: extracted
[local-ai] Jain Multispeciality Hospital: extracted
[local-ai] MJ Hospital: extracted
[local-ai] Morya Multispeciality Hospital: extracted
[local-ai] Dr. Bhupeshkumar Kaware: extracted
[local-ai] Abane Hospital: extracted
[checkpoint] saved 3425 records
[local-ai] CHANDGUDE ACCIDENT HOSPITAL: extracted
[local-ai] Usha Urology & Andrology Clinic: extracted
[local-ai] Dr. Abhijeet Karad: extracted
[local-ai] Tiny Sparkles Dental Clinic | Multispeciality & Pediatric Dental Clinic: extracted
[local-ai] MIRA Cancer Superspeciality Hospital: extracted
[local-ai] goel hospital: extracted
[local-ai] Pinnacle Hospital: extracted
[local-ai] Borivali Surgical Hospital LLP: extracted
[local-ai] Bhigwan Medicare Hospital Private Limited: extracted
[local-ai] Sirvi Medical: extracted
[local-ai] City Hospital: extracted
[local-ai] city hospital: extracted
[local-ai] Glaze Dental Clinic - Speciality Dental Clinic and Implant Centre: extracted
[local-ai] MyGyne Clinic: extracted
[local-ai] Shree Jeevan Hospital: extracted
[local-ai] Shree Jivan Hospital: extracted
[local-ai] Krishdeep Hospital: extracted
[local-ai] Navajeevan Hospital: extracted
[local-ai] Navjivan Hospital 🏥: extracted
[local-ai] T G H Eye Hospital: extracted
[local-ai] Shree Hospital: extracted
[local-ai] Kavitake General Multi-speciality And Eye Hospital: extracted
[local-ai] Sanjivani Hospital and ICU: extracted
[local-ai] Shree Punyod Hospital: extracted
[local-ai] Rao Hospital: extracted
[checkpoint] saved 3450 records
[local-ai] TGH Eye Hospital: extracted
[local-ai] Smileplease Dental Clinic: extracted
[local-ai] Deep Mult Hospital Kamshet: extracted
[local-ai] Navjivan Hospitals: extracted
[local-ai] Shree Jeevan Hospital: extracted
[local-ai] PHC Khadkala: extracted
[local-ai] Sanjeevani Hospital: extracted
[local-ai] Kataria eye clinic: extracted
[local-ai] Samartha Hospital: extracted
[local-ai] Medicover Hospital: extracted
[local-ai] Siddhivinayak Hospital: extracted
[local-ai] Kamshet Hospital: extracted
[local-ai] Kamshet Hospital: extracted
[local-ai] Shri Hospital: extracted
[local-ai] Rao Hospital: extracted
[local-ai] Soham Hospital: extracted
[local-ai] Shivsai Medical & General store: extracted
[local-ai] GDHGDHGF: extracted
[local-ai] Synergy Heart Institute: extracted
[local-ai] Shri Sai Hospital (Nimbalkar Hospital): extracted
[local-ai] Shiv Multi Speciality Hospital: extracted
[local-ai] M.W. Desai Municipal Genreal Hospital: extracted
[local-ai] Dr Abhinav Kesarwani Varicose Veins Specialist: extracted
[local-ai] Vikttubaba physiotherapy clinic, wadsa: extracted
[local-ai] Anuja Multispeciality Hospital: extracted
[checkpoint] saved 3475 records
[local-ai] Silver Birch Multispeciality Hospital: extracted
[local-ai] alfi diagnostics & smart clinics: extracted
[local-ai] Subhdra Hospital: extracted
[local-ai] Seven Star Multispeciality Hospital: extracted
[local-ai] Akshay Hospital: extracted
[local-ai] Aashirvad hospital: extracted
[local-ai] Guru Hospital: extracted
[local-ai] Mathura Hospital: extracted
[local-ai] Morya Medical: extracted
[local-ai] Ashwini Hospital And Endoscopy Center: extracted
[local-ai] Neneys Hospital: extracted
[local-ai] karan: extracted
[local-ai] Shree Hospital: extracted
[local-ai] Gade Hospital: extracted
[local-ai] Vighnaharta Hospital: extracted
[local-ai] Sparsh Hospital: extracted
[local-ai] Vedika Clinic: extracted
[local-ai] UNIQUE HOSPITAL: extracted
[local-ai] SHIVKRUPA MEDICAL: extracted
[local-ai] M J Speciality Clinic - Dr Manoj Jain: extracted
[local-ai] Shree Hospital: extracted
[local-ai] Jupiter Hospital: extracted
[local-ai] Anand Hospital: extracted
[local-ai] Shree Ganesh Hospital Kalas: extracted
[local-ai] Dr. Arundhati kale sidhaye's Vision Eye Center: extracted
[checkpoint] saved 3500 records
[local-ai] Ruby hall hospital: extracted
[local-ai] Punawale Specialty Clinic: extracted
[local-ai] Dr Sunny Dole: extracted
[local-ai] Government Hospital Waroda: extracted
[local-ai] Primary Health Center PHC Dhapewada: extracted
[local-ai] Gayatri Hospital: extracted
[local-ai] Burute Dental - Best Dental Implant Specialist in PCMC | Dr. Mrunal Burute ,Pimpri Chinchwad ,Pune: extracted
[local-ai] Apex Cancer Clinic: extracted
[local-ai] Healing Hands Clinic - Dhole Patil Road, Pune: extracted
[local-ai] Healing Hands Clinic - Baner, Pune: extracted
[local-ai] Healing Hands Clinic - Katraj, Pune: extracted
[local-ai] Healing Hands Clinic, Undri: extracted
[local-ai] Healing Hands Clinic - Thane West: extracted
[local-ai] Healing Hands Clinic - Andheri West, Mumbai: extracted
[local-ai] Healing Hands Clinic - Kolhapur: extracted
[local-ai] Healing Hands Clinic - Vashi, New Mumbai: extracted
[local-ai] Healing Hands Clinic - Nashik: extracted
[local-ai] Healing Hands Clinic - Latur: extracted
[local-ai] Healing Hands Clinic - Chhatrapati Sambhajinagar: extracted
[local-ai] ushakal Abhinav Multisuperspeciality Hospital: extracted
[local-ai] Nil Kamal Hospital: extracted
[local-ai] Vedant Hospital: extracted
[local-ai] Saishree Vitalife Hospital: extracted
[local-ai] Dr. Kasar Hospital & Maternity Home: extracted
[local-ai] Vr Speech And Hearing Clinic: extracted
[checkpoint] saved 3525 records
[local-ai] Paranjpe Hospital: extracted
[local-ai] Samarth Hospital: extracted
[local-ai] Sangavi Multispecialist Hospital: extracted
[local-ai] Diksha Medical: extracted
[local-ai] Arogyam Ayurveda: extracted
[local-ai] Medi-Plus: extracted
[local-ai] Shree New Kohinoor Chemist: extracted
[local-ai] Sadhak Child Care Hospital: extracted
[local-ai] Dr. Wavhal's Children Hospital & Dr. Suman's Maternity Home: extracted
[local-ai] Airport Health Organization: extracted
[local-ai] Sudharm Hospital: extracted
[local-ai] Dr. Mulani ulhasnagar: extracted
[local-ai] Gandhi Superspeciality Hospital & Diagnostic Centre: extracted
[local-ai] Aditya Ortho Spine Clinic: extracted
[local-ai] Dr. Mulani, Geeta Complex: extracted
[local-ai] Dr. Khushboo Singh Women's Clinic: extracted
[local-ai] Dr. Ayush Heda, Gynecologic Cancer and Laparoscopic Surgeon: extracted
[local-ai] Dr. Sakshi Heda, Maternity and Infertility Specialist: extracted
[local-ai] Noor Hospital: extracted
[local-ai] Care Multispceciality Hospital: extracted
[local-ai] Care Multispceciality Hospital: extracted
[local-ai] Shantidevi Orthopedic And Multi Care Hospital: extracted
[local-ai] HealthCity: extracted
[local-ai] Reborn Skin and Hair Clinic: extracted
[local-ai] Dr. Rakhi K. Dutta: extracted
[checkpoint] saved 3550 records
[local-ai] Dr. Dinesh Zirpe | Liver Transplant | Pancreatic & Gall bladder specialist Surgeon: extracted
[local-ai] Deshmukh Speciality Clinic: extracted
[local-ai] cruelty free cosmetics: extracted
[local-ai] cruelty free cosmetics: extracted
[local-ai] Dr. Agarwals Eye Hospital: extracted
[local-ai] Soham Multispeciality hospital: extracted
[local-ai] Abane Advanced Eye & Ortho Hospital: extracted
[local-ai] extraction failed: Local model returned invalid JSON
[local-ai] Lilavati Hospital and Research Centre: extracted
[local-ai] Holy Family Hospital, Mumbai: extracted
[local-ai] ब्रीच कँडी हॉस्पिटल: extracted
[local-ai] Ruxmani Lying in Hospital: extracted
[local-ai] Karuna Hospital: extracted
[local-ai] Bombay Hospital: extracted
[local-ai] Lokmanya Tilak Hospital: extracted
[local-ai] St George Hospital: extracted
[local-ai] Saifee Hospital: extracted
[local-ai] Bvmfs Bharti Hospital and Research Center: extracted
[local-ai] St George Hospital: extracted
[local-ai] Rajiv Gandhi Hospital: extracted
[local-ai] Shreyas Hospital: extracted
[local-ai] Acworth Leper Asylum: extracted
[local-ai] Mahatma Gandhi Memorial Hospital: extracted
[local-ai] Tata Memorial Cancer Hospital: extracted
[local-ai] Haffkine Institute For Training, Research & Testing: extracted
[checkpoint] saved 3575 records
[local-ai] Advanced Centre for Treatment, Research and Education in Cancer: extracted
[local-ai] Hinduja Clinic: extracted
[local-ai] Hinduja Hospital: extracted
[local-ai] Aditya Jyot Eye Hospital: extracted
[local-ai] Dhanvantari Hospital: extracted
[local-ai] Karbhari: extracted
[local-ai] Jaslok Hospital and Research Centre: extracted
[local-ai] sathya udaiyar: extracted
[local-ai] Lalita Girdhar (Hinduja Hospital): extracted
[local-ai] Mental Hospital: extracted
[local-ai] Chhatrapati Shivaji Hospital: extracted
[local-ai] BPT Hospital: extracted
[local-ai] Holy Spirit Hospital: extracted
[local-ai] Niron Hospital and Research Center: extracted
[local-ai] Savitri Bai Phule Hospital: extracted
[local-ai] Savitribai Phule Hospital: extracted
[local-ai] Inamdar Hospital: extracted
[local-ai] Irvin Hospital: extracted
[local-ai] PanjabRao Deshmukh Medical College and Hospital: extracted
[local-ai] Dhanwantari Hospital, Nigdi: extracted
[local-ai] Renuka Hospital and Icu: extracted
[local-ai] S.L. Raheja Hospital: extracted
[local-ai] Brihanmumbai Municipalty Hospital: extracted
[local-ai] Vimala Dermatological Centra: extracted
[local-ai] Atmasingh Jassasingh Bankebihar Municipal ENT Hospital: extracted
[checkpoint] saved 3600 records
[local-ai] Lady Willingdon Building: extracted
[local-ai] Bombay Hospital and Medical Research Center: extracted
[local-ai] Cama Hospital: extracted
[local-ai] गोकुळदास तेजपाल रुग्णालय: extracted
[local-ai] Deenanath Mangeshkar Hospital: extracted
[local-ai] KEM Hospital: extracted
[local-ai] Prayag Hospital: extracted
[local-ai] Phadke Hospital: extracted
[local-ai] Poona Hospital and Research Centre: extracted
[local-ai] Kamla Nehru Hospital: extracted
[local-ai] Sancheti Hospital: extracted
[local-ai] Sahyadri Hospital: extracted
[local-ai] Deoyani Hospital: extracted
[local-ai] Noble Hospital: extracted
[local-ai] Ruby Hall Clinic: extracted
[local-ai] Dr. Chame Hospital: extracted
[local-ai] Dharavi Hospital: extracted
[local-ai] Jog Hospital: extracted
[local-ai] Sadguru Hospital: extracted
[local-ai] Deendayal Memorial Hospital: extracted
[local-ai] Oyster and Pearl Hospital Tulip: extracted
[local-ai] Navalmal Firodiya Super-Speciality Hospital: extracted
[local-ai] Government Hospital: extracted
[local-ai] Nagpur Government Hospital: extracted
[local-ai] Sanjeevan Hospital, Pune: extracted
[checkpoint] saved 3625 records
[local-ai] Mahatma Gandhi Institute of Medical Sciences: extracted
[local-ai] L H Fortis Hospital: extracted
[local-ai] Crtiti Care Asia Hospital: extracted
[local-ai] Ratna Memorial Hospital: extracted
[local-ai] Suvidha clinic & medical: extracted
[local-ai] Talasari, Rural Hospital: extracted
[local-ai] SDH, Kasa: extracted
[local-ai] Dr.Vijay Doke,Hospital: extracted
[local-ai] Primary Health Centre: extracted
[local-ai] Dayanad Hospital Vadoli: extracted
[local-ai] PMC - Late. Jayabai Nanasaheb Sutar Maternity Home: extracted
[local-ai] Civil Hospital: extracted
[local-ai] Deccan Hardikar Hospital: extracted
[local-ai] Udhava Govrmant Hospital: extracted
[local-ai] Government hospital Umrale Bk.: extracted
[local-ai] Conwest And Manjula S. Badani Jain Hospital: extracted
[local-ai] Sir H. N. Hospital & Research Centre;Sir H.N Reliance foundation hospital: extracted
[local-ai] Shashwat Hospital: extracted
[local-ai] Govrnment Hospital: extracted
[local-ai] Gadhe hospital: extracted
[local-ai] Govt Medical College & Hospital: extracted
[local-ai] Rajeev Gandhi Medical Centre: extracted
[local-ai] Maa General Hospital: extracted
[local-ai] Silver Jubilee Sub District Hospital, Baramati: extracted
[local-ai] Cancer Hospital: extracted
[checkpoint] saved 3650 records
[local-ai] Rural Hospital, Deogaon Rangari: extracted
[local-ai] Dr. Hedgewar Rugnalya: extracted
[local-ai] Manik Hospital and Research Center Pvt Ltd: extracted
[local-ai] HARILAL BHAGWATI MUNICIPAL GENERAL HOSPITAL: extracted
[local-ai] Rural Hospital, Pachod: extracted
[local-ai] Rajebahadur Hospital and Research Centre Pvt. Ltd.: extracted
[local-ai] PHC, Kapadsingi: extracted
[local-ai] Jehangir Hospital: extracted
[local-ai] Lokmanya Hospital: extracted
[local-ai] Hiranandani Hospital: extracted
[local-ai] Riddhi Siddhi Hospital, Thane: extracted
[local-ai] Phoenix Hospital: extracted
[local-ai] Dr. L. H. Hiranandani Hospital: extracted
[local-ai] City Hospital and Reserch Centre: extracted
[local-ai] Apollo Spectra Hospitals: extracted
[local-ai] Sanjeevni hospital: extracted
[local-ai] M. M Medicial Clinic and OPD: extracted
[local-ai] Ashoka General Hospital I.C.C.U and Maternity Home: extracted
[local-ai] Niramaya Hospital, Raigarh: extracted
[local-ai] Om Navjeevan Hospital, Raigarh: extracted
[local-ai] Seawoods Hospital: extracted
[local-ai] Maru Hospital: extracted
[local-ai] Aniket Nursing Home: extracted
[local-ai] Jaydish Nursing Home: extracted
[local-ai] Balaji Hospital: extracted
[checkpoint] saved 3675 records
[local-ai] janhavi nursing home: extracted
[local-ai] Kaizen Quro: extracted
[local-ai] Ashwamedh Orthopaedic Hospital: extracted
[local-ai] INDRA HOMEOPATHY: extracted
[local-ai] The Vein Center Thane: extracted
[local-ai] Goverment Hospital: extracted
[local-ai] Radha Krishna Hospital: extracted
[local-ai] Ankura Hospital: extracted
[local-ai] Mitr Hospitals: extracted
[local-ai] umerkhadi hospital: extracted
[local-ai] Gokul maternity and Surgical home: extracted
[local-ai] The Vein Center Andheri: extracted
[local-ai] smriti narvekar: extracted
[local-ai] The Vein Center Mumbai: extracted
[local-ai] health care: extracted
[local-ai] Sai Jyot hospital: extracted
[local-ai] MOON MULTISPECIALITY HOSPITAL: extracted
[local-ai] xyz hospital: extracted
[local-ai] Morya Hospital: extracted
[local-ai] Dental College - DY Patil Vidyapeeth: extracted
[local-ai] Helambe Hospital: extracted
[local-ai] Matoshri Jijaai Clinic: extracted
[local-ai] Dr.Ranjeet Hospital: extracted
[local-ai] Kodre Hospital: extracted
[local-ai] Primus Diagnostics - MRI CT-SCAN CENTRE: extracted
[checkpoint] saved 3700 records
[local-ai] Oyster And Pearl Meera Hospital: extracted
[local-ai] ADITYA BIRLA MULTISPECIALITY HOSPITAL: extracted
[local-ai] eshavari clinic: extracted
[local-ai] skincare clinic: extracted
[local-ai] Chandralok Hospital: extracted
[local-ai] Annachatre Clinic: extracted
[local-ai] Bhalerao Hospital: extracted
[local-ai] Gold Rush Hospital: extracted
[local-ai] Joshi Multispeciality Hospital: extracted
[local-ai] Bandal complex: extracted
[local-ai] Kamat Hospital: extracted
[local-ai] ithoba Hospital: extracted
[local-ai] Sharad Hospital: extracted
[local-ai] Medicity Hospital: extracted
[local-ai] Dalvi Hospital: extracted
[local-ai] Inlaks and Budhrani Hospital,Sadhu Vaswani Mission's Medical Complex: extracted
[local-ai] Naydu Rugnalay: extracted
[local-ai] KMG Hospital: extracted
[local-ai] Dr.Astin Hospital & Government Office: extracted
[local-ai] Christanand Hospital: extracted
[local-ai] Niyakshi Hospital: extracted
[local-ai] District Rural Hospital: extracted
[local-ai] Yogiraj Hospital: extracted
[local-ai] Jaiswal Hospital: extracted
[local-ai] Keemaya Hospital: extracted
[checkpoint] saved 3725 records
[local-ai] Rajiv Ratan Hospital: extracted
[local-ai] Thunga: extracted
[local-ai] Hospital: extracted
[local-ai] Jadhav Hospital: extracted
[local-ai] District General Hospital, Wardha: extracted
[local-ai] Shatabdi Hospital: extracted
[local-ai] amear hospital: extracted
[local-ai] Dr Ajayan's Multispeciality Hospital: extracted
[local-ai] well care hospital: extracted
[local-ai] Mahatma Gandhi Mission Medical College and Hospital: extracted
[local-ai] Rajarshi Chhatrapati Shahu Maharaj Government Medical college and CPR hospital: extracted
[local-ai] CPR Hospital: extracted
[local-ai] K B H B Charitable Ophthalmic and E.N.T Hospital: extracted
[local-ai] Dr. Babasaheb Ambedkar Memorial Central Railway Hospital: extracted
[local-ai] Asian Heart Institute: extracted
[local-ai] Godrej Memorial Hospital, Mumbai: extracted
[local-ai] Yashodhara Superspeciality Hospital: extracted
[local-ai] ALEXIS MULTISPECIALITY HOSPITAL PVT. LTD.: extracted
[local-ai] Shrirampur Childrens Hospital: extracted
[local-ai] St Luke Hospital: extracted
[local-ai] Unity Hospital: extracted
[local-ai] Warana Hospital: extracted
[local-ai] SDH Islampur: extracted
[local-ai] Government Hospital Deolali Pravara: extracted
[local-ai] Hospital: extracted
[checkpoint] saved 3750 records
[local-ai] Mental Hospital: extracted
[local-ai] Dr. Bhausaheb Sardesai Talegaon Rural Hospital and M.I.M.E.R. Medical College: extracted
[local-ai] Rural Hospital Brahmapuri: extracted
[local-ai] Shatayu Hospital: extracted
[local-ai] Darasha Maternity Hospital: extracted
[local-ai] Mahatma Gandhi Mission's New Bombay Hospital: extracted
[local-ai] Animal & bird Hospital: extracted
[local-ai] Galaxy Hospitals Ltd: extracted
[local-ai] Sub District Hospital, Mangaon: extracted
[local-ai] Payghan Hospital: extracted
[local-ai] Bhaskar EyeCare: extracted
[local-ai] Hindu Hruday Samrat Balasaheb Thackerey Trauma Care Municipal Hospital: extracted
[local-ai] Savla Hospital: extracted
[local-ai] Gandhi Hospital: extracted
[local-ai] Dr. D.Y. Patil Hospital: extracted
[local-ai] Meenatai Thakre Hospital: extracted
[local-ai] RHC: extracted
[local-ai] Apollo Hospitals - Navi Mumbai: extracted
[local-ai] Mahatma Gandhi Missions Hospital: extracted
[local-ai] ESIC Hospital: extracted
[local-ai] Central Hospital, Ulhasnagar: extracted
[local-ai] Regundwar Hospital: extracted
[local-ai] Tanmayee Hospital: extracted
[local-ai] NMMC Hospital: extracted
[local-ai] Sunshine Hospital: extracted
[checkpoint] saved 3775 records
[local-ai] Dr. Ghorpade accident Hospital: extracted
[local-ai] Manomay Nursing Home: extracted
[local-ai] Jaiswal Hospital: extracted
[local-ai] Dhande Hospital: extracted
[local-ai] Suasth Hospital: extracted
[local-ai] Kasliwal Superspeciality Hospital: extracted
[local-ai] Shree Guruji Hospital: extracted
[local-ai] Government Hospital Area: extracted
[local-ai] General Hospital: extracted
[local-ai] Nowrosjee Wadia Maternity Hospital: extracted
[local-ai] ESIC Hospital: extracted
[local-ai] Fortis Hospitals: extracted
[local-ai] ESIS Hospital: extracted
[local-ai] ESIC Model Hospital: extracted
[local-ai] Aarey Hospital: extracted
[local-ai] V.D. SAWARKAR HOSPITAL: extracted
[local-ai] Civil Hospital: extracted
[local-ai] Ajmera Hospital: extracted
[local-ai] Jupiter Hospital: extracted
[local-ai] SevenStar Hospital: extracted
[local-ai] Kripamayee hospital miraj: extracted
[local-ai] Reliance Hospital: extracted
[local-ai] District General Hospital: extracted
[local-ai] K B Bhabha Municipal General Hospital: extracted
[local-ai] Aditi Hospital: extracted
[checkpoint] saved 3800 records
[local-ai] Hira-Mongi Navneet Hospital: extracted
[local-ai] Aarogyam Multispeciality Hospital, Thane: extracted
[local-ai] Ankur Hospital: extracted
[local-ai] Ma Vaishnavi: extracted
[local-ai] SITE UNDER REFERANCE: extracted
[local-ai] Ashwini Maternity and Nursing Home: extracted
[local-ai] IIT Hospital: extracted
[local-ai] Government Civil Hospital, Hingoli: extracted
[local-ai] DAPCU, Civil Hospital, Osmanabad: extracted
[local-ai] Dr Patil Ent Hospital: extracted
[local-ai] Ranade Accident Hospital: extracted
[local-ai] Om Hospital, Hingoli: extracted
[local-ai] Snehal Nursing Home: extracted
[local-ai] Wockhardt Heart Hospital: extracted
[local-ai] Central India Institute Of Medical Sciences: extracted
[local-ai] Shintre Hospital: extracted
[local-ai] Dr. Nandgaonkar Hospital: extracted
[local-ai] APEX HOSPITAL: extracted
[local-ai] Women Health Care Center: extracted
[local-ai] Rural Hospital Ghansawangi: extracted
[local-ai] Rural hospital Aundha Nagnath: extracted
[local-ai] Sub-District Hospital: extracted
[local-ai] Shirur Anantpal PHC: extracted
[local-ai] J. J. Hospital: extracted
[local-ai] Pragati Hospital: extracted
[checkpoint] saved 3825 records
[local-ai] Vimal Hospital: extracted
[local-ai] Government Hospital, Mundhari Bk: extracted
[local-ai] Madhav Hospital: extracted
[local-ai] Toshniwal Hospital: extracted
[local-ai] Karpe Hospital: extracted
[local-ai] Sai Hospital: extracted
[local-ai] Yashoda Hospital: extracted
[local-ai] Nagre and Kabra Hospital: extracted
[local-ai] Mahesh Hospital: extracted
[local-ai] Government Hospital: extracted
[local-ai] Savnekar Hospital: extracted
[local-ai] Laxmi Hospital: extracted
[local-ai] Gajanan Hospital: extracted
[local-ai] Bondhare Hospital: extracted
[local-ai] Varad Hospital: extracted
[local-ai] Orkur Hospital: extracted
[local-ai] Waghmare Hospital: extracted
[local-ai] Care Multi Speciality Hospital: extracted
[local-ai] Eye Clinic Civil Hospital: extracted
[local-ai] Neurogen Hospital: extracted
[local-ai] Matoshree Hospital: extracted
[local-ai] Dr. Sheth Hospital: extracted
[local-ai] Deshmukh Nursing Home: extracted
[local-ai] Sukale Nursing Home: extracted
[local-ai] Roshan Umar Children Hospital: extracted
[checkpoint] saved 3850 records
[local-ai] Dr. Oak Nursing Home: extracted
[local-ai] Dabhadkar Hospital: extracted
[local-ai] Dr. Sana Inam Shaikh Hospital: extracted
[local-ai] Dr. Nagarkar Accident Hospital: extracted
[local-ai] Apex Multispeciality Hospital: extracted
[local-ai] Taloja Multispeciality Hospital: extracted
[local-ai] Jeevandeep Hospital: extracted
[local-ai] School of Medical Assistants: extracted
[local-ai] Government Hospital, Lathi: extracted
[local-ai] Central Railway Hospital: extracted
[local-ai] Jivanjyoti: extracted
[local-ai] Anusaya Clinic: extracted
[local-ai] Trauma Care Center: extracted
[local-ai] Jupiter Hospital: extracted
[local-ai] Rural Hospital, Bhokardan: extracted
[local-ai] Bethany Hospital: extracted
[local-ai] Yashada Maternity and Nursing Home: extracted
[local-ai] MRR Childrens hospital: extracted
[local-ai] SSPM Lifetime Hospital: extracted
[local-ai] Thane COVID Hospital: extracted
[local-ai] Bhartiya Hospital: extracted
[local-ai] TMC Kausa Health Centre: extracted
[local-ai] Tieten Medicity: extracted
[local-ai] GMC building: extracted
[local-ai] Nirali A M Naik Charitable Health-Care Facility: extracted
[checkpoint] saved 3875 records
[local-ai] TMC Lokmanya Kores Health Centre: extracted
[local-ai] Ruby Hospital: extracted
[local-ai] District Hospital, Ratnagiri: extracted
[local-ai] Prachi Hospital: extracted
[local-ai] Thane Ultrasound Centre: extracted
[local-ai] Lifecare Hospital and Research centre: extracted
[local-ai] Sub District Hospital, Udgir: extracted
[local-ai] AVATE HOSPITAL: extracted
[local-ai] Rural Hospital Wadsa: extracted
[local-ai] Apollo Spectra Hospital: extracted
[local-ai] Highland Speciality Hospital: extracted
[local-ai] Sai Health Centre: extracted
[local-ai] patel hospital: extracted
[local-ai] District Hospital Sindhudurg: extracted
[local-ai] Rural Hospital: extracted
[local-ai] Women's Hospital Basmath: extracted
[local-ai] Sub District Hospital Basmath: extracted
[local-ai] K.J. Somaiya Hospital and Research Centre: extracted
[local-ai] NMMC Hospital: extracted
[local-ai] Government Veterinary Hospital, Pandharkawada: extracted
[local-ai] Sub-District Hospital Pandharkawada: extracted
[local-ai] Prima Care Hospital: extracted
[local-ai] Dr. D. Y. Patil Hospital: extracted
[local-ai] Nimisha Superspeciality Hospital: extracted
[local-ai] Surya Mother and Child Care Super Speciality Hospital: extracted
[checkpoint] saved 3900 records
[local-ai] Khinwsara Patil Hospital: extracted
[local-ai] Rural Hospital, Akot: extracted
[local-ai] Government hospital wani: extracted
[local-ai] Kumthale Hospital: extracted
[local-ai] Addhar Hospital: extracted
[local-ai] Belsare hospital: extracted
[local-ai] Bhadke hospital: extracted
[local-ai] Mankar hospital: extracted
[local-ai] Lokbiradari Multispeciality Hospital: extracted
[local-ai] Municipal TB Hospital: extracted
[local-ai] ESIS Hospital Ulhasnagar: extracted
[local-ai] Jagjivan Ram Hospital: extracted
[local-ai] PHC Bhatangli: extracted
[local-ai] government hospital: extracted
[local-ai] phc: extracted
[local-ai] Shriram Clinic: extracted
[local-ai] Khubchandani Hospital: extracted
[local-ai] Shushrusha Hospital: extracted
[local-ai] Aditya Birla Memorial Hospital: extracted
[local-ai] थेरगाव रुग्णालय: extracted
[local-ai] Dr. Cooper Hospital: extracted
[local-ai] Sushrut Hospital and Research Centre: extracted
[local-ai] Shivaji Nagar Muncipal Hospital: extracted
[local-ai] Global Hospital and Research Center: extracted
[local-ai] PROPOSED SITE: extracted
[checkpoint] saved 3925 records
[local-ai] Guru Nanak Hospital: extracted
[local-ai] Shatayu Hospital Hinjawadi: extracted
[local-ai] Rural Hospital, Killari: extracted
[local-ai] Ruby hall Clinic: extracted
[local-ai] General Civil Hospital, Malegaon: extracted
[local-ai] Rural Hospital: extracted
[local-ai] Dhirubhai Ambani Hospital: extracted
[local-ai] CNS Hospital: extracted
[local-ai] The B.D.Petit Parsee General Hospital: extracted
[local-ai] Darda Hospital & Maternity Home: extracted
[local-ai] Dr.Babasaheb Ambedkar Bmc General Hospital: extracted
[local-ai] Rural Hospital, Malwan: extracted
[local-ai] Ayurseva Hospital: extracted
[local-ai] Shanta Hospital: extracted
[local-ai] Cradle maternity and women care: extracted
[local-ai] Unique Hospital: extracted
[local-ai] Krishna Institute Of Medical Sciences: extracted
[local-ai] Mission Hospital: extracted
[local-ai] Varad Hospital Preventive Cardiologist Hospital: extracted
[local-ai] Rural Hospital, Majalgaon: extracted
[local-ai] Jath Rural Hospital: extracted
[local-ai] Rural Hospital, Bhivghat Karanje: extracted
[local-ai] Lifelline: extracted
[local-ai] Women's Hospital: extracted
[local-ai] life line hospital: extracted
[checkpoint] saved 3950 records
[local-ai] Pandit Clinic: extracted
[local-ai] lonkar: extracted
[local-ai] Harishchandra Healthcare Pvt Ltd: extracted
[local-ai] VOCARD: extracted
[local-ai] SDH Karmala: extracted
[local-ai] SDH Paranda: extracted
[local-ai] Primary Health Center: extracted
[local-ai] Jeevan Multi Speciality Hospital: extracted
[local-ai] sai opticals: extracted
[local-ai] Shree Multispecialtiy Hospital: extracted
[local-ai] Gastrologist and Liver Diseases: extracted
[local-ai] INHS Asvini Naval Hospital: extracted
[local-ai] Masina Hospital: extracted
[local-ai] Wockhardt Hospitals, South Mumbai: extracted
[local-ai] NH SRCC Children's Hospital: extracted
[local-ai] Sarvodaya Hospital: extracted
[local-ai] Dawood Multispeciality Nursing Home: extracted
[local-ai] Head And Neck Cancer Institute Of India: extracted
[local-ai] Ulhasnagar Municipal Corporation Super Speciality Hospital: extracted
[local-ai] ZP hospital: extracted
[local-ai] ZP hospital: extracted
[local-ai] PHC: extracted
[local-ai] Shree Samarth General Hospital: extracted
[local-ai] site: extracted
[local-ai] Government Hospita: extracted
[checkpoint] saved 3975 records
[local-ai] Clove:) Dental: extracted
[local-ai] SITE: extracted
[local-ai] JUHUGAON NMMC: extracted
[local-ai] Dodamarg Gramin Rugnalaya: extracted
[local-ai] Shraddha Hospital: extracted
[local-ai] Helth center: extracted
[local-ai] Rural Hospital, Paud: extracted
[local-ai] Shradha Hospital: extracted
[local-ai] Upasani Super Speciality Hospital: extracted
[local-ai] Badnera Railway Hospital: extracted
[local-ai] Medicover Hospital: extracted
[local-ai] R A Podar Ayurvedic Medical College: extracted
[local-ai] Asian: extracted
[local-ai] Chellaram Hospital: extracted
[local-ai] Ruby Hall Clinic Hinjawadi: extracted
[local-ai] Jupiter Hospital: extracted
[local-ai] Manipal Hospital Kharadi: extracted
[local-ai] Kotnis Hospital: extracted
[local-ai] King George V Infimary: extracted
[local-ai] Yashwantrao Chavan Memorial Hospital: extracted
[local-ai] PBMA H V Desai Eye Hospital: extracted
[local-ai] Thergaon Hospital: extracted
[local-ai] Asian Eye Hospital: extracted
[local-ai] Sion Hospital: extracted
[local-ai] M.L Dhawale Memorial Trust Hospital: extracted
[checkpoint] saved 4000 records
[local-ai] Manipal Hospitals Baner: extracted
[local-ai] SDH Murtizapur: extracted
[local-ai] Rural Hospital Vengurla: extracted
[local-ai] FIRST AID CENTER: extracted
[local-ai] V.N. Desai Hospital: extracted
[local-ai] Mangal nursing home: extracted
[local-ai] hehehe: extracted
[local-ai] hospital: extracted
[local-ai] Riddhi hospital: extracted
[local-ai] Sheth P.V. Doshi Hospital: extracted
[local-ai] Shatabdi Super Speciality Hospital: extracted
[local-ai] Divya Cinemas: extracted
[local-ai] Sudarshan Hospital: extracted
[local-ai] ESI Hospital Satpur Nashik: extracted
[local-ai] NSKMC JDC Bytco Hospital-(D): extracted
[local-ai] Dr Zakir Hussain Hospital: extracted
[local-ai] Tulasi Eye Hospital: extracted
[local-ai] Namco Hospital: extracted
[local-ai] Civil Hospital, Nashik: extracted
[local-ai] Soham Hospital and Medical Foundation Pvt. Ltd.: extracted
[local-ai] Wockhardt Hospitals: extracted
[local-ai] Suryodaya Hospital: extracted
[local-ai] Metro Hospital: extracted
[local-ai] Sahyadri Speciality Hospital: extracted
[local-ai] Sujata Birla Hospital and Medical Research Centre: extracted
[checkpoint] saved 4025 records
[local-ai] Indian Security Press Hospital: extracted
[local-ai] NSKMC Indira Gandhi Hospital: extracted
[local-ai] Apollo Hospitals: extracted
[local-ai] Shushrusha Citizens Co-Op Hospital Ltd.: extracted
[local-ai] Cantoment General Hospital: extracted
[local-ai] Morya Medical: extracted
[local-ai] Nirmal Hospital: extracted
[local-ai] govt veternity hospital: extracted
[local-ai] Western Railway Health Unit Bandra West: extracted
[local-ai] Unity Hospital: extracted
[local-ai] Anjali: extracted
[local-ai] Anjanvel PHC: extracted
[local-ai] Clinic: extracted
[local-ai] Military Hospital Cardio-Thoracic Center: extracted
[local-ai] Aundh Chest Hospital: extracted
[local-ai] Dr D Y Patil Hospital and Research Center: extracted
[local-ai] Vinayak Hospital warje pune: extracted
[local-ai] Seth Tarachand Hospital: extracted
[local-ai] Sub-District Hospital, Hinganghat: extracted
[local-ai] Narayana Hospital: extracted
[local-ai] Government Hospital: extracted
[ 2/36] Maharashtra                            fetched=  8227 kept=  4046 total=  4046
[local-ai] Eden Hospital: extracted
[local-ai] Calcutta Medical College & Hospital: extracted
[local-ai] Vidyasagar State General Hospital: extracted
[local-ai] Gunnath PHC: extracted
[local-ai] TB HOSPITAL: extracted
[local-ai] Bidhan Chandra Roy Technology Hospital: extracted
[local-ai] Anandalok(আনন্দলোক): extracted
[local-ai] Hindustan Health Point Pvt Ltd: extracted
[local-ai] XPons Doctor's Clinic: extracted
[local-ai] Peerless Hospital and B.K.Roy Research Center: extracted
[local-ai] Subodh Mitra Cancer Hospital and Research Centre: extracted
[local-ai] ASMII Save The Sight Foundation: extracted
[local-ai] Suraksha Diagnostic: extracted
[local-ai] Bidhannagar State General Hospital: extracted
[local-ai] Seba Hospital: extracted
[local-ai] Vasan Eye Care Hospital, Kolkata: extracted
[local-ai] Global Healthcare System: extracted
[local-ai] Chittaranjan Shishu Hospital: extracted
[local-ai] Chittaranjan Seva Sadan: extracted
[local-ai] Chittaranjan National Cancer Institute Hospital: extracted
[local-ai] Nonamath Sub Center: extracted
[local-ai] Dr. Kalyan: extracted
[local-ai] Dr Agarwal's Clinic - Dental & Skin Experts: extracted
[local-ai] Matri Sadan: extracted
[local-ai] Mayor Chect Clinick: extracted
[checkpoint] saved 4071 records
[local-ai] Vivekananda Mission Asram Netra Niramay Niketan: extracted
[local-ai] Kalyani Eye Care and Laser Clinic: extracted
[local-ai] Royal Vision: extracted
[local-ai] B C Roy Eye Clinic: extracted
[local-ai] Manav Jiban Pharmacy: extracted
[local-ai] Kalyani Nursing Home: extracted
[local-ai] North Bengal Medical College: extracted
[local-ai] Prima Orthopaedic Centre: extracted
[local-ai] Nibedita Rural Hospital: extracted
[local-ai] Kabiraj Govinda Barman: extracted
[local-ai] ESI HOSPITAL, SEALDAH: extracted
[local-ai] Dr. B.N.Bose Sub-divisional Hospital: extracted
[local-ai] Vivekananda Hospital: extracted
[local-ai] Chandi tala health center: extracted
[local-ai] Behala Balananda Brahmachari Hospital and Research Center: extracted
[local-ai] IRIS HOSPITAL: extracted
[local-ai] Bidhannagar Sub-Divisional Hospital: extracted
[local-ai] Siliguri Hospital (Govt.): extracted
[local-ai] Railway Hospital: extracted
[local-ai] PHC, Mundalika: extracted
[local-ai] Paramount Nursing Home: extracted
[local-ai] Dr Rafi Ahmed Dental College & Hospital: extracted
[local-ai] UNB building, NRS medical college: extracted
[local-ai] NRS OPD Building: extracted
[local-ai] Bekar Ward, NRS Medical College: extracted
[checkpoint] saved 4096 records
[local-ai] NRS Medical college & Hospital: extracted
[local-ai] Dr Rafi Ahmed Dental College & Hospital, Old Campus: extracted
[local-ai] Tarulia Upashasthya Kendra: extracted
[local-ai] Bolpur Hospital: extracted
[local-ai] Obs & Gynaecology Building, NRS: extracted
[local-ai] North Dum Dum Municipality Hospital: extracted
[local-ai] Thakur Pukur Cancer Hospital: extracted
[local-ai] Ashoknagar State General Hospital: extracted
[local-ai] Lifeline Nursing Home: extracted
[local-ai] Dr. Mustafizur: extracted
[local-ai] Newlife: extracted
[local-ai] Subham Hospital: extracted
[local-ai] Micro Phaco Surgery Centre: extracted
[local-ai] Bhabani Nursing Home and Diagnostic Clinic: extracted
[local-ai] Red Plus Society Nursing Home: extracted
[local-ai] Remedy Hospital (Unit Of Remedy Medical Services Pvt Ltd): extracted
[local-ai] Re - Life Hospital: extracted
[local-ai] Ramkrishna Sevasadan: extracted
[local-ai] The May Fair Hospital: extracted
[local-ai] Ranaghat Lions Eye Care Centre: extracted
[local-ai] Rameswara Nursing Home Pvt Ltd: extracted
[local-ai] Medica Cancer Hospital (A Unit Of North Bengal Oncology Centre Pvt Ltd ) - Darjeeling: extracted
[local-ai] Jangipara Rural Hospital: extracted
[local-ai] Bhagirathi Neotia Woman And Child Care Centre: extracted
[local-ai] Rama Krishna Mission Seva Pratisthan: extracted
[checkpoint] saved 4121 records
[local-ai] Ramakrishma Sarada Mission Matri Bhavan/Matri Bhavan Hospital: extracted
[local-ai] DTPS Hospital: extracted
[local-ai] Ramel Health Destination (A Unit Of Ramel Pharma Ltd): extracted
[local-ai] Bengal Homoepathic Medical College and Hospital: extracted
[local-ai] Ram Mohan Mission Eye Hospital: extracted
[local-ai] Raj Nursing Home and Infertility Centre Pvt.Ltd.: extracted
[local-ai] Raj Nursing Home and Infertility Center Pvt Ltd: extracted
[local-ai] Probal Eye Institute: extracted
[local-ai] R.M.Eye Foundation: extracted
[local-ai] Rabindra Nath Thakur Diagnostic And Medical Care Centre: extracted
[local-ai] Quality Health Care Centre: extracted
[local-ai] Punarjyoti Eye Care: extracted
[local-ai] Punardristee Eye and General Hospital: extracted
[local-ai] Gulabi Raj Shyamlal Memorial Rotary Eye Hospital: extracted
[local-ai] H L G Memorial Charitable Hospital and Research Institute: extracted
[local-ai] Priyamvada Birla Aravind Eye Hospital: extracted
[local-ai] Haldia Seva Sadan: extracted
[local-ai] Happy Health Home Nursing Home Cum Maternity: extracted
[local-ai] Harvard Medicare And Research Institute (P) Ltd.: extracted
[local-ai] Islampur Health Point Nursing Home: extracted
[local-ai] Life Line Diagnostic Centre And Nursing Home: extracted
[local-ai] People Meditreat Pvt Ltd: extracted
[local-ai] Phoenix Hospital And Diagnostic Centre Pvt Ltd: extracted
[local-ai] Prafulla Medical and Research Center Pvt Ltd: extracted
[local-ai] Dr Pinaki Ranjan Ray Eye Foundation: extracted
[checkpoint] saved 4146 records
[local-ai] Megha Eye Centre: extracted
[local-ai] Swastik Seva Sadan: extracted
[local-ai] Panihati State General Hospital: extracted
[local-ai] The Orthopaedic And Fracture Clinic: extracted
[local-ai] Udichi ENT and Head Neck Center: extracted
[local-ai] Unipon Hospital and Medical Sciences Pvt.Ltd -Kolkata: extracted
[local-ai] Dr Nihar Munshi Eye Foundation: extracted
[local-ai] Uttarpara State General Hospital: extracted
[local-ai] DM Hospitals Pvt. Ltd: extracted
[local-ai] Shradha Health Care Pvt. Ltd: extracted
[local-ai] Vasan Eye Care Hospital, Sodepur: extracted
[local-ai] Maa Karunamayee Nursing Home: extracted
[local-ai] Maa Sarada Nursing Home: extracted
[local-ai] Maa Mahamaya Hospital: extracted
[local-ai] Maa Anowara General Hospital: extracted
[local-ai] Nightingale Hospital: extracted
[local-ai] M/S Shyama Seva Sadan Nursing Home: extracted
[local-ai] N G Medicare And Calcutta Hope Infertility Clinic: extracted
[local-ai] Nilima Matri Sadan: extracted
[local-ai] Eco Hospital and Diagnostics: extracted
[local-ai] Elite Eyecare and Microsurgery Centre: extracted
[local-ai] Eskag Sanjeevani Hospital: extracted
[local-ai] EMLC Eye Microsurgery and Laser Centre: extracted
[local-ai] Eyeland Microsurgery Centre: extracted
[local-ai] Eye Foundation And Research Centre: extracted
[checkpoint] saved 4171 records
[local-ai] Asit Kumar Dey Memorial Crossland Diagnostic Centre: extracted
[local-ai] Fortis Healthcare: extracted
[local-ai] Farsight Eye Research Centre: extracted
[local-ai] Five Point Micro Surgery Centre Pvt Ltd: extracted
[local-ai] Implant House Laser and Diagnostic Centre: extracted
[local-ai] Vivekananda Eye Care Centre: extracted
[local-ai] Pranabananda Seva Sadan: extracted
[local-ai] Fulia Eye Care: extracted
[local-ai] Bharat Sevashram Sangha Hospital: extracted
[local-ai] Astha Seva Sadan: extracted
[local-ai] Aurobindo Netralaya: extracted
[local-ai] Gamma Centauri Health Care P Ltd.,: extracted
[local-ai] Salt Lake Eye Foundation: extracted
[local-ai] Samanta Eye Care: extracted
[local-ai] Sanjeevani Health and Lifestyle Pvt Ltd: extracted
[local-ai] Sanjiban Hospital: extracted
[local-ai] Sankara Jyoti Eye Institute: extracted
[local-ai] Santi Laparoscopy and Fertility Centre: extracted
[local-ai] Saroj Gupta Cancer Centre And Research Institute: extracted
[local-ai] Sarada Seva Sadan: extracted
[local-ai] Satyam Shivam nursing Home and Diagnostic Centre: extracted
[local-ai] Searight Hospital and Welfare Society: extracted
[local-ai] Seba Hospital: extracted
[local-ai] Second Sight Southend Eye Hospital: extracted
[local-ai] Sebayan Matri Sadan: extracted
[checkpoint] saved 4196 records
[local-ai] Mary Immaculate Hospital: extracted
[local-ai] Anjali Aragya Niketan - Rsby: extracted
[local-ai] Belur Sramajibi Swasthya Prakalpa Samity: extracted
[local-ai] Krishnagar Lions Club: extracted
[local-ai] Camelia Health And Eye Care: extracted
[local-ai] Kalpana Maternity and Nursing Home, South 24 Parganas: extracted
[local-ai] Kamala Ray Hospital: extracted
[local-ai] Glocal Hospital: extracted
[local-ai] Parkland Maternity And Nursing Home: extracted
[local-ai] Swastik Hospital: extracted
[local-ai] Parijat Sevalay: extracted
[local-ai] Noor Eye Care: extracted
[local-ai] Bhadreswar Municipal Hospital: extracted
[local-ai] Institute Of Child Health: extracted
[local-ai] Zenith Super Specialist Hospital: extracted
[local-ai] B.N Basu Memorial Clinic Appolo Nursing Home: extracted
[local-ai] Dishari Health Point Pvt Ltd: extracted
[local-ai] Swadesh Basu Hospital: extracted
[local-ai] Angel Maternity and Nursing Home: extracted
[local-ai] Arogya Niketan Pvt. Ltd: extracted
[local-ai] Ambika Seba Sadan: extracted
[local-ai] Infirmary Orthopaedic Centre and Nursing Home: extracted
[local-ai] RG Stone Urology And Laparoscopy Hospital, Kolkata: extracted
[local-ai] Islamia Medical Institute: extracted
[local-ai] Islamia Hospital: extracted
[checkpoint] saved 4221 records
[local-ai] A.H.IVF and Infertility Research Centre [P] Ltd: extracted
[local-ai] Susthya Eye Care: extracted
[local-ai] Indralok Speciality Centre: extracted
[local-ai] Indian Red Cross Society, Medinipur West: extracted
[local-ai] Implant's Better Sight Centre Pvt Ltd: extracted
[local-ai] Glocal Hospital, Bankura: extracted
[local-ai] Nripen Mitra and Sovana Mitra Seva Samity Eye Hospital: extracted
[local-ai] Antara Psychiatric Centre: extracted
[local-ai] Dristi Eye Foundation: extracted
[local-ai] Deshari Complete Eye Care: extracted
[local-ai] Sahid Khudiram Bose Hospital: extracted
[local-ai] B.K.Dutt Memorial Medical Centre: extracted
[local-ai] Howrah Lions Hospital: extracted
[local-ai] Howrah Lions Hospital-Jaduberia: extracted
[local-ai] Balurghat Poura Hospital And Matri Sadan: extracted
[local-ai] Sister Nibedita Hospital: extracted
[local-ai] Health Point Hospitals: extracted
[local-ai] New Panacea Hospital: extracted
[local-ai] Dr. Guha's Maternity And Diagnostic Centre: extracted
[local-ai] Durgapur City clinic and Nursing Home Pvt Ltd: extracted
[local-ai] Poorva Eye Care: extracted
[local-ai] Payradanga Eye Care Center: extracted
[local-ai] Siddhi Multi Speciality Ayurveda Hospital and Research Institute: extracted
[local-ai] SilverLine Eye Hospital: extracted
[local-ai] Spandan Hospital: extracted
[checkpoint] saved 4246 records
[local-ai] Spectra Eye Foundation: extracted
[local-ai] Sri Aurobindo Seva Kendra (EEDF): extracted
[local-ai] Sri Guru Sangha Chikitsalaya: extracted
[local-ai] Srijoni Healing Home: extracted
[local-ai] Sri Lakshmi Narayana Trust Maternity Home and Hospital: extracted
[local-ai] SMI Pvt Ltd: extracted
[local-ai] Smt. Sarla Pahwa Memorial Eye Centre: extracted
[local-ai] Shree Vishudhanand Hospital and Research Institute: extracted
[local-ai] Alpha Medical Services Pvt. Ltd.: extracted
[local-ai] Seva Sadan Hospital, Darjeeling: extracted
[local-ai] Sevangan Medical Complex: extracted
[local-ai] Sevatirtham Nursing Home: extracted
[local-ai] Sharanya Multispeciality Hospital: extracted
[local-ai] Shiny Swadha Eye Care: extracted
[local-ai] Shree Jain Hospital And Research Centre: extracted
[local-ai] Dakshinee Eye Foundation: extracted
[local-ai] D.B.M Suri Lions Eye Hospital: extracted
[local-ai] D.B. Eye Foundation: extracted
[local-ai] Complete Care: extracted
[local-ai] Chittaranjan Advanced Medical Refferal Institute(Camri) Hospital: extracted
[local-ai] LAB-O-AID: extracted
[local-ai] Amala Arogya Niketan (Nursing Home): extracted
[local-ai] North Bengal Neuro Research Centre Pvt. Ltd: extracted
[local-ai] Alokon Eye Care Pvt. Ltd.: extracted
[local-ai] Mohanananda Brahmachari Sishu Seva Pratisthan: extracted
[checkpoint] saved 4271 records
[local-ai] Genesis Health Point: extracted
[local-ai] Critical and Trauma Care Hospital: extracted
[local-ai] Debipur Netralaya Pvt Ltd: extracted
[local-ai] Netaji Subhash Chandra Bose Cancer Reasearch Inst: extracted
[local-ai] Debdoot Sevayan: extracted
[local-ai] Duttapukur Seva Sadan and Maternity Home: extracted
[local-ai] Glocal Hospital - Bolpur: extracted
[local-ai] Lions Club of Barddhaman: extracted
[local-ai] Bellona Nursing Home And Diagnostic Centre: extracted
[local-ai] Baranagar State General Hospital: extracted
[local-ai] Chokher Aloy: extracted
[local-ai] Gita Seva Sadan, Arambagh: extracted
[local-ai] Dr. Mina Majumder Seva Mandir Pvt. Ltd: extracted
[local-ai] Lions Eye Care Hospital: extracted
[local-ai] Navjeevan Hospital and Rural Health Care Centre: extracted
[local-ai] Chandannagore (S D ) Hospital: extracted
[local-ai] Jyotirmoyee Arogya Bhawan: extracted
[local-ai] Disha Eye Care: extracted
[local-ai] Asmii Eye Foundation: extracted
[local-ai] Neotia Getwel Multispecialty Hospital: extracted
[local-ai] Nemesis Eye Centre: extracted
[local-ai] Mother Teresa (Memorial) Care Home: extracted
[local-ai] Nayandeep Eye Care: extracted
[local-ai] Dum Dum Eye Microsurgery Centre: extracted
[local-ai] Gandhi Memorial Hospital: extracted
[checkpoint] saved 4296 records
[local-ai] Bangur Medicare Research Institute: extracted
[local-ai] RSV Hospital: extracted
[local-ai] Amrapali Medical Center and Nursing Home Pvt Ltd: extracted
[local-ai] Amiyaa Maternity Cum Nursing Home: extracted
[local-ai] All Asia Medical Institute: extracted
[local-ai] Lions Eye Hospital,Alipurduar: extracted
[local-ai] Diamond Eye And Health Care Society: extracted
[local-ai] Dhakuria Sree Ramkrishna Sebasram: extracted
[local-ai] Dewan Medicare And Nursing Home: extracted
[local-ai] Kolkata Port Trust Centenary Hospital: extracted
[local-ai] Kabiruddin Smrity Maternity and Nursing Home: extracted
[local-ai] Jitendra Narayan Ray Hospital: extracted
[local-ai] Dr.B.C.Roy Medical Institute: extracted
[local-ai] Nayonika Eye Care Centre: extracted
[local-ai] Mood: extracted
[local-ai] Apex Institute Of Medical Sciences: extracted
[local-ai] Arogya Maternity and Nursing Home: extracted
[local-ai] Arunodaya Health Care Pvt Ltd: extracted
[local-ai] Asharam Bhiwaniwala Hospital: extracted
[local-ai] N H Narayana Multispeciality Hospital: extracted
[local-ai] Paramount Hospital Pvt Ltd: extracted
[local-ai] Kolkata Heart Foundation: extracted
[local-ai] Calcutta Heart Research Center: extracted
[local-ai] Ghatal Lion Eye Hospital: extracted
[local-ai] Bankura Seva Niketan Hospital - Bankura: extracted
[checkpoint] saved 4321 records
[local-ai] Disha Eye Hospital Barrackpore: extracted
[local-ai] Netra Kiran Eye Hospital: extracted
[local-ai] Muktakeshi Arogya Niketan: extracted
[local-ai] Binayak Imaging And Diagnostic Pvt Ltd: extracted
[local-ai] N.K.Chatterjee Memorial Maternity Cum Nursing Home: extracted
[local-ai] Matrisadan Nursing Home: extracted
[local-ai] Amulya Jyoti Eye Foundation: extracted
[local-ai] Anandalok Hospital: extracted
[local-ai] Anandalok Hospital, Salt Lake City: extracted
[local-ai] Anandaloke Multispeciality Hospital: extracted
[local-ai] Anjali Eye Center: extracted
[local-ai] Anupama Eye Care: extracted
[local-ai] Sunayan Eye Care and Surgery: extracted
[local-ai] Sunayan Eye care and Research Center: extracted
[local-ai] Paramananda Mission Health Centre: extracted
[local-ai] Micro Surgery Day Centre: extracted
[local-ai] Mitra Snagh Hospital: extracted
[local-ai] Vivekananda Seva Sadan: extracted
[local-ai] Namita Biswas Memorial Eye Hospital: extracted
[local-ai] Biswarupa Maternity and Nursing Home: extracted
[local-ai] Joylakshmi Nursing Home: extracted
[local-ai] Namita Maternity and Nursing Home: extracted
[local-ai] Mandelia Maternity and Nursing Home: extracted
[local-ai] Palm Springs: extracted
[local-ai] GD Hospital and Diabetes Institute: extracted
[checkpoint] saved 4346 records
[local-ai] Sunetra Eye and Family Care Centre: extracted
[local-ai] Matri Mangal Pratishthan: extracted
[local-ai] Nazirpur Dr. B.R. Ambedkar Eye and General Health Relief Centre: extracted
[local-ai] East End Nursing Home: extracted
[local-ai] Sunview Nursing Home: extracted
[local-ai] Rotary Club Of Purulia Service Centre: extracted
[local-ai] BRWS Hospital: extracted
[local-ai] Victoria Hospital, Medinipur East: extracted
[local-ai] Good Samaritan Hospital: extracted
[local-ai] Basanti Seva Kendra: extracted
[local-ai] Netram Eye Hospital: extracted
[local-ai] Chikitsha Maternity and Nursing Home: extracted
[local-ai] Medilink Health Care Diagnostic Centre Pvt. Ltd.: extracted
[local-ai] Kumar P. N Malaiah Hospital: extracted
[local-ai] Nityananda Arogya Niketan: extracted
[local-ai] Dishari (Esopd and Maternity Home): extracted
[local-ai] The Medicure, Kolkata: extracted
[local-ai] Drishti Eye Hospital (A Unit Of Drishti Eye Hospital Pvt. Ltd.) - Asansol: extracted
[local-ai] Dr. Malay's Hospital and Neurosciences Centre: extracted
[local-ai] Rog Mookti: extracted
[local-ai] S.C. Bagchi Arogya Sadan Pvt.Ltd.: extracted
[local-ai] The Lifeline Nursing Homeand Poly Clinic: extracted
[local-ai] Jeeban Suraksha Hospital: extracted
[local-ai] Care and Cure Hospital: extracted
[local-ai] Marina Nursing Home: extracted
[checkpoint] saved 4371 records
[local-ai] Binodini Matri Seva Sadan Nursing Home: extracted
[local-ai] The Mission Hospital: extracted
[local-ai] Mission Of Mercy Hospital And Research Centre: extracted
[local-ai] New Barrackpur Nursing Home Nursing home: extracted
[local-ai] The Leprosy Mission Permananda Memorial Leprosy Ho: extracted
[local-ai] Netrajyoti Eye Hospital: extracted
[local-ai] Baghajatin State General Hospital: extracted
[local-ai] Tulsiram Lakshmi Devi Jaiswal Hospital: extracted
[local-ai] Charuchandra Seva Sadan (P) Ltd. ,: extracted
[local-ai] Goodwill Welfare Association Seva Sadan: extracted
[local-ai] New Matri Seva Sadan: extracted
[local-ai] Shamayita Jeevan Surya Hospital: extracted
[local-ai] Kharagpur Sathi Health Care For Aged: extracted
[local-ai] Kasturi Medical Centre Pvt Ltd: extracted
[local-ai] Dr.Sarkar Day Eye Care: extracted
[local-ai] Basali Maternity And Nursing Home: extracted
[local-ai] Bhattacharya Orthopaedics and Related Research Centre Pvt Ltd: extracted
[local-ai] Bidhan Niramoy Nursing Home: extracted
[local-ai] Bimal Arogya Niketan: extracted
[local-ai] Bimol Sisu Sadan: extracted
[local-ai] Sterling Hospital, Kolkata: extracted
[local-ai] Calcutta Institute Of Maxill Ofacial Surgery and R: extracted
[local-ai] Kakdwip Maternity and Nursing Home: extracted
[local-ai] Burdwan Municipal Health Centre: extracted
[local-ai] Netaji Eye Hospital: extracted
[checkpoint] saved 4396 records
[local-ai] Kamalalaya Hospital (P) Ltd.,: extracted
[local-ai] Care Concern Hospital Pvt. Ltd.: extracted
[local-ai] Kamalaya Hospital Pvt Ltd: extracted
[local-ai] B.M.R.C Hospital: extracted
[local-ai] Astha Medical Services Pvt Ltd: extracted
[local-ai] TRA General Hospital - Kolkata: extracted
[local-ai] B.N.Agarwal Memorial Hospital: extracted
[local-ai] Netra Jyoti Eye Care Centre: extracted
[local-ai] Lions Club Of Calcutta: extracted
[local-ai] Bose X-ray clinic and hospital: extracted
[local-ai] Multi Care Hospital: extracted
[local-ai] Vivekananda Hospital and Research Institute: extracted
[local-ai] Aditya Hospital: extracted
[local-ai] BKG Malda Eye Hospital: extracted
[local-ai] Calcutta Lions Netra Niketan: extracted
[local-ai] Dr. M. N. Chatterjee Memorial Eye Hospital: extracted
[local-ai] Asnsol Eye Hospital: extracted
[local-ai] Gandhi Mission Trust L.C.Dani Eye Hospital: extracted
[local-ai] Netraloke Eye Hospital- Naihati: extracted
[local-ai] B.C.C.U Hospital: extracted
[local-ai] Garia Eye Clinic and Micro Surgery Centre: extracted
[local-ai] Suburban Eye Microsurgery Centre: extracted
[local-ai] Avenue Nursing Home: extracted
[local-ai] Neha Eye Centre: extracted
[local-ai] Nayan Jyoti Eye Care Centre: extracted
[checkpoint] saved 4421 records
[local-ai] Orbis Eye and Dental Care Centre: extracted
[local-ai] Calcutta Pay Clinic and Hospital Pvt Ltd: extracted
[local-ai] Netaji Sebayan Hospital: extracted
[local-ai] Disha Eye Hospital-Sheoraphuli: extracted
[local-ai] Subodh Sankar Sebayatan: extracted
[local-ai] New Ambika Nursing Home: extracted
[local-ai] Aditya Medical Park (A Unit Of Aditya Health Research Foundation Pvt. Ltd.) - Barsat: extracted
[local-ai] Gitaram Hospital Pvt Ltd: extracted
[local-ai] KD Cure S.C. Das Memorial Medical Center: extracted
[local-ai] Nilkantha Diagnostic Care Center: extracted
[local-ai] Netaji Subhash Chandra Bose Specialised Hospital and Research Centre: extracted
[local-ai] Kayakalpa Sadan Nursing Home: extracted
[local-ai] Kejriwal's Stone Clinic and Kidney Care Centre - Siliguri: extracted
[local-ai] Jeevandeep Special Care and Diagnostic Center: extracted
[local-ai] Renuka Eye Institute: extracted
[local-ai] Little Hut Nirikshan Kendra: extracted
[local-ai] Susrut Eye Foundation and Research Centre - Berhampore: extracted
[local-ai] Salt Lake City Medical Centre: extracted
[local-ai] Dr.N.C. Dutta Memorial Hospital: extracted
[local-ai] Netra Sevasram: extracted
[local-ai] Marwari Relief Society Hospital: extracted
[local-ai] Nayan Eye Hospital: extracted
[local-ai] Himalaya Vision Care Centre: extracted
[local-ai] Kalidas Mullick Sebayatan: extracted
[local-ai] Bankura Lions Eye Care Centre: extracted
[checkpoint] saved 4446 records
[local-ai] Orthopaedic Centre: extracted
[local-ai] Lions North Kolkata Hospital and Medical Centre: extracted
[local-ai] R-Fleming Hospital / Zodiac Medicare and Hospital Pvt.Ltd.: extracted
[local-ai] Rotary Narayana Nethralaya: extracted
[local-ai] Charnock Hospital Pvt Ltd: extracted
[local-ai] Kumar Maternity Home: extracted
[local-ai] Netronir: extracted
[local-ai] Kalna Eye Care Centre: extracted
[local-ai] Disha Eye Hospitals And Research Centre Pvt Ltd: extracted
[local-ai] Meditek Center: extracted
[local-ai] Naihati Municipality Maternity Hospital: extracted
[local-ai] Sai Durga Nursing Home: extracted
[local-ai] Renaissance Hospital: extracted
[local-ai] Malda Medical college and hospital: extracted
[local-ai] Tirat Hospital: extracted
[local-ai] Asansol District Hospital: extracted
[local-ai] Mankar Rural Hospital: extracted
[local-ai] Gayeshpur Hospital: extracted
[local-ai] Barjora Super Speciality Hospital: extracted
[local-ai] Barnia Hospital: extracted
[local-ai] Institute For Mental Care, Purulia: extracted
[local-ai] Nadanghat Hospital: extracted
[local-ai] Panchthupi Hospital: extracted
[local-ai] Gangadhari Hospital: extracted
[local-ai] Krishnaganj Rural Hospital: extracted
[checkpoint] saved 4471 records
[local-ai] Natidanga Rural Hospital: extracted
[local-ai] Labpur Government Hospital: extracted
[local-ai] Amarkanan Rural Hospital: extracted
[local-ai] Sundarpur Hospital: extracted
[local-ai] Saktipur Rural Hospital: extracted
[local-ai] Singhari Hospital: extracted
[local-ai] Bartoria First Aid Hospital: extracted
[local-ai] Nanoor RH: extracted
[local-ai] Sainthia State General Hospital: extracted
[local-ai] Bagula Rural Hospital: extracted
[local-ai] Burwan Rural Hospital: extracted
[local-ai] Dubrajpur Rural Hospital: extracted
[local-ai] Kalna Sub Divisional & Super Speciality Hospital: extracted
[local-ai] Kharjuna Hospital: extracted
[local-ai] Kuli Rural Hospital: extracted
[local-ai] Burdwan Medical College And Hospital: extracted
[local-ai] Bhatar Rural Hospital: extracted
[local-ai] Pritimoyee Rural Hospital: extracted
[local-ai] Iswarpur Rural Hospital: extracted
[local-ai] Dhubulia Rural Hospital: extracted
[local-ai] Raghunathpur Sub-Divisional Hospital: extracted
[local-ai] Sitahati Hospital: extracted
[local-ai] Amtala Rural Hospital: extracted
[local-ai] Bishnupur Rural Hospital: extracted
[local-ai] Suri Sadar Hospital: extracted
[checkpoint] saved 4496 records
[local-ai] Bohar Hospital: extracted
[local-ai] Srirampur Rural Hospital: extracted
[local-ai] Thiba Hospital: extracted
[local-ai] Kotshila Rural Hospital: extracted
[local-ai] Hura Rural Hospital: extracted
[local-ai] Bahadurpur Rural Hospital: extracted
[local-ai] Sonamukhi Hospital: extracted
[local-ai] Tehatta Sub Divisional Hospital: extracted
[local-ai] Narayanghati Hospital: extracted
[local-ai] Chapra Rural Hospital: extracted
[local-ai] Bankura Sammilani Medical College & Hospital: extracted
[local-ai] Chaitanyapur Rural Hospital: extracted
[local-ai] Shilampur Hospital: extracted
[local-ai] Illambazar Rural Hospital: extracted
[local-ai] Pichasi Hospital: extracted
[local-ai] Bethuadahari Rural Hospital: extracted
[local-ai] Harmadih Rural Hospital: extracted
[local-ai] Bolpur Sub Divisional Hospital: extracted
[local-ai] Nabadwip State General Hospital: extracted
[local-ai] Katwa Sub Divisional Hospital: extracted
[local-ai] Jagannathpur Hospital: extracted
[local-ai] Bannabagram Hospital: extracted
[local-ai] Juranpur Hospital: extracted
[local-ai] Arsha Hospital: extracted
[local-ai] Beldanga Rural Hospital: extracted
[checkpoint] saved 4521 records
[local-ai] Nawpara Rural Hospital: extracted
[local-ai] Panchal Hospital: extracted
[local-ai] Ballavpur Rural Hospital: extracted
[local-ai] Dhulai Hospital: extracted
[local-ai] Singot Rural Hospital: extracted
[local-ai] Batikar Hospital: extracted
[local-ai] Karimpur Rural Hospital: extracted
[local-ai] Ghoramara Hospital: extracted
[local-ai] Porabazar Hospital: extracted
[local-ai] B. B. Dhar Rural Hospital: extracted
[local-ai] Salboni Rural Hospital: extracted
[local-ai] Palla Hospital: extracted
[local-ai] Domjur Rural Hospital: extracted
[local-ai] Bhagabantapur Rural Hospital: extracted
[local-ai] Haringhata Rural Hospital: extracted
[local-ai] Jagatballavpur Rural Hospital: extracted
[local-ai] Masia Hospital: extracted
[local-ai] Barasat District Hospital: extracted
[local-ai] Habra State General Hospital: extracted
[local-ai] Chinsurah Mogra Rural Hospital: extracted
[local-ai] Bankra Hospital: extracted
[local-ai] Basantapur Hospital: extracted
[local-ai] Gopinathpur Hospital: extracted
[local-ai] Kona Jagadishpur Rural Hospital: extracted
[local-ai] Bhatpara State General Hospital: extracted
[checkpoint] saved 4546 records
[local-ai] Baksha Hospital: extracted
[local-ai] Haroa Hospital: extracted
[local-ai] Belpahari Rural Hospital: extracted
[local-ai] Ramkrishnapur Rural Hospital: extracted
[local-ai] Rangtakhali Hospital: extracted
[local-ai] Daspur Hospital: extracted
[local-ai] Sree Balaram Seva Mandir State General Hospital: extracted
[local-ai] Kewakole Rural Hospital: extracted
[local-ai] Tarakeswar Rural Hospital: extracted
[local-ai] Bakulia Hospital: extracted
[local-ai] Kotulpur Rural Hospital: extracted
[local-ai] Chagram Gramin Hospital: extracted
[local-ai] Jangalpara Hospital: extracted
[local-ai] Akuni Ichapasar Rural Hospital: extracted
[local-ai] Ranaghat Sub Divisional Hospital: extracted
[local-ai] Belur State General Hospital: extracted
[local-ai] Furfura Hospital: extracted
[local-ai] Imambara District Hospital, Hooghly: extracted
[local-ai] Raipur Rural Hospital: extracted
[local-ai] Gaighata Hospital: extracted
[local-ai] College of Medicine & Sagore Dutta Hospital: extracted
[local-ai] Chakdaha State General Hospital: extracted
[local-ai] Khirpai Rural Hospital: extracted
[local-ai] Painta Hospital: extracted
[local-ai] Haripal Rural Hospital: extracted
[checkpoint] saved 4571 records
[local-ai] Dhaniakhali Rural Hospital: extracted
[local-ai] Nohari Hospital: extracted
[local-ai] M.R. Bangur TB Sanatorium, Digri: extracted
[local-ai] Chandannagar Sub Divisional Hospital: extracted
[local-ai] Taldangra Rural Hospital: extracted
[local-ai] Barsul Government Hospital: extracted
[local-ai] Satya Bala Devi ID Hospital: extracted
[local-ai] Sindri Hospital: extracted
[local-ai] Kamarpukur Rural Hospital: extracted
[local-ai] Chanditala Rural Hospital: extracted
[local-ai] Bhaduria Hospital: extracted
[local-ai] Natibpur Rural Hospital: extracted
[local-ai] Krishnapur Hospital: extracted
[local-ai] Udaynarayanpur State General Hospital: extracted
[local-ai] Jawaharlal Nehru Memorial Hospital, Kalyani: extracted
[local-ai] Ilsara Hospital: extracted
[local-ai] Khundkuri Hospital: extracted
[local-ai] Dwarigeria Rural Hospital: extracted
[local-ai] Srinagar Hospital: extracted
[local-ai] Daspur Rural Hospital: extracted
[local-ai] Walsh Sub Divisional Hospital: extracted
[local-ai] Naihati State General Hospital: extracted
[local-ai] Chandpara Rural Hospital: extracted
[local-ai] Shyamsundar Hospital: extracted
[local-ai] Bagnan Hospital: extracted
[checkpoint] saved 4596 records
[local-ai] Pandua Rural Hospital: extracted
[local-ai] Basirhat District Hospital: extracted
[local-ai] Babuidanga Hospital: extracted
[local-ai] Amjhuri Rural Hospital: extracted
[local-ai] Chandrakona Rural Hospital: extracted
[local-ai] Khatra Sub Divisional Hospital: extracted
[local-ai] Kanaipur Rural Hospital: extracted
[local-ai] Singur Rural Hospital: extracted
[local-ai] Chototara Hospital: extracted
[local-ai] Garhbeta Rural Hospital: extracted
[local-ai] Kaity Hospital: extracted
[local-ai] Indpur Rural Hospital: extracted
[local-ai] Chhota Jagulia Hospital: extracted
[local-ai] Bireswar Hospital: extracted
[local-ai] Palashi Hospital: extracted
[local-ai] Sundarpur Rural Hospital: extracted
[local-ai] Ghatal Sub Divisional Hospital: extracted
[local-ai] Jara Hospital: extracted
[local-ai] Pundibari Rural Hospital: extracted
[local-ai] Birpara State General Hospital: extracted
[local-ai] Khargram Rural Hospital: extracted
[local-ai] Haldibari Rural Hospital: extracted
[local-ai] Sadikhans Dearh Rural Hospital: extracted
[local-ai] Gazole Rural Hospital: extracted
[local-ai] Paikar Rural Hospital: extracted
[checkpoint] saved 4621 records
[local-ai] Madarihat Rural Hospital: extracted
[local-ai] Kumarganj Rural Hospital: extracted
[local-ai] Mallarpur Hospital: extracted
[local-ai] Muchia Anchal Hospital: extracted
[local-ai] Narayanpur Rural Hospital: extracted
[local-ai] Uttar Latabari Rural Hospital: extracted
[local-ai] Herampur Rural Hospital: extracted
[local-ai] Trukdigi Hospital: extracted
[local-ai] Malda Medical College & Hospital: extracted
[local-ai] Bedrabad Rural Hospital: extracted
[local-ai] Puranagram Hospital: extracted
[local-ai] Trimohini Hospital: extracted
[local-ai] Murshidabad Medical College & Hospital: extracted
[local-ai] Gangarampur Sub-divisional Hospital: extracted
[local-ai] Itahar Rural Hospital: extracted
[local-ai] Bijanbari Rural Hospital: extracted
[local-ai] Nalhati Rural Hospital: extracted
[local-ai] Chanchal Super Speciality Hospital: extracted
[local-ai] Bangalbari Hospital: extracted
[local-ai] Kushmandi Rural Hospital: extracted
[local-ai] Sagardighi Super Speciality Hospital: extracted
[local-ai] Patlakhawa Hospital: extracted
[local-ai] Araidanga Hospital: extracted
[local-ai] Falakata Rural Hospital: extracted
[local-ai] Samsi Rural Hospital: extracted
[checkpoint] saved 4646 records
[local-ai] Jiaganj Rural Hospital: extracted
[local-ai] Harishchandrapur Rural Hospital: extracted
[local-ai] Bahadurpur Rural Hospital: extracted
[local-ai] Godhanpara Rural Hospital: extracted
[local-ai] Panchkolguri Rural Hospital: extracted
[local-ai] Okrabari Hospital: extracted
[local-ai] Rajganj Rural Hospital: extracted
[local-ai] Moulpur Rural Hospital: extracted
[local-ai] Mahesail Rural Hospital: extracted
[local-ai] Deor Hospital: extracted
[local-ai] Kathia Edrakpur Hospital: extracted
[local-ai] Rampur Hospital: extracted
[local-ai] Nazirpur Hospital: extracted
[local-ai] Alipurduar District Hospital: extracted
[local-ai] Khaspur Rural Hospital: extracted
[local-ai] Jasodanga Rural Hospital: extracted
[local-ai] Rampurhat District Hospital: extracted
[local-ai] Domkal Sub Divisional Hospital: extracted
[local-ai] Srikantapur Hospital: extracted
[local-ai] Jamaldaha Rural Hospital: extracted
[local-ai] Bangla sahayata Kendra. Sitai Hospital: extracted
[local-ai] Rashidpur Rural Hospital: extracted
[local-ai] Tapan Rural Hospital: extracted
[local-ai] Murarai Rural Hospital: extracted
[local-ai] Sonarkunda Hospital: extracted
[checkpoint] saved 4671 records
[local-ai] Manikchak RH: extracted
[local-ai] Chakulia Rural Hospital: extracted
[local-ai] Krishnapur Rural Hospital: extracted
[local-ai] Raiganj District Hospital: extracted
[local-ai] Belakoba Rural Hospital: extracted
[local-ai] Badalpur Hospital: extracted
[local-ai] Lodhan Rural Hospital: extracted
[local-ai] Tarapur Hospital: extracted
[local-ai] Mathabhanga Sub Divisional Hospital: extracted
[local-ai] Dalkhola Hospital: extracted
[local-ai] Hili Rural Hospital: extracted
[local-ai] Bhatibari Rural Hospital: extracted
[local-ai] Bangitala Rural Hospital: extracted
[local-ai] Lalbagh Sub Divisional Hospital: extracted
[local-ai] Balurghat District Hospital: extracted
[local-ai] Dinhata Sub Divisional Hospital: extracted
[local-ai] Maynaguri Rural Hospital: extracted
[local-ai] Islampur Rural Hospital: extracted
[local-ai] Natabari Rural Hospital: extracted
[local-ai] R.N.Ray Rural Hospital: extracted
[local-ai] Bamanhat Rural Hospital: extracted
[local-ai] Kanapukur Rural Hospital: extracted
[local-ai] Habaspur Rural Hospital: extracted
[local-ai] Hemtabad Rural Hospital: extracted
[local-ai] Gouripur Hospital: extracted
[checkpoint] saved 4696 records
[local-ai] HatimariRural Hospital: extracted
[local-ai] Kheti Fulbari Hospital: extracted
[local-ai] Bhadrapur Hospital: extracted
[local-ai] Fort-Gloster State General Hospital: extracted
[local-ai] Kulai Rural Hospital: extracted
[local-ai] Nalgora Gramin Hospital: extracted
[local-ai] Magrahat Rural Hospital: extracted
[local-ai] Egra Sub Divisional Hospital: extracted
[local-ai] Nandigram Super Speciality Hospital: extracted
[local-ai] Indrapur Gramin Hospital: extracted
[local-ai] Haldia Sub Divisional Hospital: extracted
[local-ai] Jharkhali Rural Hospital: extracted
[local-ai] Indrapala Hospital: extracted
[local-ai] Salt Lake Sub-divisional Hospital: extracted
[local-ai] Moushini Hospital: extracted
[local-ai] Shirakole Hospital: extracted
[local-ai] Lalgarh Hospital: extracted
[local-ai] Moukhali Gramin Hospital: extracted
[local-ai] Chandipur-Manikpur Rural Hospital: extracted
[local-ai] Contai Sub-Divisional Hospital: extracted
[local-ai] Gopiballavpur hospital: extracted
[local-ai] Julpia Rural Hospital: extracted
[local-ai] Tulsiberia Hospital: extracted
[local-ai] Basulia Rural Hospital: extracted
[local-ai] Baneswarpur Rural Hospital: extracted
[checkpoint] saved 4721 records
[local-ai] Padmerhat Rural Hospital: extracted
[local-ai] Sonakhali Rural Hospital: extracted
[local-ai] Gangadharbar Rural Hospital: extracted
[local-ai] Kharikamathani Rural Hospital: extracted
[local-ai] Hijli Rural Hospital: extracted
[local-ai] Jadabpur Rural Hospital: extracted
[local-ai] Gabberia State General Hospital: extracted
[local-ai] Kulpi Rural Hospital: extracted
[local-ai] Purbanukha Rural Hospital: extracted
[local-ai] Gosaba Rural Hospital: extracted
[local-ai] Nalmuri Rural Hospital: extracted
[local-ai] Bhurangi Hospital: extracted
[local-ai] Mathurapur Rural Hospital: extracted
[local-ai] Amta Rural Hospital: extracted
[local-ai] Sekendari Hospital: extracted
[local-ai] Pratapdighi Hospital: extracted
[local-ai] Dantan Rural Hospital: extracted
[local-ai] Bhagawanpur Rural Hospital: extracted
[local-ai] Bagnan Rural Hospital: extracted
[local-ai] Belda Rural Hospital: extracted
[local-ai] Momrejgarh Hospital: extracted
[local-ai] Hazi S. T. Mullick Rural Hospital: extracted
[local-ai] Dwariknagar Rural Hospital: extracted
[local-ai] Paschim Bainan Rural Hospital: extracted
[local-ai] Abinash Dutta Maternity Home: extracted
[checkpoint] saved 4746 records
[local-ai] Nimpith Shri Ramkrishna Rural Hospital: extracted
[local-ai] Bararankua Rural Hospital: extracted
[local-ai] Keshiary Rural Hospital: extracted
[local-ai] Chichra Hospital: extracted
[local-ai] Kasabagola Hospital: extracted
[local-ai] Barunhat Rural Hospital: extracted
[local-ai] Bhangagarh RH: extracted
[local-ai] Madhabnagar Rural Hospital: extracted
[local-ai] Basanti Rural Hospital: extracted
[local-ai] Jamirapal Hospital: extracted
[local-ai] Dhalhara Hospital: extracted
[local-ai] Khandrui Rural Hospital: extracted
[local-ai] South Howrah State General Hospital: extracted
[local-ai] Bhupatinagar Mugberia Rural Hospital: extracted
[local-ai] Jamtala Rural Hospital: extracted
[local-ai] Lady Dufferin Victoria Hospital, Kolkata: extracted
[local-ai] Kamalpur Rural Hospital: extracted
[local-ai] Ghola Rural Hospital: extracted
[local-ai] Sabang Rural Hospital: extracted
[local-ai] Dalhara Gramin Hospital: extracted
[local-ai] Minakhan RH: extracted
[local-ai] Jhumjhumi Rural Hospital: extracted
[local-ai] Amtala Rural Hospital: extracted
[local-ai] Baruipur Sub Division Hospital: extracted
[local-ai] Government Hospital, Bhowanipur: extracted
[checkpoint] saved 4771 records
[local-ai] Baligeria Hospital: extracted
[local-ai] Reapara Rural Hospital: extracted
[local-ai] Tentulia Hospital: extracted
[local-ai] Panskura Super Speciality Hospital: extracted
[local-ai] Keshpur Rural Hospital: extracted
[local-ai] Mugkalyan Rural Hospital: extracted
[local-ai] Kakdwip Sub Divisional Hospital: extracted
[local-ai] Panchagram Rural Hospital: extracted
[local-ai] Nimichi Hospital: extracted
[local-ai] Ramchandrapur Hospital: extracted
[local-ai] All India Institute of Hygiene and Public Health (A.I.I.H. & P.H): extracted
[local-ai] Byanjanheria Charial Rural Hospital: extracted
[local-ai] Tapsia Rural Hospital: extracted
[local-ai] Jhargram District Super Speciality Hospital: extracted
[local-ai] Kheyadaha Rural Hospital: extracted
[local-ai] Mahiyari Lakshmikamal Hospital: extracted
[local-ai] Naiyarat Rural Hospital: extracted
[local-ai] Bagda Mohanpur Rural Hospital: extracted
[local-ai] Debra Super Speciality hospital: extracted
[local-ai] Uluberia Sub Divisional Hospital: extracted
[local-ai] S.S.K.M. Hospital: extracted
[local-ai] Diamond Harbour District Hospital: extracted
[local-ai] Guskara Primary Hospital: extracted
[local-ai] Gushkara Seva Sadan Nursing Home: extracted
[local-ai] Guskara Lions Club Hospital: extracted
[checkpoint] saved 4796 records
[local-ai] Gushkara Nursing Home and netraalay: extracted
[local-ai] Mangolkote Block Primary Health Centre: extracted
[local-ai] Hospital RoseMary: extracted
[local-ai] Indus Nursing Home: extracted
[local-ai] Smile Dental Care: extracted
[local-ai] Bhatkawa Tea Garden Hospital: extracted
[local-ai] Dabri Hospital: extracted
[local-ai] Aryogya Niketan Nursing Home: extracted
[local-ai] Tufanganj Hospital: extracted
[local-ai] Tukvar Hospital: extracted
[local-ai] Bishop James Hospital: extracted
[local-ai] Ranipur Hospital: extracted
[local-ai] Siliguri Greater Lions Eye Hospital: extracted
[local-ai] Christian Mission Hospital: extracted
[local-ai] Siliguri District Hospital: extracted
[local-ai] Urban Primary Health Centre: extracted
[local-ai] Jeevan Rekha Hospital: extracted
[local-ai] Nirmal Sadan Primary Hospital: extracted
[local-ai] Poddar Speciality Hospital: extracted
[local-ai] Sai Hospital and Gatro Liver Clinic: extracted
[local-ai] Haripur Mini Hospital: extracted
[local-ai] Seba Sadan Nursing Home: extracted
[local-ai] Red Cross Eye Hospital: extracted
[local-ai] Jogomaya Polyclinic: extracted
[local-ai] Patkapara Hospital: extracted
[checkpoint] saved 4821 records
[local-ai] Mission Hospital: extracted
[local-ai] J. D. Hospital: extracted
[local-ai] Ramjhora T.G Hospital: extracted
[local-ai] Dr. P K Saha Hospital & Research Centre: extracted
[local-ai] Ramakrishna Math Hospital: extracted
[local-ai] Pakuahat Getanjali Hospital: extracted
[local-ai] Aakash Hospital: extracted
[local-ai] R.N. Roy Rural Hospital: extracted
[local-ai] Super Speciality Hospital: extracted
[local-ai] Bhutni Hospital: extracted
[local-ai] Birpara State General Hospital: extracted
[local-ai] Mahisbathan Hospital: extracted
[local-ai] Dumchipara TG Hospital: extracted
[local-ai] Sub-Divisional Hospital: extracted
[local-ai] Greenage Hospitals: extracted
[local-ai] Sanjeevani Neuro and Multispeciality Hospital: extracted
[local-ai] Nalagola Hospital: extracted
[local-ai] Edific Health Care Hospital: extracted
[local-ai] Tumal Para Sadar Hospital: extracted
[local-ai] Umesh Ghosh Tola Hospital: extracted
[local-ai] Pandua Parthomick Hospital: extracted
[local-ai] Jamaldaha Gramin Hospital: extracted
[local-ai] Latpanchar Hospital: extracted
[local-ai] Mission Ghat Hospital: extracted
[local-ai] Varanasi Hospital: extracted
[checkpoint] saved 4846 records
[local-ai] IPP Hospital: extracted
[local-ai] IISCO Hospital: extracted
[local-ai] The Sun Hospital: extracted
[local-ai] Care Nursing Home: extracted
[local-ai] Chittaranjan Health Institute: extracted
[local-ai] Sterling Hospital: extracted
[local-ai] Super Speciality Hospital: extracted
[local-ai] DPL Hospital: extracted
[local-ai] ESI Hospital: extracted
[local-ai] Glocal Hospital: extracted
[local-ai] Mohor Medimart Hospital: extracted
[local-ai] Main Hospital: extracted
[local-ai] Disha Eye Hospital: extracted
[local-ai] Lifeline Nursing Home: extracted
[local-ai] District Hospital: extracted
[local-ai] Old Railway Hospital: extracted
[local-ai] Fortune Hospital: extracted
[local-ai] Chaudhuri Diagnostics & Hospital: extracted
[local-ai] Hardik Hospital: extracted
[local-ai] Lokeswarananda Eye Foundation: extracted
[local-ai] Rotary Lalpur Eye Hospital: extracted
[local-ai] Nabin Chandra Mahato Eye Hospital: extracted
[local-ai] Divisional Hospital: extracted
[local-ai] Farakka Barrage Hospital: extracted
[local-ai] Berhampore Mental Hospital: extracted
[checkpoint] saved 4871 records
[local-ai] Mother Teresa Lions Hospital & Research Institute: extracted
[local-ai] Berhampore City Hospital: extracted
[local-ai] South Eastern Railway Hospital: extracted
[local-ai] ESIC Hospital: extracted
[local-ai] Jeevan Suraksha Hospital: extracted
[local-ai] TTS Hospital: extracted
[local-ai] Durgapur City Hospital: extracted
[local-ai] Matri Nursing Home: extracted
[local-ai] True Pati Hospital: extracted
[local-ai] Sadar Hospital: extracted
[local-ai] Rotary Beldanga Eye Hospital: extracted
[local-ai] Lokepur Hospital: extracted
[local-ai] Durgapur Sub Divisional Hospital: extracted
[local-ai] Suri Multispeciality Hospital: extracted
[local-ai] Purullia Leprosy Home & Hospital: extracted
[local-ai] Shaktinagar Zilla Hospital: extracted
[local-ai] Government Hospital: extracted
[local-ai] Anandalok Hospital: extracted
[local-ai] Baruipur Eye Hospital: extracted
[local-ai] Bholanath Memorial Eye Hospital: extracted
[local-ai] Midnapore Rotary Eye Hospital: extracted
[local-ai] Jhargram Nursing Home: extracted
[local-ai] Sebabbrata Hospital: extracted
[local-ai] Jhargram Lions Eye Hospital: extracted
[local-ai] Cancer Hospital: extracted
[checkpoint] saved 4896 records
[local-ai] Harlaka Hospital: extracted
[local-ai] Hope Hospital: extracted
[local-ai] Saraju Nursing Home: extracted
[local-ai] Glocal Hospital: extracted
[local-ai] Phoenix Hospital: extracted
[local-ai] Simultala Hospital: extracted
[local-ai] Life Line Hospital: extracted
[local-ai] Glocal Hospital: extracted
[local-ai] Mission Hospital: extracted
[local-ai] Narayana Multi Speciality Hospital: extracted
[local-ai] Kamarda Hospital: extracted
[local-ai] Desun Hospital: extracted
[local-ai] Baroma Sirona Hospital: extracted
[local-ai] Mahananda Eye Hospital: extracted
[local-ai] Debra Super Speciality hospital: extracted
[local-ai] Henria Primary Hospital: extracted
[local-ai] Sramajibi Hospital: extracted
[local-ai] Konnagar Matri Sadan Municipal Hospital: extracted
[local-ai] Nirnoy Hospital: extracted
[local-ai] ESI Hospital: extracted
[local-ai] Miot Hospitals: extracted
[local-ai] Maternity Hospital: extracted
[local-ai] Sankara Nethralaya: extracted
[local-ai] ESI Hospital: extracted
[local-ai] Kottakkal Ayurvedic Hospital and Research Centre: extracted
[checkpoint] saved 4921 records
[local-ai] Mary Immaculate Hospital: extracted
[local-ai] Dr. Agarwals Eye Hospital: extracted
[local-ai] ESIC Center: extracted
[local-ai] Roy Nursing Home: extracted
[local-ai] Muchisa Hospital: extracted
[local-ai] Chittaranjan Dental Hospital: extracted
[local-ai] Rotary Dakshin Barasat Eye Hospital: extracted
[local-ai] T.B. Hospital: extracted
[local-ai] ESI Hospital: extracted
[local-ai] Rotary Hooghly Eye Hospital: extracted
[local-ai] Samanta Eye Care: extracted
[local-ai] Eastern Railway Hospital: extracted
[local-ai] Duncan Gleneagles Hospitals: extracted
[local-ai] Netaji Eye Hospital: extracted
[local-ai] Bengal Neuro Institute Hospital: extracted
[local-ai] Disha Eye Hospital: extracted
[local-ai] ESI Hospital: extracted
[local-ai] B.P. Poddar Hospital: extracted
[local-ai] CRPF Composite Hospital: extracted
[local-ai] Park Lions Hospital: extracted
[local-ai] Shis Eye Care Hospital: extracted
[local-ai] Antara Psychiatric Hospital: extracted
[local-ai] Tinku Hospital: extracted
[local-ai] Tapan Sinha Memorial Hospital: extracted
[local-ai] ESI Hospital: extracted
[checkpoint] saved 4946 records
[local-ai] Mohanpur Hospital: extracted
[local-ai] Composite Hospital: extracted
[local-ai] Kukai Tribal Eye Hospital: extracted
[local-ai] St. Joseph Hospital: extracted
[local-ai] JSW hospital: extracted
[local-ai] Bandhan Hospital: extracted
[local-ai] LILA HOSPITAL: extracted
[local-ai] Government Hospital, kamalpur: extracted
[local-ai] Rural Hospital, Taldangra: extracted
[local-ai] AMRI Hospital: extracted
[local-ai] Government Hospital, Nakrajuria: extracted
[local-ai] Government Hospital, Chhora: extracted
[local-ai] Government Hospital, Ankhona: extracted
[local-ai] Government Hospital, Bankola: extracted
[local-ai] Government Hospital, Uchalan: extracted
[local-ai] Government Hospital, Nigha: extracted
[local-ai] Government Hospital, Khujutipara: extracted
[local-ai] Government Hospital, Basudebpur: extracted
[local-ai] Government Hospital,Kundala: extracted
[local-ai] Government Hospital, dhangdhing guri: extracted
[local-ai] Government Hospital, Binsira: extracted
[local-ai] Village Health Center: extracted
[local-ai] Government Hospital, Sabalsinghpur: extracted
[local-ai] Government Hospital, Jagannathpur: extracted
[local-ai] Government Hospital, Baluhati: extracted
[checkpoint] saved 4971 records
[local-ai] Government Hospital, Rangamati: extracted
[local-ai] Gov Hospital: extracted
[local-ai] Shanthi Nursing Hone: extracted
[local-ai] NURSING HOME: extracted
[local-ai] Raghunathganj Hospital: extracted
[local-ai] Khristiya Seva Niketan: extracted
[local-ai] Nagarukhra PHC: extracted
[local-ai] Ananya: extracted
[local-ai] R. B. Nursing Home and Diagnostic Centre: extracted
[local-ai] ই এস আই হাসপাতাল: extracted
[local-ai] Amader Haspatal: extracted
[local-ai] ID Hospital: extracted
[local-ai] Jaigaon Primary Hospital: extracted
[local-ai] সিয়ান হসপিটাল: extracted
[local-ai] nehru memorial techno global hospital: extracted
[local-ai] Susrut Eye Foundation And Research Hospital: extracted
[local-ai] JNS Nursing Home: extracted
[local-ai] Baruipur Super-Specality Hospital: extracted
[local-ai] Divine Nursing Home: extracted
[local-ai] স্বাস্থ্যকেন্দ্র: extracted
[local-ai] Urban Primary Health Centre 1: extracted
[local-ai] Disha Eye Hospital: extracted
[local-ai] Pearson Memorial Hospital: extracted
[local-ai] Monorama Hpspitex: extracted
[local-ai] Duttanagar Mental Health Centre: extracted
[checkpoint] saved 4996 records
[local-ai] Isolation ward: extracted
[local-ai] Department of Psychiatry and De-addiction: extracted
[local-ai] Emergency Ward: extracted
[local-ai] Rama Hospital: extracted
[local-ai] HEALTH CENTER: extracted
[local-ai] Charak Square Hospitech & Research: extracted
[local-ai] RS Dental & Neuro Care: extracted
[local-ai] Medical College and Hospital: extracted
[local-ai] Horizon Hospital: extracted
[local-ai] S.S. Surgicals: extracted
[local-ai] Falakata Super Speciality Hospital: extracted
[local-ai] Teresa Memorial Hospital: extracted
[local-ai] Samali Block Primary Health Center: extracted
[local-ai] Sitai Block Primary Health Health: extracted
[local-ai] New Basantapur Nursing Home: extracted
[local-ai] Sheoraphuli City Hospital PVT. LTD: extracted
[local-ai] Super Speciality Block(PMSSY-III) Bankura Sammilani Medical College & Hospital: extracted
[local-ai] Administrative and academic block - 1 B.S. Medical College & Hospital: extracted
[local-ai] কার্ডিওলজি জরুরী বিভাগ ও ই.সি.জি, ইকোকার্ডিওগ্ৰাফি পরিষেবা: extracted
[local-ai] Milki Hospital: extracted
[local-ai] Killcott tea garden Village hospital: extracted
[local-ai] JIMSH: extracted
[local-ai] Outdoor checkup: extracted
[local-ai] Green Life Hospital: extracted
[local-ai] আপনজন: extracted
[checkpoint] saved 5021 records
[local-ai] স্বস্তি নার্সিং হোম: extracted
[local-ai] DAM Hospital: extracted
[local-ai] District Early Intervention Centers (DEIC) under Rashtriya Bal Swasthya Karyakram (RBSK): extracted
[local-ai] Rainbow Speciality Hospital: extracted
[local-ai] SSKM College and Hospital: extracted
[local-ai] Howrah District Hospital: extracted
[local-ai] SVS Marwari Hospital: extracted
[local-ai] Narcotic Disease Hospital: extracted
[local-ai] Calcutta National Medical College & Hospital: extracted
[local-ai] R.G. Kar Medical College & Hospital: extracted
[local-ai] Bharat Sevashram Sangha Hospital: extracted
[local-ai] Durgapur Steel Plant Hospital: extracted
[local-ai] MR Bangur Hospital: extracted
[local-ai] Bijoygarh State General Hospital: extracted
[local-ai] KPC Medical College And Hospital: extracted
[local-ai] Sambhunath Pandit Hospital: extracted
[local-ai] Police Hospital: extracted
[local-ai] Bangur Institute Of Neurosciences: extracted
[local-ai] Military Hospital: extracted
[local-ai] BNR Hospital: extracted
[local-ai] Govt. Hospital: extracted
[local-ai] M B Homoepathy Medical College and Hospital: extracted
[local-ai] MCKV Medical Centre: extracted
[local-ai] The Calcutta Medical Research Institute: extracted
[local-ai] BM Birla Heart Research Centre: extracted
[checkpoint] saved 5046 records
[local-ai] Woodlands Multispeciality Hospital: extracted
[local-ai] Woodlands Multispeciality Hospital: extracted
[local-ai] Kothari Medical Research Centre: extracted
[local-ai] Command Hospital: extracted
[local-ai] National Institute of Biomedical Genomics (Interim Facility): extracted
[local-ai] Apollo Gleneagles Hospitals: extracted
[local-ai] Apollo Gleneagles Hospitals: extracted
[local-ai] Institute of Reproductive Medicine: extracted
[local-ai] Columbia Asia Hospital: extracted
[local-ai] KMC Urban Health Centre: extracted
[local-ai] North City Hospital: extracted
[local-ai] ESI Hospital Maniktala: extracted
[local-ai] Calcutta Heart Clinic & Hospital: extracted
[local-ai] National Institute of Homeopathy: extracted
[local-ai] Bidhannagar Municipal Hospital (Matrisadan): extracted
[local-ai] Belle Vue Clinic: extracted
[local-ai] Gamma Centauri Healthcare Private Limited: extracted
[local-ai] Kasturba Gandhi Hospital, Bardhaman: extracted
[local-ai] Vidyasagar Institute of Health: extracted
[local-ai] Rita Skin Foundation: extracted
[local-ai] Ruby General Hospital: extracted
[local-ai] Medica Superspecialty Hospital: extracted
[local-ai] Vision Care Hospital: extracted
[local-ai] VIP Apex General Hospital: extracted
[local-ai] ILS Hospitals: extracted
[checkpoint] saved 5071 records
[local-ai] Ohio Hospital: extracted
[local-ai] Cantonment General Hospital: extracted
[local-ai] Port Hospital: extracted
[local-ai] S N R Carnival Hospital: extracted
[local-ai] Eden Hospital: extracted
[local-ai] Kaliachak Hospital: extracted
[local-ai] MAMC: extracted
[local-ai] Vivekananda ENT Clinic: extracted
[local-ai] New Town Nursing Home: extracted
[local-ai] Fortis Hospitals: extracted
[local-ai] Genesis Hospital, Kolkata: extracted
[local-ai] HCG EKO Cancer Centre: extracted
[local-ai] Shree Guru Sangha Hospital Doctors Unit: extracted
[local-ai] Shree Guru Ashram Hospital Indoor Unit: extracted
[local-ai] Shree Guru Sangha Hospital Outdoor Unit: extracted
[local-ai] North City Hospital Emergency Unit: extracted
[local-ai] NIT Health Center: extracted
[local-ai] Desun Hospital And Heart Research Institute: extracted
[local-ai] Air Force Hospital Hasimara: extracted
[local-ai] Purba Medinipur Jela Sadar Hospital-ER: extracted
[local-ai] Chandannagar Hospital: extracted
[local-ai] Kandi Sub Divisional Hospital: extracted
[local-ai] Outdoor, Kandi Sub-Divisional Hospital: extracted
[local-ai] West Bank Hospital & NH Narayana Heart Research Institute: extracted
[local-ai] Digha State General Hospital: extracted
[checkpoint] saved 5096 records
[local-ai] B R Singh Hospital: extracted
[local-ai] Gouri Devi Hospital and Research Institute: extracted
[local-ai] Malda Medical College: extracted
[local-ai] PHC, Gangadharpur: extracted
[local-ai] Bp Poddar Hospital And Medical Research Ltd: extracted
[local-ai] Maharaja Agrasen Hospital: extracted
[local-ai] M J N Hospital (District Hospital): extracted
[local-ai] Tufanganj Hospital: extracted
[local-ai] Khejurberia BPHC: extracted
[local-ai] ESI OFFICE: extracted
[local-ai] Shankar Nethralaya: extracted
[local-ai] Durgapur Sub Divisional Hospital: extracted
[local-ai] Tata Medical Centre: extracted
[local-ai] Anandolok Hospital: extracted
[local-ai] Santipur State General Hospital: extracted
[local-ai] Premashraya Palliative Care Unit: extracted
[local-ai] Naxalbari Rural Hospital: extracted
[local-ai] Purulia Sadar Hospital: extracted
[local-ai] I.D & B.G. Hospital, Beliaghata: extracted
[local-ai] Dr. B. C. Roy Post Graduate Institute of Paediatric Sciences: extracted
[local-ai] Taki Rural Hospital: extracted
[local-ai] Kharagpur Sub Divisional Hospital: extracted
[local-ai] Railway Main Hospital: extracted
[local-ai] Rabindranath Tagore International Institute of Cardiac Sciences: extracted
[local-ai] Institute Of Neurosciences Kolkata: extracted
[checkpoint] saved 5121 records
[local-ai] Royd Nursing Home and Healthcare Limited: extracted
[local-ai] Calcutta Pavlov Hospital: extracted
[local-ai] Touch Nursing Home: extracted
[local-ai] Seva Hospital, Hooghly: extracted
[local-ai] KSD Jain Dental College and Hospital: extracted
[local-ai] Karunamoyee Eye Hospital: extracted
[local-ai] Susrut Eye Foundation And Research Centre: extracted
[local-ai] Biswanathpur BPHC: extracted
[local-ai] Sagar Rural Hospital: extracted
[local-ai] Mahendraganj PHC: extracted
[local-ai] IQ CITY MEDICAL COLLEGE HOSPITAL: extracted
[local-ai] Veterinary Hospital: extracted
[local-ai] Sevayan Hospital: extracted
[local-ai] Nursing Home: extracted
[local-ai] Jangipur Sub Divisional Hospital: extracted
[local-ai] Canning Sub-Divisional Hospital: extracted
[local-ai] Drbachati Sub Health Centre: extracted
[local-ai] Kaliyaganj State General Hospital: extracted
[local-ai] Berrhampore Hospital & Medical College: extracted
[local-ai] Onda Block Primary Health Centre: extracted
[local-ai] Vetenary hospital: extracted
[local-ai] Nagarukhra Primary Health Center: extracted
[local-ai] Ghosh Medical Hall: extracted
[local-ai] Alam Nursing Home: extracted
[local-ai] Dum Dum Municipal Specialized Hospital and Cancer Research Centre: extracted
[checkpoint] saved 5146 records
[local-ai] Dakshinanchal Swasthya Sadan: extracted
[local-ai] Satyajit Nursing Home: extracted
[local-ai] Dr. M.A.Jalil's Nursing Home: extracted
[local-ai] Matrimangal Sishumangal Maternity Hospital: extracted
[local-ai] Spandan Maternity and Nursing Home: extracted
[local-ai] Dr. Kandary's Nursing Home and Maternity Home: extracted
[local-ai] Rotary Jaynagar Eye Hospital: extracted
[local-ai] Shankar Nursing Home: extracted
[local-ai] Maa Nursing Home and Maternity Home: extracted
[local-ai] Kamala Nursing Home: extracted
[local-ai] Asha Nursing Home: extracted
[local-ai] Islampur Sub-Divisional Hospital: extracted
[local-ai] Islampur Super Speciality Hospital: extracted
[local-ai] Mamta Nursing Home: extracted
[local-ai] Rahmani Nursing Home: extracted
[local-ai] Reza Care Nursing Home: extracted
[local-ai] Paul Nursing Home And Clinic: extracted
[local-ai] Vidyasagar Eye Care Center: extracted
[local-ai] Eveland Clinic: extracted
[local-ai] OPD And Administrative Block, Jalpaiguri District Hospital: extracted
[local-ai] Desun Hospital Siliguri: extracted
[local-ai] Jalpaiguri Superspeciality Hospital: extracted
[local-ai] Maulik Nursing Home: extracted
[local-ai] EHC Hospital: extracted
[local-ai] Balutghat Hospital Ground: extracted
[checkpoint] saved 5171 records
[local-ai] ESI Hospital: extracted
[local-ai] Nil Ratan Sircar Medical College and Hospital: extracted
[local-ai] Prayash Atreyee Eye and dental Hospital: extracted
[local-ai] Dhupguri Rural Hospital: extracted
[local-ai] Ananda Marga Yoga Nathuropaty Center: extracted
[local-ai] AMURT Global, AMPS: extracted
[local-ai] North Bengal Medical College: extracted
[local-ai] Dr. Chhang's Super Speciality Hospital: extracted
[local-ai] North Maternity Home - Darjipara Matri Sadan — নর্থ মেটার্নিটি হোম (দর্জিপাড়া মাতৃসদন): extracted
[local-ai] Pampearl Hospital: extracted
[local-ai] Sun Hospital & Diagnostic Centre: extracted
[local-ai] Hope & Heal Cancer Hospital And Research Center: extracted
[local-ai] KINS Hospital: extracted
[local-ai] Heritage Hospital: extracted
[local-ai] New Ramkrishna Seva Sadan: extracted
[local-ai] Maya Sanyal Clinic and Nursing Home: extracted
[local-ai] Mitra's Clinic and Nursing Home: extracted
[local-ai] Roy's Clinic & Multispeciality Hospital: extracted
[local-ai] স্ত্রী ও প্রসূতি বিভাগ (গাইনী) ও বহির্বিভাগ (ও.পি.ডি): extracted
[local-ai] বর্ধমান মেডিক্যাল কলেজ ও হাসপাতাল: extracted
[local-ai] Radharani Mahatab Block: extracted
[local-ai] Marina Medical Centre: extracted
[local-ai] Hospital Area: extracted
[local-ai] 14 Bed Hospital: extracted
[local-ai] Memari Rural Hospital: extracted
[checkpoint] saved 5196 records
[local-ai] Hill Point Clinic and Nursing Home: extracted
[local-ai] Mal Super Speciality Hospital: extracted
[local-ai] Jalpaiguri Nursing Home: extracted
[local-ai] Urban Primary Health Centre: extracted
[local-ai] Khoribari Rural Haspital: extracted
[local-ai] Jeevandeep Seva Sadan: extracted
[local-ai] Regal Nursing home: extracted
[local-ai] Sonarpur Railway Hospital: extracted
[local-ai] Institute of Neurosciences OPD Building: extracted
[local-ai] Arambagh Sub Divisional Hospital: extracted
[local-ai] Khanakul Rural Hospital: extracted
[local-ai] Mangalbari Rural Hospital: extracted
[local-ai] ব্লু ভিউ নার্সিংহোম: extracted
[local-ai] Jagannath Gupta Institute of Medical Sciences & Hospital: extracted
[local-ai] Lifeguard Hospital: extracted
[local-ai] Mekhliganj Sub Divisional Hospital: extracted
[local-ai] hospital Qutar: extracted
[local-ai] Madhyamgram Rural Hospital: extracted
[local-ai] Dr.Bidhan Chandra Roy Hospital: extracted
[local-ai] Matri Sadan-O-Swasthya Kendra: extracted
[local-ai] Jalpaiguri Sadar Hospital: extracted
[ 3/36] West Bengal                            fetched=  1198 kept=  1171 total=  5217
[local-ai] New Gardinar Road Hospital: extracted
[local-ai] Barah Primary Hospital: extracted
[local-ai] Harnaut Hospital: extracted
[local-ai] Main Hospital: extracted
[local-ai] JB Singh Hospital: extracted
[local-ai] Tripolia Social Service Hospital: extracted
[local-ai] PHC Bachhawara: extracted
[local-ai] The Duncan Hospital: extracted
[local-ai] Bhuripalo Hospital: extracted
[local-ai] Guru Govind Singh Hospital: extracted
[local-ai] Prathmik Hospital Bidupur: extracted
[local-ai] Katihar Railway Hospital: extracted
[local-ai] Hospital: extracted
[local-ai] Metro Trauma Hospital: extracted
[local-ai] Isha health care: extracted
[local-ai] PHC Gangi: extracted
[local-ai] The Rural Institute Of Medical Aids: extracted
[local-ai] Dr. Sarojini Sinha Memorial Shiv-Shakti Hospital: extracted
[local-ai] Haddy Hospital and Art Center: extracted
[local-ai] Maa Pancha Devi Stone Hospital: extracted
[local-ai] Arogya Hospital: extracted
[local-ai] Harsh Anand Hospital: extracted
[local-ai] Mahatma Gandhi Hospital, Patna: extracted
[local-ai] Mahavir Arogya Sansthan: extracted
[local-ai] Magalam Hospital: extracted
[checkpoint] saved 5242 records
[local-ai] B. P. Rai Memorial Hospital: extracted
[local-ai] L.B.Aparajita Hospital: extracted
[local-ai] Kumar Nursing Home, Patna: extracted
[local-ai] Kiran Nursing Home, Patna: extracted
[local-ai] Mediversal Bone and Joint Hospital: extracted
[local-ai] Health World Hospital: extracted
[local-ai] Pulse Women Hospital: extracted
[local-ai] Swastim Hospital And Stone Clinic: extracted
[local-ai] G.S. Hospital and Endolaparoscopy Centre: extracted
[local-ai] Sri Jagannath Sewa Sadan: extracted
[local-ai] Sri Sai Lions Netralaya: extracted
[local-ai] Advance Maternity and Infertility Centre: extracted
[local-ai] Tapashwi Hospital: extracted
[local-ai] Sundari Devi Hospital: extracted
[local-ai] Advanced Ent and Head Neck Hospital: extracted
[local-ai] A.B. Eye Institute: extracted
[local-ai] Surgery Centre: extracted
[local-ai] Child Hospital: extracted
[local-ai] Jeevak Shalya Nilayam: extracted
[local-ai] D N Singh Memorial Trust: extracted
[local-ai] Jyoti Punj Hospital: extracted
[local-ai] Sahaj Surgery: extracted
[local-ai] Srijan Centre For Assisted Human Reproduction: extracted
[local-ai] Sanjeevani Hospital, Kaimur (Bhabua): extracted
[local-ai] Renu Eye Center: extracted
[checkpoint] saved 5267 records
[local-ai] Patna Bone And Spine Hospital Pvt Ltd: extracted
[local-ai] Meera Hospital, Saran: extracted
[local-ai] Life Care Hospital, Saran: extracted
[local-ai] Baidehi Aarogya Sadan: extracted
[local-ai] Sanjeevani Nursing Home and Maternity Centre: extracted
[local-ai] Ruban Emergency Hospital: extracted
[local-ai] R N Superspecility Hospital And Research Centre: extracted
[local-ai] Rajendra Memorial Research Institute of Medical Sciences: extracted
[local-ai] Rajeshwar Hospital, Patna: extracted
[local-ai] E N T Hospital and Research Centre: extracted
[local-ai] Ishwar Dayal Memorial Hospital: extracted
[local-ai] Avadh Eye Hospital- Dr Arjun Kumar Singh: extracted
[local-ai] Patliputra Divine Hospital Pvt Ltd: extracted
[local-ai] Netradham Eye Hospital: extracted
[local-ai] Prakash Hospital, Patna: extracted
[local-ai] Mahavir Vaatsalya Aspatal: extracted
[local-ai] Ford Hospital: extracted
[local-ai] Hope Child Care and Research Centre: extracted
[local-ai] Heart Hospital, Patna: extracted
[local-ai] I Care Eye Hospital and Research Centre: extracted
[local-ai] Chand Memorial Hospital: extracted
[local-ai] Sahyog Hospital, Patna: extracted
[local-ai] Jagdish Memorial Hospital: extracted
[local-ai] Life Care Maternity Home: extracted
[local-ai] Maulana Sajjad Memorial Hospital: extracted
[checkpoint] saved 5292 records
[local-ai] New Born Care Centre (P) Ltd: extracted
[local-ai] Manokamna Health Care: extracted
[local-ai] Pragya Sewa Sansthan: extracted
[local-ai] Sadar Hospital Muzaffarpur: extracted
[local-ai] Shahjahan Memorial Hospital: extracted
[local-ai] Osho Healing Space: extracted
[local-ai] Jeevan Rekha Arogya Sansthn: extracted
[local-ai] Om Eye Clinic and Phaco Centre - Patna: extracted
[local-ai] Yogendra Giri Sewa Ashram: extracted
[local-ai] Banarsidas Chandiwala Eye Hospital: extracted
[local-ai] Y F A Hospital and Research Centre: extracted
[local-ai] Rita Memorial Hospital: extracted
[local-ai] Mamta Mother and Child Hospital(P)Ltd.: extracted
[local-ai] Netra Jyoti Seva Mandiram: extracted
[local-ai] Alfa Hospital Of Bone and Spine: extracted
[local-ai] Prasad Nethralaya: extracted
[local-ai] Matihani Referal: extracted
[local-ai] Laxmi Seva Sadan: extracted
[local-ai] Nav Sharda Aspatal Pvt Ltd: extracted
[local-ai] Astha Hospital: extracted
[local-ai] Shubham Maternity Centre: extracted
[local-ai] Sri Krishna Memorial College and Hospital: extracted
[local-ai] Shrishti Nursing Home: extracted
[local-ai] Kailash Hospital, Vaishali: extracted
[local-ai] Max Care Hospital And Research Institute Pvt. Ltd.: extracted
[checkpoint] saved 5317 records
[local-ai] Shivam Memorial Hospital: extracted
[local-ai] Advanced Eye Care Centre: extracted
[local-ai] Ashutosh Memorial Hospital: extracted
[local-ai] Akhand Jyoti Eye Hospital: extracted
[local-ai] Tiwary Shyama Hospital: extracted
[local-ai] Chanakya Hospital: extracted
[local-ai] Adarsh Life Care Hospital Pvt. Ltd: extracted
[local-ai] Al Jilani Eye Care Centre: extracted
[local-ai] Dr. Vimal Hospital and Research Center: extracted
[local-ai] Swasti Womens Hospital And Research Centre: extracted
[local-ai] Shivam Hospital And Research Institute Pvt Ltd: extracted
[local-ai] R.P. Golwara Memorial Hospital: extracted
[local-ai] Child Care Center: extracted
[local-ai] Adarsh Sukh Sagar Hospital: extracted
[local-ai] Shanti Navjeevan Hospital Pvt. Ltd.: extracted
[local-ai] Haider Hospital and Reasearch Center: extracted
[local-ai] Saraswati Hospital and Research Centre: extracted
[local-ai] Central Hospital: extracted
[local-ai] K.B. Hospital and Research Institute - Patna: extracted
[local-ai] Uma Foundation: extracted
[local-ai] Shanti Maternity Centre: extracted
[local-ai] Anupama Hospital Pvt. Ltd.: extracted
[local-ai] V K Global Hospital: extracted
[local-ai] Vaishnavi Hospital, Patna: extracted
[local-ai] Patna Hospital: extracted
[checkpoint] saved 5342 records
[local-ai] R B Memorial Hospital: extracted
[local-ai] Prakash Hospital, Kaimur (Bhabua): extracted
[local-ai] Surims and Hospital: extracted
[local-ai] DR. M. Kumar Medical Dental Institute And Hospital: extracted
[local-ai] Singh Hospital Research Center: extracted
[local-ai] Anant Arogya Neketan: extracted
[local-ai] Polo Hospital, Patna: extracted
[local-ai] Sheila Urology & Laproscopy Centre: extracted
[local-ai] Navjeevan Hospital, Darbhanga: extracted
[local-ai] Jeevandeep Hospital, Saran: extracted
[local-ai] Dord Hospital: extracted
[local-ai] Shri Harijeevan Health Care: extracted
[local-ai] Health Touch Hospital: extracted
[local-ai] Sub Division Hospital, Banmankhi: extracted
[local-ai] Sub-Divisional Hospital, Jhanjharpur (Madhubani): extracted
[local-ai] Sandali Hospital Pvt. Ltd: extracted
[local-ai] Jahnavi Eye Care and Research Center: extracted
[local-ai] Khushi Hospital, Nalanda: extracted
[local-ai] S.S.Hospital and Research Centre Pvt.Ltd.: extracted
[local-ai] Referral Hospital, East Champaran: extracted
[local-ai] Shyama Surgical Sansthan: extracted
[local-ai] Shyamal Hospital: extracted
[local-ai] Jj Hospital: extracted
[local-ai] Nandipat Memorial Laproscopic and General Surgery Ce: extracted
[local-ai] Sri Ram Hospital: extracted
[checkpoint] saved 5367 records
[local-ai] Jeevan Jyoti Hospital, Nalanda: extracted
[local-ai] Sadar Hopital, Araria: extracted
[local-ai] Budha Hospital: extracted
[local-ai] Shubh Seva Sansthan and Reasearch Cenre: extracted
[local-ai] Anand Hospital And Research Centre: extracted
[local-ai] Ayush Hospital: extracted
[local-ai] Jeevak Heart Hospital and Research Institute Pvt Ltd: extracted
[local-ai] Ugratara Netra Chikitsalaya Hospital: extracted
[local-ai] Arvind Hospital: extracted
[local-ai] Druvit Hospital: extracted
[local-ai] Kabirayatan Eye Hospital and Research Institute: extracted
[local-ai] Ranjan Hospital, Kaimur (Bhabua): extracted
[local-ai] Arora Nursing Home: extracted
[local-ai] Vijai Hospital: extracted
[local-ai] Indra Gandhi Memorial Seva Sansthan: extracted
[local-ai] Saurav Hospital: extracted
[local-ai] Liza and Nans: extracted
[local-ai] Kaushalaya Eye Research Institute: extracted
[local-ai] Baba Baidynath Eye Hospital: extracted
[local-ai] Chanchal Suman Hospital: extracted
[local-ai] Ashish Chikitsha Kendra: extracted
[local-ai] Rishi Sewa Sadan: extracted
[local-ai] Shabnam Hospital: extracted
[local-ai] Ritul Health Care Centre: extracted
[local-ai] Shreshtha Surgical and Maternity Hospital: extracted
[checkpoint] saved 5392 records
[local-ai] Shree Agrasen Matri Seva Sadan: extracted
[local-ai] Sarthi Sewa Sadan: extracted
[local-ai] Sai Hospital, Vaishali: extracted
[local-ai] Pashupati Nath Memorial Research Hospital: extracted
[local-ai] Sevayan Medical And Research Centre - Munger: extracted
[local-ai] Getwell Hospital, Patna: extracted
[local-ai] Godawari Jiwachh Memorial Hospital: extracted
[local-ai] Sri Ram Hospital: extracted
[local-ai] Navjyoti Hospital Ground: extracted
[local-ai] Swasthya Kendra Khairwa: extracted
[local-ai] Jivan Suraksha Hospital: extracted
[local-ai] I B Smriti Arogya Sadan: extracted
[local-ai] Hope Hospital, Begusarai: extracted
[local-ai] Chand Suraj Hospital: extracted
[local-ai] Sub Div Hospital Manihari: extracted
[local-ai] Jyoti Research Hospital: extracted
[local-ai] G. Lall Memorial Hospital: extracted
[local-ai] M.S. Hospital: extracted
[local-ai] Raj Gopal Health Care Centre: extracted
[local-ai] New Sanjivani Hospital, Darbhanga: extracted
[local-ai] Shekhar Netralaya and E.N.T Hospital: extracted
[local-ai] Sanjeevani Sewa Sadan: extracted
[local-ai] Sri Ramjanki Arogya Niketan: extracted
[local-ai] Neelkamal Hospital: extracted
[local-ai] Jagannath Seva Sansthan(Medical Help Centre Ngo): extracted
[checkpoint] saved 5417 records
[local-ai] Janta Seva Sadan: extracted
[local-ai] Maa Janki Hospital and Research Center Pvt Ltd: extracted
[local-ai] Muzaffarpur Heart Hospital and Research Centre Pvt. Ltd.: extracted
[local-ai] Narayan Medical College And Hospital: extracted
[local-ai] Dr Amit Anand-Hospital: extracted
[local-ai] Shivam Hospital, Rohtas: extracted
[local-ai] Surya Hospital, Saharsa: extracted
[local-ai] M.I.S.H.R.A Hospital, Muzaffarpur: extracted
[local-ai] Sri Sai Hospital and Trauma Centre (Dr Rameshwar Kumar): extracted
[local-ai] Khushboo Hospital: extracted
[local-ai] Ortho Care Hospital: extracted
[local-ai] Prashant Memorial Charitable Hospital: extracted
[local-ai] Nalanda Netralaya and Maternity Home: extracted
[local-ai] Shekhar Shalya Chikitsalaya: extracted
[local-ai] Katihar Seva Sadan: extracted
[local-ai] Ram Krishna Hospital and Medical Research Center: extracted
[local-ai] Aastha Hospital, Darbhanga: extracted
[local-ai] Aditya Arogya Sansthan: extracted
[local-ai] Dr Ashwani Ent Hospital: extracted
[local-ai] M.G.M Hospital And Research Centre Pvt Ltd: extracted
[local-ai] Jyoti Hospital, Begusarai: extracted
[local-ai] Paras HMRI Hospital: extracted
[local-ai] Pathak Seva Sadan: extracted
[local-ai] Yuvraj Hospital: extracted
[local-ai] Khursheed Ahmad Memorial Hospital: extracted
[checkpoint] saved 5442 records
[local-ai] Satish Memorial Hospital And Research Center: extracted
[local-ai] Ashoka Hospital( Aunit Of Ashoka Multispeciality Hospital Pvt Limited): extracted
[local-ai] Atlantis Hospital: extracted
[local-ai] Aarogya Hospital, Patna: extracted
[local-ai] Appolo Burn Hospital: extracted
[local-ai] R.K. Ortho Ashram clinic: extracted
[local-ai] Magadh Hospital: extracted
[local-ai] Maa Dhrumavati Hospital: extracted
[local-ai] Urmila Nursing Home, Khagaria: extracted
[local-ai] Agrawal Surgical clinic and Hospital: extracted
[local-ai] Referal Hospital, Makhdumpur: extracted
[local-ai] Sparsh Haritage Hospital: extracted
[local-ai] Tridev Health Care and Research Educational Welfare and Charitable Trust: extracted
[local-ai] Life Line Hospital, Bhagalpur: extracted
[local-ai] Biprasi Hospital: extracted
[local-ai] Upchar Hospital: extracted
[local-ai] Nishi Nursing Home and Hospital: extracted
[local-ai] Matritva Chhaya Hospital: extracted
[local-ai] Shahi Hospital (A Unit Of Abhishek Memorial Trust): extracted
[local-ai] Sri Vinayak Hospital, Patna: extracted
[local-ai] Shri Sai Hospital (A Unit Of Akhilesh Kumar Singh Hospital (P)Ltd): extracted
[local-ai] Sanjeevani Hospital, Gopalganj: extracted
[local-ai] Sri Krishna Salaya Chikitsalaya: extracted
[local-ai] Keshav Hospital Pvt Ltd: extracted
[local-ai] Jindal Hospital and Endosurgery Center: extracted
[checkpoint] saved 5467 records
[local-ai] Maa Dulari Memorial Hospital: extracted
[local-ai] Rajeev Memorial Health Care Centre: extracted
[local-ai] Imdad Medicare Research Institute: extracted
[local-ai] Pradhi Yadav Hospital: extracted
[local-ai] Gautam Budha Hospital and Research Institute Private Limited: extracted
[local-ai] Al-Zahir Navjeevan Hospital and Reasearch Center: extracted
[local-ai] Anup Memorial Orthopaedic Centre: extracted
[local-ai] Siddharth Multispeciality Hospital: extracted
[local-ai] Heart Hospital, Madhubani: extracted
[local-ai] S D Hospital, Aurangabad: extracted
[local-ai] Sameer Memorial Hospital: extracted
[local-ai] Maa Savitri Multi Speciality Hospital: extracted
[local-ai] Sewa Poly Clinic and Hospital: extracted
[local-ai] Manjhoul Referal Hospital: extracted
[local-ai] Sri Ram Govind Pyare Hospital: extracted
[local-ai] Akshat Seva Sadan: extracted
[local-ai] Advanced Eye Care: extracted
[local-ai] Gayatri Sewa Sadan: extracted
[local-ai] Mithila Hospital: extracted
[local-ai] Ram Ratan Hospital: extracted
[local-ai] Mgm Medical College Hospital: extracted
[local-ai] Delhi Hospital: extracted
[local-ai] Pipra Hospital Pvt.Ltd: extracted
[local-ai] Abhinandan Hospital: extracted
[local-ai] Dr. A. Rahmans Hospital: extracted
[checkpoint] saved 5492 records
[local-ai] Mahaveer Hospital and Orthocare Centre: extracted
[local-ai] Sunaina Smriti Sewa Sansthan: extracted
[local-ai] Nidaan Hospital: extracted
[local-ai] Heritage Hospital and S N R L Trauma and Orthopedic Research Centre: extracted
[local-ai] Chandra Shambhu Narayan Eye Hospital Pvt. Ltd.: extracted
[local-ai] Chandana Surgicare: extracted
[local-ai] Anand Orthopaedic and Trauma Center: extracted
[local-ai] Shrinivas Hospital - Patna: extracted
[local-ai] Majhauliya Health Care Centre: extracted
[local-ai] SubDivisional Hospital, Benipur: extracted
[local-ai] Dr. Jagdish Prasad Memorial Hospital: extracted
[local-ai] Shivam Hospital, West Champaran: extracted
[local-ai] Satyam Hospital, Gaya: extracted
[local-ai] Anami Orthopaedics: extracted
[local-ai] Shekhar Hospital: extracted
[local-ai] Gajadhar Memorial Hospital and Research Centre: extracted
[local-ai] City Hospital: extracted
[local-ai] Bk Hospital: extracted
[local-ai] Kumar Healthcare and Research Center: extracted
[local-ai] SBS Hospital: extracted
[local-ai] Polo Hospital, Nalanda: extracted
[local-ai] Sumitra Seva Sadan: extracted
[local-ai] P.K. Hospital: extracted
[local-ai] Yugeshwar Kidney Hospital: extracted
[local-ai] Krishna Health Care: extracted
[checkpoint] saved 5517 records
[local-ai] Goverment hospital,Mashrakh: extracted
[local-ai] Government Hospital: extracted
[local-ai] Referral Hospital Asthawan: extracted
[local-ai] Sadar Hospital Kaimur: extracted
[local-ai] Government Hospital,Jokihat: extracted
[local-ai] Sadar Hospital, Madhubani: extracted
[local-ai] Sadar Hospital Biharsharif: extracted
[local-ai] Mokameh RH: extracted
[local-ai] RH Jhajha: extracted
[local-ai] SDH Naugachhia: extracted
[local-ai] Goverment hospital,Krishnagarh: extracted
[local-ai] Goverment hospital,Pusa: extracted
[local-ai] Sub Divisional Hospital Rajgir Nalanda: extracted
[local-ai] Referal Hospital Andhrathari: extracted
[local-ai] Jai Prakash Narayan Hospital: extracted
[local-ai] Lalganj: extracted
[local-ai] RH Chakia: extracted
[local-ai] SDH Rosera: extracted
[local-ai] Sakra: extracted
[local-ai] Sub Divisional Hospital Forbesganj: extracted
[local-ai] Naubatpur RH: extracted
[local-ai] SDH Masaurhi: extracted
[local-ai] Sarsi: extracted
[local-ai] Government Hospital Rupni: extracted
[local-ai] Barsoi SDH: extracted
[checkpoint] saved 5542 records
[local-ai] Sadar Hospital Lakhisarai: extracted
[local-ai] Dharhara: extracted
[local-ai] R H Amour: extracted
[local-ai] Balua Bazar: extracted
[local-ai] Rahta: extracted
[local-ai] Sub Divisional Hospital Tarapur: extracted
[local-ai] Sub-Divisional Hospital, Maharajganj: extracted
[local-ai] Sub-health centre,Pirpainti: extracted
[local-ai] Goverment hospital,Gokhulpur Math: extracted
[local-ai] Sub-Divisional Hospital, Bagaha: extracted
[local-ai] Government Primary Health Centre: extracted
[local-ai] Government Hospital: extracted
[local-ai] Government Hospital, Sundarganj: extracted
[local-ai] Government Hospital, Karpurigram: extracted
[local-ai] Government Hospital,Mansi: extracted
[local-ai] Government Hospital ,Guraru: extracted
[local-ai] Simri Bakhtiarpur: extracted
[local-ai] Sadar Hospital Nawada: extracted
[local-ai] SDH Maharajganj: extracted
[local-ai] Kursela: extracted
[local-ai] SDH Dehri: extracted
[local-ai] Sadar Hospital Begusarai: extracted
[local-ai] Sadar Hospital Motihari Purbi Champaran: extracted
[local-ai] Raghopur: extracted
[local-ai] Meharma Hospital: extracted
[checkpoint] saved 5567 records
[local-ai] District Hospital Saharsa: extracted
[local-ai] Referral Hospital,Barari: extracted
[local-ai] Government hospital,Khutauna: extracted
[local-ai] PHC,Rafiganj: extracted
[local-ai] Government Hospital: extracted
[local-ai] Government Hospital: extracted
[local-ai] Sadar Hospital, Sheikhpura: extracted
[local-ai] Sadar Hospital, Sheohar: extracted
[local-ai] Government Hospital ,Paraiya: extracted
[local-ai] Simraha: extracted
[local-ai] Government Hospital Mahthawa: extracted
[local-ai] Government Hospital Abhaypur: extracted
[local-ai] saren: extracted
[local-ai] Sadar Hospital, Sitamarhi: extracted
[local-ai] Referral Hospital,Bihta: extracted
[local-ai] Referral Hospital,Siswan: extracted
[local-ai] Government hospital,Bahadurganj: extracted
[local-ai] Goverment hospital,Biraul: extracted
[local-ai] Government hospital Kumaripur: extracted
[local-ai] Referral Hospital Done: extracted
[local-ai] Government hospital Hatwaria: extracted
[local-ai] Referral Hospital, Khajechand Chhapra: extracted
[local-ai] Government hospital Ganauli: extracted
[local-ai] SDH Tekari: extracted
[local-ai] Government hospital Gerua Pursanda: extracted
[checkpoint] saved 5592 records
[local-ai] Government Hospital: extracted
[local-ai] JNKT Referral Hospital: extracted
[local-ai] Referral Hospital, Barbigha: extracted
[local-ai] RH Triveniganj: extracted
[local-ai] RH Jokihat: extracted
[local-ai] Sadar District Hospital,Khagaria: extracted
[local-ai] Referral Hospital Gogri: extracted
[local-ai] Referral Hospital Jalley: extracted
[local-ai] SADAR HOSPITAL ARWAL: extracted
[local-ai] RH Dhaka: extracted
[local-ai] Sadar Hospital jamui: extracted
[local-ai] Sadar Hospital, Gopalganj: extracted
[local-ai] Referral Hospital Jogbani: extracted
[local-ai] Government hospital Dharfari: extracted
[local-ai] Government hospital Makwa: extracted
[local-ai] LNJP Sadar Hospital Bhagalpur: extracted
[local-ai] Sadar Hospital, Supaul: extracted
[local-ai] Government hospital: extracted
[local-ai] Referral Hospital Nasriganj: extracted
[local-ai] Government Hospital,Nanpur: extracted
[local-ai] Sub Divisional Hospital,Phulparas: extracted
[local-ai] Sub Div Hospital Hathua: extracted
[local-ai] Referral Hospital,Ragunathpur: extracted
[local-ai] Government Hospital Kuchaikote: extracted
[local-ai] Government Hospital: extracted
[checkpoint] saved 5617 records
[local-ai] Hussainganj Government Hospital: extracted
[local-ai] Government Hospital Kamtaul: extracted
[local-ai] Government Hospital Arma: extracted
[local-ai] Goverment hospital,Khagual: extracted
[local-ai] Referral Hospital,Ramgarh: extracted
[local-ai] Sub Divisional Hospital, Daudnagar: extracted
[local-ai] SDH Danapur: extracted
[local-ai] Govt.Hospital: extracted
[local-ai] Government Hospital, Ghamhariya: extracted
[local-ai] Government Hospital: extracted
[local-ai] Bandhuganj Hospital: extracted
[local-ai] Govt.Hospital Chiksil: extracted
[local-ai] Ramnagar Government Hospital: extracted
[local-ai] Govt Hospital: extracted
[local-ai] RH Chandi: extracted
[local-ai] Government Hospital,Sathi: extracted
[local-ai] Government Hosspital,Sikarganj: extracted
[local-ai] Government Hospital, Darihat: extracted
[local-ai] Government Hospital, Jarang: extracted
[local-ai] Sadar Hospital Buxar: extracted
[local-ai] Goverment hospital,Gajipur: extracted
[local-ai] Goverment Hospital,Jamalpur: extracted
[local-ai] Goverment hospital,Alinagar: extracted
[local-ai] Government Hospital, Khizarsarai: extracted
[local-ai] Government Hospital, Jaintpur: extracted
[checkpoint] saved 5642 records
[local-ai] Goverment Hospital,Terhagachh: extracted
[local-ai] Goverment hospital,Kasba: extracted
[local-ai] Goverment hospital,Barail: extracted
[local-ai] Goverment hospital,Nayagaon: extracted
[local-ai] Referral Hospital,Manigachi: extracted
[local-ai] Sub-Divisional Hospital, Patori: extracted
[local-ai] Sub Divisional Hospital, Hilsa Nalanda: extracted
[local-ai] Govt. Hospital Tisiauta: extracted
[local-ai] GOVERNMENT HOSPITAL BITHAN: extracted
[local-ai] Government Hospital,Barashankar: extracted
[local-ai] Government Hospital,simari: extracted
[local-ai] Kishanganj Sadar Hospital: extracted
[local-ai] SDH Dhamdaha: extracted
[local-ai] Goverment hospital,Sonbarsa: extracted
[local-ai] Sadar Hospital,Arrah: extracted
[local-ai] Referal hospital,Sandesh: extracted
[local-ai] Goverment hospital,Dhanpura: extracted
[local-ai] Goverment hospital,Keoti: extracted
[local-ai] Sadar Hospital Samastipur: extracted
[local-ai] Udayan Hospital: extracted
[local-ai] Sanjeevani Hospital: extracted
[local-ai] City Hospital: extracted
[local-ai] Samastipur Shishu Hospital: extracted
[local-ai] Bharti Hospital: extracted
[local-ai] Janta Hospital: extracted
[checkpoint] saved 5667 records
[local-ai] H R Health Care Hospital: extracted
[local-ai] Jeevan Deep Hospital: extracted
[local-ai] Krishna Hospital: extracted
[local-ai] Pushplata Devi Children Hospital: extracted
[local-ai] Krishna Hospital: extracted
[local-ai] Life Care Hospital: extracted
[local-ai] Madhubani Pride Hospital: extracted
[local-ai] Raj Hospital: extracted
[local-ai] Ram Shila Health Care Hospital: extracted
[local-ai] Park Hospital: extracted
[local-ai] Nestiva Jay Arogyam Hospital: extracted
[local-ai] Aashirwaad Hospital: extracted
[local-ai] N.S. Emergency Hospital: extracted
[local-ai] Bone Hospital: extracted
[local-ai] Child Hospital: extracted
[local-ai] Baby & Child Hospital: extracted
[local-ai] Shiv Shakti Hospital: extracted
[local-ai] Patna Heart Hospital: extracted
[local-ai] Ram Iqbal Hospital: extracted
[local-ai] Jagdamba Hospital: extracted
[local-ai] Ayush Hospital: extracted
[local-ai] Deen Dayal Hospital: extracted
[local-ai] Sahyog Hospital: extracted
[local-ai] Nayan Jyoti Eye Hospital: extracted
[local-ai] Shekhar Bone Hospital: extracted
[checkpoint] saved 5692 records
[local-ai] Pandarak General Hospital: extracted
[local-ai] Hope Hospital & Research Centre: extracted
[local-ai] M.G. Hospital: extracted
[local-ai] Faith Children's Hospital: extracted
[local-ai] Satya Child Hospital: extracted
[local-ai] Bharat Hospital: extracted
[local-ai] Urmila Heart Hospital: extracted
[local-ai] Dr.Deepti, Sangeeta Thakur Memorial Hospital: extracted
[local-ai] Dr. A.B Singh Eye Hospital: extracted
[local-ai] Bhawani Hospital & Research Institute: extracted
[local-ai] Paras Hospital: extracted
[local-ai] Motihari Eye Hospital: extracted
[local-ai] A.M. Hospital: extracted
[local-ai] Max Hospital: extracted
[local-ai] Tirhut Eye Hospital: extracted
[local-ai] Minakshi Multi Speciality Hospital: extracted
[local-ai] Government Hospital, Diari: extracted
[local-ai] Government Hospital, Pakri: extracted
[local-ai] Government Hospital, Gokhula Pur: extracted
[local-ai] Referal Hospital ,Bounsi: extracted
[local-ai] Government Hospital, Katihar: extracted
[local-ai] Government Hospital, Shankarpur: extracted
[local-ai] Government Hospital, Palasi: extracted
[local-ai] Government Hospital, Turkauliya: extracted
[local-ai] Government Hospital, Sohdi: extracted
[checkpoint] saved 5717 records
[local-ai] Government Hospital, Patharabari: extracted
[local-ai] Government Hospital, Naugarh: extracted
[local-ai] Government Hospital, Pawai: extracted
[local-ai] Government Hospital, Kajhpa: extracted
[local-ai] Government Hospital, Mali: extracted
[local-ai] Government Hospital, Burma: extracted
[local-ai] Government Hospital Aurangabad: extracted
[local-ai] Government Hospital, Bhopatpur: extracted
[local-ai] Government Hospital, Jaihind Tendua: extracted
[local-ai] Government Hospital, Koilwan: extracted
[local-ai] Government Hospital, Sansa: extracted
[local-ai] Government Hospital, Kutumba: extracted
[local-ai] Government Hospital, Matpa: extracted
[local-ai] Government Hospital, Panrekarman: extracted
[local-ai] Government Hospital, Imamganj: extracted
[local-ai] Government Hospital, Salempur Arazi: extracted
[local-ai] Government Hospital, Katoria: extracted
[local-ai] Government Hospital, Belbihma: extracted
[local-ai] Government Hospital, Dumrama: extracted
[local-ai] Government Hospital, Chapra: extracted
[local-ai] Government Hospital, Jagatpur: extracted
[local-ai] Government Hospital, Ratanganj: extracted
[local-ai] Government Hospital, Bharko: extracted
[local-ai] Eastern Railway Main Hospital , Jamalpur: extracted
[local-ai] Government Hospital, Rani,Godhna: extracted
[checkpoint] saved 5742 records
[local-ai] Government Hospital, Kapasiya: extracted
[local-ai] Government Hospital, Hasanpur Bagar: extracted
[local-ai] Railway Hospital , Barauni: extracted
[local-ai] Sub Divisional Railway Hospital, Garhara: extracted
[local-ai] Government Hospital, Rahatpur: extracted
[local-ai] Government Hospital, Katermala: extracted
[local-ai] Government Hospital, Dharampur: extracted
[local-ai] Government Hospital, Mokhtiyarpur: extracted
[local-ai] Referral Hospital, Nathnagar: extracted
[local-ai] Government Hospital, Tarar: extracted
[local-ai] Government Hospital, Sharma sadan: extracted
[local-ai] Sub-Divisional Hospital, Kahalgaon: extracted
[local-ai] Government Hospital, Jagdishpur: extracted
[local-ai] Referral Hospital, Sultanganj: extracted
[local-ai] Government Hospital, Barahat Ishipur: extracted
[local-ai] Government Hospital, kamlakund, Ismailpur: extracted
[local-ai] N.T.P.C Hospital: extracted
[local-ai] Government Hospital, Saidpur Dabra: extracted
[local-ai] Referral Hospital, Pirpainti: extracted
[local-ai] Government Hospital, Bhawanipur: extracted
[local-ai] Government Hospital, Habibpur: extracted
[local-ai] Government Hospital, Sahu Parbatta: extracted
[local-ai] Government Hospital, Radhanagar: extracted
[local-ai] Government Hospital, Daharpur: extracted
[local-ai] Government Hospital, Amarpur: extracted
[checkpoint] saved 5767 records
[local-ai] Government Hospital, Pothia: extracted
[local-ai] Jawaharlal Nehru Medical College Hospital, Bhagalpur: extracted
[local-ai] Shahabad Hospital , Bahiro: extracted
[local-ai] Government Hospital, Morath: extracted
[local-ai] Government Hospital, Ranisagar: extracted
[local-ai] Government Hospital, Barkagaon: extracted
[local-ai] Sub Divisional Hospital ,Jagdishpur: extracted
[local-ai] Government Hospital, Shahpur: extracted
[local-ai] Government Hospital, Narhi: extracted
[local-ai] Government Hospital, Bakhora Pur: extracted
[local-ai] Government Hospital, Indaur: extracted
[local-ai] Government Hospital, Buxar: extracted
[local-ai] Government Hospital, KoranSarai: extracted
[local-ai] Government Hospital, Majhwari: extracted
[local-ai] Government Hospital, Naya Bhojpur: extracted
[local-ai] Government Hospital, Keshopur: extracted
[local-ai] Government Hospital, Lohandi: extracted
[local-ai] Government Hospital, Lagma: extracted
[local-ai] Referal Hospital, Jale: extracted
[local-ai] Government Hospital, Nehara: extracted
[local-ai] Government Hospital, Kamtaul: extracted
[local-ai] Government Hospital, Sundarpur: extracted
[local-ai] Government Hospital, Yogiara: extracted
[local-ai] Government Hospital, Dethua: extracted
[local-ai] Government Hospital, Jhajha: extracted
[checkpoint] saved 5792 records
[local-ai] Government Hospital, Shivram: extracted
[local-ai] Government Hospital, Kurson Nadiyami: extracted
[local-ai] Government Hospital, Basant: extracted
[local-ai] Government Hospital, Sonki: extracted
[local-ai] Government Hospital, Sherghati: extracted
[local-ai] Government Hospital, Jethian: extracted
[local-ai] Government Hospital, Bohiya: extracted
[local-ai] Government Hospital, Sisai: extracted
[local-ai] Referal Hospital ,Kateya: extracted
[local-ai] Referral Hospital ,Phulwaria: extracted
[local-ai] Government Hospital, Mohammadpur: extracted
[local-ai] Government Hospital, Awadh Nagar Bishnupur: extracted
[local-ai] Government Hospital, Sripur: extracted
[local-ai] Government Hospital, Thakurganj: extracted
[local-ai] Government Hospital, Musehari bazar: extracted
[local-ai] Government Hospital, Bakharaur: extracted
[local-ai] Government Hospital, Gousiya: extracted
[local-ai] Government Hospital ,Nechua Jalalpur: extracted
[local-ai] Government Hospital, Tola Khas Chakai: extracted
[local-ai] Government Hospital, Tajpur: extracted
[local-ai] Government Hospital, Khaira: extracted
[local-ai] Government Hospital, Dadpur: extracted
[local-ai] Government Hospital, Laxmipur: extracted
[local-ai] Government Hospital, Hulasganj: extracted
[local-ai] Government Hospital, Sumer: extracted
[checkpoint] saved 5817 records
[local-ai] Government Hospital, Kinari: extracted
[local-ai] Sub Divisional Hospital, Mohania: extracted
[local-ai] Government Hospital, Kalyanipur: extracted
[local-ai] Government Hospital, Chand: extracted
[local-ai] Government Hospital, Dumduma: extracted
[local-ai] Government Hospital, Salmari: extracted
[local-ai] Government Hospital, Naya Gaon: extracted
[local-ai] Government Hospital, Nirpur: extracted
[local-ai] Government Hospital, Bahadurpur: extracted
[local-ai] Government Hospital, Bibiganj: extracted
[local-ai] Government Hospital, Kachhiyana: extracted
[local-ai] Government Hospital, Barhiya: extracted
[local-ai] Government Hospital, Rasulpur: extracted
[local-ai] Railway Hospital ,Kiul: extracted
[local-ai] Government Hospital, Khawa: extracted
[local-ai] Government Hospital, Rampur: extracted
[local-ai] Government Hospital, Basauni: extracted
[local-ai] Government Hospital, Ballopur: extracted
[local-ai] Government Hospital, Ghailarh: extracted
[local-ai] Government Hospital, Baira: extracted
[local-ai] Government Hospital, Maharail: extracted
[local-ai] Government Hospital, Andhratharhi: extracted
[local-ai] Government Hospital, Rakhbari: extracted
[local-ai] Government Hospital, Halimpur: extracted
[local-ai] Sanjeevani Hospital: extracted
[checkpoint] saved 5842 records
[local-ai] Government Hospital, Hasanpur Juned: extracted
[local-ai] Government Hospital, Telmar: extracted
[local-ai] Government Hospital, Akabarpur: extracted
[local-ai] Dr K. K. Mishra: extracted
[local-ai] Shiv Dental Clinic: extracted
[local-ai] Kalyani Nursing Home: extracted
[local-ai] Dr. P. L. Sah Memorial Hospital: extracted
[local-ai] Government Hospital, Sonsa: extracted
[local-ai] Government Hospital, Warisaliganj: extracted
[local-ai] Government Hospital, Rajauli: extracted
[local-ai] Government Hospital, Naromurar: extracted
[local-ai] Sub-Divisional Hospital, Narkatiyaganj: extracted
[local-ai] Administration Building, AIIMS Patna: extracted
[local-ai] AYUSH building, AIIMS Patna: extracted
[local-ai] AIIMS Patna OPD: extracted
[local-ai] In patient Department, AIIMS Patna: extracted
[local-ai] Trauma and Emergency, AIIMS Patna: extracted
[local-ai] Shekhar eye care and laser centre: extracted
[local-ai] Modern Child Care Hospital, Krishna's Complex: extracted
[local-ai] Ishika Diagnostic | Authorized Dr. Lal Pathlabs Collection Center: extracted
[local-ai] susta samudaik swasth ikai kendra: extracted
[local-ai] Parashar Hospital: extracted
[local-ai] Dr. Prabha Agarwal: extracted
[local-ai] Dr. Darbari singh Hospital: extracted
[local-ai] Government Hospital Makrain: extracted
[checkpoint] saved 5867 records
[local-ai] Dr. Rajeev Kumar Singh Hospital: extracted
[local-ai] Government Hospitals: extracted
[local-ai] Netra Jyoti Eye Hospital Bodhgaya: extracted
[local-ai] reshma hospital: extracted
[local-ai] mediplus hospital: extracted
[local-ai] mediglobe multispecialty hospital: extracted
[local-ai] mediglobe multispecialty hospital: extracted
[local-ai] amrit avi hospital: extracted
[local-ai] Patna Nutrition and wellness club: extracted
[local-ai] Mohit Medical Hall: extracted
[local-ai] Bhawanani Clinic: extracted
[local-ai] Sharda Medical Hall: extracted
[local-ai] Choudhary Medicals: extracted
[local-ai] SR HOSPITAL: extracted
[local-ai] Dr. Gopal Prasad: extracted
[local-ai] Patna popular hosp[ital: extracted
[local-ai] DR. BINAY KARAK NEUROLOGISTS CLINIC: extracted
[local-ai] DR. PRABHAT MEMORIAL HIRAMATI HOSPITAL: extracted
[local-ai] PINNACLE HOSPITAL: extracted
[local-ai] Global hospital: extracted
[local-ai] multicare homeopathy store and clinic: extracted
[local-ai] shambhu hospital: extracted
[local-ai] pathlogy: extracted
[local-ai] SR HOSPITAL: extracted
[local-ai] Shail Shishu Hospital: extracted
[checkpoint] saved 5892 records
[local-ai] Shyam Shishu Sadan: extracted
[local-ai] Sadar Aspatal: extracted
[local-ai] ANM training ccentre: extracted
[local-ai] Dr N.dayal clinic: extracted
[local-ai] Government veternary hospital: extracted
[local-ai] Bihar Burn Hospital: extracted
[local-ai] Bhootnath Diagnostics: extracted
[local-ai] Atharv hospital: extracted
[local-ai] Osho Dhara Hospital: extracted
[local-ai] Nalanda Seva Sadan Hospital: extracted
[local-ai] CIMS Hospital: extracted
[local-ai] Divisional railway hospital: extracted
[local-ai] Apna Emergency Hospital: extracted
[local-ai] Pushpanjali Multispecialty Hospital: extracted
[local-ai] Patliputra Hospitals & Research Centre: extracted
[local-ai] Priyadarshani Nishant Hospital: extracted
[local-ai] Hari Hospital: extracted
[local-ai] Shree Ganesha Hospital: extracted
[local-ai] The City Hospital: extracted
[local-ai] Sindhu Advanced Child Care Center: extracted
[local-ai] government hospital: extracted
[local-ai] common hospital: extracted
[local-ai] sadar hospital: extracted
[local-ai] Holy Family Hospital: extracted
[local-ai] Banka Eye Hospital: extracted
[checkpoint] saved 5917 records
[local-ai] sankalp emergency hospital: extracted
[local-ai] karuna hospital: extracted
[local-ai] MNC TRAUMA AND ORTHO CARE CENTRE: extracted
[local-ai] dr. ravi ranjaan eye care centre: extracted
[local-ai] Homeopathy Man: extracted
[local-ai] Narayana Hospital: extracted
[local-ai] Ishwar Hospital: extracted
[local-ai] Pancrea Hospital: extracted
[local-ai] Sharda Hospital Mother & Child Care Pvt. Ltd.: extracted
[local-ai] Himalaya Hospital: extracted
[local-ai] Prime Hospital: extracted
[local-ai] shankar medical: extracted
[local-ai] Hopital: extracted
[local-ai] vijay nuirsing home: extracted
[local-ai] kali mandir medical: extracted
[local-ai] sunil medical: extracted
[local-ai] State Hospital: extracted
[local-ai] mamta kunj: extracted
[local-ai] mini pet care: extracted
[local-ai] Multipurpose center: extracted
[local-ai] orthocare and speciality: extracted
[local-ai] BSAP: extracted
[local-ai] sasmay hospital: extracted
[local-ai] prathma blood care centre: extracted
[local-ai] DR TAUHID ALAM: extracted
[checkpoint] saved 5942 records
[local-ai] High Tech: extracted
[local-ai] USMA Bone & Joint Hospital: extracted
[local-ai] USMA Bone & Joint Hospital: extracted
[local-ai] Dr M S Haider, USMA Bone & Joint Hospital: extracted
[local-ai] Divya Shakti eye centre: extracted
[local-ai] Jk medicals: extracted
[local-ai] Lokpriye Hospital: extracted
[local-ai] Meditech Hospital & Sports Injury Centre: extracted
[local-ai] Lord Buddha Koshi Medical College and Hospital: extracted
[local-ai] Narayana Cancer Centre: extracted
[local-ai] Buddha Cancer Centre, Patna: extracted
[local-ai] Samarpan Hospital And Research Centre, Munger: extracted
[local-ai] RUDRA DENTAL CLINIC: extracted
[local-ai] Anugrah Narayan Magadh Medical College and Hospital: extracted
[local-ai] Government medical college & hospital: extracted
[local-ai] Rrailway hospital: extracted
[local-ai] DR Seema saroj: extracted
[local-ai] railway mandal hospital: extracted
[local-ai] Railway hospital,indoor: extracted
[local-ai] Railway Hospital: extracted
[local-ai] Goverment hospital,Hajipur: extracted
[local-ai] Sadar Hospital: extracted
[local-ai] Mahavir canser sansathan: extracted
[local-ai] Nursing College: extracted
[local-ai] Nalanda Medical College & Hospital: extracted
[checkpoint] saved 5967 records
[local-ai] Government Hospital Ballia: extracted
[local-ai] Sadar Hospital: extracted
[local-ai] Madhipura Christian Hospital Society: extracted
[local-ai] Help Clinic: extracted
[local-ai] Mansurchak government Hospital: extracted
[local-ai] All India Institute of Medical Sciences: extracted
[local-ai] Patna Medical College and Hospital: extracted
[local-ai] Indira Gandhi Institute of Medical Sciences: extracted
[local-ai] Primary Health Centre Gangi: extracted
[local-ai] Dr Alok Tiwari Clinic: extracted
[local-ai] Government Hospital, Barhiya: extracted
[local-ai] Rajendra Nagar Hospital: extracted
[local-ai] Government Hospital, Gopalganj: extracted
[local-ai] naveen medical shop: extracted
[local-ai] dr. shankar physician: extracted
[local-ai] tirupati janch ghar: extracted
[local-ai] shiv nursing centre: extracted
[local-ai] dr piyush: extracted
[local-ai] dr nirmal singh: extracted
[local-ai] neeraj medical hall: extracted
[local-ai] IOC Barauni Hospital: extracted
[local-ai] IPD A BLOCK: extracted
[local-ai] IPD B BLOCK: extracted
[local-ai] Saroj Hospital: extracted
[local-ai] Hope hospital: extracted
[checkpoint] saved 5992 records
[local-ai] referal hospital: extracted
[local-ai] vashu hospital: extracted
[local-ai] Chhatwan Healthcare Centre: extracted
[local-ai] Dr Arati Sinha's clinic: extracted
[local-ai] Primary Health Centre Mehsi: extracted
[ 4/36] Bihar                                  fetched=   797 kept=   780 total=  5997
[local-ai] SREC Health Center: extracted
[local-ai] Kalaignar Karunanidhi Nagar: extracted
[local-ai] Kasimedu: extracted
[local-ai] Amrit Hospital: extracted
[local-ai] Vikram Hospital: extracted
[local-ai] City Tower Hospitals: extracted
[local-ai] Government Hospital: extracted
[local-ai] Apollo Hospitals, Tondiarpet: extracted
[local-ai] K.H.M. Hospital: extracted
[local-ai] Sundaram Medical Foundation: extracted
[local-ai] Sri Devi Speciality Hospial: extracted
[local-ai] Corporation Hospital: extracted
[local-ai] Hindu Mission Health Services, Kanchipuram: extracted
[local-ai] Parvathy Nursing Home: extracted
[local-ai] Military Hospital: extracted
[local-ai] Tamil Nadu Government Dental College & Hospital, Chennai: extracted
[local-ai] Kilpauk Medical College: extracted
[local-ai] Hariharan Hospital: extracted
[local-ai] BM Hospital: extracted
[local-ai] K.F. Hospital: extracted
[local-ai] Cancer Institute: extracted
[local-ai] Sri Ramachandra Medical Centre and Hospital: extracted
[local-ai] Govt Maternity Hospital: extracted
[local-ai] Institute of Child Health: extracted
[local-ai] Institute of Obstetrics and Gynaecology dd: extracted
[checkpoint] saved 6022 records
[local-ai] Ellen Multispeciality Hospital: extracted
[local-ai] GP Hospital: extracted
[local-ai] Saravana Dental Care Hospital: extracted
[local-ai] Senthil Hospital: extracted
[local-ai] Dr. S. G. Rajarathinam Hospital: extracted
[local-ai] K. G. Hospital, Coimbatore: extracted
[local-ai] Sengaliappan Nursing Home: extracted
[local-ai] DAE Hospital: extracted
[local-ai] MIOT International: extracted
[local-ai] St. Thomas Hospital: extracted
[local-ai] Govt Primary Health Centre: extracted
[local-ai] Venkataeswara Hospitals: extracted
[local-ai] Government Hospital: extracted
[local-ai] Sarswathi Hospital: extracted
[local-ai] Apollo Clinic & Pharmacy: extracted
[local-ai] Vijaya Heart Centre: extracted
[local-ai] PAMC Hospital (Pandian Advanced Medical Centre): extracted
[local-ai] Aravind Eye Hospitals: extracted
[local-ai] Government Vetinary Hospital: extracted
[local-ai] Government Hospital: extracted
[local-ai] B.M.Orthopaedic Hospital: extracted
[local-ai] skandan nursing home: extracted
[local-ai] Vasan Eye Care Hospital, Vadapalani: extracted
[local-ai] JJ Hospital: extracted
[local-ai] Ramanathan Hospital: extracted
[checkpoint] saved 6047 records
[local-ai] S.B. Hospital Urology, Nephrology & Fertility Research Centre: extracted
[local-ai] AVM Medical Centre: extracted
[local-ai] KRA Hospital: extracted
[local-ai] Neomed Hospital: extracted
[local-ai] KMCH Hospital: extracted
[local-ai] Bala Hospital: extracted
[local-ai] Kongunad Hospital, Coimbatore: extracted
[local-ai] Sheela Clinic: extracted
[local-ai] Appasamy Hospital: extracted
[local-ai] Appasamy Hospital: extracted
[local-ai] Appolo Clinic: extracted
[local-ai] Sankara Eye Hospital, Kanchipuram: extracted
[local-ai] Srm Speciality Hospital: extracted
[local-ai] SRM Dental Hospital: extracted
[local-ai] Surya Hospital, Coimbatore: extracted
[local-ai] Fair Pharma: extracted
[local-ai] Vasan eye Care Hospital: extracted
[local-ai] Aakash Fertility Centre & Hospital: extracted
[local-ai] Rajan Eye Care Hospital: extracted
[local-ai] Avadi Hospital: extracted
[local-ai] Dr. Nathaji Nursing Home: extracted
[local-ai] sree dhanalakshmi family clinic: extracted
[local-ai] Lotus Hospital: extracted
[local-ai] PSG Hospitals: extracted
[local-ai] K T V R Group Hospital: extracted
[checkpoint] saved 6072 records
[local-ai] Bhadra Homeo: extracted
[local-ai] Coimbatore Bone and Joint Foundation (P) Ltd.: extracted
[local-ai] Deiva Hospital: extracted
[local-ai] Womens Medical Centre, Coimbatore: extracted
[local-ai] Masonic Medical Centre For Children: extracted
[local-ai] Somu medicals: extracted
[local-ai] Akila Medicals: extracted
[local-ai] Dr.U.S.Prakash's Clinic: extracted
[local-ai] KG Eye Hospital: extracted
[local-ai] Shree Siva Hospital, Ganapathy,: extracted
[local-ai] Mettupalayam GH: extracted
[local-ai] Balasubramaniam Vengudi Hospital: extracted
[local-ai] Hindustan Hospital: extracted
[local-ai] K.R. Hospital: extracted
[local-ai] Kalpaviruksha Ayurvedic Hospital: extracted
[local-ai] Sai Shraddha Hospitality: extracted
[local-ai] Vega ENT Hospitals: extracted
[local-ai] Sitalakshmi Hospital: extracted
[local-ai] Manonmani Hospital: extracted
[local-ai] Preetam's Cardio Care: extracted
[local-ai] Rasi Hospital: extracted
[local-ai] Amma Hospital: extracted
[local-ai] Immanuel Eye Hospital: extracted
[local-ai] City Hospital: extracted
[local-ai] Bethel Hospital: extracted
[checkpoint] saved 6097 records
[local-ai] Arasu Medicals: extracted
[local-ai] The Eye Foundaton: extracted
[local-ai] Right Hospitals: extracted
[local-ai] Moses Eye Hospital: extracted
[local-ai] Thayarammal poly clinic: extracted
[local-ai] Vasan Eye Care Hospital: extracted
[local-ai] Coimbatore Kidney Centre: extracted
[local-ai] Clinic - Dr.Rajashree: extracted
[local-ai] K. J. Hospital: extracted
[local-ai] Rajans Hospital (P) Ltd.: extracted
[local-ai] Vasan Eye Care Hospital: extracted
[local-ai] Ashwini Eye Care: extracted
[local-ai] Government Hospital: extracted
[local-ai] A D J Hospital: extracted
[local-ai] Jerry Hospital: extracted
[local-ai] Auroville Health Center: extracted
[local-ai] Assured Best Care Hospital (P) Ltd., ( Abc Hospital): extracted
[local-ai] MHC Mental Health Centre: extracted
[local-ai] CHAD (CMC) Hospital: extracted
[local-ai] Government Hospital, Kilakarai: extracted
[local-ai] St. Lukes Hospital: extracted
[local-ai] Sri Kumaran Hospital, Tiruppur: extracted
[local-ai] Prime Care Nursing Home: extracted
[local-ai] Government Hospital: extracted
[local-ai] ESI Hospital: extracted
[checkpoint] saved 6122 records
[local-ai] St.Louis Hospital: extracted
[local-ai] Government Hospital: extracted
[local-ai] ACS Medical College And Hospital: extracted
[local-ai] Shri Sathya Sai Medical College & Research Institute: extracted
[local-ai] Ashwin Hospital: extracted
[local-ai] Apollo Free Emergency Clinic: extracted
[local-ai] Agarwal Hospital: extracted
[local-ai] Senthil Nursing Home: extracted
[local-ai] I K Hospital: extracted
[local-ai] Senthil Nursing Home: extracted
[local-ai] Govt hospital: extracted
[local-ai] B.P. Jain Hospital (Sri Sankara Health Centre): extracted
[local-ai] Ortho clinic: extracted
[local-ai] Goverment Hospital Kedar: extracted
[local-ai] Malar Hospital: extracted
[local-ai] JK Hospital: extracted
[local-ai] Maruthi Medical Centre(Mmch Hospital): extracted
[local-ai] Kovai Medical Centre And Hospital, Perundurai: extracted
[local-ai] Senthil Multispeciality Hospital: extracted
[local-ai] Goverment Hospital: extracted
[local-ai] R.P Hospital: extracted
[local-ai] SP Hospital: extracted
[local-ai] Fourtts India Laboratories: extracted
[local-ai] Chettinadu Hospital & Research Institute: extracted
[local-ai] Rotary Central Margaret Sidney Hospital: extracted
[checkpoint] saved 6147 records
[local-ai] Sri Chakra Hospital: extracted
[local-ai] Frontline Hospital and Research Institute: extracted
[local-ai] Sinduja Hospital: extracted
[local-ai] Rajan Hospital: extracted
[local-ai] Maruti Hospital: extracted
[local-ai] Dr. Janardhanan Multispeciality Dental Clinic: extracted
[local-ai] Rajan hospital: extracted
[local-ai] Govt hospital (siddha only): extracted
[local-ai] Dr Venugopals' Sundaram Clini: extracted
[local-ai] Dr Kabir's Clinic: extracted
[local-ai] Dr Sridhars'Clinic: extracted
[local-ai] The Eye Foundation: extracted
[local-ai] Suradeep Hospital: extracted
[local-ai] Kuzhanthai Sanjeevi Hospital: extracted
[local-ai] Dr. Gopalapillai Jawahar Hospital: extracted
[local-ai] Kottar Government Hospital: extracted
[local-ai] Life Care Hospital: extracted
[local-ai] SP Scan Centre: extracted
[local-ai] Muthunayagam Hospital: extracted
[local-ai] Dr. Jayaharan Memorial Hospital: extracted
[local-ai] Blind Society Eye Hospital: extracted
[local-ai] Preethi Hospital: extracted
[local-ai] Meenakshi Mission Hospital: extracted
[local-ai] Dr. Agarwal's Eye Hospital: extracted
[local-ai] AnnaMalai Hospital: extracted
[checkpoint] saved 6172 records
[local-ai] NMS Hospital: extracted
[local-ai] Sri Vaiyapuri Hospital: extracted
[local-ai] Government Hospital, Villupuram: extracted
[local-ai] Hari Hospital: extracted
[local-ai] Goverment medical college & hospital, Villupuram: extracted
[local-ai] Government Hospital, Aruppukottai: extracted
[local-ai] Virudhunagar Government Hospital ICU Unit: extracted
[local-ai] Senthikumara Nadar Government Hospital: extracted
[local-ai] Thiruvengdam Hospital: extracted
[local-ai] Kamarajar Hospital: extracted
[local-ai] Government hospital: extracted
[local-ai] Aravindan Hospital: extracted
[local-ai] Vepery Hospital: extracted
[local-ai] Suriya Hospital: extracted
[local-ai] Aravinda Institute of Paramedical Sciences: extracted
[local-ai] Koti Orthopaedic And Trauma Care Speciality Hospital: extracted
[local-ai] Vasan Eye care: extracted
[local-ai] Al-Aman Hospital: extracted
[local-ai] Koothanallur Government Hospital: extracted
[local-ai] GM Clinic: extracted
[local-ai] GK X-Rays, ECG, & Computer Lab: extracted
[local-ai] Government Veterinary Hospital: extracted
[local-ai] Jaws Dental Foundation: extracted
[local-ai] Chennai Skin Foundation: extracted
[local-ai] AVR Pillai Hospital: extracted
[checkpoint] saved 6197 records
[local-ai] Earl Hospital: extracted
[local-ai] Joe Hospital: extracted
[local-ai] Joseph Daisy Hospital: extracted
[local-ai] Venkata rathnam Hospital: extracted
[local-ai] Government Hospital: extracted
[local-ai] P.R.G Hospital: extracted
[local-ai] Sukrthi Nursing Home: extracted
[local-ai] Gunam Super Speciality Hospital: extracted
[local-ai] Little Flower Hospital: extracted
[local-ai] A.N.N Hospital: extracted
[local-ai] Appolo Speciality Hospital Vanagram: extracted
[local-ai] paranji Govt Hospital: extracted
[local-ai] Karpaga Vinayaga Institute Of Medical Sciences: extracted
[local-ai] Government Hospital: extracted
[local-ai] Kauvery Hospital: extracted
[local-ai] Dr Mohan's Diabetes Hospital: extracted
[local-ai] Arya Vaidya Pharmacy: extracted
[local-ai] Velachery SABA Hospital: extracted
[local-ai] Ulagamathi Hospital: extracted
[local-ai] BHEL Hospital: extracted
[local-ai] Thirunavukarasu Hospital: extracted
[local-ai] Sri Malar Hospital: extracted
[local-ai] Maharaja Speciality Hospital: extracted
[local-ai] R.K. Hospital, Namakkal: extracted
[local-ai] Chellam Hospitals: extracted
[checkpoint] saved 6222 records
[local-ai] Deepthi Hospital: extracted
[local-ai] Sabari Childrens Hospital: extracted
[local-ai] Manoharan Hospital: extracted
[local-ai] Nirmala Hospital: extracted
[local-ai] Saravana Hospital: extracted
[local-ai] Vairam Hospital,Namakkal: extracted
[local-ai] Aravinth Hospital: extracted
[local-ai] Aruthra Hospital: extracted
[local-ai] Ilamurugan Hospital: extracted
[local-ai] Annai Eye Hospital: extracted
[local-ai] Bharathi Hospital: extracted
[local-ai] Maruthi Hospital, Namakkal: extracted
[local-ai] Nila Hospital: extracted
[local-ai] Balaji Hospital: extracted
[local-ai] Our Lady Of Health Hospital: extracted
[local-ai] Chellam Hospital: extracted
[local-ai] Kaya Skin clinic: extracted
[local-ai] Kotagiri Medical Fellowship Hospital: extracted
[local-ai] Madras Medical Mission Hospital - Institute of Cardio Vascular Diseases: extracted
[local-ai] Gudalur Adivasi Hospital: extracted
[local-ai] Raja Maternity Hospital: extracted
[local-ai] Sree Balaji Hospital: extracted
[local-ai] Alvin Hospital: extracted
[local-ai] Apollo Speciality Hospitals: extracted
[local-ai] Gitanjali Hospital: extracted
[checkpoint] saved 6247 records
[local-ai] Aalva Hospital: extracted
[local-ai] Primary Health Center: extracted
[local-ai] J.S. hospital: extracted
[local-ai] Vasan Eye Care Hospital, Kuniamuthoor: extracted
[local-ai] Maragatham Hospital: extracted
[local-ai] Indumission Hospital: extracted
[local-ai] Ananada Hospital: extracted
[local-ai] Pavithra Hospital: extracted
[local-ai] Aswini Hospital: extracted
[local-ai] Eyyanur Hospital: extracted
[local-ai] JKCN Complex (Sankara Nethralaya): extracted
[local-ai] Devi Hospital: extracted
[local-ai] Ortho One: extracted
[local-ai] Government Urban Primary Health Center: extracted
[local-ai] Karpagam Faculty Of Medical Sciences And Research: extracted
[local-ai] SN Hospital: extracted
[local-ai] Sholayar Garden Hospital: extracted
[local-ai] Aravind Eye Hospital: extracted
[local-ai] Vijaya hospital: extracted
[local-ai] S K S Hospital India Pvt Ltd: extracted
[local-ai] St.Marys Hospital, Salem: extracted
[local-ai] Kamala Hospital: extracted
[local-ai] Vasan Eye Care Hospital, Salem: extracted
[local-ai] Kiruba Hospital, Salem: extracted
[local-ai] S Palaniandi Mudaliar Memorial Hospital: extracted
[checkpoint] saved 6272 records
[local-ai] Gopi Memorial Hospital: extracted
[local-ai] Aravind Eye Hospital (City Centre): extracted
[local-ai] Srinivasan Rajalakshmi Memorial Hospital: extracted
[local-ai] Lotus Eye Care Hospital, Coimbatore: extracted
[local-ai] ECHS: extracted
[local-ai] ECHS Polyclinic: extracted
[local-ai] BKR Heart Center: extracted
[local-ai] TMSSS hospital: extracted
[local-ai] Manipal Hospital: extracted
[local-ai] M.M. Hospital: extracted
[local-ai] Baalaje Hospital: extracted
[local-ai] Sri Lakshmi Hospital, Coimbatore: extracted
[local-ai] Dr.Raj kumar: extracted
[local-ai] central Government railway Hospital: extracted
[local-ai] Vijaya Hospitals: extracted
[local-ai] Chennai Medical Centre Hospital: extracted
[local-ai] SRM Institutes For Medical Science: extracted
[local-ai] Guru Hospital: extracted
[local-ai] Shri Hari Hospital, Coimbatore: extracted
[local-ai] Venkataramana Vaidyasalai: extracted
[local-ai] Rps Hospital: extracted
[local-ai] மருத்துவமனை நிலம்: extracted
[local-ai] Krishna Hospital: extracted
[local-ai] Southern Hospital: extracted
[local-ai] Uma Clinic: extracted
[checkpoint] saved 6297 records
[local-ai] Universal Hospital: extracted
[local-ai] Joseph Eye Hospital (Institute Of Ophthalmology): extracted
[local-ai] Krishna Hospital: extracted
[local-ai] Vivekanandha: extracted
[local-ai] Bethesda Hospital: extracted
[local-ai] Kiruba Hospital, Koilmedu,Coimbatore: extracted
[local-ai] kasthuriba hospital: extracted
[local-ai] G R Hospital: extracted
[local-ai] Acchutha Eye Care: extracted
[local-ai] TNAU Hospital: extracted
[local-ai] Surendra hospital: extracted
[local-ai] government child health center: extracted
[local-ai] Christdas hospital: extracted
[local-ai] Arakkonam Government General Hospital: extracted
[local-ai] Velu Hospital, Arakkonam: extracted
[local-ai] Kumaran Hospital, Arakkonam: extracted
[local-ai] HEALTH: extracted
[local-ai] Vasan Eye Care Hospital, Kanniyakumari: extracted
[local-ai] Srinivasa Hospitals: extracted
[local-ai] Ashwin clinic: extracted
[local-ai] Santhosh Hospital: extracted
[local-ai] Vinayaka mission Kirubananadah variyar medical college hospital: extracted
[local-ai] GURU EYE HOSPITAL: extracted
[local-ai] Vimal jothi: extracted
[local-ai] Franklin Hospital: extracted
[checkpoint] saved 6322 records
[local-ai] ganeshmani hospital: extracted
[local-ai] Subbu Hospital: extracted
[local-ai] Golden Hospital, Madurai: extracted
[local-ai] Lakshya fertility hospital: extracted
[local-ai] Sivakasi Goverment Hospital: extracted
[local-ai] Lakshmi Hospital: extracted
[local-ai] Meenakshi Hospital: extracted
[local-ai] Government Hospital: extracted
[local-ai] Madhan Hospital: extracted
[local-ai] Tiruchy Medical Center & Hospitals: extracted
[local-ai] Sree Kumaran: extracted
[local-ai] Mahatma eye hospital: extracted
[local-ai] Balaji Clinic (eye): extracted
[local-ai] Sugam homeopathic hospital: extracted
[local-ai] Dr. KK eye care center: extracted
[local-ai] Be Well Hospital: extracted
[local-ai] Chellam Super Speciality Center: extracted
[local-ai] New Life Hospital: extracted
[local-ai] Goverment Hospital: extracted
[local-ai] meenakchi chandra sekar: extracted
[local-ai] Neocare Maternity and Kids Hospital: extracted
[local-ai] Accident and Emergency: extracted
[local-ai] Sri Ramachandra Hospital: extracted
[local-ai] New Life Hospital: extracted
[local-ai] A.R.R.Hospital: extracted
[checkpoint] saved 6347 records
[local-ai] K R Surgical Clinic: extracted
[local-ai] Abiraami Hospital, 24-ALC Campus: extracted
[local-ai] Abiraami Hospital: extracted
[local-ai] Grace Hospital: extracted
[local-ai] Abirami Nursing Home: extracted
[local-ai] The Zusaanli Acupuncture and Ayurveda Hospital: extracted
[local-ai] Surya Hospital: extracted
[local-ai] Sujatha Hospital: extracted
[local-ai] Saravana Hospital: extracted
[local-ai] Gov Sub Urban Health Center: extracted
[local-ai] St.Gabriel Hospital: extracted
[local-ai] TSR Hospital: extracted
[local-ai] narayana hospital: extracted
[local-ai] Deepan Nursing Home: extracted
[local-ai] government hospital mortuary: extracted
[local-ai] harijian hospital: extracted
[local-ai] kauvery Hospital: extracted
[local-ai] rajaram hospital: extracted
[local-ai] hariprasath hospital: extracted
[local-ai] suganthi skin specialist: extracted
[local-ai] thamothiran: extracted
[local-ai] hindhumachine: extracted
[local-ai] arul selvan: extracted
[local-ai] arumugan eye care: extracted
[local-ai] ashvini hospital: extracted
[checkpoint] saved 6372 records
[local-ai] sumathi hospital: extracted
[local-ai] Vinayaga hospital seeragapadi: extracted
[local-ai] Kumarasamy Hospital: extracted
[local-ai] Thangam Hospital, Erode: extracted
[local-ai] Government Health Center: extracted
[local-ai] Annai Therasa Hospital: extracted
[local-ai] Government Veterinary Hospital: extracted
[local-ai] Sindhu hospital: extracted
[local-ai] Bedhesda hospital: extracted
[local-ai] J.M Hoapital: extracted
[local-ai] Government primary health center: extracted
[local-ai] Government hospital: extracted
[local-ai] Narbavi hospital: extracted
[local-ai] Kottakal arya vaidhya sala aurvedic hospital: extracted
[local-ai] Government urban primary health center: extracted
[local-ai] Medi care hispital: extracted
[local-ai] Kottakkal Arya Vaidhyasala: extracted
[local-ai] Marhura hospital: extracted
[local-ai] The Cresent Hospital: extracted
[local-ai] Atlas Hospital: extracted
[local-ai] Be Well Hospital: extracted
[local-ai] Telugupalayam Hospital: extracted
[local-ai] Neuro One Hospital: extracted
[local-ai] Biocosmo Healthcare: extracted
[local-ai] VSR Hospital: extracted
[checkpoint] saved 6397 records
[local-ai] New Life Family Hospitals: extracted
[local-ai] அரசு மருத்துவமனை நகலாபுரம்: extracted
[local-ai] Vijaya Group of Hospital: extracted
[local-ai] ஹிபா சிறப்பு மருத்துவமனை: extracted
[local-ai] ARK Hospital: extracted
[local-ai] Annamalai Hospital: extracted
[local-ai] Ezhil Hospital: extracted
[local-ai] Leo Ortho care Hospital: extracted
[local-ai] Vishnu Multispeciality Hospital: extracted
[local-ai] Annai maruthuvamanai: extracted
[local-ai] Eye Trust Hospital: extracted
[local-ai] Qure Ortho Clinic, Physiotherapy, X Ray & Pharmacy: extracted
[local-ai] Point B: extracted
[local-ai] Vadamalaiyan hospital: extracted
[local-ai] Shri Ramana Poly Clinic: extracted
[local-ai] Kamaraj Government Hospital: extracted
[local-ai] Holy Cross Hospital: extracted
[local-ai] government sub health center: extracted
[local-ai] Dr.Agarwal's Eye Hospital Ltd, Tambaram: extracted
[local-ai] Government Hospital: extracted
[local-ai] Shriram Hospital: extracted
[local-ai] Government Hospital, Velur: extracted
[local-ai] Nivas Skin Clinic: extracted
[local-ai] Devadoss KHMS Hospital: extracted
[local-ai] ESI Hospital: extracted
[checkpoint] saved 6422 records
[local-ai] Vasan Eye Care-Dharmapuri: extracted
[local-ai] Krishna Eye Hospital: extracted
[local-ai] Supa Hospital: extracted
[local-ai] K.S. Hospital: extracted
[local-ai] Senthil ortho: extracted
[local-ai] Government Hospital Palacode: extracted
[local-ai] Govt Hospital: extracted
[local-ai] TPN Hospital: extracted
[local-ai] TCR Multi Speciality Hospital: extracted
[local-ai] KGM Hospital: extracted
[local-ai] Thangam Hospital: extracted
[local-ai] Balaji children's hospital: extracted
[local-ai] Arun Ortho Hospital: extracted
[local-ai] Vsm Hospital Atho And Maternity Centre: extracted
[local-ai] R.K.Hospital: extracted
[local-ai] Appolo: extracted
[local-ai] bhagirathi hospital: extracted
[local-ai] Government Hospital, Udumalpet: extracted
[local-ai] Shetty Hospital: extracted
[local-ai] Saravana Hospital, Udumalai: extracted
[local-ai] Government Hospital, Dharapuram: extracted
[local-ai] Hospital mulanur: extracted
[local-ai] Abhi Hospital: extracted
[local-ai] ARC Hospital: extracted
[local-ai] Child Jesus Hospital: extracted
[checkpoint] saved 6447 records
[local-ai] AP medical center: extracted
[local-ai] cumbum government general hospital: extracted
[local-ai] KMC Hospital: extracted
[local-ai] Government Hospital Blood Bank, Rasipuram: extracted
[local-ai] Apollo Cancer Centres: extracted
[local-ai] KG Hospital Blood Bank: extracted
[local-ai] PSG Hospital Blood Bank: extracted
[local-ai] A A Hospital: extracted
[local-ai] UPHC Ramalinga Nagar, UKT Malai: extracted
[local-ai] Raju Hospitals: extracted
[local-ai] Raksha Hospital: extracted
[local-ai] Rakshith Hospitals: extracted
[local-ai] Holy Cross Hospital, Erode: extracted
[local-ai] K. B. Hospital: extracted
[local-ai] Dr. A. L. Annamalais Ent Care Centre: extracted
[local-ai] Bensam Hospital: extracted
[local-ai] Ar-Rahaman Hospital: extracted
[local-ai] Sri Kalyan Hospital: extracted
[local-ai] Manjarai Hospital: extracted
[local-ai] Sri Gokulam Hospital Pvt Ltd: extracted
[local-ai] Jj Hospitals: extracted
[local-ai] A G Chrompet Health And Maternity Centre: extracted
[local-ai] Bethel Hospital Pvt. Ltd. - Coimbatore: extracted
[local-ai] Park Hospital, Coimbatore: extracted
[local-ai] Sen Hospital: extracted
[checkpoint] saved 6472 records
[local-ai] Thangam Hospital, Kanniyakumari: extracted
[local-ai] K. R. Hospital: extracted
[local-ai] Srinivasa Hospital, Sirumugai: extracted
[local-ai] Bharani Paventhan Multi Speciality Hospital: extracted
[local-ai] Billroth Hospitals: extracted
[local-ai] Sri Chakra Hospital: extracted
[local-ai] S M R Hospital: extracted
[local-ai] Arokya Hospital: extracted
[local-ai] Mano Hospital: extracted
[local-ai] Cauvery Trust Hospital: extracted
[local-ai] Kedar Hospital: extracted
[local-ai] Amaravathi Hospital: extracted
[local-ai] Sea Horse Hospitals Ltd.: extracted
[local-ai] Srinivas Eye Hospital: extracted
[local-ai] Soundarapandian Bone and Joint Hospital Research Institute Pvt. Ltd.: extracted
[local-ai] Dr. U. Mohan Rau Memorial Hospital - Chennai: extracted
[local-ai] Latha Eye Hospital: extracted
[local-ai] Suresh Hospital, Pudukkottai: extracted
[local-ai] City Hospital: extracted
[local-ai] Vijayakumar Hospital: extracted
[local-ai] Vijaya Hospital, Virudhunagar: extracted
[local-ai] Vijaya Hospital: extracted
[local-ai] Vijaya Hospital, Salem: extracted
[local-ai] Vijaya Hospital, Ootacamund: extracted
[local-ai] Vijaya Hospital, Madurai: extracted
[checkpoint] saved 6497 records
[local-ai] Chellam Hospital: extracted
[local-ai] Chennai Cancer Care: extracted
[local-ai] Chennai Eye Care Hospital: extracted
[local-ai] Chennai Heart Centre: extracted
[local-ai] Chennai Hospital: extracted
[local-ai] Chennai Kaliappa Hospital: extracted
[local-ai] Mouthi Hospital Vadavalli, Coimbatore: extracted
[local-ai] Mots Hospital: extracted
[local-ai] Moses Mathias Hospital: extracted
[local-ai] Mohan's Medicity Hospital: extracted
[local-ai] Mohanraj ChildrenS Hospital: extracted
[local-ai] Vasanthi Orthopaedic Hospital: extracted
[local-ai] Mmm Hospitals: extracted
[local-ai] Mithra Hospital: extracted
[local-ai] Meenakshi Sugam Hospital: extracted
[local-ai] Vikaram ENT Hospital, Coimbatore: extracted
[local-ai] R.K.Hospital, Tiruvannamalai: extracted
[local-ai] R.K. Hospital, Salem: extracted
[local-ai] R.K. Gynaec And Maternity Hospital: extracted
[local-ai] R.G. Stone Urological Research Institute: extracted
[local-ai] R. K. Eye Centre: extracted
[local-ai] R. A. Hospital: extracted
[local-ai] R J Hospital, Tiruchirappalli: extracted
[local-ai] R V Hospital, Coimbatore: extracted
[local-ai] R A Medical Center and Hospital: extracted
[checkpoint] saved 6522 records
[local-ai] Quality Care Hospital: extracted
[local-ai] Pushpagiri Mission Hospital: extracted
[local-ai] Pushpam Hospital, Dharmapuri: extracted
[local-ai] Pushpa Hospital, The Nilgiris: extracted
[local-ai] Psymed Hospiyal: extracted
[local-ai] Prn Critical Care Centre And Hospitals: extracted
[local-ai] Priya Orthopaedic Center: extracted
[local-ai] Sri Padmanaba Hospital: extracted
[local-ai] Sri Ragavendhra Neuro Care Pvt. Ltd.: extracted
[local-ai] Vanaja Hospital: extracted
[local-ai] Vasanthram Hospital (P) Ltd.,: extracted
[local-ai] Vasavi Hospital: extracted
[local-ai] Manju Hospital: extracted
[local-ai] Arasan Eye Hospital: extracted
[local-ai] Arathana Hospital: extracted
[local-ai] Leonard Hospital, Madurai: extracted
[local-ai] K V Hospital (Iswarya Fertility Center): extracted
[local-ai] Deepa Hospital: extracted
[local-ai] Vikram Hospital, Erode: extracted
[local-ai] Meenakshi Medl College Hospital: extracted
[local-ai] Meenakshi Hospital: extracted
[local-ai] Sri D.K.K. Hospital: extracted
[local-ai] PP Hospital: extracted
[local-ai] Saayi Prema, Tiruppur: extracted
[local-ai] Sabari Eye Hospital: extracted
[checkpoint] saved 6547 records
[local-ai] Siva Hospital, Perambalur: extracted
[local-ai] Kp hospital: extracted
[local-ai] Kovilpatti Venkateswara Hospitals (Run By Dhamayanthi Hospitals (P) Ltd): extracted
[local-ai] Valli Vilas Hospital: extracted
[local-ai] Valli Hospital: extracted
[local-ai] Vallalar Hospitals (Pvt) Ltd: extracted
[local-ai] Vadapalani Multispeciality Hospital: extracted
[local-ai] Vadamalayan Hospitals, Chokkikulam: extracted
[local-ai] Dr Agarwal's Eye Hospital: extracted
[local-ai] Sri Raghavendra Eye Hospital: extracted
[local-ai] Sri Ram Hospital, Tirunelveli: extracted
[local-ai] Sri Ram Orthopaedic Hospital: extracted
[local-ai] Sri Ram Hospital -Sugasthala: extracted
[local-ai] Sri Ramachandra Hospital: extracted
[local-ai] Sri Ramakrishna Hospital: extracted
[local-ai] Sri Ramana Hospital: extracted
[local-ai] Sri Ramanamaharishi Eye Hospital: extracted
[local-ai] Sri Sakthi Hospitals And Medical Research Centre: extracted
[local-ai] Sri Sanjeevi Hospital: extracted
[local-ai] Sri Saravana Hospital: extracted
[local-ai] Sri Sakthi Hospital, Ganapathi, Coimbatore: extracted
[local-ai] Sri Shanmuga Hospital: extracted
[local-ai] Sri Sri Paramahansa Yogananda Hospital: extracted
[local-ai] Sri Sugam Hospital: extracted
[local-ai] Sri Narayani Hospital and Research Centre: extracted
[checkpoint] saved 6572 records
[local-ai] Sri Nidhi Hospital, Namakkal: extracted
[local-ai] Sri Murali Hospital, Tuticorin: extracted
[local-ai] Sri Maruthi Medical Center and Hospital: extracted
[local-ai] M N Eye Hospital Private Limited, Tondiarpet: extracted
[local-ai] Team Speciality Hospital: extracted
[local-ai] Doctor Rexs Hospitals: extracted
[local-ai] S.G. Hospital: extracted
[local-ai] Balaji Hospital, Anna Nagar: extracted
[local-ai] Jagadha Hospital: extracted
[local-ai] Sree Vasantham Hospital: extracted
[local-ai] Helios Hospital Pvt Ltd: extracted
[local-ai] Vasan Eye Care Hospital, Theni: extracted
[local-ai] B G Hospital: extracted
[local-ai] K N Children Hospital: extracted
[local-ai] Lysander Hospital: extracted
[local-ai] Padma Hospital: extracted
[local-ai] Vinodh Hospital: extracted
[local-ai] Deepam Muthu Hospital: extracted
[local-ai] LK Hospitals: extracted
[local-ai] Amirtham Hospital: extracted
[local-ai] George Mission Hospital: extracted
[local-ai] Devibala Maternity: extracted
[local-ai] Vekateshwara Hospitals: extracted
[local-ai] St.Marys Hospital: extracted
[local-ai] A.S.A Hospital: extracted
[checkpoint] saved 6597 records
[local-ai] S K M Siddha and Ayurvedha Hospital: extracted
[local-ai] S K Nursing Home Pvt Ltd: extracted
[local-ai] Aishwaryam Nature Cure Hospital and Yoga Centre: extracted
[local-ai] K G Hospital, Karur: extracted
[local-ai] Shiva Hospital, Tirunelveli: extracted
[local-ai] Malligai Hospital: extracted
[local-ai] Veeku Hospital: extracted
[local-ai] D.R.R. Eye Hospital: extracted
[local-ai] Deepam Hospital: extracted
[local-ai] TPN Hospital: extracted
[local-ai] Gvn Hospital: extracted
[local-ai] Visaalam Hospitals: extracted
[local-ai] Huma Specialists Hospital and Research Centre Pvt Ltd: extracted
[local-ai] A.V. M. Hospital: extracted
[local-ai] Pius Hospital: extracted
[local-ai] National Hospital, Erode: extracted
[local-ai] Divya Hospital: extracted
[local-ai] Adi Bhagavatpada Cardiac and Dialysis Hospital: extracted
[local-ai] Vasan Eye Care Hospital, Tirunelveli: extracted
[local-ai] Anandh Hospital: extracted
[local-ai] Vasan Eye Care Hospital, Srirangam: extracted
[local-ai] Vasan Eye Care Hospital, Karur: extracted
[local-ai] Sree Mohan Hospital: extracted
[local-ai] Vasan Eye Care Hospital, Thanjavur: extracted
[local-ai] Vasan Eye Care Hospital, Thirunagar,Madurai: extracted
[checkpoint] saved 6622 records
[local-ai] Noor`S Hospital: extracted
[local-ai] Vasan Eye Care,Annamalai Nagar: extracted
[local-ai] Vasan Eye Care Hospital, Pudukkottai: extracted
[local-ai] Vasan Eye Care Hospital, Pollachi: extracted
[local-ai] Vasan Eye Care Hospital, Perambur: extracted
[local-ai] Vasan Eye Care Hospital, Ramanathapuram: extracted
[local-ai] Pranav Clinic: extracted
[local-ai] Garnett Memorial Eye Hospital: extracted
[local-ai] Devadoss Multispeciality Hospital: extracted
[local-ai] Sri Sai Krs Hospital: extracted
[local-ai] Grace Medical Centre: extracted
[local-ai] Grace Hospital and Nursing Home: extracted
[local-ai] Grace And Compassion Hospital: extracted
[local-ai] Gowtham Hospital: extracted
[local-ai] Gowri Nursing Home, Kanchipuram: extracted
[local-ai] Gomathi Hospital: extracted
[local-ai] Christudas Orthopaedic Speciality Hospital: extracted
[local-ai] Satish Eye Hospital: extracted
[local-ai] Kamala Mother and Child Hospital: extracted
[local-ai] St Lukes Hospital, Coimbatore: extracted
[local-ai] Bharathi Hospital, Rajapalayam: extracted
[local-ai] A.K. Hospital, Chennai: extracted
[local-ai] Gajanan Hospitals Pvt Ltd: extracted
[local-ai] Ammayi Eye Hospital: extracted
[local-ai] K.M. Speciality Hospital: extracted
[checkpoint] saved 6647 records
[local-ai] G.D Hospital: extracted
[local-ai] G.K Hospital: extracted
[local-ai] Subha Hospital: extracted
[local-ai] Golden Hospital, Ariyalur: extracted
[local-ai] Gnanadurai Hospital: extracted
[local-ai] Global Medical Center & Hospital: extracted
[local-ai] I Care Eye Care Eye Institute: extracted
[local-ai] St. Luke Hospital, Kanniyakumari: extracted
[local-ai] Radhatri Nethralaya: extracted
[local-ai] E.S. Hospital: extracted
[local-ai] Sayee Hospitals: extracted
[local-ai] P.G.Hospital: extracted
[local-ai] Giri Hospital: extracted
[local-ai] S M Hospital, Chennai: extracted
[local-ai] Santhi Hospital & Santhi Jananam Fertility Centre Hosur: extracted
[local-ai] Cu Shah Sankara Netralaya: extracted
[local-ai] Dr Agarwal's Eye Hospital, Vannarpet: extracted
[local-ai] Kumaravel Hospital: extracted
[local-ai] Aashiana Hospital: extracted
[local-ai] Vivekananda Eye Hospital: extracted
[local-ai] Cethar Healthcare Services Private Limited.: extracted
[local-ai] Sri Guru Hospital Pvt Ltd: extracted
[local-ai] Ananthagiri Hospital: extracted
[local-ai] Ayesha Hospital, Kilpauk: extracted
[local-ai] Frontline Eye Hospital: extracted
[checkpoint] saved 6672 records
[local-ai] Friends Eye Hospital: extracted
[local-ai] Fousiya Hospital: extracted
[local-ai] Dr Issac Bone Speciality Hospital: extracted
[local-ai] Dr. G. Viswanathan Speciality Hospitals: extracted
[local-ai] Hande Hospital: extracted
[local-ai] Hameed Hospital: extracted
[local-ai] Habiba Speciality Hospital: extracted
[local-ai] H. S. Hospital: extracted
[local-ai] Gv Ortho Centre: extracted
[local-ai] Dr Gurusekaran Hospital Pvt Ltd: extracted
[local-ai] Guna Sundari Bose Hospital: extracted
[local-ai] Gugan Hospital: extracted
[local-ai] Grace Multipeciality Hospital: extracted
[local-ai] Kauvery Hospital: extracted
[local-ai] G.V.N. Insitute Of Medical Sciences Dr. Pankajm Si: extracted
[local-ai] G.V Hospital: extracted
[local-ai] G. R. Hospital & Fertility Centre: extracted
[local-ai] G.K.M. Surgical Hospital: extracted
[local-ai] G V Jayam Hospital: extracted
[local-ai] G K M Hospital Pvt Ltd: extracted
[local-ai] Abdul Khadir Hospital: extracted
[local-ai] Star Hospitals: extracted
[local-ai] Starlight Hospitals Pvt Ltd: extracted
[local-ai] Kaliappa Renal Center: extracted
[local-ai] K P Childrens Hospital And Neuro Centre: extracted
[checkpoint] saved 6697 records
[local-ai] Hariharan Hospital: extracted
[local-ai] Harshitha Hospital, Virudhunagar: extracted
[local-ai] Kalyani Gajendran Hospital, Thirupathur: extracted
[local-ai] Kalyani Kidney Care Centre: extracted
[local-ai] Mangalam Hospital, Tiruvallur: extracted
[local-ai] Arul Siddha Clinic: extracted
[local-ai] Ayur Kshetra ( A Unit Of Institute Of Ayurvedic Research Pvt Ltd): extracted
[local-ai] Kanagamani Hospital: extracted
[local-ai] Malar Hospital, Muthur: extracted
[local-ai] Krishna Eye And Ent Hospitals: extracted
[local-ai] Vishnu Eye Clinic and Laser Foundation: extracted
[local-ai] Dr Agnes' Joseph Hospital: extracted
[local-ai] Amudha Poly Clinic & Hospital: extracted
[local-ai] Ramamurthy Hospital: extracted
[local-ai] Amba Hospital: extracted
[local-ai] Kanaga Hospital: extracted
[local-ai] Amar Speciality Hospital: extracted
[local-ai] Santhigiri Ayurveda and Siddha Hospital, Chennai: extracted
[local-ai] Alamelu Balaji Hospital (P) Ltd. - Tirupur: extracted
[local-ai] Alagananda Hospital: extracted
[local-ai] Akshayaa Hospitals: extracted
[local-ai] Vijaya Heart Foundation - Vijaya Hospital: extracted
[local-ai] Santhosham Hospital: extracted
[local-ai] Santhya Hospitals: extracted
[local-ai] Vijaya Hospital: extracted
[checkpoint] saved 6722 records
[local-ai] Santosh Hospital Pvt Ltd: extracted
[local-ai] Dr. Agarwal's Eye Hospital Ltd. - Erode: extracted
[local-ai] Dr. Agarwal's Eye Hospital: extracted
[local-ai] Dr. Agarwals Eye Hospital , Dharmapuri: extracted
[local-ai] Dr.Agarwal's Eye Hospital Ltd., Anna Nagar: extracted
[local-ai] Athipathi Hospital and Research Centre: extracted
[local-ai] Aswin Hospitals: extracted
[local-ai] Sanjay Surgical Hospital: extracted
[local-ai] Dr. Agarwals Eye Hospital Ltd., Krishnagiri: extracted
[local-ai] Giri Thangam Hospital,Colachal: extracted
[local-ai] Dr. Anto Ent Head and Neck Hospital: extracted
[local-ai] Girishwari Hospital Pvt Ltd: extracted
[local-ai] Gitanjali Medical Center - Tiruchirapalli: extracted
[local-ai] Gl Hospital: extracted
[local-ai] Vedanayagam Hospital (P) Limited: extracted
[local-ai] SKS Hospital, Perambalur: extracted
[local-ai] Sri Kumaran Multi Speciality Hospital: extracted
[local-ai] Sri Kumaran Hospital: extracted
[local-ai] Dr. J. Mathias Hospital: extracted
[local-ai] Ezhilarasu Children and Specialities Hospital: extracted
[local-ai] Dr. Arvind Vision Care: extracted
[local-ai] Dr.K.M. Nallaswamy Hospital: extracted
[local-ai] Dr. K Ravi Eye Care: extracted
[local-ai] SKS Hospital, Chennai: extracted
[local-ai] Vidya Hospital, Salem: extracted
[checkpoint] saved 6747 records
[local-ai] Dr. K.K. Surgical and Paediatric Centre Pvt Ltd: extracted
[local-ai] SKG Hospital, Madurai: extracted
[local-ai] Siva Meds Multispeciality Hospital: extracted
[local-ai] VGM Hospital: extracted
[local-ai] Vidhya Hospital, Theni: extracted
[local-ai] Venkateswara Hospital, Madurai: extracted
[local-ai] Venkateshwara Hospital: extracted
[local-ai] Madras Ent Research Foundation: extracted
[local-ai] Krishna Hospital, Nagapattinam: extracted
[local-ai] St. Joseph's Speciality Hospital: extracted
[local-ai] Dr. Muthu's Ortho Centre-Coimbatore: extracted
[local-ai] Dr. Murugesan Hospital: extracted
[local-ai] Dr. Mohans Mv Diabetes Specialities Centre - Chennai: extracted
[local-ai] Dr. Ramadoss Hospital: extracted
[local-ai] Dr. Nambiyappan Hospitals: extracted
[local-ai] Chettinad Super Speciality Hospital: extracted
[local-ai] Dr.Bhats Eye Hospital: extracted
[local-ai] Jayasankara Hindu Mission Hospital: extracted
[local-ai] Surya Multispeciality Hospitals Ind Pvt Ltd: extracted
[local-ai] Sri Jothi Hospitals: extracted
[local-ai] Sree Abishek Hospitals: extracted
[local-ai] Arul Mission Hospital: extracted
[local-ai] Surya Hospital, Namakkal: extracted
[local-ai] Nithya Hospital: extracted
[local-ai] Sree Andal Hospital: extracted
[checkpoint] saved 6772 records
[local-ai] Nithish Ge And Multi Speciality Hospital: extracted
[local-ai] Nishant Hospital, Erode: extracted
[local-ai] Lifeline Rigid Hospital: extracted
[local-ai] A.J. Hospital, Tirunelveli: extracted
[local-ai] Dr. Srinivasan Hospital: extracted
[local-ai] Dr. Soodamani Hospital: extracted
[local-ai] Dr. Seshiah Diabetes Research Institute and Dr. Balaji Diabetes Care Centre: extracted
[local-ai] Dr. Ramaswamy Hospital: extracted
[local-ai] Dr.Kamakshi Memorial Hospital: extracted
[local-ai] Dr.Duraiswami Eye Hospital: extracted
[local-ai] Dr. Chidhambaram Memorial Hospital: extracted
[local-ai] Dr.A. Ansari Hospital: extracted
[local-ai] Dr.Agarwals Eye Hospital: extracted
[local-ai] Dr.Agarwal's Eye Hospital Ltd, Nanganallur: extracted
[local-ai] Dr.Agarwal Eye Hospital, Neyveli: extracted
[local-ai] Dr. Udhaya Rajas Dental Centre: extracted
[local-ai] Priya Hospital, Dindigul: extracted
[local-ai] Kohila Hospital: extracted
[local-ai] National Institute Of Siddha Department Of Ayush: extracted
[local-ai] AG Eye Hospital, Puthur: extracted
[local-ai] Dhanvantari Eye Care: extracted
[local-ai] Sri Bala Nursing Home: extracted
[local-ai] Universal Hospital: extracted
[local-ai] Anand Hospital, Chennai: extracted
[local-ai] Lakshmi Hospital: extracted
[checkpoint] saved 6797 records
[local-ai] Sabeena Hospital: extracted
[local-ai] Janet Hospital: extracted
[local-ai] நந்தினி மருத்துவமனை: extracted
[local-ai] The Arya Vaidya Chikitsalayam and Research Institue: extracted
[local-ai] B.M. Silver Jubilee Multi Speciality Hospital: extracted
[local-ai] Bharathirajaa Hospital and Research centre: extracted
[local-ai] Be Well Hospitals: extracted
[local-ai] Beent Hospital: extracted
[local-ai] Bejan Singh Eye Hospital: extracted
[local-ai] Bethany Health Care Centre: extracted
[local-ai] Bethesda Hospital and Child Care Centre: extracted
[local-ai] Bgm Hospital: extracted
[local-ai] Bhagwan Mahaveer Eye Hospital: extracted
[local-ai] Bharath Hospital: extracted
[local-ai] Bharathi Hospital, Salem: extracted
[local-ai] Bharathi Mission Hospital: extracted
[local-ai] Joseph Eye Hospital: extracted
[local-ai] Snr Eye Hospital: extracted
[local-ai] Ls Hospital, Thirupathyur: extracted
[local-ai] Andrews Hospital: extracted
[local-ai] Trinity Acute Care Hospital - Chennai: extracted
[local-ai] Vinayagam Laser Hospital, Madurai: extracted
[local-ai] Csi Jayaraj Annapackiam Mission Hospital: extracted
[local-ai] Be Well Hospital: extracted
[local-ai] Balasundaram - Shyamala Hospital: extracted
[checkpoint] saved 6822 records
[local-ai] Balamurugan Hospital: extracted
[local-ai] Balamani Hospital: extracted
[local-ai] Balakrishna Eye Hospital: extracted
[local-ai] Balaji Hospital, Thuraiyur: extracted
[local-ai] Balaji Hospital (Multi Speciality Hospital Chengalpattu): extracted
[local-ai] Dr Rabindran's Health Care Center: extracted
[local-ai] Babu's Maternity Hospital: extracted
[local-ai] Babu Hospital: extracted
[local-ai] B.S.S. Hospital: extracted
[local-ai] B.S. Hospital: extracted
[local-ai] B.R.S. Hospital Pvt. Ltd.: extracted
[local-ai] B.R.Hospital, Tiruttani: extracted
[local-ai] Ppk Hospital: extracted
[local-ai] Krithika Hospital , Tiruppur: extracted
[local-ai] Harvey Healthcare Limited: extracted
[local-ai] Chitra Hospital, Virudhunagar: extracted
[local-ai] Chitra's Ent Laser Hospital: extracted
[local-ai] Christian Hospital, Theni: extracted
[local-ai] City Hospital, Miller Puram: extracted
[local-ai] City Hospital: extracted
[local-ai] Ck Hospital: extracted
[local-ai] Cm Hospital: extracted
[local-ai] Csi Multi Speciality Hospital: extracted
[local-ai] Kps Hospitals Pvt Ltd: extracted
[local-ai] Sri Vasavi Hospital: extracted
[checkpoint] saved 6847 records
[local-ai] Kovai Ent Hospital and Research Centre: extracted
[local-ai] Kottakkal Arya Vaidya Sala: extracted
[local-ai] Koushikha Hospital: extracted
[local-ai] JSP Hospital: extracted
[local-ai] Parkkavan Hospital: extracted
[local-ai] Vasantham Hospital: extracted
[local-ai] Thayammal Hospitals: extracted
[local-ai] Rohit Hospital, Tiruvallur: extracted
[local-ai] extraction failed: Local model request failed: timed out
[local-ai] Jcb Hospitals: extracted
[local-ai] Je Nesam Hospital: extracted
[local-ai] Chennai Meenakshi Multispeciality Hospital Ltd: extracted
[local-ai] Chennai Skin Foundation and Yesudian Research Institute: extracted
[local-ai] Chidambaram Hospital: extracted
[local-ai] Cheran Hospital: extracted
[local-ai] Chettinad Hospital: extracted
[local-ai] Jeeva Hospital: extracted
[local-ai] Chinnammal Ent Hospital: extracted
[local-ai] Jeganath Hospital: extracted
[local-ai] Dr.Mu.Va.Hospital: extracted
[local-ai] Chinniampalayam Venkateshwara Hospital: extracted
[local-ai] Cholayil Sanjeevanam Ayurveda: extracted
[local-ai] Adithya Netharalaya: extracted
[local-ai] Vandana Hospital, Tiruvallur: extracted
[local-ai] Rohini Hospital: extracted
[checkpoint] saved 6872 records
[local-ai] Dr.Morris Mathias Hospital: extracted
[local-ai] Swathi Hospital: extracted
[local-ai] Mysaan Hospital: extracted
[local-ai] V H M Hospitals Pvt Ltd: extracted
[local-ai] Tilak Hospitals: extracted
[local-ai] Robin and Robin Health Care: extracted
[local-ai] Rishi Nethralaya: extracted
[local-ai] Richmond Hospital: extracted
[local-ai] N.V.K Hospital: extracted
[local-ai] Ponni Hospital, Coimbatore: extracted
[local-ai] K. M. T. Hospital: extracted
[local-ai] Razack Hospital: extracted
[local-ai] West Madras Medical Centre: extracted
[local-ai] Rengasamy Nursing Home: extracted
[local-ai] Rayen Eye Hospital: extracted
[local-ai] Nirmala Hospital, Kanniyakumari: extracted
[local-ai] Kauvery Hospital, Chennai: extracted
[local-ai] Rathna Memorial Hospital: extracted
[local-ai] Ranm Malathy Vijayakumar Hospital: extracted
[local-ai] Rathi Med Speciality Hospital: extracted
[local-ai] P.S.Medical Trust Hospital: extracted
[local-ai] Rani Hospital: extracted
[local-ai] S.R. Hospital and E.N.T. Research Foundation: extracted
[local-ai] Rajeev Hospital: extracted
[local-ai] Velnath Maternity Home: extracted
[checkpoint] saved 6897 records
[local-ai] Ranga Hospital, Velandipalayam: extracted
[local-ai] Rao Hospital: extracted
[local-ai] Velan Eye Hospital, Karur: extracted
[local-ai] Vellore Eye and Dental Hospital: extracted
[local-ai] Rana Maternity Hospital: extracted
[local-ai] Ramya Hospital: extracted
[local-ai] Joseph Hospital, Coimbatore: extracted
[local-ai] Ramvel Hospital: extracted
[local-ai] Santhi Hospital: extracted
[local-ai] Ramanie Hospitals: extracted
[local-ai] Ramana Maharishi Rangammal Hospital: extracted
[local-ai] Ars Hospitals - Tirupur: extracted
[local-ai] Arul Hospital: extracted
[local-ai] Arul Medical Center: extracted
[local-ai] Dr Agarwals Eye Hospital Ltd, Hosur: extracted
[local-ai] Dr Agarwals Eye Hospital Ltd: extracted
[local-ai] Suriya Hospital, Tiruvallur: extracted
[local-ai] Suriya Hospital, Coimbatore: extracted
[local-ai] Supa Hospital, Coimbatore: extracted
[local-ai] Sunder Eye Hospital: extracted
[local-ai] P K Hospital: extracted
[local-ai] L.V.S. Eye Hospital: extracted
[local-ai] Sagayamatha Hospital: extracted
[local-ai] Sri Hari Sakthivel Hospital: extracted
[local-ai] Laksha Hospital: extracted
[checkpoint] saved 6922 records
[local-ai] Lake View Hospital, Tiruvallur: extracted
[local-ai] Lakshmana Hospital: extracted
[local-ai] Narayanaa Hospital: extracted
[local-ai] Nalam Medical Center and Hospital: extracted
[local-ai] NN Hospital: extracted
[local-ai] Nova Hospital: extracted
[local-ai] Janamma Hospital: extracted
[local-ai] Jamia Darussalam Hospital: extracted
[local-ai] James Hospital, Colachel: extracted
[local-ai] J.S. Hospital: extracted
[local-ai] J.K. Hospital, Madurai: extracted
[local-ai] Noble Hospital, Chennai: extracted
[local-ai] Ns Hospital: extracted
[local-ai] J.K. Hospital, Chennai: extracted
[local-ai] J. K. Hospital: extracted
[local-ai] J. J. Hospital: extracted
[local-ai] J S Hospital, Dharmapuri: extracted
[local-ai] Irudayam Hospital: extracted
[local-ai] Irene Hospital: extracted
[local-ai] Infant Jesus and Jesus Vineyard Hospitals: extracted
[local-ai] Indira Hospital, Namakkal: extracted
[local-ai] Indira Hospital, Madurai: extracted
[local-ai] Indira Eye Hospital: extracted
[local-ai] Indian Hospitals: extracted
[local-ai] Inba Hospital: extracted
[checkpoint] saved 6947 records
[local-ai] Immaculate Conception Convent Hospital: extracted
[local-ai] Vasan Eye Care Hospital, Madurai: extracted
[local-ai] Pioneer Hospital: extracted
[local-ai] Shenbagam Hospitals Pvt. Ltd: extracted
[local-ai] Dharan Hospital: extracted
[local-ai] Diabetes Research Centre and M.V.Hospital For Diabetes: extracted
[local-ai] Pks Hospital: extracted
[local-ai] Vasan Eye Care Hospital, Neelankarai: extracted
[local-ai] Vasan Eye Care Hospital, Pachaiyappan: extracted
[local-ai] Vasan Eye Care Hospital, Paramakudi: extracted
[local-ai] Vasan Eye Care Hospital, Perambalur: extracted
[local-ai] Vasan Eye Care Hospital, Namakkal: extracted
[local-ai] Subam Hospital, Tiruvallur: extracted
[local-ai] Vaani Hospital: extracted
[local-ai] Apollo First Medical Foundation: extracted
[local-ai] CARE AKPS Hospital: extracted
[local-ai] Justin Hospital: extracted
[local-ai] Josephs Nursing Home: extracted
[local-ai] Joseph Sahayam Hospital: extracted
[local-ai] Jip Diabetic and Heart Care Centre: extracted
[local-ai] Jeyan Hospital: extracted
[local-ai] Jayam Polyclinc: extracted
[local-ai] Jayadev Polyclinic Hospital: extracted
[local-ai] Jayaa Hospital: extracted
[local-ai] Jaya Hospital, Arcot: extracted
[checkpoint] saved 6972 records
[local-ai] Jaya Hospital, Chennai: extracted
[local-ai] Jawahar Trauma Care Centre: extracted
[local-ai] Jawahar Hospital, Kanchipuram: extracted
[local-ai] Kummaran Eye Speciality Centre: extracted
[local-ai] Kvt Health Centre: extracted
[local-ai] Kurinji Hospital, Salem: extracted
[local-ai] Shanthi Hospital: extracted
[local-ai] L.R. Hospital: extracted
[local-ai] Kumaran Hospital: extracted
[local-ai] Erode Trust Hospital: extracted
[local-ai] Erode Kidney's Centre: extracted
[local-ai] Satya Sai Ent Head and Neck Hospital: extracted
[local-ai] Ezhil Surgical and Maternity Hospital: extracted
[local-ai] Ezhil Hospital: extracted
[local-ai] Erode Ortho Centre: extracted
[local-ai] Dr Agarwals Eye Hospital: extracted
[local-ai] A.R. Hospital (P) Ltd: extracted
[local-ai] Premier Health Center: extracted
[local-ai] Erode Cancer Centre: extracted
[local-ai] Kasi Speciality Hospital: extracted
[local-ai] Vasantha Subramanian Hospitals Pvt Ltd: extracted
[local-ai] Vasan Eye Care Hospital, Tirupur: extracted
[local-ai] Vasan Eye Care Hospital, Tiruvallur: extracted
[local-ai] Emmanuvel Hospital: extracted
[local-ai] Vasan Eye Care Hospital, Tondiarpet: extracted
[checkpoint] saved 6997 records
[local-ai] Vasan Eye Care Hospital, Vellore: extracted
[local-ai] Madras Poly Clinic and R.R. Scan: extracted
[local-ai] Vasan Eye Care Hospital, Valasaravakkam: extracted
[local-ai] Edison Hospital: extracted
[local-ai] Elangovan Hospital: extracted
[local-ai] Logidasan's Hospital: extracted
[local-ai] Lister Hospital: extracted
[local-ai] Life Medhospital: extracted
[local-ai] Leonard Hospital, Dindigul: extracted
[local-ai] Laxmi Hospital, Villupuram: extracted
[local-ai] Lavanya Hospital, Udumalai: extracted
[local-ai] S.K.V. Hospital: extracted
[local-ai] S.M. Hospital, Sivaganga: extracted
[local-ai] Vinayaka Misson Hospital: extracted
[local-ai] K.M. Hospitals, Chennai: extracted
[local-ai] Deepa Kannan Hospital: extracted
[local-ai] Duraisamy Hospital: extracted
[local-ai] Zubeda Hospitals Ltd.: extracted
[local-ai] Dr.Y.Mahadeva Iyers Sri Sarada Ayurvedic Hospital: extracted
[local-ai] Dr.Thangamma Nursing And Paramedical College Hospital: extracted
[local-ai] Sarvana Hospital Pvt. Ltd.: extracted
[local-ai] Madurai Institute Of Orthopaedics And Traumatology: extracted
[local-ai] Royal Hospital, Thanjavur: extracted
[local-ai] Dr.Vas Hospital For Eye and Children: extracted
[local-ai] Dsk Hospital, Tiruppur: extracted
[checkpoint] saved 7022 records
[local-ai] Selva Hospital: extracted
[local-ai] RR Multispeciality Hospital: extracted
[local-ai] Dr.Sivakani Hospital Pvt Ltd: extracted
[local-ai] Sudharsana Hospital: extracted
[local-ai] Neuroscience Hospital: extracted
[local-ai] R.V. Hospital, Kanniyakumari: extracted
[local-ai] V.P.N. Eye Hospital: extracted
[local-ai] Ganga Hospital: extracted
[local-ai] S. K. Hospital, Karur: extracted
[local-ai] S Sm Hospital: extracted
[local-ai] Padma Hospital, Tuticorin: extracted
[local-ai] Padma Hospital, Pudukkottai: extracted
[local-ai] P.K. Hospital: extracted
[local-ai] P.M.K. Hospital: extracted
[local-ai] Aravind Hospital: extracted
[local-ai] Sabari Speciality Hospital: extracted
[local-ai] Agasthiyar Muni Child Care Centre: extracted
[local-ai] Dr.Manju Kulkarni Hospital: extracted
[local-ai] Shabeer Hospital: extracted
[local-ai] Shamroth Surgical Hospital: extracted
[local-ai] Shanmugam Surgical and Fertility Hospital: extracted
[local-ai] Anand Elumalai Hospital: extracted
[local-ai] Suriya Hospital, Tiruvannamalai: extracted
[local-ai] Aarthi Hospital, Nagapattinam: extracted
[local-ai] Keerthana Hospital: extracted
[checkpoint] saved 7047 records
[local-ai] Vijaya Hospital, Erode: extracted
[local-ai] Van Allen Hospital: extracted
[local-ai] Vasan Eye Care Hospital, Coimbatore: extracted
[local-ai] Vasan Eye Care Hospital, Dindigul: extracted
[local-ai] Vasan Eye Care Hospital, Erode: extracted
[local-ai] Vasan Eye Care Hospital, Gugai: extracted
[local-ai] Vasan Eye Care Hospital, Kuttur: extracted
[local-ai] S.V. Bone And Joint Hospital: extracted
[local-ai] Sri Udaya Hospital: extracted
[local-ai] Sri G.M. Hospital: extracted
[local-ai] Sri Eshodha Hospital: extracted
[local-ai] Dr Agarwals Eye Hospital Ltd, Indira Gandhi Road: extracted
[local-ai] Tirupur Medical Foundation (P) Limited: extracted
[local-ai] Sri Bharani Hospital: extracted
[local-ai] Srichakara Multispeciality Hospital: extracted
[local-ai] Dhanvantri Critical Care Center: extracted
[local-ai] Siddharth Maternity Centre: extracted
[local-ai] Sri Balaji Surya Hospital: extracted
[local-ai] Shivani Hospital, Ramanathapuram: extracted
[local-ai] Asha Surgical Centre: extracted
[local-ai] Abhijay Hospital: extracted
[local-ai] Annai Velankani Nursing Home: extracted
[local-ai] Ponni Hospital, Cuddalore: extracted
[local-ai] Siranjeeve Hospitals: extracted
[local-ai] Sisu Hospital Inida Ltd: extracted
[checkpoint] saved 7072 records
[local-ai] Arvind Sai Eye Hospital: extracted
[local-ai] Sinus And Nose Hospital - Mylapore, Chennai: extracted
[local-ai] Sindu Hospital: extracted
[local-ai] Sibi Hospital: extracted
[local-ai] Sri Venkateshwara`s C.M. Hospital: extracted
[local-ai] Shyamala Hospital: extracted
[local-ai] Muthu Hospital: extracted
[local-ai] Wellcare Hospital And Research Institute: extracted
[local-ai] S A Catherine Booth Hospital: extracted
[local-ai] Kasthuri Hospital, Tirunelveli: extracted
[local-ai] Veda Maruthuvamanai Hospital: extracted
[local-ai] Nalam Hospital And Speciality Care Centre: extracted
[local-ai] Karthik Hospital, Madurai: extracted
[local-ai] Srinivas Priya Hospital (P) Ltd: extracted
[local-ai] Krithika Hospital , Tiruppur: extracted
[local-ai] V.V. Hospital: extracted
[local-ai] A.G.P Hospital: extracted
[local-ai] Annammal Hospital: extracted
[local-ai] Annai Saradha Hospital: extracted
[local-ai] Annai Perinbam Hospital (P) Ltd: extracted
[local-ai] Annai Hospital: extracted
[local-ai] Annai Hospital, Venkadesapuram: extracted
[local-ai] Annai Hospital: extracted
[local-ai] Annai Ent and Head and Neck Care Center: extracted
[local-ai] Annai Amaravathi Hospital: extracted
[checkpoint] saved 7097 records
[local-ai] Anjugam Hospital: extracted
[local-ai] Anjalai Hospital: extracted
[local-ai] Anjakha Hospital: extracted
[local-ai] Angel Heart Centre: extracted
[local-ai] Anbu Hospital - Thanjavur: extracted
[local-ai] Aananthi Hospital: extracted
[local-ai] Ananda Ashramam Private Hospital: extracted
