Local AI extraction: qwen2.5:3b at http://127.0.0.1:11434
[resume] reusing saved state responses where available; new states use configured endpoints
[resume] skipping 41259 already saved records; retrying missing or failed AI extraction
run=osm_overpass_health_facilities-20260910050758 chunks=36 kinds=hospital limit=100000 budget=720min
[ 1/36] Uttar Pradesh: resuming saved response data\raw\osm_overpass_health_facilities\2026\09\09\osm_overpass_health_facilities-20260909164208-IN-UP\response_001.json
[ 1/36] Uttar Pradesh                          fetched=  3590 kept=     0 already_saved=3514 total=     0
[ 2/36] Maharashtra: resuming saved response data\raw\osm_overpass_health_facilities\2026\09\09\osm_overpass_health_facilities-20260909164208-IN-MH\response_001.json
[ 2/36] Maharashtra                            fetched=  8227 kept=     0 already_saved=8070 total=     0
[ 3/36] West Bengal: resuming saved response data\raw\osm_overpass_health_facilities\2026\09\09\osm_overpass_health_facilities-20260909164208-IN-WB\response_001.json
[ 3/36] West Bengal                            fetched=  1198 kept=     0 already_saved=1171 total=     0
[ 4/36] Bihar: resuming saved response data\raw\osm_overpass_health_facilities\2026\09\09\osm_overpass_health_facilities-20260909164208-IN-BR\response_001.json
[ 4/36] Bihar                                  fetched=   797 kept=     0 already_saved=780 total=     0
[ 5/36] Tamil Nadu: resuming saved response data\raw\osm_overpass_health_facilities\2026\09\09\osm_overpass_health_facilities-20260909021106-IN-TN\response_001.json
[ 5/36] Tamil Nadu                             fetched=  5847 kept=     0 already_saved=5757 total=     0
[ 6/36] Madhya Pradesh: resuming saved response data\raw\osm_overpass_health_facilities\2026\09\09\osm_overpass_health_facilities-20260909021106-IN-MP\response_001.json
[ 6/36] Madhya Pradesh                         fetched=  2109 kept=     0 already_saved=2070 total=     0
[ 7/36] Rajasthan: resuming saved response data\raw\osm_overpass_health_facilities\2026\09\09\osm_overpass_health_facilities-20260909021106-IN-RJ\response_001.json
[ 7/36] Rajasthan                              fetched=  2816 kept=     0 already_saved=2778 total=     0
[ 8/36] Karnataka: resuming saved response data\raw\osm_overpass_health_facilities\2026\09\09\osm_overpass_health_facilities-20260909021106-IN-KA\response_001.json
[ 8/36] Karnataka                              fetched=  3610 kept=     0 already_saved=3572 total=     0
[ 9/36] Gujarat: resuming saved response data\raw\osm_overpass_health_facilities\2026\09\09\osm_overpass_health_facilities-20260909021106-IN-GJ\response_001.json
[ 9/36] Gujarat                                fetched=  5209 kept=     0 already_saved=5151 total=     0
[10/36] Andhra Pradesh: resuming saved response data\raw\osm_overpass_health_facilities\2026\09\09\osm_overpass_health_facilities-20260909021106-IN-AP\response_001.json
[10/36] Andhra Pradesh                         fetched=  4470 kept=     0 already_saved=4363 total=     0
[11/36] Odisha: resuming saved response data\raw\osm_overpass_health_facilities\2026\09\09\osm_overpass_health_facilities-20260909021106-IN-OD\response_001.json
[11/36] Odisha                                 fetched=  1025 kept=     0 already_saved=1011 total=     0
[12/36] Telangana: resuming saved response data\raw\osm_overpass_health_facilities\2026\09\09\osm_overpass_health_facilities-20260909021106-IN-TS\response_001.json
[12/36] Telangana                              fetched=  2899 kept=     0 already_saved=2812 total=     0
[13/36] Kerala: requesting source data (timeout=90s, retries=3)
[local-ai] Aravind Ayurvedic Hospital: extracted
[local-ai] Thrikkakara Municipal Co-operative Hospital: extracted
[local-ai] vengola govt homoeo dispensary: extracted
[local-ai] Sunrise Hospital, Ernakulam: extracted
[local-ai] MES Hospital: extracted
[local-ai] Regional Institute of Ophthalmology: extracted
[local-ai] Dr Govindans Hospital: extracted
[local-ai] Thottabhagam Hospital: extracted
[local-ai] Silent Valley Hospital: extracted
[local-ai] Alphonsa Eye Hospital: extracted
[local-ai] General Hospital: extracted
[local-ai] Mar Kavukatt Memorial Hospital, Anthinad: extracted
[local-ai] Christuraj Hospital: extracted
[local-ai] Little Lourdes Hospital Kidangoor: extracted
[local-ai] Holy Family Hospital Plassanal: extracted
[local-ai] Sushrusha Hospital, Kozha Kuravlingad: extracted
[local-ai] Government Taluk Hospital,Koyilandy: extracted
[local-ai] Carewell Hospital & Research Centre: extracted
[local-ai] KIMS, Kasaragod: extracted
[local-ai] Nandi Hospital: extracted
[local-ai] Naliyath Medical Chamber: extracted
[local-ai] Nair's Hospital , Kochi: extracted
[local-ai] P.S. Mission Hospital: extracted
[local-ai] Dr. Joys Hospital: extracted
[local-ai] Sahrudaya Hospital: extracted
[checkpoint] saved 25 records
[local-ai] Varma Hospital: extracted
[local-ai] Government Ayurveda Hospital: extracted
[local-ai] PNVM Hospital and Research Centre: extracted
[local-ai] Al Shifa Hospital: extracted
[local-ai] Public health Centre: extracted
[local-ai] RIMS: extracted
[local-ai] Co-operative Hospital: extracted
[local-ai] Josgiri Hospital: extracted
[local-ai] Thalassery Mission Hospital: extracted
[local-ai] Keerthi Hospital: extracted
[local-ai] Telly Hospital: extracted
[local-ai] Indira Gandhi Co-Operative Hospital: extracted
[local-ai] B.N.V. Hospital: extracted
[local-ai] Pariyaram Ayurvedic Hospital: extracted
[local-ai] Pariyaram Medical College Hospital: extracted
[local-ai] Mukunda Hospital, Payyanur: extracted
[local-ai] Saba Hospital, Payyanur: extracted
[local-ai] BKM Memorial Hospital, Payyanur: extracted
[local-ai] Payyanur Co-Operative Hospital, Payyanur: extracted
[local-ai] Cosmopolitan Hospital, Pattom: extracted
[local-ai] Dr V C Nayanar Memorial Hospital(Dr Babu Eye Clinic), Payyanur: extracted
[local-ai] Chaithanya Eye Hospital and Research Institute, Karamana: extracted
[local-ai] Life Save Emergency Medical Services: extracted
[local-ai] Palliative Clinic, Kozhikode City: extracted
[local-ai] Savitridevi Saboo Memorial Cancer Research Institute and Hospital: extracted
[checkpoint] saved 50 records
[local-ai] PRS Hospital: extracted
[local-ai] Govt Ayurvedic Hospital Marangattupilly: extracted
[local-ai] Sacred Heart Hospital, Chakkampuzha: extracted
[local-ai] Santhi Hospital: extracted
[local-ai] Sree Sudheendra Medical Mission Hospital: extracted
[local-ai] MAJ Hospital: extracted
[local-ai] Taluk Headquarters Hospital, vaikom: extracted
[local-ai] Manava Seva Eye Hospital: extracted
[local-ai] Madhavi Amma Hospital: extracted
[local-ai] Community Health Centre Porunnanore: extracted
[local-ai] Government Hospital Peroorkada: extracted
[local-ai] CHC Neduva: extracted
[local-ai] Govt. Homeo Dispensary: extracted
[local-ai] Primary Health Care: extracted
[local-ai] Oshana Mount Hospital: extracted
[local-ai] Bishop Vayalil Medical Centre: extracted
[local-ai] united hospital: extracted
[local-ai] University Health Center: extracted
[local-ai] Nirmala Hospital: extracted
[local-ai] Gautham Hospital: extracted
[local-ai] Laxmi Hospital: extracted
[local-ai] Tirur Co-operative Hospital: extracted
[local-ai] BM Hospital: extracted
[local-ai] Kollam District Hospital: extracted
[local-ai] Maha Jubilee Memorial Hospital: extracted
[checkpoint] saved 75 records
[local-ai] Manjakala Vilayil Hospital: extracted
[local-ai] KMK Hospital: extracted
[local-ai] St. Thomas Hospital, Chethipuzha: extracted
[local-ai] Dr. Shamsudheen Thattayil's Clinic: extracted
[local-ai] Janatha Clinic: extracted
[local-ai] Tata Global Beverages Limited General Hospital: extracted
[local-ai] Regional Cancer Centre: extracted
[local-ai] P I Hospital: extracted
[local-ai] CSI MIssion Hospital: extracted
[local-ai] Mar Thoma Mission Hospital: extracted
[local-ai] Kadalundi Ayurveda Dispensery: extracted
[local-ai] Govt Vetinery Hospital: extracted
[local-ai] PHC Kodakkad: extracted
[local-ai] PHC Thayyilakkadavu: extracted
[local-ai] M.M.Hospital Ramanattukara: extracted
[local-ai] Sahasraksha Ayurvedic Hospital: extracted
[local-ai] TMH: extracted
[local-ai] Holy Cross Super Speciality Hospital: extracted
[local-ai] Poomully Mana Ayurvedic Hospital: extracted
[local-ai] Poomully Mana Ayurvedic Hospital ground: extracted
[local-ai] Sacred Heart Hospital: extracted
[local-ai] Holy Cross Hospital: extracted
[local-ai] Ushus Hospital.: extracted
[local-ai] മൂവാറ്റുപുഴ മെഡിക്കൽ സെന്റർ: extracted
[local-ai] Government District Hospital: extracted
[checkpoint] saved 100 records
[local-ai] St. John's Hospital Ward 20: extracted
[local-ai] Nediyedath: extracted
[local-ai] Leprosy Sanatorium: extracted
[local-ai] V.S.M. Hospital: extracted
[local-ai] Poyanil Hospital, Pathanamthitta: extracted
[local-ai] Janatha Hospital: extracted
[local-ai] Paika CHC: extracted
[local-ai] MES Hospital: extracted
[local-ai] Pranavam Hospital: extracted
[local-ai] Topmost Medical Centre: extracted
[local-ai] Pala Government Hospital Homeo Hospital: extracted
[local-ai] CHC Koorachundu: extracted
[local-ai] PHC Kakkayam: extracted
[local-ai] Gauri Sankar Hospital: extracted
[local-ai] Mercy Hospital, Chengalam: extracted
[local-ai] Christu Raj Hospital: extracted
[local-ai] Dr Jaison's Homoeopathic Speciality Centre: extracted
[local-ai] City Hospital: extracted
[local-ai] Cardinal Speciallity Hospital: extracted
[local-ai] The Touch Aesthetic Medical Clinic: extracted
[local-ai] Mannam Memorial N.S.S Ayurveda Hospital: extracted
[local-ai] Vijaya Hospital: extracted
[local-ai] Family Health Centre, Vilakkudy: extracted
[local-ai] Joseph Francis: extracted
[local-ai] Mercy Hospital, Kollam: extracted
[checkpoint] saved 125 records
[local-ai] Kailas Dental Hospital: extracted
[local-ai] NSS Medical Mission Hospital: extracted
[local-ai] Manu Memorial Hospital, Manjeri: extracted
[local-ai] Kottakkal PS Variar.s Ayurveda Hospital: extracted
[local-ai] St Joseph Hospital: extracted
[local-ai] MVM: extracted
[local-ai] Ayurveda Hospital: extracted
[local-ai] Cardiology Centre: extracted
[local-ai] Govt. Dispensary: extracted
[local-ai] Health Centre: extracted
[local-ai] Institute of Palliative Medicine: extracted
[local-ai] Santhi Clinic And Hospital: extracted
[local-ai] Daya Hospital: extracted
[local-ai] Asten Ortho: extracted
[local-ai] Amana Hospital: extracted
[local-ai] Vasan Eye Care Hospital: extracted
[local-ai] Kottakkal Arya Vaidyasala: extracted
[local-ai] Community Health Centre Ranni Perunnadu: extracted
[local-ai] Bethany Hospital: extracted
[local-ai] Primary Health Center Azhiyur: extracted
[local-ai] Himagiri Diagnostic Central Lab: extracted
[local-ai] Shalom Dental Clinic: extracted
[local-ai] Private Homeo Clinic: extracted
[local-ai] Govt Ayruvedha Hospital Thulappally: extracted
[local-ai] Sree Ayyappa Medical Centre: extracted
[checkpoint] saved 150 records
[local-ai] Chaithanya Clinic: extracted
[local-ai] Assisi Hospital: extracted
[local-ai] Kizhakkemuri Homeo Clinic: extracted
[local-ai] Chembankulam Homeo Clinic: extracted
[local-ai] Devi Clinic: extracted
[local-ai] Community Health Centre, Vechoochira: extracted
[local-ai] Cherupusham hosptial: extracted
[local-ai] Garden Estate Hospital: extracted
[local-ai] Govt Ayurvedha Hospital: extracted
[local-ai] Muthuplackal Homeo Clinic: extracted
[local-ai] Sevanalaya Clinic: extracted
[local-ai] Vasan Hospital: extracted
[local-ai] Primary Health Centre (PHC): extracted
[local-ai] St Augestian Hospital: extracted
[local-ai] Hyda Ayurvedic Speciality Hospital: extracted
[local-ai] Usha Clinic: extracted
[local-ai] CMC Hospital: extracted
[local-ai] Grace Hospital: extracted
[local-ai] Pkm Hospital: extracted
[local-ai] Cocoland Panchakarma Centre: extracted
[local-ai] Dhanvantari: extracted
[local-ai] District Hospital, Thrissur: extracted
[local-ai] West Fort: extracted
[local-ai] Public Health Center Panoor: extracted
[local-ai] Immunisation Clinic: extracted
[checkpoint] saved 175 records
[local-ai] Medical College, Thiruvananthapuram: extracted
[local-ai] Asoka Hospital and Nursing Home: extracted
[local-ai] Astamudi Hospital: extracted
[local-ai] ആലപ്പുഴ ബീച്ച് ആശുപത്രി: extracted
[local-ai] Public health centre, Elappara: extracted
[local-ai] District Ayurveda Hospital: extracted
[local-ai] Arsha Ayurvedic Hospital: extracted
[local-ai] SBM Hospital: extracted
[local-ai] priya hospital: extracted
[local-ai] Mala Govt. Hospital: extracted
[local-ai] 24x7 Govt Primary Health centre Palappetty: extracted
[local-ai] Navajeevan Naturopathy: extracted
[local-ai] health center: extracted
[local-ai] Daya Royal Hospital: extracted
[local-ai] Dispensary: extracted
[local-ai] sukapuram hospital: extracted
[local-ai] Community Health Center, Edappal: extracted
[local-ai] Divine Hospital: extracted
[local-ai] Akshaya Hospital: extracted
[local-ai] Vinayaka Ayurveda Hospital: extracted
[local-ai] Dr Raju's Eye Hospital: extracted
[local-ai] Koya's Hospital: extracted
[local-ai] Carmel Hospital: extracted
[local-ai] Bharath Rural Hospital and Training Centre: extracted
[local-ai] Ozone Dental Care: extracted
[checkpoint] saved 200 records
[local-ai] Vishnu Ayurveda College: extracted
[local-ai] Veterinary Poly Clinic: extracted
[local-ai] Pets Clinic Enchakkal: extracted
[local-ai] Mount Sinai hospital: extracted
[local-ai] Kerala Ayurveda Clinic: extracted
[local-ai] Railway Hospital: extracted
[local-ai] Vaidyaratnam Nursing Home: extracted
[local-ai] St. Vincent de Paul Hospital: extracted
[local-ai] Ayurvedic Hospital and Pharmacy: extracted
[local-ai] Athalakkal Plaza: extracted
[local-ai] Amala Ayurveda Hospital: extracted
[local-ai] Elikkunnam Mugal: extracted
[local-ai] Merry Land: extracted
[local-ai] Oliva: extracted
[local-ai] Al Amal Hospital: extracted
[local-ai] Casuality: extracted
[local-ai] Punarnava Ayurveda Hospital: extracted
[local-ai] Metro Healthcare: extracted
[local-ai] Government Eye Hospital: extracted
[local-ai] Sivagiri Sree Narayana Medical Mission Hospital: extracted
[local-ai] Kottakkal Arya Vaidyasala: extracted
[local-ai] Najath Hospital, Ernakulam: extracted
[local-ai] Dr. Pakkai Memorial Hospital: extracted
[local-ai] Divine eye hospital: extracted
[local-ai] Ashraya Hospital: extracted
[checkpoint] saved 225 records
[local-ai] soukhyasanthi ayurmadom: extracted
[local-ai] Crescent hospital: extracted
[local-ai] Taluk Head Quarters Hospital, Alathur: extracted
[local-ai] K R Narayanan Memorial Government Hospital: extracted
[local-ai] Sushalayam Medical Trust Hospital: extracted
[local-ai] Ebenezer Hospital: extracted
[local-ai] Christos Hospital: extracted
[local-ai] PBM Hospital: extracted
[local-ai] Nettoor Primary Health Center: extracted
[local-ai] VM Health care: extracted
[local-ai] Prana Ayurvedic Centre: extracted
[local-ai] Community Health Centre Koduvayur: extracted
[local-ai] Lifeline Super Speciality Hospital: extracted
[local-ai] Malabar Hospital, Joint Replacement Centre: extracted
[local-ai] Relief Hospital and Trauma Centre: extracted
[local-ai] Relief Hospital And Trauma Centre (Joint Replacement Centre) Bypass Road Kondotty: extracted
[local-ai] Comfort: extracted
[local-ai] Casualty: extracted
[local-ai] A - Block: extracted
[local-ai] B - Block: extracted
[local-ai] D - Block: extracted
[local-ai] E - Block: extracted
[local-ai] Psychiatry OP: extracted
[local-ai] ECG: extracted
[local-ai] Karuna Dialysis Centre: extracted
[checkpoint] saved 250 records
[local-ai] Proctoscopy Room: extracted
[local-ai] Endoscopy Room 2: extracted
[local-ai] Retinoscopy: extracted
[local-ai] Vision Testing;Dept. of Obsterics & Gynaecology: extracted
[local-ai] Vision Testing: extracted
[local-ai] ECG: extracted
[local-ai] Surgery Room: extracted
[local-ai] CT Scan: extracted
[local-ai] 3D-4D Ultrasound Scan: extracted
[local-ai] DSA Room: extracted
[local-ai] Audiology & Speech Therapy: extracted
[local-ai] Treatment & Dressing Room: extracted
[local-ai] Dept. of Geneto-Urinary Surgery: extracted
[local-ai] Infertility Clinic: extracted
[local-ai] Dept. of Gastroentology: extracted
[local-ai] Dept. of Opthomology: extracted
[local-ai] X-Ray Entrance: extracted
[local-ai] Surgery: extracted
[local-ai] Ortho: extracted
[local-ai] Observation-Surgery (female): extracted
[local-ai] Nursing Station: extracted
[local-ai] Observation surgery(Female): extracted
[local-ai] ABC Ward: extracted
[local-ai] Duty Nurse: extracted
[local-ai] Ayurveda Block: extracted
[checkpoint] saved 275 records
[local-ai] OP Room (Ayurveda): extracted
[local-ai] OP Registration (Ayurveda): extracted
[local-ai] Pharmacy: extracted
[local-ai] Female Ward: extracted
[local-ai] Male Ward: extracted
[local-ai] Cord Room: extracted
[local-ai] Insurance Medical Room: extracted
[local-ai] Pharmacy: extracted
[local-ai] Electrical Room: extracted
[local-ai] Medicine Clinic: extracted
[local-ai] Chest OP: extracted
[local-ai] Dental OP: extracted
[local-ai] Casualty: extracted
[local-ai] Registration: extracted
[local-ai] Laboratory: extracted
[local-ai] Eye OP: extracted
[local-ai] Nurse's Room: extracted
[local-ai] Duty Nurse: extracted
[local-ai] Pulmunary OP: extracted
[local-ai] Sleep Lab: extracted
[local-ai] Female Ward: extracted
[local-ai] Nursing: extracted
[local-ai] Conference Hall: extracted
[local-ai] Medicine Storeroom: extracted
[local-ai] Sitting Place: extracted
[checkpoint] saved 300 records
[local-ai] Pharmacy: extracted
[local-ai] Superintendent: extracted
[local-ai] Office: extracted
[local-ai] Junior Superintendent: extracted
[local-ai] Treasurer: extracted
[local-ai] X-Ray: extracted
[local-ai] RMO: extracted
[local-ai] Doctor's Duty Room: extracted
[local-ai] Female PG Room: extracted
[local-ai] Ophthalmology Room: extracted
[local-ai] ENT Room: extracted
[local-ai] Trauma Resuscitation Room: extracted
[local-ai] Procedure Room: extracted
[local-ai] Procedure Room: extracted
[local-ai] Resuscitation Room: extracted
[local-ai] Casualty counter: extracted
[local-ai] Medical Emergency: extracted
[local-ai] Nursing Station: extracted
[local-ai] Medicine: extracted
[local-ai] ECG Room: extracted
[local-ai] Preventive Medicine: extracted
[local-ai] Stomach Wash Room: extracted
[local-ai] Medical Observation Ward(Female): extracted
[local-ai] Medical Observation Ward (Male): extracted
[local-ai] Central Research Laboratary: extracted
[checkpoint] saved 325 records
[local-ai] Westend Eye Hospitals: extracted
[local-ai] Cannanore Nursing Home: extracted
[local-ai] Sreedhareeyam Ayurvedic Eye Clinic and Panchakarma Centre: extracted
[local-ai] Chaithanya Hospital: extracted
[local-ai] Women and Child Hospital: extracted
[local-ai] Kochumattayil Clinic: extracted
[local-ai] Mercy Hospital, Payyavoor: extracted
[local-ai] Parls Dental Clinic: extracted
[local-ai] Palliyal Dental: extracted
[local-ai] social health center: extracted
[local-ai] navodaya hospital: extracted
[local-ai] Public health subcentre: extracted
[local-ai] TALUK HEAD QUARTERS HOSPITAL VYTHIRI: extracted
[local-ai] Medical College OP: extracted
[local-ai] Dental College OP Block: extracted
[local-ai] Santhi Hospital: extracted
[local-ai] Sarathy Ayurveda Clinic: extracted
[local-ai] Nithyananda Sidha Marmma Ayurveda Hospital: extracted
[local-ai] saji hospital: extracted
[local-ai] Govt Ayurveda Hospital ഗവൺമെന്റ് ആയൂർവേദ ആശുപത്രി: extracted
[local-ai] ANIMAL DISEASE CONTROL PROJECT THRISSUR: extracted
[local-ai] Thaluk hospital Balussery: extracted
[local-ai] Govt Homeo Dispensary: extracted
[local-ai] Community Health Centre Ramapuram: extracted
[local-ai] MVR Cancer Centre: extracted
[checkpoint] saved 350 records
[local-ai] Kozhikode District Coop Homeo Hospital: extracted
[local-ai] Amar Maternity & Fertility Centre: extracted
[local-ai] Indo-American Hospital: extracted
[local-ai] Giridhar Eye Institute: extracted
[local-ai] ICU: extracted
[local-ai] Gov.Homeo Dispensary- valakkavu: extracted
[local-ai] ahalya eye hospital: extracted
[local-ai] Taluk Headquarters Hospital: extracted
[local-ai] Primary Health Centre Vilvattom: extracted
[local-ai] Government Hospital Kodakara: extracted
[local-ai] Ephphatha Softech എഫഥാ സ്പീച്ച് ആന്റ് ഹിയറിങ് സെന്റർ: extracted
[local-ai] ASK Vaidyasala: extracted
[local-ai] Nalanda Hospital: extracted
[local-ai] Leader K Karunakaran Memmorial Hospital: extracted
[local-ai] Dhanalakshmi Hospital: extracted
[local-ai] Sandhyaram Hospital: extracted
[local-ai] University Health Center: extracted
[local-ai] Chingoli Ayurveda Hospital And Research Centre: extracted
[local-ai] Medical Trust: extracted
[local-ai] Government Ayurvedic Hospital: extracted
[local-ai] Primary Health Centre Koonammavu: extracted
[local-ai] Primary Health Center, Thidanadu: extracted
[local-ai] Rajagiri Hospital Emergency Services Entrance: extracted
[local-ai] Rajagiri Hospital Main Entrance: extracted
[local-ai] Rajendra Hospital: extracted
[checkpoint] saved 375 records
[local-ai] Holy Cross Hospital, Kedencherry: extracted
[local-ai] Primary Health Centre, Kodencherry: extracted
[local-ai] Mother Mary Hospital: extracted
[local-ai] KIMS Trust Hospital: extracted
[local-ai] V V Hospital, Thamarassery: extracted
[local-ai] Bhanu Nursing Home: extracted
[local-ai] Holy Family Medical Center: extracted
[local-ai] Ahalia Foundation Eye Hospital, Ulloor: extracted
[local-ai] pannikod hospital: extracted
[local-ai] homeo doctor: extracted
[local-ai] Taluk Head Quarter Hospital Blood Bank: extracted
[local-ai] District Hospital Blood Bank Manjeri: extracted
[local-ai] Fathima Hospital: extracted
[local-ai] malappuram district homeo hospital: extracted
[local-ai] Chazhikattu Hospital: extracted
[local-ai] Puthuoorans Eye Care: extracted
[local-ai] Mulamoottil Eye Hospital: extracted
[local-ai] Nucleus Health Care Multi-Speciality Hospital: extracted
[local-ai] VIMS Hospital: extracted
[local-ai] poyyanil: extracted
[local-ai] Modern Urology Centre: extracted
[local-ai] Primary Health Centre Akkathethara: extracted
[local-ai] Chirakkel Boys Hostel: extracted
[local-ai] primary health centre akathethara: extracted
[local-ai] GOVT.Vetinary Hospital,Kazhani Chungham: extracted
[checkpoint] saved 400 records
[local-ai] Vaishak Hospital: extracted
[local-ai] Parabrahma Speciality Hospital and Research Centre: extracted
[local-ai] Azeezia Medical College Hospital: extracted
[local-ai] Ponnambalam Child Care Hospital: extracted
[local-ai] Kerala Ent Research Foundation: extracted
[local-ai] Vathiyayath Hospital, Perumbavoor: extracted
[local-ai] N.K. Balakrishanan Memorial Chariatable Hospital: extracted
[local-ai] Ahalia Foundation Eye Hospital, Kattungachira: extracted
[local-ai] Medical Trust Hospital, Pathanamthitta: extracted
[local-ai] Luke Memorial Eye Hospital: extracted
[local-ai] St. Ritas Hospital: extracted
[local-ai] Cochin Ariya Vaidya Sala: extracted
[local-ai] Paret Mar Ivanios Hospital: extracted
[local-ai] The Irinjalakuda Co-Operative Hospital Ltd.: extracted
[local-ai] Iris Eye Hospital: extracted
[local-ai] Medical Trust Hospital And Maternity Home: extracted
[local-ai] K K Hospital: extracted
[local-ai] Cims Hospital: extracted
[local-ai] Chavara Hospital, Thamarassery: extracted
[local-ai] S.M. Hospital, Kollam: extracted
[local-ai] Lakshmi Hospital, Alappuzha: extracted
[local-ai] Sanjivani Multi-Speciality Hospital: extracted
[local-ai] T M Hospital: extracted
[local-ai] P.M.M. Hsopital: extracted
[local-ai] Mary Queens Mission Hospital, Pathanamthitta: extracted
[checkpoint] saved 425 records
[local-ai] Sakalya Ayurveda Hospital: extracted
[local-ai] S.R.Hospital and Surgical Centre: extracted
[local-ai] St. Thomas Hospital: extracted
[local-ai] Ursula Hospital (Tsunami Project Only): extracted
[local-ai] Sarala Memorial Hospital: extracted
[local-ai] Mercy Hospital, Kottayam: extracted
[local-ai] R C M Eye Hospital: extracted
[local-ai] Primary Health Centre Kumily: extracted
[local-ai] Shemi Hospital: extracted
[local-ai] Sukrutham Ayurveda Chikitsalayam: extracted
[local-ai] Prathyasa Msgr Joseph Kandathil Memorial Cancer Research Centre: extracted
[local-ai] Jesus Hospital: extracted
[local-ai] Vijaya Institute of Medical Sciences: extracted
[local-ai] Ahalia Foundation Eye Hospital: extracted
[local-ai] Karunya Hospital and Diabetic Centre: extracted
[local-ai] Laxmi Meghan Speciality Hospital: extracted
[local-ai] Saro Hospital Kattapana: extracted
[local-ai] Athura Hospital: extracted
[local-ai] Sabari Giri Hospital: extracted
[local-ai] Sree Narayana Medical Mission Hospital: extracted
[local-ai] Sabitha Eye Care Hospital: extracted
[local-ai] Chaithanya Eye Hospital: extracted
[local-ai] Alphonsa Hospital: extracted
[local-ai] Jishy Hospital: extracted
[local-ai] Tirur Mission Hospital: extracted
[checkpoint] saved 450 records
[local-ai] Ceeyam Hospitals (P) Ltd: extracted
[local-ai] Nss Medical Mission Hospital: extracted
[local-ai] Arimala Hospital: extracted
[local-ai] Attikal Devi Institute Of Medical Sciences Ltd: extracted
[local-ai] Sanjoe Hospital: extracted
[local-ai] Lisa Hospital: extracted
[local-ai] St. Michael's Hospital: extracted
[local-ai] Dr Rani Menons Eye Clinic: extracted
[local-ai] Sacred Heart General Hospital: extracted
[local-ai] S. N. Mission Hospital: extracted
[local-ai] Arya Vaidya Asramam Ayurveda Hospital: extracted
[local-ai] Silverline Hospital: extracted
[local-ai] S.H. Hospital: extracted
[local-ai] Keraleeya Ayurveda Samajam Hospital: extracted
[local-ai] Assumption Hospital, Kanhirapuzha: extracted
[local-ai] Bishop Alappatt Mission Hospital: extracted
[local-ai] Cimar Cochin Hospital: extracted
[local-ai] KTCT Hospital: extracted
[local-ai] UB Trust Hospital and Diagnostic Centre: extracted
[local-ai] Vasan Eye Care Hospital, Palarivattom: extracted
[local-ai] Vasan Eye Care Hospital, Thiruvananthapuram: extracted
[local-ai] Paul's Hospital: extracted
[local-ai] R.M. Hospital: extracted
[local-ai] Dr. C. K. P Hospital: extracted
[local-ai] Rajah Hospital: extracted
[checkpoint] saved 475 records
[local-ai] PG Medical Trust Hospital: extracted
[local-ai] R.B.M. Hospital: extracted
[local-ai] M.V. Joseph Memorial Hospital: extracted
[local-ai] Nangelil Hospital: extracted
[local-ai] B.M. Hospital: extracted
[local-ai] Taliparamba Co-Operative Hospital: extracted
[local-ai] Ambolil Ayurvedic Research Centre: extracted
[local-ai] Devans Hospital: extracted
[local-ai] Credence Hospital Private Limited: extracted
[local-ai] Santhigiri Ayurveda Hospital and Research Institute: extracted
[local-ai] Dr. Manoj's ENT Super Speciality Institute and Research Centre: extracted
[local-ai] Mallya City Hospital: extracted
[local-ai] St. Joseph's Hospital: extracted
[local-ai] Kerala Ayurveda Hospital: extracted
[local-ai] Karunya Hospital: extracted
[local-ai] Dhanya Mission Hospital: extracted
[local-ai] Malik Deenar Charitable Hospital: extracted
[local-ai] Thrikkakara Grama Panchayat Co-Operative Hospital: extracted
[local-ai] CNS Ayurveda Chikitsalayam: extracted
[local-ai] A K G Memorial Co Operative Hospital: extracted
[local-ai] SD Tata Hospital: extracted
[local-ai] Anchal Hospital For Mother and Child: extracted
[local-ai] Focus Eye Hospital: extracted
[local-ai] Shrisha Hospital: extracted
[local-ai] Chaithanya Trust Hospital: extracted
[checkpoint] saved 500 records
[local-ai] St. Joseph's Hospital: extracted
[local-ai] Divya Prabha Eye Hospital: extracted
[local-ai] Dr. Noushad's ENT Hospital and Research Centre: extracted
[local-ai] Mangalam Hospitals Pvt. Ltd.: extracted
[local-ai] K.M.C. Hospital: extracted
[local-ai] Vasan Eye Care Hospital, Kannur: extracted
[local-ai] St.Joseph's Mission Hospital: extracted
[local-ai] P.V.S. Hospital (P) Ltd.: extracted
[local-ai] Sreedhar's Dia Care: extracted
[local-ai] Changethu Bhaskaran Nair Memorial Hospital: extracted
[local-ai] St. Philomina's Mission Hospital: extracted
[local-ai] Sanjeevani Institute of Medical Science: extracted
[local-ai] Sree Gokulam Medical College and Research Foundation: extracted
[local-ai] St. Vincent Hospital: extracted
[local-ai] St. Joseph's Hospital: extracted
[local-ai] Rollands Hospital: extracted
[local-ai] Arogyalayam Hospital: extracted
[local-ai] Almas Hospital: extracted
[local-ai] Parathuvayalil Hospital: extracted
[local-ai] Victory Hospital: extracted
[local-ai] Sreerangom C.V.N. Kalari Chikilsakendram: extracted
[local-ai] GG Hospital: extracted
[local-ai] Anwar Memorial Hospital: extracted
[local-ai] Soorya Hospital: extracted
[local-ai] Eye Microsurgery and Laser Centre: extracted
[checkpoint] saved 525 records
[local-ai] Oushadhi Panchkarma Hospital and Research Institute: extracted
[local-ai] S K Hospital, Thiruvananthapuram: extracted
[local-ai] K N H Hospital: extracted
[local-ai] Vasudeva Vilasam Aryavaidyasala and Nursing Home: extracted
[local-ai] Ahalia Foundation Eye Hospital, Kayamkulam: extracted
[local-ai] High Range Hospital: extracted
[local-ai] Specialists' Hospital: extracted
[local-ai] Punarnava Ayurveda Hospital: extracted
[local-ai] Leela Ravi Medical Trust Hospital: extracted
[local-ai] Thayabji Hospital: extracted
[local-ai] Lords Hospital: extracted
[local-ai] Samad Ivf Hospitals: extracted
[local-ai] Susruta Eye Hospital: extracted
[local-ai] Gyno Speciality Hospital: extracted
[local-ai] Archana Hospital: extracted
[local-ai] Manzoor Hospital: extracted
[local-ai] Leo Hospital: extracted
[local-ai] K J Medical Trust Hospital: extracted
[local-ai] Community Health Centre, Edamaruku: extracted
[local-ai] Ahalia Foundation And Eye Hospital: extracted
[local-ai] M.V.R. Ayurveda Medical College Hospital: extracted
[local-ai] K.J.K. Hospital: extracted
[local-ai] Avp Ayushman Ayurveda Hospital: extracted
[local-ai] Pankajakasthuri Ayurveda Hospital Killi Kattakada Trivandrum: extracted
[local-ai] C.N.K. Hospital (P) Ltd.: extracted
[checkpoint] saved 550 records
[local-ai] Saroja Hospital: extracted
[local-ai] Deepa Hospital: extracted
[local-ai] Government Ayurveda Hospital: extracted
[local-ai] Daya Hospital: extracted
[local-ai] Anithara Hospital: extracted
[local-ai] Geo Medical Trust Superspeciality Hospital: extracted
[local-ai] Lourdes Hospital, Alappuzha: extracted
[local-ai] Sree Chitra Tirunal Institute For Medical Science: extracted
[local-ai] Shashirekha Hospital: extracted
[local-ai] Sri Ramakrishna Ashrama Charitable Hospital: extracted
[local-ai] Shankar's Eye Hospital: extracted
[local-ai] Sreekantapuram Hospital: extracted
[local-ai] Assisi Atonement Hospital: extracted
[local-ai] Ranny Mar Thoma Medical Mission Hospital: extracted
[local-ai] Sarathy Ayurvedic Hospital: extracted
[local-ai] M.E.S. Hospital: extracted
[local-ai] സബൈൻ ആശുപത്രിയും ഗവേഷണ കേന്ദ്രവും: extracted
[local-ai] Nava Bharath Hospital: extracted
[local-ai] Chaitanya Eye Hospital: extracted
[local-ai] Gowreesha Hospital: extracted
[local-ai] Sivapriya Ayurvedic Hospital: extracted
[local-ai] Fatima Hospital: extracted
[local-ai] Kottakkattu Medicare Hospital: extracted
[local-ai] Hari Sree Hospital: extracted
[local-ai] Vrindavan Ayurveda Nursing Home: extracted
[checkpoint] saved 575 records
[local-ai] Eranad Hospital: extracted
[local-ai] Aditya Eye Hospital, Ernakulam: extracted
[local-ai] Sanjeevani Ayurveda Hospital and Research Institute: extracted
[local-ai] Little Flower Mission Hospital: extracted
[local-ai] St. Thomas Hospital: extracted
[local-ai] Al Salama Eye Hospital: extracted
[local-ai] Community Health Centre Vandenmedu: extracted
[local-ai] Vijayasree Eye Hospital: extracted
[local-ai] S.M. Hospital: extracted
[local-ai] Shajy Hospital: extracted
[local-ai] Surya Hospital, Kollam: extracted
[local-ai] Evershine Hospital: extracted
[local-ai] St. Sebastian Visitation Hospital: extracted
[local-ai] Santhosh Hospital: extracted
[local-ai] Ahalia Foundation Eye Hospital, Muvattupuzha: extracted
[local-ai] Government Ayurveda College Hospital, Thiruvananthapuram: extracted
[local-ai] കരുണ ആശുപത്രി: extracted
[local-ai] Ruckmoni Memorial Devi Hospital: extracted
[local-ai] Naivedya Ayurvedic Hospital and Research Centre: extracted
[local-ai] Vijayaraja Hospital: extracted
[local-ai] Alpha ENT Head and Neck Hospital: extracted
[local-ai] Ayurvaid Hospital: extracted
[local-ai] Vasan Eye Care Hospital, Kottayam: extracted
[local-ai] Medical Trust Hospital, Idukki: extracted
[local-ai] Bhavana Hospital: extracted
[checkpoint] saved 600 records
[local-ai] C.K.V. Hospital: extracted
[local-ai] Palace Hospital: extracted
[local-ai] Shiba Surgery and Urology Center: extracted
[local-ai] Maria Theresa Hospital: extracted
[local-ai] Medicare Childrens Hospital: extracted
[local-ai] Thejaswini Co-Operative Hospital & Medical Research Center Ltd.: extracted
[local-ai] Community Health Centre, Koottickal: extracted
[local-ai] Abdul Waheb Memorial Rajah Charitable Hospital: extracted
[local-ai] Community Health Center Mayyil: extracted
[local-ai] Malabar Hospital and Urology Centre: extracted
[local-ai] Madhavrao Scindia Hospital: extracted
[local-ai] MCH Unit, Cheruppa: extracted
[local-ai] Ahalia Foundation Eye Hospital, Karimpanapalam: extracted
[local-ai] Arumana Hospital: extracted
[local-ai] Vimala Hospital, Ernakulam: extracted
[local-ai] ചാരീസ് മെഡിക്കൽ മിഷൻ ആശുപത്രി: extracted
[local-ai] Chakrabarti Eye Care Centre: extracted
[local-ai] I Vision Eye Hospital: extracted
[local-ai] Craft Hospital: extracted
[local-ai] Menathottam Hospital: extracted
[local-ai] Sacred Heart Multi Speciality Hospital: extracted
[local-ai] Pambatheeram Ayurvedic Hospital: extracted
[local-ai] Meditrina Hospital: extracted
[local-ai] P.M. Hospital, Kallumala: extracted
[local-ai] Moulana: extracted
[checkpoint] saved 625 records
[local-ai] Chithira Medical Centre: extracted
[local-ai] Govt Ayurveda Hospital: extracted
[local-ai] Govt Homeopathy Hospital: extracted
[local-ai] Alpha palliative care: extracted
[local-ai] anthikkad government homeo dispensary: extracted
[local-ai] Govt Ayurveda Dispensary, Vellangallur;govt.ayurveda dispensary: extracted
[local-ai] Mnmvs Neethi Medical Stores: extracted
[local-ai] Simons Eye Hospital: extracted
[local-ai] KUNNAMKULAM TALUK HOSPITAL: extracted
[local-ai] Arthat govt. homeo dispensary: extracted
[local-ai] Santhigiri Ayurveda And Siddha Hospital: extracted
[local-ai] bag hospital: extracted
[local-ai] Al Ameen Hospital: extracted
[local-ai] AYUSH PHC MANALUR HOMOEO: extracted
[local-ai] Govt.Women and children hospital ponnani: extracted
[local-ai] TB Hospital Ponnani: extracted
[local-ai] Ponnani Muncipal Dialysis & Research: extracted
[local-ai] Paduva hospital: extracted
[local-ai] Rayhan Eye Clinic: extracted
[local-ai] Kerala Police Academy Hospital: extracted
[local-ai] primary health centre karamuck: extracted
[local-ai] Macare Valapad: extracted
[local-ai] S K M medical centre: extracted
[local-ai] Navayoga Sidha Ayurvedhic Hospital: extracted
[local-ai] homeo dispensary: extracted
[checkpoint] saved 650 records
[local-ai] Trinity Hospital: extracted
[local-ai] N N Ayurveda Pharmaceutical: extracted
[local-ai] Community Health Centre, Anthikkad: extracted
[local-ai] Ammirtha Ayurvedha Treatment Centre: extracted
[local-ai] Govt ayurveda hospital: extracted
[local-ai] Guruvayoor Devaswom Hospital: extracted
[local-ai] Puthenkulam Road-Employees State Insurance(ESI) Hospital High Road Ollur: extracted
[local-ai] Kaiparambu Government Homoeo Dispensary: extracted
[local-ai] Life Medical Center: extracted
[local-ai] Sun Diagnostic Centre: extracted
[local-ai] desamangalam govt. hospital: extracted
[local-ai] Community Health Centre Thriprayar: extracted
[local-ai] Peringottukara Dialysis Centre: extracted
[local-ai] co operative hospital manlur: extracted
[local-ai] priya dental clinic: extracted
[local-ai] Gov.Homeo Dispensary- valakkavu: extracted
[local-ai] co operative hospital manaloor: extracted
[local-ai] health centre: extracted
[local-ai] Al Manara Eye Care Hospital: extracted
[local-ai] Manzar Saeed - Consultant - Optegra Eye Health Care: extracted
[local-ai] The pentecoastal mission thrissur: extracted
[local-ai] Astro Health Care: extracted
[local-ai] Primary health centre: extracted
[local-ai] hospital: extracted
[local-ai] Devikripa Hospital: extracted
[checkpoint] saved 675 records
[local-ai] (Holy Cross Hospital Pvt. Ltd)Prashanthi Hospitals: extracted
[local-ai] Shifa Acupuncture: extracted
[local-ai] skincare speciality hospital: extracted
[local-ai] govt hospital: extracted
[local-ai] EMC hospital: extracted
[local-ai] Susrutha Ayurveda Hospital: extracted
[local-ai] Mamal Hospital: extracted
[local-ai] Dr.Sudheendra Ghosh Clinic: extracted
[local-ai] Saraswathy Hospital City Center: extracted
[local-ai] Parvathy Hospital And Clinical Laboratory: extracted
[local-ai] Jayanthi hopital: extracted
[local-ai] Taluk Head Quarters Hospital Malayinkeezhu: extracted
[local-ai] SAF Hospital, Vattappara: extracted
[local-ai] Travncore Hospital: extracted
[local-ai] PNM Hospital: extracted
[local-ai] Family Health Centre Meppadi: extracted
[local-ai] Family Health Center Maranalloor: extracted
[local-ai] kandala co-operative hospitel: extracted
[local-ai] Shifa hospital: extracted
[local-ai] Muthoot hospital: extracted
[local-ai] skin and chest clinic: extracted
[local-ai] Muthoot hospital kozhenchery: extracted
[local-ai] Government Homeo Hospital Thiruvalla: extracted
[local-ai] Ayurveda Hospital Vamanapuram: extracted
[local-ai] Homeo Hospital Vamanapuram: extracted
[checkpoint] saved 700 records
[local-ai] Thaluk hospital Mallappally: extracted
[local-ai] Keyem Hospital: extracted
[local-ai] Govt ayurvedic hospital: extracted
[local-ai] Welfast Hospital: extracted
[local-ai] ESI Hospital, Peroorkada: extracted
[local-ai] Century Hospital: extracted
[local-ai] Sree Venkateswara Hospital: extracted
[local-ai] Siddha Hospital: extracted
[local-ai] Geetha Hospital: extracted
[local-ai] Ayyamppilly Government Hospital: extracted
[local-ai] District Homoeo Hospital: extracted
[local-ai] Royal Eye Clinic: extracted
[local-ai] Community Health Centre, Arunoottimangalam: extracted
[local-ai] Sankers Hospital: extracted
[local-ai] Narayana Ayurveda Chikithsalayam: extracted
[local-ai] Ayurvedic Kerala Massage: extracted
[local-ai] Inter University Centre For BioMedical Research & Superspeciality Hospital: extracted
[local-ai] DDC: extracted
[local-ai] Cradle Hospital: extracted
[local-ai] Merrittus Clinic: extracted
[local-ai] Goverment Ayurveda Hospital: extracted
[local-ai] Dr. Abhilash-Pulmanologist: extracted
[local-ai] life line hospital: extracted
[local-ai] devi hospital: extracted
[local-ai] Babu memorial hospital: extracted
[checkpoint] saved 725 records
[local-ai] Fatima Mission Hospital: extracted
[local-ai] HNL Hospital Newsprint Nagar: extracted
[local-ai] St Thomas Clinic: extracted
[local-ai] Mulanthuruthy Government Homoeo Dispensary: extracted
[local-ai] MMC Hospital: extracted
[local-ai] Life Scan Kanjirapally: extracted
[local-ai] M. A. M. Hospital: extracted
[local-ai] Chettiyamkunnel Homeo Home: extracted
[local-ai] Holy Cross Hospital & Mental Health Centre: extracted
[local-ai] Veterinary Hospital: extracted
[local-ai] Familyy Health Centre, Thirumarady: extracted
[local-ai] Amrutanjan Health Care Limited: extracted
[local-ai] Goverment Ayurveda Hospital Maradu: extracted
[local-ai] BM Pharmacy Ayurveda Hospital: extracted
[local-ai] Gov ayurveda Dispensary: extracted
[local-ai] sree narayana hosp: extracted
[local-ai] Community Health Centre, Sachivothampuram: extracted
[local-ai] Chirayu Ayurvedic Speciality Clinic And Treatment Centre: extracted
[local-ai] Dr. Joy's Hospital: extracted
[local-ai] Nayanar Hospital: extracted
[local-ai] Govt. Homeo Dispensary: extracted
[local-ai] Government General Hospital, Mundakayam: extracted
[local-ai] Anugraha Clinical Care: extracted
[local-ai] Sherina Hospital: extracted
[local-ai] devamatha: extracted
[checkpoint] saved 750 records
[local-ai] santhi medical center: extracted
[local-ai] Cosy medical center: extracted
[local-ai] c a hospital: extracted
[local-ai] Mangalam Hospital: extracted
[local-ai] Parathode Goverment Homoeo Dispensary: extracted
[local-ai] Nature Life Hospital: extracted
[local-ai] mannarkad medicals: extracted
[local-ai] Devivilasam hospital: extracted
[local-ai] Jeevaniyam: extracted
[local-ai] Jacob Hospital: extracted
[local-ai] mercy hospital: extracted
[local-ai] lakshmi hospital: extracted
[local-ai] Fellowship Mission Hospital: extracted
[local-ai] Primary Health Centre, Kozhuvanal: extracted
[local-ai] Janatha Hospital: extracted
[local-ai] Dr jessy memorial hospital: extracted
[local-ai] Chempakasseril Ayurveda Hospital: extracted
[local-ai] lotus heart hospital: extracted
[local-ai] Cedar Hospital: extracted
[local-ai] Rishi Ayurveda Hospital: extracted
[local-ai] St Luke's Hospital: extracted
[local-ai] ഗവ. ജനറൽ ആശുപത്രി, പത്തനംതിട്ട: extracted
[local-ai] Rishi Ayurveda Hospital & Research Centre: extracted
[local-ai] Dr Fazal Rahman: extracted
[local-ai] Narahari Clinic: extracted
[checkpoint] saved 775 records
[local-ai] Mar Baselios Dental College, Thankalam: extracted
[local-ai] Mar Baselios College Of Nursing: extracted
[local-ai] Government Ayurveda Hospital, Kasaragod: extracted
[local-ai] Government Ayurveda Hospital Paravur kollam: extracted
[local-ai] Shifa Hospital: extracted
[local-ai] Holycross Hospital: extracted
[local-ai] Eye Hospital: extracted
[local-ai] Sree Sankara Ayurveda Hospital: extracted
[local-ai] Veda Hospital: extracted
[local-ai] Mount Zion Medical Centre: extracted
[local-ai] Eye Micro Surgery & Laser Centre: extracted
[local-ai] Urban Primary Health Centrre, Kolassery: extracted
[local-ai] shanthi hospital: extracted
[local-ai] Thottapally PHC: extracted
[local-ai] Nedumchalil Eye Hospital: extracted
[local-ai] Enmakaje NHM Homoeo Dispensary: extracted
[local-ai] Primary Health Centre Perla (PHC Perla): extracted
[local-ai] Primary Health Centre, Kaippuram: extracted
[local-ai] KMCT Medical College Hospital: extracted
[local-ai] holy family: extracted
[local-ai] Government Ayurveda Hospital: extracted
[local-ai] SM Hospitals: extracted
[local-ai] Santhi Hospital: extracted
[local-ai] Ayurveda hospital: extracted
[local-ai] Co operative hospital: extracted
[checkpoint] saved 800 records
[local-ai] Exa institution: extracted
[local-ai] Government Thaluk Hospital: extracted
[local-ai] Asha hospital: extracted
[local-ai] Appachy Vaidyans Ayurveda Hospital: extracted
[local-ai] Veterinary Hospital Marangoli: extracted
[local-ai] Homeo Hospital,Pezhummoodu: extracted
[local-ai] G C Hospital: extracted
[local-ai] Govt. Homeo Dispensary: extracted
[local-ai] puttani physiotherapy centre Pala: extracted
[local-ai] Community Health Caenter, Meenanagadi: extracted
[local-ai] Homeo dispensary erumakulam: extracted
[local-ai] mercy hospital: extracted
[local-ai] Shalom Hospital: extracted
[local-ai] Ascent ENT Hospital: extracted
[local-ai] Puthenchira Gov Hospital: extracted
[local-ai] homeo hospital: extracted
[local-ai] Primary Health Centre Pindimana: extracted
[local-ai] Government Ayurvedha Hospital,Kodikulam: extracted
[local-ai] Bishop Jacob Memorial Hospital: extracted
[local-ai] Kannetty Ayurveda Hospital: extracted
[local-ai] Devans clinic: extracted
[local-ai] Primary Health Centre Karavaloor: extracted
[local-ai] Taluk Headquarters Hospital, Punalur: extracted
[local-ai] skin and child clinic: extracted
[local-ai] P.R Kurup Memorial Co-op Hospital: extracted
[checkpoint] saved 825 records
[local-ai] Homeopathic Medical College Ground: extracted
[local-ai] Mottemmal: extracted
[local-ai] Homeopothic Clinic: extracted
[local-ai] q: extracted
[local-ai] akshaya: extracted
[local-ai] MCS Hospital: extracted
[local-ai] Arya Vaidyashala: extracted
[local-ai] Dawakhana Unani Hospital & Hijama Centre: extracted
[local-ai] Holy Cross Hospital: extracted
[local-ai] Ambadi Hospital: extracted
[local-ai] primary health centre: extracted
[local-ai] Community Health Center Pulpally: extracted
[local-ai] Vimala Mary Ayurveda Mission Hospital: extracted
[local-ai] Kottakal Arya Vaidya Sala: extracted
[local-ai] Community Health center, Manacaud: extracted
[local-ai] Santhigiri Ayurveda And Sidha Vaidhyasala: extracted
[local-ai] Veterinary subcentre Anandhapuram: extracted
[local-ai] govt.ayurvedic hospital branch: extracted
[local-ai] നെടുംചാലിൽ ട്രസ്റ്റ് ആശുപത്രി: extracted
[local-ai] Mobile Dispensary Taliparamba: extracted
[local-ai] sfck hospital: extracted
[local-ai] Chadayamangalam Homeo Hospital: extracted
[local-ai] National Homeopathy Research Institute In Mental Health: extracted
[local-ai] Homeo research centre: extracted
[local-ai] PMH Chanaganacherry: extracted
[checkpoint] saved 850 records
[local-ai] V.M Hosiptal: extracted
[local-ai] Government Ayurveda Hospital, Payyanur: extracted
[local-ai] poly clinic: extracted
[local-ai] smita memorial hospital research center: extracted
[local-ai] Kavitha hospital: extracted
[local-ai] safa hospital: extracted
[local-ai] Aswini Medical Centre Hospital: extracted
[local-ai] Welcare Hospital: extracted
[local-ai] Adithya Medicals: extracted
[local-ai] Calicut Hospital And Nursing Home: extracted
[local-ai] Sanitorium OP: extracted
[local-ai] karuna hospital: extracted
[local-ai] St. Marys Mission Hospital Eraviperoor: extracted
[local-ai] Government Hospital: extracted
[local-ai] jims hospital kodaly: extracted
[local-ai] EMC: extracted
[local-ai] SNDP hospital: extracted
[local-ai] Government Homoeo Hospital Muvattupuzha: extracted
[local-ai] Puthenthope Hospital: extracted
[local-ai] Deepa Medicals: extracted
[local-ai] Govt. Homeopathic Hospital: extracted
[local-ai] Pankaja Kasthuri Ayurveda Medical College: extracted
[local-ai] Neyyar Medicity: extracted
[local-ai] Family Health Centre Konnathadi: extracted
[local-ai] Alopathy: extracted
[checkpoint] saved 875 records
[local-ai] Homeo: extracted
[local-ai] Ayurvedic: extracted
[local-ai] Urban Primary Health Centre, Kannancheri: extracted
[local-ai] mattul government hospital: extracted
[local-ai] Dental Hospital: extracted
[local-ai] Malabar Eye Hospital;Seventh Day English Medium School: extracted
[local-ai] Primary Health Centre, Moucode: extracted
[local-ai] PHC Thuruthi: extracted
[local-ai] Primary Health Centre Olat: extracted
[local-ai] paid ward: extracted
[local-ai] Dr.Farook's Children & Women Hospital: extracted
[local-ai] PHC Arikady: extracted
[local-ai] Primary Health Centre Puthige: extracted
[local-ai] Primary Health Centre, Udumbunthala: extracted
[local-ai] Primary Health Centre, Vellarikund: extracted
[local-ai] Primary Health Centre, Mavila kadapram: extracted
[local-ai] PHC Ajanur: extracted
[local-ai] Taluk Hospital, Sulthan Bathery: extracted
[local-ai] Primary Health Centre 24x7, Bayar: extracted
[local-ai] Primary Health Centre, Konnakkad: extracted
[local-ai] PHC Kumbadaje: extracted
[local-ai] Primary Health Centre, Meenja: extracted
[local-ai] Goverment Homeo Hospital, Kadalikkad: extracted
[local-ai] Angadimogaru: extracted
[local-ai] Military Hospital: extracted
[checkpoint] saved 900 records
[local-ai] PHC Panathur (24*7): extracted
[local-ai] Roshan Eye Care: extracted
[local-ai] Community Health Centre,Cheruvathoor: extracted
[local-ai] Primary Health Centre, Karindalam: extracted
[local-ai] Family Health Centre, Vorkady: extracted
[local-ai] Sarga Dental Clinic: extracted
[local-ai] Palliative Care Peermade: extracted
[local-ai] Govt.Taluk Hospital Areacode: extracted
[local-ai] Government Ayurveda Hospital,Kaitheppalam: extracted
[local-ai] Community Health Centre, Muliyar: extracted
[local-ai] gmc speciality ortho hospital: extracted
[local-ai] Primary Health Care, Cheruvancheri: extracted
[local-ai] Family Health Centre, Cheruthazham: extracted
[local-ai] Family health centre, Kottiyoor: extracted
[local-ai] Family Health Centre, Valapattanam: extracted
[local-ai] Co-operative hospital,Koothattukulam: extracted
[local-ai] Primary health care, Kankol Alapadamba: extracted
[local-ai] PHC Angadimogaru: extracted
[local-ai] Priyadarsini Hospital, Payyanur: extracted
[local-ai] Primary health centre, Therthally: extracted
[local-ai] family Health Centre, Muzhappilangad: extracted
[local-ai] Primary health care, Thillankeri: extracted
[local-ai] Primary health care, Kathiroor: extracted
[local-ai] CISCO Hospital: extracted
[local-ai] Government District Hospital, Vadakara: extracted
[checkpoint] saved 925 records
[local-ai] S N Hospital: extracted
[local-ai] oasis ayurveda eye hospital: extracted
[local-ai] Primary health centre, Chuzhali: extracted
[local-ai] Primary health centre, Erammam: extracted
[local-ai] Primary health centre, Kunjimangalam: extracted
[local-ai] Bweekly dispensary, thrikkarippur: extracted
[local-ai] Mobile dispensary, kasargod: extracted
[local-ai] Primary Health Centre, Chalil: extracted
[local-ai] Primary Health Centre, Muttom: extracted
[local-ai] Primary health centre, Ettilkulam: extracted
[local-ai] St Mary's Hospital: extracted
[local-ai] Llh Hospital: extracted
[local-ai] Primary health centre, Ramanthali: extracted
[local-ai] Primary Health Centre, Chandanakampara: extracted
[local-ai] Primary health centre, Kuttiattor: extracted
[local-ai] Primary health centre, Kolachery: extracted
[local-ai] Primary health centre, Pamburuthi: extracted
[local-ai] Primary health centre, Eruvessy: extracted
[local-ai] Vimala Hospital: extracted
[local-ai] Babu Kuttan Skin Hospital: extracted
[local-ai] PAYIs Pet clinic - veterinary hospital (Trivandrum Pet Clinic) , Veterinary medicines and Pet Supplies: extracted
[local-ai] Government Mental Health Center,Thrissur: extracted
[local-ai] Government Homeo Dispensary, Thalayolaparambu: extracted
[local-ai] Suchitra Medical Centre: extracted
[local-ai] Saji Hospital: extracted
[checkpoint] saved 950 records
[local-ai] Parappanangadi Government Fisheries Hospital: extracted
[local-ai] Govt.Community Health Center: extracted
[local-ai] Dream Clinic: extracted
[local-ai] Government Homeo Hospital Ettumanoor: extracted
[local-ai] Nediyakalayil Homoeopathic Clinic: extracted
[local-ai] KMCH Center: extracted
[local-ai] Sankara Homeo Clinic: extracted
[local-ai] Mannalil Ayurveda Hospital: extracted
[local-ai] Thejus Ayurveda, Angamaly: extracted
[local-ai] KB Hospital: extracted
[local-ai] Marian Hospital: extracted
[local-ai] Peace Hill Care Home: extracted
[local-ai] Primary Health Centre, Munroe Island: extracted
[local-ai] Primary Health Centre , Neduvathur: extracted
[local-ai] Preethi Hospital: extracted
[local-ai] Primary Health Centre,Kanjoor: extracted
[local-ai] Primary Health Center Mambra: extracted
[local-ai] Primary Health Center, Ezhukone: extracted
[local-ai] Family Health Centre (PHC) ,SN PuramAyiroorkuzhi: extracted
[local-ai] Primary Health Centre, Pattazhy: extracted
[local-ai] Govt. Siddha Hospital: extracted
[local-ai] Primary Health Centre , Piravanthur: extracted
[local-ai] Primary Health Centre , Aryankavu: extracted
[local-ai] Primary Health Center , Achenkovil: extracted
[local-ai] triprayar govt hospital: extracted
[checkpoint] saved 975 records
[local-ai] Govt. Hospital Othukkungal: extracted
[local-ai] Government Hospital, Mala: extracted
[local-ai] Community Health Centre Pazhayannur: extracted
[local-ai] Community Health Centre Pazhanji: extracted
[local-ai] Primary Health Centre, Alayamon: extracted
[local-ai] Primary Health Centre , Kilikolloor: extracted
[local-ai] Primary Health Centre , Sakthikulangara: extracted
[local-ai] Primary Health Centre , Poruvazhy: extracted
[local-ai] Community Health Centre Mullassery: extracted
[local-ai] Govt Primary Health Centre Odakkayam: extracted
[local-ai] F. R. U. District Hospital Kottayam: extracted
[local-ai] Bharath Hospital: extracted
[local-ai] Community Health Centre Devikulam: extracted
[local-ai] Primary Health Centre Panvally: extracted
[local-ai] Govt Community health Centre Karuvarkundu: extracted
[local-ai] Primary Health Centre Kanthaloor: extracted
[local-ai] Primary Health Centre, Rajakad: extracted
[local-ai] Primary Health Centre, Vazhathope: extracted
[local-ai] Primary Health Center, Vannappuram: extracted
[local-ai] Primary Health Center Arakulam: extracted
[local-ai] Govt.TB Hospital: extracted
[local-ai] District TB Centre, Manjeri: extracted
[local-ai] ashtamgam ayurveda college: extracted
[local-ai] Susrusha Hospital: extracted
[local-ai] S H Medical Center: extracted
[checkpoint] saved 1000 records
[local-ai] City Hospital,kottayam: extracted
[local-ai] Primary Health Centre , Kunnathoor: extracted
[local-ai] Primary Health Centre, Alappad: extracted
[local-ai] Primary Health Centre, Elamadu: extracted
[local-ai] Primary Health Centre Thrikkovilvattom: extracted
[local-ai] Primary Health Centre , Chirakkara: extracted
[local-ai] Primary Health Centre Kummil: extracted
[local-ai] Dr George's Homoeopathy: extracted
[local-ai] Archana hospital: extracted
[local-ai] Community Health Centre Kurathikadu: extracted
[local-ai] Primary Health Centre (PHC) , Thenmala: extracted
[local-ai] Commuity Health Centre Pandanadu: extracted
[local-ai] Community Health Centre Mannar: extracted
[local-ai] CHC Thanneermukkom: extracted
[local-ai] District TB Centre Kollam: extracted
[local-ai] Hospital For Chest Deseases, Karunagappally: extracted
[local-ai] Community Health Centre, Ambalapuzha: extracted
[local-ai] Community Health Centre Chempupuram: extracted
[local-ai] Community Health Centre Chunakara: extracted
[local-ai] Primary health centre, Ezhome: extracted
[local-ai] Lisa Hospital Parking: extracted
[local-ai] Government Ayurvedic Hospital Manappady: extracted
[local-ai] Primary health centre, Elayavoor: extracted
[local-ai] Primary health centre, Anjarakandy: extracted
[local-ai] Primary health centre, Anjarakandy: extracted
[checkpoint] saved 1025 records
[local-ai] Primary Health Centre, Mokeri: extracted
[local-ai] Community health centre, Oduvallithattu: extracted
[local-ai] 24x7 Govt Primary Health centre Vazhayur: extracted
[local-ai] Community health centre, Koottumugham: extracted
[local-ai] Family Health centre Edavaka: extracted
[local-ai] kandalloor Govt homeo dispensary: extracted
[local-ai] Community Health Centre Kanjeettukara: extracted
[local-ai] 24×7 Primary health centre, Koodali: extracted
[local-ai] 24×7 Primary health centre, Kelakam: extracted
[local-ai] 24×7 Primary health centre, Udayagiri: extracted
[local-ai] 24×7 Primary health centre, Parassinikadavu: extracted
[local-ai] 24×7 Primary health centre, Naduvil: extracted
[local-ai] Government Health Centre Nikkadu: extracted
[local-ai] Eye Hospital: extracted
[local-ai] Govt. Tribal Dispensary kannavam: extracted
[local-ai] Bava Hospital: extracted
[local-ai] Primary health centre, Puzhathi: extracted
[local-ai] Primary Health Centre, Urathur: extracted
[local-ai] Primary Health Centre, Manjinikara: extracted
[local-ai] Captains Mathew: extracted
[local-ai] Government Hospital Kattoor: extracted
[local-ai] Vasan Eye Care Hospital: extracted
[local-ai] Family Health Center Mundoor: extracted
[local-ai] Family Health Centre Poyya: extracted
[local-ai] health centre: extracted
[checkpoint] saved 1050 records
[local-ai] holy family dental clinic Plassanal Thalappalam: extracted
[local-ai] Family Health Centre Thiruvallom: extracted
[local-ai] Government Primary Health Centre Othukkungal: extracted
[local-ai] Govt Community Health Centre Kottakkal: extracted
[local-ai] Primary health centre, Ulikkal: extracted
[local-ai] Primary health centre, Keezhalloor: extracted
[local-ai] Primary health centre, Karikkottakari: extracted
[local-ai] Primary health centre, Vallithodu: extracted
[local-ai] Primary health centre, Maloor: extracted
[local-ai] Primary Health Centre Chettivilakam: extracted
[local-ai] Primary Health Centre, Poochapra: extracted
[local-ai] Primary Health Centre Ulloor: extracted
[local-ai] Primary Health Centre, Kottayam Malabar: extracted
[local-ai] Family Health Centre Mudakkal: extracted
[local-ai] Primary health centre, Kadachira: extracted
[local-ai] Family Health Centre, Thannithodu: extracted
[local-ai] government public health centre cheriyamundam: extracted
[local-ai] Primary Health Centre Chemboor: extracted
[local-ai] Samaritan Medical Centre: extracted
[local-ai] government medical hospital: extracted
[local-ai] Government Ayurveda Dispensary: extracted
[local-ai] Goldenflower hospital: extracted
[local-ai] Pulse Hospital: extracted
[local-ai] NHM Primary Health Centre: extracted
[local-ai] Iqraa hospital: extracted
[checkpoint] saved 1075 records
[local-ai] Primary Health Centre Vallikunnam: extracted
[local-ai] PHC Karuvatta: extracted
[local-ai] Chc Edathuva: extracted
[local-ai] Community Health Centre Muthukulam: extracted
[local-ai] Chc Veliyanad: extracted
[local-ai] Government Primary Health Centre Mampad: extracted
[local-ai] Ayush Primary Health Centre Triprangode: extracted
[local-ai] Primary Health Centre, Ponmundam: extracted
[local-ai] Govt Primary Health Centre Iringallur: extracted
[local-ai] Govt Primary Health Centre Tanalur: extracted
[local-ai] Govt Primary Health Centre Chelembra: extracted
[local-ai] Primary Health Centre, Athavanad: extracted
[local-ai] Govt Primary Health Centre Nediyiruppu: extracted
[local-ai] Primary Health Centre Pookottur: extracted
[local-ai] Divya Medicals: extracted
[local-ai] Govt Primary Health Centre Muthuvalloor: extracted
[local-ai] Govt Primary Health Centre Nannambra: extracted
[local-ai] MVM Hospital: extracted
[local-ai] Dr.Abuz Hospital and Diabetic Speciality Care Centre: extracted
[local-ai] Saradha Hospital: extracted
[local-ai] Govt Primary Health Centre Keezhattur: extracted
[local-ai] Primary Health Center Aryad: extracted
[local-ai] Harrison Medical Centre, Edarikode: extracted
[local-ai] Government Primary Health Centre ,Vettathur: extracted
[local-ai] Govt Primary Health Centre Edappatta: extracted
[checkpoint] saved 1100 records
[local-ai] Govt Primary Health Centre Perumpadappu: extracted
[local-ai] Govt Primary Health Centre Maranchery: extracted
[local-ai] Govt Primary Health Centre Nannammukku: extracted
[local-ai] Veeyapuram Primary Health Centre: extracted
[local-ai] Primary Health Centre, Nattakom: extracted
[local-ai] Family Health Centre Veeranakavu: extracted
[local-ai] Primary Health centre Mukkola (Vizhinjam New): extracted
[local-ai] Family Health centre Mayam: extracted
[local-ai] Family Health centre Anad: extracted
[local-ai] Primary Health Centre kanjiramkulam: extracted
[local-ai] dr bejoy's hospital: extracted
[local-ai] mohans: extracted
[local-ai] Primary Health centre Nagaroor: extracted
[local-ai] Family Health Centre Manickal: extracted
[local-ai] Primary Health Center Thazhakkara: extracted
[local-ai] Government Public Health Centre Amarambalam: extracted
[local-ai] Relief Multispeciality Dental Clinic: extracted
[local-ai] Government Public health centre Chemmalasseri: extracted
[local-ai] Government Hospital Erattupetta: extracted
[local-ai] karuna hospital: extracted
[local-ai] Kerala Government Multi Speciality Hospital: extracted
[local-ai] Varam Hospital: extracted
[local-ai] CH Centre hospital: extracted
[local-ai] siddha hospital: extracted
[local-ai] Kumarakom Government Homeo Dispensary: extracted
[checkpoint] saved 1125 records
[local-ai] Family Health Centre, Morazha: extracted
[local-ai] B&B Hospital: extracted
[local-ai] GOVT.Medical College Hospital casuality: extracted
[local-ai] MCH pathology Department: extracted
[local-ai] composite regional centre for skill: extracted
[local-ai] Institute of Mental health and Neuro science: extracted
[local-ai] Tertiary Cancer Care Center: extracted
[local-ai] IRIS: extracted
[local-ai] clinic: extracted
[local-ai] Baby Memorial Hospital, Arayidathupalam: extracted
[local-ai] Family Health Centre AR Nagar: extracted
[local-ai] Govt Family Health sub Centre Ozhur: extracted
[local-ai] Govt Family Health Centre Ponmala: extracted
[local-ai] Govt Family Health Centre Vattamkulam: extracted
[local-ai] Government Family Health Centre Alamcode: extracted
[local-ai] Govt Family Health Centre Pandikkad: extracted
[local-ai] Government Homeo: extracted
[local-ai] Govt Family Health Centre Chokkad: extracted
[local-ai] Santhi General & Children's Hospital: extracted
[local-ai] Primary Health Centre, Chittariparamba: extracted
[local-ai] Primary health centre, Mangattidam: extracted
[local-ai] Primary health centre, Kanichar: extracted
[local-ai] Kerala Institute of Sports Ayurverda & Research Thrissur: extracted
[local-ai] R V D A H Thrissur: extracted
[local-ai] Govt.Ayurveda Hospital, Guruvayur: extracted
[checkpoint] saved 1150 records
[local-ai] Primary health centre, Kudiyanmala: extracted
[local-ai] Primary health centre, Chengalayi;Arimbra auditorium: extracted
[local-ai] Govt.Ayurveda Hospital Kodakara: extracted
[local-ai] V.S.V.M Govt.Ayurveda Hospital Valappad: extracted
[local-ai] V.K.S.M.M Government Ayurveda Hospital Santhipuram: extracted
[local-ai] Govt. Ayurveda Hospital,Azhikode: extracted
[local-ai] Govt.Ayurveda Hospital,Annamanada: extracted
[local-ai] Primary health centre Alacode(Manakadavu): extracted
[local-ai] Primary health centre, Cherukunnu (Punnachery): extracted
[local-ai] Primary health centre Edakkad: extracted
[local-ai] Primary health centre Panniyannur: extracted
[local-ai] Oushadhi ayurveda pharmacy: extracted
[local-ai] Primary Health Centre, Thiruvarppu: extracted
[local-ai] LRKA Govt. Ayurveda Hospital Villadom: extracted
[local-ai] Pulloot: extracted
[local-ai] Madakathra: extracted
[local-ai] Wadakkancheri: extracted
[local-ai] Govt. Ayurveda Dispensary Edavilangu Kodungallur (Via) Thrissur Dt.Pin 680664: extracted
[local-ai] Ashtamichira: extracted
[local-ai] Government Ayurveda Hospital Kadangode: extracted
[local-ai] Neem Care Hospital: extracted
[local-ai] Sai Vibhoothi Eye Care: extracted
[local-ai] dhanvanthari ayurveda hospital: extracted
[local-ai] Government Ayurveda Dispensary Desamangalam: extracted
[local-ai] Primary Health Centre, Cheruvannur Nallalam: extracted
[checkpoint] saved 1175 records
[local-ai] Primary Health Centre, Kundayithod: extracted
[local-ai] Primary Health centre Puttady: extracted
[local-ai] Health Sub Centre: extracted
[local-ai] govt.Ayurveda Dispensory: extracted
[local-ai] Government Ayurveda Dispensary Ashtamichira: extracted
[local-ai] Govt. Ayurveda Dispensary Avanoor ,Thangaloor P.O.,Thrissur Dt., Pin680581: extracted
[local-ai] Govt. Ayurveda Dispensary Chalakudy,ChalakudyP.O.,Thrissur Dt.Pin-680307: extracted
[local-ai] Government Ayurveda Dispensary Chemmannur: extracted
[local-ai] Government Ayurveda Dispensary Chengallur: extracted
[local-ai] Govt. Ayurveda Dispensary Cherpu, Thayankulangara,Near Sneha Bhavan Building,Cherpu.P.O, Thrissur Dt.Pin680561: extracted
[local-ai] Mayura Ayurvedic Centre: extracted
[local-ai] Community Health Centre Nenmara: extracted
[local-ai] ECHS Polyclinic, Kundara,Kollam: extracted
[local-ai] Chelannur General Hospital (Dr.Sushama): extracted
[local-ai] PHC Perumanna: extracted
[local-ai] Oasis Children's Hospital: extracted
[local-ai] Relief hospital and traumacare: extracted
[local-ai] Mercyhospital: extracted
[local-ai] Pranav Hospital: extracted
[local-ai] mahatma ayurveda hospital: extracted
[local-ai] Clims Hospital: extracted
[local-ai] SSR Hospital: extracted
[local-ai] Ayurveda Consultancy: extracted
[local-ai] Govt. Ayurveda Dispensary Eravu, Arimpur P.O. Thrissur Dt.Pin 680620: extracted
[local-ai] Payward: extracted
[checkpoint] saved 1200 records
[local-ai] Ayurdhara: extracted
[local-ai] Kolath Hospital: extracted
[local-ai] Govt. Homoeo Dispensary Kolery: extracted
[local-ai] Anil Kumar. V. G Acupressure Therapist: extracted
[local-ai] HNC Hospital: extracted
[local-ai] cimar mom's hospital: extracted
[local-ai] cimar infertility hospital cheranalloor: extracted
[local-ai] Govt. Ayurveda Dispensary Kadapuram, P.O.Blangad,Thrissur Dt: extracted
[local-ai] Government Ayurveda Dispensary Irunilamcode: extracted
[local-ai] PHC Kumarapuram: extracted
[local-ai] mukam homeopathic dispensary: extracted
[local-ai] Bethseda mental health care center: extracted
[local-ai] Neethi Medicals: extracted
[local-ai] Cyrus hospital: extracted
[local-ai] Reshmi Hospital: extracted
[local-ai] MVR Cancer Center: extracted
[local-ai] Clims Hospital: extracted
[local-ai] Clinic: extracted
[local-ai] Family Health Centre Cheeral: extracted
[local-ai] Veterinary Hospital: extracted
[local-ai] district ayurvedic hospital: extracted
[local-ai] Comtrust Eye hospital: extracted
[local-ai] Community Health Center Cheruvadi: extracted
[local-ai] Primary Health centres Peruvemba: extracted
[local-ai] Government Hospital Chengamanad: extracted
[checkpoint] saved 1225 records
[local-ai] Dr.shahdi's homeopathic..: extracted
[local-ai] government vetinary hospital: extracted
[local-ai] Govt.homeo dispensary,Ulikkal: extracted
[local-ai] Metro Hospital: extracted
[local-ai] Commumity Health Centre Orkatteri: extracted
[local-ai] Al shifa Hospital: extracted
[local-ai] Sesix Hospital, Vidyanagar Masjid Al-Rahman: extracted
[local-ai] Community Health Centre Narikkuni: extracted
[local-ai] Sivodaya Hospital: extracted
[local-ai] medical college: extracted
[local-ai] govt hospital: extracted
[local-ai] Namasthe ayurvedic treatment: extracted
[local-ai] nhsc hospital: extracted
[local-ai] Armana Hospital: extracted
[local-ai] Tribal Medical Unit, Vythiri: extracted
[local-ai] Family Health Centre Anakkatty: extracted
[local-ai] mar baselios medical mission hospital: extracted
[local-ai] Homeo Hospital: extracted
[local-ai] Sahachari Center,Trithallur West: extracted
[local-ai] community health center bhagavathipuram: extracted
[local-ai] vetenary hospital: extracted
[local-ai] ayurveda dispensary: extracted
[local-ai] medical mission clinical lab: extracted
[local-ai] Samudrika Stores: extracted
[local-ai] Peroor Medical Centre: extracted
[checkpoint] saved 1250 records
[local-ai] Homeo clinic: extracted
[local-ai] Geethanjali Hospital: extracted
[local-ai] govt Ayurveda dispensary eruvaikonam: extracted
[local-ai] casuality: extracted
[local-ai] Mohan Clinic: extracted
[local-ai] Banari Hospital: extracted
[local-ai] Ganapathi Hospital: extracted
[local-ai] Ayusagar Ayurvedic Hospital: extracted
[local-ai] Janardan Hospital: extracted
[local-ai] Srimad Anantheshwara Hospital: extracted
[local-ai] Sunrise Hospital: extracted
[local-ai] Deepa Ayurvedic Hospital: extracted
[local-ai] HNC Hospital: extracted
[local-ai] Koliyadukkam Government Homoeo Hospital: extracted
[local-ai] Lakshmi Memorial Hospital: extracted
[local-ai] V.R.F Eye Hospital: extracted
[local-ai] Mother and Child Hospital: extracted
[local-ai] Sradha Hospital, Payyanur: extracted
[local-ai] JJS Hospital: extracted
[local-ai] ESI Hospital: extracted
[local-ai] Shanthi Ayurveda Hospital: extracted
[local-ai] Sahachari Medi City Hospital: extracted
[local-ai] Ncare IVF Hospital: extracted
[local-ai] St.Martin De Porres Hospital: extracted
[local-ai] Beevi Hospital: extracted
[checkpoint] saved 1275 records
[local-ai] PKM Ayurveda Hospital: extracted
[local-ai] S R Hospital: extracted
[local-ai] City Maternity Centre: extracted
[local-ai] Santhigiri Ayurveda and Siddha Hospital: extracted
[local-ai] Raman Memorial Hospital: extracted
[local-ai] R Vision Eye Hospital: extracted
[local-ai] Karuna Hospital: extracted
[local-ai] Sunrise Eye Care Hospital: extracted
[local-ai] Thulasi Malabar Hospital: extracted
[local-ai] Syrus Sky Super Speciality Hospital,Iritty: extracted
[local-ai] Sarojini Marma Vaidyasala: extracted
[local-ai] Cimhans Hospital: extracted
[local-ai] Karunya Hospital: extracted
[local-ai] Dubai Hospital: extracted
[local-ai] Jeevanam Ayurveda Hospital: extracted
[local-ai] Sreechand Speciality Hospital: extracted
[local-ai] Ramsi Hospital: extracted
[local-ai] Pavana Hospital: extracted
[local-ai] Nivil Hospital: extracted
[local-ai] Shemy Hopsital: extracted
[local-ai] Jeevakeeyam Ayurvedic Research Hospital, Payyanur: extracted
[local-ai] Janatha Hospital: extracted
[local-ai] Ayursparsha Ayurveda: extracted
[local-ai] Kuttyadi Co-Operative Hospital: extracted
[local-ai] Micro Health Care: extracted
[checkpoint] saved 1300 records
[local-ai] Dr. O Ali's Shade Medical Centre: extracted
[local-ai] Naduvannur Metro Hospital: extracted
[local-ai] Hiba Hospital: extracted
[local-ai] Primary Health Centre Tuneri: extracted
[local-ai] Koyilandy Co-operative Hospital: extracted
[local-ai] Unicure Unani Hospital: extracted
[local-ai] Aadhivaasi Pachamarunn Chikilsa Kendram: extracted
[local-ai] Primary Health Centre Purameri: extracted
[local-ai] Cooperative Hospital: extracted
[local-ai] Nighingale Medical Mission: extracted
[local-ai] ESI Hospital, Chemmanchery: extracted
[local-ai] Emjay Hospital: extracted
[local-ai] Aswini Hospital: extracted
[local-ai] MM Hospital: extracted
[local-ai] Smart Hospital & Research Centre: extracted
[local-ai] Deeja Hospital: extracted
[local-ai] Sahakarana Hospital: extracted
[local-ai] Rashida Hospital: extracted
[local-ai] Empees Holistic Hospital: extracted
[local-ai] Yourcare Hospital: extracted
[local-ai] Dr. Kripal's Hospital: extracted
[local-ai] Purakkattiri Ayurveda Hospital: extracted
[local-ai] Atholi Co-operative Hospital: extracted
[local-ai] Thulasi Ayurveda Hospital: extracted
[local-ai] Brothers Hospital: extracted
[checkpoint] saved 1325 records
[local-ai] Shifa Hospital: extracted
[local-ai] Poonoor Hospital: extracted
[local-ai] ESI Hospital: extracted
[local-ai] Markaz Unani Hospital & Research Centre: extracted
[local-ai] Royal Hospital: extracted
[local-ai] Calicut Ayurveda Hospital: extracted
[local-ai] SJ Herbolife Ayurveda Siddha Hospital: extracted
[local-ai] Mar Thoma Hospital Guidance Centre: extracted
[local-ai] Esi Hospital: extracted
[local-ai] NC Hospital: extracted
[local-ai] Swastha Ayur Hospital: extracted
[local-ai] Soukhya Ayurveda Hospital: extracted
[local-ai] Markaz Unani Medical College & Hospital: extracted
[local-ai] Urban Primary Health Centre, Kannadikkal: extracted
[local-ai] Nethra Foundation Eye Hospital: extracted
[local-ai] Chest Hospital: extracted
[local-ai] Comtrust Eye Hospital: extracted
[local-ai] Janatha Eye Care: extracted
[local-ai] F R Prime Day Care Hospital: extracted
[local-ai] City Eye Foundation: extracted
[local-ai] Jubilee Hospital: extracted
[local-ai] Mist Hills Hospital: extracted
[local-ai] Viveka Hospital: extracted
[local-ai] Yesu Bhavan Thamarassery: extracted
[local-ai] V Trust Eye Hospital: extracted
[checkpoint] saved 1350 records
[local-ai] Nathans Hospital: extracted
[local-ai] Karuna Hospital: extracted
[local-ai] Hygiene Hospital for Naturopathy & Yoga: extracted
[local-ai] Relief Hospital: extracted
[local-ai] Alphonsa Hospital: extracted
[local-ai] Eye Hospital: extracted
[local-ai] MD Hospital: extracted
[local-ai] Red Crescent Hospital, Chungam Hospital: extracted
[local-ai] High Life Ayurvedic Hospital: extracted
[local-ai] Punarjani Ayurveda Hospital: extracted
[local-ai] MOSC Ground: extracted
[local-ai] Promise Dental Care: extracted
[local-ai] Nature Care Naturopathy Hospital, Mukkam: extracted
[local-ai] Homeopathic Hospital: extracted
[local-ai] Ayur Malabar Ayurveda Hospital: extracted
[local-ai] Vazhaparamba Hospital: extracted
[local-ai] Nalanda Hospital, Ramanattukara: extracted
[local-ai] Al Marjan Group of Kottakkal Ayurveda & Punchakarma Hospital: extracted
[local-ai] Medcity Hospital: extracted
[local-ai] Kottakkal Arya Vaidya Hospital: extracted
[local-ai] Family Dental Hospital: extracted
[local-ai] Ahalia Eye Hospital: extracted
[local-ai] Chest 'N' Child Care: extracted
[local-ai] Bin's Ayurveda Hospital And Pharmacy, Maranchery: extracted
[local-ai] Al Rayhan Eye Hospital: extracted
[checkpoint] saved 1375 records
[local-ai] Karuna Cancer Hospital: extracted
[local-ai] Imran's Eye Hospital: extracted
[local-ai] Niramaya Hospital: extracted
[local-ai] Ayurgreen Hospital: extracted
[local-ai] Unity Mission Hospital: extracted
[local-ai] Government Women and Children Hospital: extracted
[local-ai] Rayhan Eye Hospital: extracted
[local-ai] Kottakkal Unani Hospital & Hijama Centre: extracted
[local-ai] DMS Hospital: extracted
[local-ai] P. K. H. Memorial Hospital: extracted
[local-ai] Hygiene Naturopathy Hospital: extracted
[local-ai] Nadakkavil Hospital: extracted
[local-ai] CH Memorial Hospital: extracted
[local-ai] Alshafi Kottakkal Ayurveda Hospital: extracted
[local-ai] Community Health Centre Tanur: extracted
[local-ai] Neeli Hospital: extracted
[local-ai] Trinity Eye Hospital: extracted
[local-ai] Ponnani Modern Hospital: extracted
[local-ai] Kumber Hospital: extracted
[local-ai] Nasiya Hospital: extracted
[local-ai] Lailas Hospital: extracted
[local-ai] Ayur Shafi Hospital: extracted
[local-ai] Aksaa Eye Hospital: extracted
[local-ai] PKM Hospital: extracted
[local-ai] Fathima Hospital: extracted
[checkpoint] saved 1400 records
[local-ai] Kattukulangara Ayurveda Hospital: extracted
[local-ai] Neo Hospital: extracted
[local-ai] ITEES Eye Hospital: extracted
[local-ai] Nellikkuth Medical Care Hospital: extracted
[local-ai] Craft Hospital: extracted
[local-ai] Jas Hospital: extracted
[local-ai] Ayurveda Hospital: extracted
[local-ai] St.Mary's Hospital: extracted
[local-ai] District Hospital Perinthalmanna: extracted
[local-ai] Al Salama Hospital: extracted
[local-ai] Grace Homoeo Hospital: extracted
[local-ai] Urban Primary Health Centre, Nilambur: extracted
[local-ai] JJ Hospital: extracted
[local-ai] Royal Unani Hospital: extracted
[local-ai] Alnas Hospital: extracted
[local-ai] Ernad Hospital, Manjeri: extracted
[local-ai] Manassanthi Hospital: extracted
[local-ai] Aspel Hospital: extracted
[local-ai] Ascent ENT Hospital: extracted
[local-ai] Alhaya Unani Hospital: extracted
[local-ai] Uranus Kerala Unani Hospital: extracted
[local-ai] Waltz Hospital: extracted
[local-ai] Al Ain Eye Hospital: extracted
[local-ai] Armc Aegis Hospital: extracted
[local-ai] Ayurbin Ayurvedic Hospital: extracted
[checkpoint] saved 1425 records
[local-ai] Vasan Eye Care Hospital: extracted
[local-ai] AVM Hospital: extracted
[local-ai] Shanthi Bhavan Palliative Hospital: extracted
[local-ai] Ayurgem Ayurvedic Hospital: extracted
[local-ai] Aryamadam Ayurveda Health Centre: extracted
[local-ai] Makara Ayurveda Hospital: extracted
[local-ai] Ayush Homoeo Dispensary,PUNNAYURKULAM: extracted
[local-ai] Government Ayurveda Dispensary Pazhayannur: extracted
[local-ai] Gandhiji Naturopathy Hospital: extracted
[local-ai] Alappat Dental Hospital: extracted
[local-ai] Alees Homeopathy Hospital & Research Centre: extracted
[local-ai] Max Care Hospital: extracted
[local-ai] South Zone Eye & Diabetes Hospital: extracted
[local-ai] Skype Dental Hospital: extracted
[local-ai] Government Ayurveda Dispensary, Avanoor: extracted
[local-ai] Bone & Joint Hospital: extracted
[local-ai] Kottakkal Arya Vaidya Sala: extracted
[local-ai] Primary Health Centre 24*7 Arimpur: extracted
[local-ai] Moyalan's Hospital: extracted
[local-ai] Holy Angel Hospital: extracted
[local-ai] Bethzada Ayurvedic Hospital: extracted
[local-ai] Ayurveda Hospital: extracted
[local-ai] Mahalakshmi Multispeciality Dental Hospital: extracted
[local-ai] St. Vincent Diabetes Hospital & Research Centre: extracted
[local-ai] St. Joseph's Hospital: extracted
[checkpoint] saved 1450 records
[local-ai] Kuzhur Panchayat Hospital: extracted
[local-ai] Hospital: extracted
[local-ai] Pullur Mission Hospital: extracted
[local-ai] K A Speciality Hospital: extracted
[local-ai] Okay Mission Hospital: extracted
[local-ai] St. Joseph Hospital: extracted
[local-ai] Mar Thoma Hospital: extracted
[local-ai] Medigreen Hospital: extracted
[local-ai] Merly Jeevamrith Ayurveda Hospital: extracted
[local-ai] MIT Mission Hospital: extracted
[local-ai] Gurudharmam Mission Hospital: extracted
[local-ai] Vismaya Hospital & Diabetes Centre: extracted
[local-ai] Santhi Hospital: extracted
[local-ai] Swami Vivekananda Medical Mission Hospital: extracted
[local-ai] Santhigiri Ayurveda & Siddha Hospital: extracted
[local-ai] Rapha Ortho & Spine Ayurvedic Speciality Centre: extracted
[local-ai] st sholastica hospital: extracted
[local-ai] N.S Hospital, Chundale: extracted
[local-ai] St. Martin Hospital: extracted
[local-ai] Elaj Ayurvedic Hospital: extracted
[local-ai] Karunya Homeo Hospital and Research Centre: extracted
[local-ai] Soorya hospital: extracted
[local-ai] Government District Homoeo Hospital: extracted
[local-ai] Amrita Kripa Charitable Hospital: extracted
[local-ai] Government Ayurveda Hospital: extracted
[checkpoint] saved 1475 records
[local-ai] Ayush Ayurveda Hospital, Parakkal: extracted
[local-ai] Louise Mount Hospital: extracted
[local-ai] Mayo Hospital: extracted
[local-ai] Morning Star Hospital: extracted
[local-ai] Community Health Centre Kongad: extracted
[local-ai] Primary Health Centre, Thachampara: extracted
[local-ai] Ummanazhi Dental Hospital: extracted
[local-ai] Family Health Centre Ongallur: extracted
[local-ai] Vedamitra Ayurveda Hospital: extracted
[local-ai] Central Hospital: extracted
[local-ai] Primary Health Centre, Shornur-II: extracted
[local-ai] Medicina Unani Hospital: extracted
[local-ai] Kashyapa Ayurvedic Hospital: extracted
[local-ai] Janamithra Ayurveda Hospital, Cherpulassery: extracted
[local-ai] Kottakkal Ayurveda Hospital: extracted
[local-ai] Mundath Dental Hospital: extracted
[local-ai] Daya Hospital: extracted
[local-ai] Jayamangalam Hospital: extracted
[local-ai] Government Ayurveda Hospital: extracted
[local-ai] Thulasi ayurveda hospital: extracted
[local-ai] Government Hospital: extracted
[local-ai] Green Vita Hospital: extracted
[local-ai] Government Ayurvedic Hospital Ottappalam: extracted
[local-ai] St. Peters Hospital: extracted
[local-ai] Kalarikkal Ayurveda Hospital: extracted
[checkpoint] saved 1500 records
[local-ai] Alsafa Hospital: extracted
[local-ai] Swami Vivekananda Medical Mission Hospital: extracted
[local-ai] Community Health Centre Agali: extracted
[local-ai] Homoeo Hospital: extracted
[local-ai] St.Francis Shanti Hospital: extracted
[local-ai] Trinity Eye Hospital: extracted
[local-ai] Aabind Hospital: extracted
[local-ai] Mother Josephine Memorial Hospital: extracted
[local-ai] Divisional Railway Hospital: extracted
[local-ai] Arogyodayam Ayurveda Hospital: extracted
[local-ai] Ponnan Pushari Memorial Hospital: extracted
[local-ai] Natural Jothi Ayurveda Hospital: extracted
[local-ai] Bajm Hospital: extracted
[local-ai] Rishi Hospital: extracted
[local-ai] Government Ayurveda Hospital: extracted
[local-ai] Serene Ninan's Hospital: extracted
[local-ai] Arogyodayam Ayurveda Hospital: extracted
[local-ai] Lakshmi Narayana Hospital: extracted
[local-ai] Alathur Maternity & Children's Hospital: extracted
[local-ai] Kandath Mohandas Memorial Health Centre: extracted
[local-ai] Family Health Centre Kollengode: extracted
[local-ai] Vetinaey Hospital Pambanar: extracted
[local-ai] Palamattom Hospital: extracted
[local-ai] Nagarjuna Herbal Concentrates Ltd: extracted
[local-ai] Ranigiri Hospital: extracted
[checkpoint] saved 1525 records
[local-ai] Angel Hospital: extracted
[local-ai] Alphonsa Eye Hospital: extracted
[local-ai] Kunnathupara: extracted
[local-ai] Mary Matha Hospital: extracted
[local-ai] Karunya Hospital: extracted
[local-ai] Archana Hospital: extracted
[local-ai] Primary Health Centre, Peruvanthanam: extracted
[local-ai] VGMS Hospital: extracted
[local-ai] Chempenkulam Ayurvedic Hospital: extracted
[local-ai] MM Hospital: extracted
[local-ai] City Hospital: extracted
[local-ai] Triveni Yoga Naturopathy Research Hospital: extracted
[local-ai] Jyothis Ayurveda Hospital Kattappana: extracted
[local-ai] Ayurvedic Treatment: extracted
[local-ai] Dhanwanthari Hospital: extracted
[local-ai] Marian Hospital: extracted
[local-ai] Chirackal Atreya Ayurveda Hospital: extracted
[local-ai] Ayurhitha Ayurveda Vaidyasala: extracted
[local-ai] Pranab Hospital: extracted
[local-ai] Lifeblooms Hospital: extracted
[local-ai] Fathima Eye Care Hospital: extracted
[local-ai] Anthiyatt Ayurveda Hospital: extracted
[local-ai] Usha Hospital: extracted
[local-ai] Vazhuthanapallil Homoeo Hospital: extracted
[local-ai] Guderale Estate Hospital: extracted
[checkpoint] saved 1550 records
[local-ai] Thanimoodu Homoeopathic Hospital: extracted
[local-ai] Anpu Hospital: extracted
[local-ai] St. Joseph's Hospital: extracted
[local-ai] Goverment Homoeo Dispensary KANAYANKAVAYL: extracted
[local-ai] Tata Tea Hospital: extracted
[local-ai] Chinnar Hospital: extracted
[local-ai] Rural Medical Mission Hospital: extracted
[local-ai] Ayurguham Ayurvendha Hospital: extracted
[local-ai] Janatha Hospital: extracted
[local-ai] Kalarickal Ayurveda Hospital: extracted
[local-ai] Government Homeo Hospital: extracted
[local-ai] Nangelil Hospital: extracted
[local-ai] NIMS Hospital: extracted
[local-ai] Life Line Hospital: extracted
[local-ai] Ideal Mind Care Hospital: extracted
[local-ai] Payattuthara Hospital: extracted
[local-ai] Ayurgrace Ayurveda Hospital: extracted
[local-ai] Tvj Eye Hospital: extracted
[local-ai] Vempilly Ayurveda Hospital: extracted
[local-ai] Life Care Hospital: extracted
[local-ai] Samwarthika Ayurveda Hospital: extracted
[local-ai] Nirmala Medical Mission Hospital: extracted
[local-ai] Badriya Holistic Hospital: extracted
[local-ai] Kottakkal Hospital: extracted
[local-ai] Sanjeevanam Ayurveda Hospital: extracted
[checkpoint] saved 1575 records
[local-ai] Lotus Eye Hospital: extracted
[local-ai] Vathakat Orthopaedic Hospital: extracted
[local-ai] Dr. Elzas Ayurveda Hospital: extracted
[local-ai] B & B Memorial Hospital: extracted
[local-ai] Evershine Hospital: extracted
[local-ai] Cortina Hospital: extracted
[local-ai] Sentrum Hospital: extracted
[local-ai] Urban Primary Health Centre, Chalikkavattom: extracted
[local-ai] Vypeen Hospital: extracted
[local-ai] Dr. Hassan Ayurveda Brain and Spine Super Speciality Hospital: extracted
[local-ai] Alife Ayurvedam: extracted
[local-ai] Futureace Hospital: extracted
[local-ai] Appolo: extracted
[local-ai] Ahalia Foundation Eye Hospital: extracted
[local-ai] Focus Eye Hospital: extracted
[local-ai] Navabharath Medical Hospital: extracted
[local-ai] Santhigiri Ayurveda & Siddha Hospital: extracted
[local-ai] St. Joseph's Hospital: extracted
[local-ai] Palluruthy Government Hospital: extracted
[local-ai] Metro Mind - Psychiatric Hospital: extracted
[local-ai] Medall Healthcare: extracted
[local-ai] Arc Fertility Hospitals: extracted
[local-ai] Government Hospital: extracted
[local-ai] Punarjani Hospital: extracted
[local-ai] Matha Ayurveda Eye Hospital and Panchakarma Centre: extracted
[checkpoint] saved 1600 records
[local-ai] Gandhi Smaraka Hospital and Clinical Laboratory: extracted
[local-ai] Sakthi Hospital: extracted
[local-ai] Sree Krishna Hospital: extracted
[local-ai] SM Hospital: extracted
[local-ai] Sneha Hospital: extracted
[local-ai] Nirmala Hospital: extracted
[local-ai] Sathgamaya Hospital: extracted
[local-ai] M.M Hospital: extracted
[local-ai] Urban Primary Health Centre Attukal: extracted
[local-ai] Dental Hospital: extracted
[local-ai] Wills Hospital: extracted
[local-ai] Providence Hospital: extracted
[local-ai] National Hospital: extracted
[local-ai] Parvathy Hospital: extracted
[local-ai] Priya Hospital: extracted
[local-ai] Corolla Hospital: extracted
[local-ai] Kerala Ayurveda Samajam Hospital: extracted
[local-ai] Sinduja Hospital: extracted
[local-ai] Wellcare Hospital: extracted
[local-ai] Dr. Giris Hospital: extracted
[local-ai] Archana Hospital: extracted
[local-ai] Holy Cross Hospital: extracted
[local-ai] India Hospital: extracted
[local-ai] Urban Primary Health Centre Kalippankulam: extracted
[local-ai] SJ Hospital: extracted
[checkpoint] saved 1625 records
[local-ai] APN Hospital: extracted
[local-ai] Pulse Medicare Hospital: extracted
[local-ai] S.R Hospital: extracted
[local-ai] KBM Hospital: extracted
[local-ai] Gitanjali Eye and ENT Hospital: extracted
[local-ai] Cherian Memorial St. Lukes Hospital: extracted
[local-ai] Sreerudra Ayurveda Multi Speciality Hospital: extracted
[local-ai] Bkm Hospital: extracted
[local-ai] RTM Hospital: extracted
[local-ai] ESI Hospital: extracted
[local-ai] Mathery Hospital: extracted
[local-ai] Urban Primary Health Centre, Mangalam: extracted
[local-ai] Aby's Speciality: extracted
[local-ai] Surya Hospital: extracted
[local-ai] Indukantham Ayurveda Hospital and Panchakarma Centre: extracted
[local-ai] Matha Ayurvedic Hospital: extracted
[local-ai] Government Homeo Hospital: extracted
[local-ai] Mission Hospital: extracted
[local-ai] Dental World: extracted
[local-ai] Assisi Hospital: extracted
[local-ai] Kottakkal Arya Vaidya Sala: extracted
[local-ai] Sugunan Vydhyar: extracted
[local-ai] Centre for Asthma and Allergy: extracted
[local-ai] Our Lady of Mercy Hospital: extracted
[local-ai] Nalanda Hospital: extracted
[checkpoint] saved 1650 records
[local-ai] Ayush Public Health Centre: extracted
[local-ai] Primary Health Center Muttar: extracted
[local-ai] St. Mary's Hospital: extracted
[local-ai] Palmshade Hospital: extracted
[local-ai] Pavanatma Ayurveda Hospital: extracted
[local-ai] Pazhaveedu Medical Care: extracted
[local-ai] Ayurveda Hospital: extracted
[local-ai] Kariparampil Hospital: extracted
[local-ai] VNM Hospital: extracted
[local-ai] Urban Primary Health Centre, Nehrutrophy: extracted
[local-ai] We One Hospital: extracted
[local-ai] Dr. Jaya's Sreepadam Ayurveda Panchakarma Hospital: extracted
[local-ai] Dr. Atma Gopi Memorial Hospital: extracted
[local-ai] Community Health Centre Kurathikad: extracted
[local-ai] Government Ayurveda Hospital: extracted
[local-ai] Carecraft Hospital: extracted
[local-ai] Deepa Hospital: extracted
[local-ai] Mathery Trust Hospital: extracted
[local-ai] Healing Mission Hospital: extracted
[local-ai] Chackalayil Ayurveda Paramparya Sidha Marma Hospital: extracted
[local-ai] DMC Hospital: extracted
[local-ai] Ahalia Eye Hospital: extracted
[local-ai] Sanjivini Multi Speciality Hospital: extracted
[local-ai] Ayush Bhavan Ayurveda Hospital: extracted
[local-ai] Parayil SM Hospital: extracted
[checkpoint] saved 1675 records
[local-ai] Amrita Hospital: extracted
[local-ai] St.Mary's Mission Hospital: extracted
[local-ai] Mulavoor Ayurveda and Panchakarma Hospital: extracted
[local-ai] Ayurdhama Ayurvedic Hospital & Research Centre: extracted
[local-ai] Dr. Basheer Ayurvedic Hospital: extracted
[local-ai] Anantha Homoeo Hospital: extracted
[local-ai] Children's Hospital: extracted
[local-ai] Government Hospital: extracted
[local-ai] Karunya Eye Hospital: extracted
[local-ai] Sudarshanam Ayurveda Eye Hospital & Panchakarma Centre: extracted
[local-ai] Nakkada Mission Hospital: extracted
[local-ai] Rev. George Matthen Medical Mission Hospital: extracted
[local-ai] S.H Hospital: extracted
[local-ai] Excel Hospital: extracted
[local-ai] Dinachakra Hospital: extracted
[local-ai] SS Hospital Polyclinic: extracted
[local-ai] Rishi Ayurveda Hospital: extracted
[local-ai] Vallamkulam Hospital: extracted
[local-ai] Rev. W.C. Cherian Memorial Hospital: extracted
[local-ai] Nedumcheril Hospital: extracted
[local-ai] Dinachakra Hospital: extracted
[local-ai] Immanuel Homeo Hospital: extracted
[local-ai] CT Rafa Hospital: extracted
[local-ai] Good Samaritan Hospital: extracted
[local-ai] Aswini Ayurveda Hospital: extracted
[checkpoint] saved 1700 records
[local-ai] Amecs Eye Hospital: extracted
[local-ai] Kottakkal Aryavaid Hospital, Anchalummoodu: extracted
[local-ai] Ashwini Hospital: extracted
[local-ai] Akshaya Hospital: extracted
[local-ai] NS Ayurveda Hospital and Panchakarma Centre: extracted
[local-ai] FAMILY HEALTH CENTRE (FHC)THEKKUMBHAGAM: extracted
[local-ai] Karalil Hospital: extracted
[local-ai] Ayush Holistic Centre Hospital: extracted
[local-ai] District Homeo Hospital: extracted
[local-ai] PRATHIBHA HOSPITAL: extracted
[local-ai] Amardeep Eye Care: extracted
[local-ai] ESI Hospital: extracted
[local-ai] Urban Primary Health Centre, Vaddy: extracted
[local-ai] Dr. Chakravarthy's Homeopathic Hospital: extracted
[local-ai] Loka Rakshaka Hospital: extracted
[local-ai] Santhigiri Ayurveda & Siddha Hospital: extracted
[local-ai] Homeo Dispensary, Thirukkaruva: extracted
[local-ai] Deepam Hospital: extracted
[local-ai] PMC Speciality Hospital: extracted
[local-ai] Samad IVF Hospital: extracted
[local-ai] Dr. Kumaradas Hospital: extracted
[local-ai] Shifa Hospital: extracted
[local-ai] Jaysree Doctor Eye Hospital: extracted
[local-ai] Kaustubham Ayurvedic Hospital: extracted
[local-ai] Life Care Hospital: extracted
[checkpoint] saved 1725 records
[local-ai] Government Ayurveda Hospital: extracted
[local-ai] A.M.M Hospital: extracted
[local-ai] Dr. Muhammed Kunju's Children's Hospital: extracted
[local-ai] Vaidya Dharma Ayurveda Hospital: extracted
[local-ai] Bright Hospital: extracted
[local-ai] Aram Hospital: extracted
[local-ai] B.P.M Homeo Hospital: extracted
[local-ai] Kayalvaram Ayurvedhic Hospital: extracted
[local-ai] Oushadhi Ayurveda Hospital: extracted
[local-ai] Santhi Ayurveda Hospital: extracted
[local-ai] Athira Hospital: extracted
[local-ai] Upaharamata Hospital: extracted
[local-ai] Arya Ayurveda Hospital: extracted
[local-ai] Care4Life Hospital: extracted
[local-ai] Chaithanya Homoeo Hospital: extracted
[local-ai] Amruthanjali Ayurveda Hospital: extracted
[local-ai] Ayush Public Health Centre: extracted
[local-ai] Sree Siva Ayurvedha Hospital: extracted
[local-ai] Ayursree Ayurveda Hospital: extracted
[local-ai] Medinova Hospital: extracted
[local-ai] Government Homeo Hospital: extracted
[local-ai] Ayush Primary Health NHM-AyurvedaCentre: extracted
[local-ai] Iris Hospital: extracted
[local-ai] Bethany Hospital: extracted
[local-ai] Aradhana Hospital: extracted
[checkpoint] saved 1750 records
[local-ai] Star Hospital: extracted
[local-ai] Lekshmi Memorial Hospital: extracted
[local-ai] R G Hospital: extracted
[local-ai] ESI Hospital: extracted
[local-ai] Ayurjyothi Ayurveda Chikitsa Kendram: extracted
[local-ai] DM Hospital: extracted
[local-ai] Nissi Hospital and Panchakarma: extracted
[local-ai] St. George Hospital: extracted
[local-ai] Johnson Joseph & co. Taxation: extracted
[local-ai] Sathya Hospital: extracted
[local-ai] Mithra Medi Care Hospital: extracted
[local-ai] Roshni Hospital: extracted
[local-ai] Annai Hospital: extracted
[local-ai] Rajasheel Hospital: extracted
[local-ai] Mohanan Vaidyar: extracted
[local-ai] ESI Hospital: extracted
[local-ai] Kadakkal P V S Hospital: extracted
[local-ai] JSM Hospital: extracted
[local-ai] Deen Hospital: extracted
[local-ai] Kalpaka Homeo Hospital: extracted
[local-ai] B R Hospital and Reseach Centre: extracted
[local-ai] Safa Hospital Ayurveda: extracted
[local-ai] Thomas Vaidyan Memorial Hospital: extracted
[local-ai] Ananda Hospital: extracted
[local-ai] Kottakkal Arya Vaidyasala: extracted
[checkpoint] saved 1775 records
[local-ai] Attipra Ayurvedic Hospital: extracted
[local-ai] D.M. Hospital: extracted
[local-ai] Devaki Ayurveda Hospital: extracted
[local-ai] Sanjeevani Ayurveda Hospital: extracted
[local-ai] Kaniyapuram Hospital: extracted
[local-ai] Government Ayurveda Hospital: extracted
[local-ai] AR Hospital: extracted
[local-ai] Ancy Hospital: extracted
[local-ai] J R Hospital: extracted
[local-ai] Suja Hospital: extracted
[local-ai] Nisha Hospital: extracted
[local-ai] Sneha Hospital: extracted
[local-ai] Mission Hospital: extracted
[local-ai] Childrens Hospital: extracted
[local-ai] Fatima Hospital: extracted
[local-ai] Similia Homoeo Hospital: extracted
[local-ai] Government Ayurveda Hospital: extracted
[local-ai] Dr. Subhashini Memorial Hospital: extracted
[local-ai] Oushadi Hospital: extracted
[local-ai] Al Neyadi Hospital: extracted
[local-ai] Stavyah Hospital, Varkala: extracted
[local-ai] CHM Hospital: extracted
[local-ai] Karthika Hospital: extracted
[local-ai] Devi Eye Hospital: extracted
[local-ai] Karunya Hospital: extracted
[checkpoint] saved 1800 records
[local-ai] Olympia House Ayurveda: extracted
[local-ai] Trivandrum District Ayurveda Hospital: extracted
[local-ai] Government Homoeo Hospital: extracted
[local-ai] JJS Homeo Hospital: extracted
[local-ai] SM Hospital: extracted
[local-ai] Sreevinayaka Hospital: extracted
[local-ai] Vasan Eye Care Hospital: extracted
[local-ai] CSI Mission Hospital: extracted
[local-ai] Sri Kochappi Asan Memorial Ayurveda Sidha Marma Traditional Hospital: extracted
[local-ai] Gayathri Hospital: extracted
[local-ai] Athreya Research Center and Hospital: extracted
[local-ai] VV Hospital: extracted
[local-ai] SD Ayurveda Hospital: extracted
[local-ai] KC Hospital: extracted
[local-ai] Ponnupilla Vaidyar's Hospital: extracted
[local-ai] Anupama Hospital: extracted
[local-ai] Deya Homeo Hospital: extracted
[local-ai] Snehadeepam Hospital: extracted
[local-ai] SP Multi Speciality Hospital: extracted
[local-ai] Sthira Ayurvedic Health Care Centre: extracted
[local-ai] Dr. Chandrashekaran Memorial Hospital: extracted
[local-ai] Thiraviam Hospital: extracted
[local-ai] Brothers Hospital and Laboratory: extracted
[local-ai] Jaya Hospital: extracted
[local-ai] Devi Hospital: extracted
[checkpoint] saved 1825 records
[local-ai] Sree Sankara Ayurveda Vaidyashala: extracted
[local-ai] Chaithanya Eye Hospital & Research Institute: extracted
[local-ai] Leela Hospital: extracted
[local-ai] Sreeshylam Ayurveda Hospital: extracted
[local-ai] ESI Hospital: extracted
[local-ai] New Vision Eye Hospital: extracted
[local-ai] Kalapurackal Ayurveda Hospital: extracted
[local-ai] Agappe Hospital: extracted
[local-ai] Kerala State Homeo Medical College and Hospital: extracted
[local-ai] JK Hospital: extracted
[local-ai] Rev. Koshy Chavanickamannil Memorial Hospital: extracted
[local-ai] Peoples Hospital: extracted
[local-ai] Christeena Eye Hospital: extracted
[local-ai] Unnithan's Ayurveda Hospital and Research Centre: extracted
[local-ai] Karuna Bhavan Medical Center, Pallippady: extracted
[local-ai] The Homoeopathic Multi Speciality Hospital & Research Centre: extracted
[local-ai] St. Jude Hospital: extracted
[local-ai] Government Ayurvedic Hospital: extracted
[local-ai] Gejo Hospital: extracted
[local-ai] Indo American Hospital: extracted
[local-ai] Amba Ayurveda Hospital: extracted
[local-ai] Beth Hesdha Naturopathic Hospital: extracted
[local-ai] Jacobs Hospital: extracted
[local-ai] T R & Tea Company Hospital: extracted
[local-ai] Thekkekara Hospital: extracted
[checkpoint] saved 1850 records
[local-ai] CVC Eye Care Hospital: extracted
[local-ai] Government Homeo dispensary Puthenvelikkara: extracted
[local-ai] Pooyappally Government Homoeo DIspensary: extracted
[local-ai] Govt. Ayurveda Dispensary: extracted
[local-ai] Mayynad Primary Health Centre: extracted
[local-ai] Casuality: extracted
[local-ai] Sparsam Hospital: extracted
[local-ai] Vadasserikara Government Ayurveda Hospital: extracted
[local-ai] Health Sub Center Erkkara: extracted
[local-ai] Mahalalekshmi Clinic: extracted
[local-ai] Emplayeed State Insurance Hospital: extracted
[local-ai] ESI Dispensary: extracted
[local-ai] Sarada Clinic: extracted
[local-ai] Gov.Veterinary Hospital: extracted
[local-ai] Arogyakeralam Wayanad: extracted
[local-ai] FWC pathiripalam: extracted
[local-ai] FWC Subcentre Vadakkanad: extracted
[local-ai] Health Center-Rattakundu: extracted
[local-ai] FWC Kallupadi: extracted
[local-ai] Sub Centre, Pakkam: extracted
[local-ai] Primary Health Centre Vazhavatta: extracted
[local-ai] Pariyaram Sub Center: extracted
[local-ai] Appad Sub center: extracted
[local-ai] choothupara sub center: extracted
[local-ai] Choothupara Sub center: extracted
[checkpoint] saved 1875 records
[local-ai] Cheerankunnu Sub center: extracted
[local-ai] Chennalode Veterinary hospital: extracted
[local-ai] Chennalode public health Center: extracted
[local-ai] Kenichira Sub Centre: extracted
[local-ai] Sreedhar Memorial Hospital: extracted
[local-ai] Sreedhar Memorial Medical Center: extracted
[local-ai] SC Valavayal: extracted
[local-ai] SC Thazhamunda: extracted
[local-ai] SC Chempakapetta: extracted
[local-ai] SC Irulam: extracted
[local-ai] sc adikolly: extracted
[local-ai] sc kalloorkunnu: extracted
[local-ai] SC Valanchery: extracted
[local-ai] SC Vakery: extracted
[local-ai] SC Pazhupathoor: extracted
[local-ai] SC Pazhery: extracted
[local-ai] Govt Homoeo Dispensary: extracted
[local-ai] Taluk head quarters hospital, Peravoor: extracted
[local-ai] Govt Hospital Nedumoncavu: extracted
[local-ai] Community Health Centre Kanyakulangara: extracted
[local-ai] Government Homeo Dispensary Vandazhi: extracted
[local-ai] Primary Health Centre, Ayyappancovil: extracted
[local-ai] GOVT AYURVEDA HOSPITAL AYOOR: extracted
[local-ai] Govt. Ayurveda dispensary Kamakshy: extracted
[local-ai] govt ayurveda hospital paravoor kollam: extracted
[checkpoint] saved 1900 records
[local-ai] Govt Ayurveda Hospital: extracted
[local-ai] Govt: Ayurveda Hospital Mlamala: extracted
[local-ai] GOVERNMENT AYURVEDA DISPEBSARY: extracted
[local-ai] GOVT AYURVEDA DISPENSARY CHATHANNOOR: extracted
[local-ai] Ayush PHC NHM Ayurveda, Bhoothakulam: extracted
[local-ai] Nilakkal Government Hospital: extracted
[local-ai] Veterinary Hospital Naranammoozhy: extracted
[local-ai] Mammen Memorial Hospital, Chengannur: extracted
[local-ai] Government Homeo Dispensary Kuninji: extracted
[local-ai] Government Veterinary Dispensary: extracted
[local-ai] TRINITY HOMOEOPATHY: extracted
[local-ai] Govt. Ayurveda Dispensary Vandanmedu: extracted
[local-ai] Njarakkal Govt. Homoeo Dispensary: extracted
[local-ai] Government Homoeo Model Dispensary Edakochi: extracted
[local-ai] Govt Homoeo Dispensary Okkal: extracted
[local-ai] Government Homoeo Dispensary Kunnukara: extracted
[local-ai] GOVERNMENT HOMOEO DISPENSARY CHITTATTUKARA: extracted
[local-ai] Homeo, Ayurveda Dispensary: extracted
[local-ai] Government Homoeo dispensary Nedumbassery: extracted
[local-ai] veterinary hospital cherpu: extracted
[local-ai] veterinary hospital ollur: extracted
[local-ai] veterinary sub centre thaikattussery: extracted
[local-ai] Government Homoeo dispensary Nedumbassery: extracted
[local-ai] Veterinary Dispensary: extracted
[local-ai] SC MARAKKADAVU: extracted
[checkpoint] saved 1925 records
[local-ai] SC CHAAMAPPARA: extracted
[local-ai] SC SASIMALA: extracted
[local-ai] AYUSH PHC NENMANIKKARA HOMOEO: extracted
[local-ai] Veterinary Dispensary: extracted
[local-ai] govt homoeo dispensary vengola: extracted
[local-ai] DISTRICT VETERINARY CENTRE THRISSUR: extracted
[local-ai] vallachira vetinary hopital: extracted
[local-ai] APHC(NHM)HOMOEO PUDUKKAD: extracted
[local-ai] Annamanada Ayush Phc (Homoeo): extracted
[local-ai] ayush primary health centre homoeo mullasseri: extracted
[local-ai] AYUSH PHC HOMOEO KODASSERY: extracted
[local-ai] Ayush PHC Homoeo Pookode: extracted
[local-ai] AYUSH PHC HOMOEOPATHY ENGANDIYUR: extracted
[local-ai] AYUSH PHC HOMOEOPATHY CHELAKKARA, Chelakkara P.O., Thrissur 680586: extracted
[local-ai] VETERINARY DISPENSARY CHAIPPANKUZHY: extracted
[local-ai] ICDP SUBCENTER KUTTICHIRA: extracted
[local-ai] Veterinary hospital Avinissery: extracted
[local-ai] AYUSH PHC HOMOEO PERINJANAM: extracted
[local-ai] Ayurveda Dispensary: extracted
[local-ai] GAD Kandassamkadavu: extracted
[local-ai] Veterinary Dispensary Perinjanam: extracted
[local-ai] vetarinary dispensary punnayur: extracted
[local-ai] veterinary sub centre manalur: extracted
[local-ai] Government Veterinary Sub Centre Muttithadi: extracted
[local-ai] Government Ayurveda Dispensary: extracted
[checkpoint] saved 1950 records
[local-ai] veterinary sub centre chowannur: extracted
[local-ai] veterinary dispensary chowannur: extracted
[local-ai] government ayurveda dispensary: extracted
[local-ai] Veterinary Dispensary Ashtamichira: extracted
[local-ai] veterinary sub centre pazhookkara: extracted
[local-ai] Veterinary Sub Centre Poyya: extracted
[local-ai] Veterinary Sub Centre Annanad: extracted
[local-ai] veterinary subcenter punnayur: extracted
[local-ai] GOVT AYURVEDA DISPENSARY,AYYANTHOLE: extracted
[local-ai] govt homoeo dispensary arimpur: extracted
[local-ai] GOVT HOMOEO DISPENSARY AYYANTHOLE: extracted
[local-ai] Muriyad Government Homoeo Dispensary: extracted
[local-ai] AYUSH NHM Homoeo Dispensary: extracted
[local-ai] Govt.Ayurveda Dispensary Avinissery: extracted
[local-ai] Engandiyur Veterinary sub centre: extracted
[local-ai] NHM AYURVEDA DISPENSARY: extracted
[local-ai] Ayush NHM PHC Homoeopathy, Mundathikode: extracted
[local-ai] AYUSH NHM PHC ,HOMOEOPATHY MATHILAKAM: extracted
[local-ai] Gad Choondal: extracted
[local-ai] Government Homeo Dispensary, Thiruvilwamala: extracted
[local-ai] GOVT AYURVEDA DISPENSARY VETTILAPPARA: extracted
[local-ai] Tholur Govt.Homoeo dispensary: extracted
[local-ai] GAD Ollukkara: extracted
[local-ai] Govt Ayurveda DIspensary Venkitangu: extracted
[local-ai] Veterinary Dispansary Pulacode: extracted
[checkpoint] saved 1975 records
[local-ai] ICDP Sub center Kalappara: extracted
[local-ai] Government Ayurveda Dispensary, Alagappanagar: extracted
[local-ai] GOVT AYURVEDA DISPENSARY PARIYARAM: extracted
[local-ai] Government Ayurveda Dispensary, Thiruvilwamala: extracted
[local-ai] homoeo dispensary: extracted
[local-ai] Government Ayurveda Dispensary Parappukara: extracted
[local-ai] AYUSH Primary Health Centre Homeopathy Kadukutty Vynthala Homoeo Dispensery: extracted
[local-ai] Government Homoeo Dispensary, Venkitangu: extracted
[local-ai] Ayush Ayurveda PHC NHM Kadappuram: extracted
[local-ai] Family Welfare Sub-Centre, Eravipuram: extracted
[local-ai] govt.ayurveda dispensary: extracted
[local-ai] Govt Ayurveda dispensery: extracted
[local-ai] AYURSHIFA AYURVEDA PANCHAKARAM AND MARAMA RESEARCH CENTRE: extracted
[local-ai] Govt. Ayurveda Dispensary, Kodassery, Pulinkara: extracted
[local-ai] Govt Homeo Dispensary, Parambil Bazhar: extracted
[local-ai] Veterinary Dispensary Erumapetty: extracted
[local-ai] government ayuveda hospital puthenchira: extracted
[local-ai] Government Ayurveda Dispensary, Tholur: extracted
[local-ai] Nikhila Homeo Clinic and Fertility Speciality Centre, Payyanur: extracted
[local-ai] The Payyanur Eye Foundation Super Speciality Eye Hospital, Payyanur: extracted
[local-ai] Meenakshiamma Memorial Hospital, Payyanur: extracted
[local-ai] Souparnika Ayurvedic Hospital, Payyanur: extracted
[local-ai] Multi Speciality Dental Clinic, Payyanur: extracted
[local-ai] DI Care Clinic, Payyanur: extracted
[local-ai] RIC Shasthamkotta: extracted
[checkpoint] saved 2000 records
[local-ai] Koshys Multispeciality Dental Care: extracted
[local-ai] Govt.Hospital: extracted
[local-ai] govt ayurveda dispensary west kallada: extracted
[local-ai] Laurus Medical Scribbing Institute: extracted
[local-ai] Rehana Homeo Clinic: extracted
[local-ai] Government Ayurveda Dispensary: extracted
[local-ai] Taluk Head Quarter Hospital, Nileshwer: extracted
[local-ai] Maria Hospital: extracted
[local-ai] Co operative hospital: extracted
[local-ai] TIRUR NURSING HOME: extracted
[local-ai] Homeohosital: extracted
[local-ai] Coorperative Hospital Kaduthuruthy: extracted
[local-ai] Sivaganga Ayurveda Spine Clinic: extracted
[local-ai] Neethi Medical Store: extracted
[local-ai] Clinic: extracted
[local-ai] P R Ramavarma Raja Memorial Co-operative Hospital, Alakode: extracted
[local-ai] Karikulam PHC: extracted
[local-ai] Deepa Hospital,Alakode: extracted
[local-ai] ESI Dispensary: extracted
[local-ai] PHC NELLIKUNNU: extracted
[local-ai] homeo clinic: extracted
[local-ai] Kerala Medical College,Mangod: extracted
[local-ai] Mary Baptist Hospital: extracted
[local-ai] Ayush Primary Health Centre ,Balanthode: extracted
[local-ai] Aarogya upakendram, Pottanthode: extracted
[checkpoint] saved 2025 records
[local-ai] Community Health Centre, Pathanapuram: extracted
[local-ai] Primary Health Center Vazhaparamb: extracted
[local-ai] Usha Nursing Home: extracted
[local-ai] Dental clinic: extracted
[local-ai] samuels clinic: extracted
[local-ai] SB Homeo Clinic: extracted
[local-ai] hospital: extracted
[local-ai] Ayush Primary Health Centre, Vallikunnam: extracted
[local-ai] NEWLIGHT HOSPITAL: extracted
[local-ai] AYUSH HOMEO PHC VANDENMEDU: extracted
[local-ai] Sidha Ayurveda Hospital, Ambayathode: extracted
[local-ai] Co-Operative Hospital, Cherpulassery: extracted
[local-ai] Shankar hospital, Cherpulassery: extracted
[local-ai] TreeG eye Care Hospital, Manjeri: extracted
[local-ai] KP Prabhakaran memorial government hospital anthikkad: extracted
[local-ai] Modern Medicare, Cherpulassery: extracted
[local-ai] sanjeevani hospital ground: extracted
[local-ai] Moulana Homoeopathy: extracted
[local-ai] Primary Health Centre Mangad: extracted
[local-ai] Ashwamalika Hospital, kanjany: extracted
[local-ai] Jubilee Ayurveda Misson Hospital: extracted
[local-ai] Hospital: extracted
[local-ai] hospital,doctors: extracted
[local-ai] hospital,doctors: extracted
[local-ai] Homeo dispensery: extracted
[checkpoint] saved 2050 records
[local-ai] SANJEEVANI MULTI SPECIALITY HOSPITAL, CHERIYANAD, CHENGANNUR: extracted
[local-ai] chambakkara primary health centre: extracted
[local-ai] Ayush Homeo Clinic, Vedaraplavu: extracted
[local-ai] clinic: extracted
[local-ai] KONAY: extracted
[local-ai] Ayur Vaidyanath: extracted
[local-ai] Cherupusppm Hospital: extracted
[local-ai] Dr. Babu Krishnakumar Clinic: extracted
[local-ai] Homeopathic Hospital: extracted
[local-ai] Devamatha: extracted
[local-ai] clinic: extracted
[local-ai] Homeo Dispensary: extracted
[local-ai] Aayush phc, kannapuram: extracted
[local-ai] Kudumbakshema kendram: extracted
[local-ai] ayurvedha hospital ground mundayamparambu: extracted
[local-ai] mgm: extracted
[local-ai] Nirmala Hospital Anickadu: extracted
[local-ai] veterinary hospital: extracted
[local-ai] sh hospital: extracted
[local-ai] smita memorial hospital and research center: extracted
[local-ai] Government Ayurveda hospital: extracted
[local-ai] Government homeo duspensery: extracted
[local-ai] Thiruvalla medical mission hospital: extracted
[local-ai] VAKATHANAM GOVERNMENT HOSPITAL: extracted
[local-ai] CHERUKAV AYURVEDA DISPENSARY: extracted
[checkpoint] saved 2075 records
[local-ai] ECHS POLYCLINIC: extracted
[local-ai] Government Women and Children Hospital: extracted
[local-ai] devi medicals: extracted
[local-ai] karuna medicals: extracted
[local-ai] vaisakh hospital: extracted
[local-ai] vaisakh hospital: extracted
[local-ai] xpal skin care: extracted
[local-ai] Military Hospital: extracted
[local-ai] NKBM HOSPITALS: extracted
[local-ai] ELETTIL HOSPITAL, ELETTIL: extracted
[local-ai] Family health centre ,elettil: extracted
[local-ai] Puliparakkal medical care,elettil: extracted
[local-ai] SHANTHI HOSPITAL ,ELETTIL: extracted
[local-ai] SUBJECT HEALTH CENTRE,KACHERIMUKKU: extracted
[local-ai] Pallichal Panchayat Hospital Thannivila: extracted
[local-ai] Anamaya Hospital: extracted
[local-ai] Dental clinic: extracted
[local-ai] Deepa Hospital: extracted
[local-ai] ARM Medical center: extracted
[local-ai] TB hospital Karuvatta: extracted
[local-ai] Revathy Clinic: extracted
[local-ai] lakshmi home nurse: extracted
[local-ai] Government Homeo Dispensary: extracted
[local-ai] naveen hospital: extracted
[local-ai] Maria Nilayam Health Centre: extracted
[checkpoint] saved 2100 records
[local-ai] PADMAVATHY MEDICAL FOUNDATION: extracted
[local-ai] govt.homeopathy hospital muttom: extracted
[local-ai] eye hospital: extracted
[local-ai] Primary Health Center, Vattiyoorkavu: extracted
[local-ai] Aayogyarakshamani: extracted
[local-ai] Chithra Hospital: extracted
[local-ai] Devamatha Hospital: extracted
[local-ai] Family Health Care Centre: extracted
[local-ai] Government Homeo Hospital: extracted
[local-ai] ayurveda: extracted
[local-ai] RYSA DENTAL CLINICS: extracted
[local-ai] SP Fort Hospital: extracted
[local-ai] Primary Health Centre: extracted
[local-ai] Ayurvedha: extracted
[local-ai] Primary Health Centre: extracted
[local-ai] Government Siddha Dispensary, Madathara: extracted
[local-ai] GOVERNMENT AYURVEDA DISPENSARY CHENGALOOR: extracted
[local-ai] Govt ayurvedic hospital,Kottappady: extracted
[local-ai] Homeo Dispensary, Madakkimala: extracted
[local-ai] Edamon PHC: extracted
[local-ai] Covid test centre: extracted
[local-ai] AYIKKARAPPADI HEALTH SUB CENTRE: extracted
[local-ai] CHERUKAV HOMEO DISPENSARY: extracted
[local-ai] PHC CHERUKAVU: extracted
[local-ai] Mother Medicare, Muttil: extracted
[checkpoint] saved 2125 records
[local-ai] Moopanad Central Hospital: extracted
[local-ai] Community Health Center Meppadi: extracted
[local-ai] Government Homeo Dispensary Meppadi: extracted
[local-ai] Primary Health Centre, Pettah: extracted
[local-ai] Homeo Hospital, Thuruthicad: extracted
[local-ai] Garden Hospital: extracted
[local-ai] Hospital Mundakai: extracted
[local-ai] A V T Chulikka Estate Hospital: extracted
[local-ai] Grace Hospital, Neriamangalam: extracted
[local-ai] Dr.P.Natarajan Memorial Hospital: extracted
[local-ai] Taluk Headquarters Hospital, Nilambur: extracted
[local-ai] Government Mental Health Centre, Kuthiravattom: extracted
[local-ai] Public Health Care Kunnambatta: extracted
[local-ai] Ayurvali Hospital: extracted
[local-ai] Family Wealth Care Thrikaipetta: extracted
[local-ai] Ayurveda Hospital: extracted
[local-ai] MARY MATHA HOSPITAL: extracted
[local-ai] Aswini Hospital: extracted
[local-ai] ASWINI EYE CARE: extracted
[local-ai] Pathanapuram Government Homoeo Dispensary: extracted
[local-ai] GOVERNMENT UNANI DISPENSARY: extracted
[local-ai] Doctors Speciality Hospital: extracted
[local-ai] Government Homeo Hospital kootar: extracted
[local-ai] Community Health Centre Vakkom: extracted
[local-ai] Mitra Homoeopathy: extracted
[checkpoint] saved 2150 records
[local-ai] Karakkal Ayurveda: extracted
[local-ai] Pulamanthole Eye Centre: extracted
[local-ai] Homio Hospital: extracted
[local-ai] rams hospital parking: extracted
[local-ai] Fathima hospital: extracted
[local-ai] Shifa dental hospital,Mukkam: extracted
[local-ai] Govt Homeo Hospital: extracted
[local-ai] Aradhana Hospitals: extracted
[local-ai] Vetinary Hospital: extracted
[local-ai] take care polyclinic payachode: extracted
[local-ai] Al Abeer Medical College Proposed site: extracted
[local-ai] Holy Ghost Mission Hospital Muttuchira: extracted
[local-ai] Primary Health Center Vayalada: extracted
[local-ai] Dr. Janardhanan's Clinic: extracted
[local-ai] MediLab: extracted
[local-ai] Balussery Mukku Taluk Hospital: extracted
[local-ai] K K Hospital: extracted
[local-ai] PVS Sunrise Hospital, Palayam: extracted
[local-ai] Parambil Hospital: extracted
[local-ai] Tata Hospital, Thekkil: extracted
[local-ai] Community Health Center, Ezhikkara: extracted
[local-ai] Medi Care: extracted
[local-ai] Care plus: extracted
[local-ai] Private homeopathy centre: extracted
[local-ai] Primary Health Center, Eloor: extracted
[checkpoint] saved 2175 records
[local-ai] Clinic: extracted
[local-ai] Oommen's Eye Hospital, Chengannur: extracted
[local-ai] Kattakayam Hospital,Kuttichira: extracted
[local-ai] Family Health Centre Pariyaram: extracted
[local-ai] Neethi High-Tech Lab: extracted
[local-ai] Parakkal Dental Care And Orthodontic Centre: extracted
[local-ai] Primary Health centre ,Avanoor: extracted
[local-ai] GEM hospitals and research centre: extracted
[local-ai] Urban Primary Health Centre, V R Puram: extracted
[local-ai] dental hospital: extracted
[local-ai] ESI Hospital Bharanikkavu: extracted
[local-ai] Raja Hospital,Tholady: extracted
[local-ai] Avitis Hospital: extracted
[local-ai] MM Hospital Pappinisseri: extracted
[local-ai] Grace poly clinic: extracted
[local-ai] Medical Trust Hospital: extracted
[local-ai] Family Health Centre, Cherukunnuthara: extracted
[local-ai] Indian Population Project Sub Centre Kakkayur: extracted
[local-ai] Government Ayurvedic Dispensary: extracted
[local-ai] Community Health Centre, Azhikode: extracted
[local-ai] Government Homoeo Dispensary, Azhikode: extracted
[local-ai] Family health center Kamakshy: extracted
[local-ai] Atreya Hospital: extracted
[local-ai] KERF ENT Speciality Hospital ( Kerala ENT Research Foundation ): extracted
[local-ai] Dr. Jose Kumar: extracted
[checkpoint] saved 2200 records
[local-ai] Drshanib's CITY DENTAL CLINIC& ORTHODONTIC CENTER: extracted
[local-ai] ABHAYA HOMEO CLINIC: extracted
[local-ai] Govinda pharmacy: extracted
[local-ai] Dr Felson Francis (Veterinary Doctor): extracted
[local-ai] Family Health Center Villyapally: extracted
[local-ai] Primary Health Centre, Chengottukavu: extracted
[local-ai] karunya hospital: extracted
[local-ai] government hospital: extracted
[local-ai] Dr samuel's Clinic: extracted
[local-ai] Santhigiri Ayurveda And Siddhant Hospital: extracted
[local-ai] Alapuzha Government Hospital: extracted
[local-ai] Unity Hospital, Kattoor: extracted
[local-ai] Lifecare Hospital: extracted
[local-ai] Primary Health Centre Kunnukara: extracted
[local-ai] Family Health Centre Eroor: extracted
[local-ai] Community Health Center Chunnakara: extracted
[local-ai] Sree Anjaneya Diabetic and Medical Centre: extracted
[local-ai] Primary Health Center Kodumthuruth: extracted
[local-ai] Ayurveda hospital varapuzha: extracted
[local-ai] Lakshmisudha hospital Urakam: extracted
[local-ai] Lakshmikripa Hospital Urakam: extracted
[local-ai] Family Health Center Nellaya: extracted
[local-ai] Santhinikethanam Ayur Vedic Hospital: extracted
[local-ai] Primary Health Centre, Kaduthuruthy: extracted
[local-ai] Ayurvedha Dispensary: extracted
[checkpoint] saved 2225 records
[local-ai] Casuality Block ,Govt Medical College Kozhikode: extracted
[local-ai] Government Dental College, Kozhikode: extracted
[local-ai] Sreekrishna mamgalam ayurvadic hospital: extracted
[local-ai] Family Health Center Puduppadi: extracted
[local-ai] Family Health Center Ramanattukara: extracted
[local-ai] Family Health Center Nochad: extracted
[local-ai] Community Health Center Thiruvallur: extracted
[local-ai] Women and Child Hospital Kottaparmbu: extracted
[local-ai] Vetinary Hospital Building: extracted
[local-ai] Primary Health Center Pallipuram: extracted
[local-ai] Primary Health Center Kappoor: extracted
[local-ai] Primary Health Center Pattithara: extracted
[local-ai] Family Health Center Kumbidi: extracted
[local-ai] Thripunithura Ramavarma Palace Dispensary: extracted
[local-ai] Family Health Centre Chowara: extracted
[local-ai] Arafa Hospital Kadakkal: extracted
[local-ai] Primary Health Centre Palakuzha: extracted
[local-ai] Goverment Homeo Dispensary: extracted
[local-ai] PHC Pallikkathodu Kayoori: extracted
[local-ai] Secretariate Health Clinic Thiruvananthapuram: extracted
[local-ai] Al Amal hospital tripanachi: extracted
[local-ai] Subcentre PHC Kottukal: extracted
[local-ai] Primary Health Centre Chengottukavu: extracted
[local-ai] Primary Health Centre Nedumbassery: extracted
[local-ai] Family Health Centre Alangad: extracted
[checkpoint] saved 2250 records
[local-ai] Primary Health Centre Thrikakkara: extracted
[local-ai] Primary Health Centre Manjalloor: extracted
[local-ai] Cochin Cancer Research Centre: extracted
[local-ai] Family Health Centre, Panangad: extracted
[local-ai] Community Health Centre, Varapuzha: extracted
[local-ai] Primary Health Centre, Mookkannor: extracted
[local-ai] Primary Health Centre, Parakkadavu: extracted
[local-ai] Primary Health Centre Pothanicad: extracted
[local-ai] Community Health Centre, Vengola: extracted
[local-ai] Community health Centre Pallarimangalam: extracted
[local-ai] Community Health Centre Varapetty: extracted
[local-ai] Family Health Center, Pookottukavu: extracted
[local-ai] Prateeksha I.R.C.A. Deaddiction Centre: extracted
[local-ai] Mother & Child Hospital: extracted
[local-ai] Mary Matha Hospital, Neriamangalam: extracted
[local-ai] Alchemy hospital: extracted
[local-ai] Karunnya Pharmacy: extracted
[local-ai] SNV Ayurveda Dispensary: extracted
[local-ai] Mahatma Gandhi Memorial Hospital & Lab, Kavalangad: extracted
[local-ai] Welcare hospital: extracted
[local-ai] Homeo dispensery: extracted
[local-ai] Government Homeo Dispensary, Nellimattom: extracted
[local-ai] Government Dispensary High Court Ernakulam: extracted
[local-ai] Community Health Centre Pallipuram: extracted
[local-ai] Family Health centre Chittattukara: extracted
[checkpoint] saved 2275 records
[local-ai] sub primary health center: extracted
[local-ai] Jyothi Hospital Emergency Casualities: extracted
[local-ai] Nahas hospital: extracted
[local-ai] Queens City Hospital, Oonnukal: extracted
[local-ai] Mulambel Homeo Clinic, Nellimattom: extracted
[local-ai] Family Health Center Kizhakkenchery: extracted
[local-ai] Dr.Siby's Clinic, Oonnukal: extracted
[local-ai] Family Health Center Puthucode: extracted
[local-ai] Penuel Ayurvedic Hospital: extracted
[local-ai] Family Health Center Vandazhi: extracted
[local-ai] Family Health Center Kuthannur: extracted
[local-ai] Taluk Head Quarters Hospital Alathur: extracted
[local-ai] Primary health care, thallamal: extracted
[local-ai] Primary Health Center Kavassery: extracted
[local-ai] Vettucaud Government Homoeo Dispensary: extracted
[local-ai] Government Ayurvedic dispensary: extracted
[local-ai] paliative care: extracted
[local-ai] Aushadaalaya Ayurvedic Hospital , Blangaad beach: extracted
[local-ai] Family Health center Vazhakkad: extracted
[local-ai] Government Ayurveda hospital Akkode: extracted
[local-ai] Government Homeopathy Hospital: extracted
[local-ai] Health Sub Center Mundumuzhi: extracted
[local-ai] FHC KOLLENGODE: extracted
[local-ai] Primary Health Centre, Vadavanoor: extracted
[local-ai] Ashi Hospital Edavannappara: extracted
[checkpoint] saved 2300 records
[local-ai] Primary Health Centre: extracted
[local-ai] CHC KODUVAYUR: extracted
[local-ai] PHC ELAVANCHERRY: extracted
[local-ai] Family Health Centre Pallasanna: extracted
[local-ai] Health Subcenter Elamaram: extracted
[local-ai] FHC PERUVEMBA: extracted
[local-ai] Primary Health Center Vilayur: extracted
[local-ai] Primary Health Center Thiruvegapura: extracted
[local-ai] Dona s homeopathiclinic: extracted
[local-ai] Sub Center Kovikathumkadavu: extracted
[local-ai] East Block, Medical Trust Hospital: extracted
[local-ai] Homeo Dispensary Arikkuzha: extracted
[local-ai] Family Health Center, Peruvemba: extracted
[local-ai] Primary Health center Vaniyamkulam: extracted
[local-ai] Ahalia Eye Hospital: extracted
[local-ai] Nu Life Hospital: extracted
[local-ai] d: extracted
[local-ai] Mom's Care Hospital: extracted
[local-ai] S H Dispensary: extracted
[local-ai] M G M Hospital, Chelad: extracted
[local-ai] medi care hospital: extracted
[local-ai] Nayarambalam Primary Health Center: extracted
[local-ai] Susrutha Eye Hospital: extracted
[local-ai] ESI Dispensary: extracted
[local-ai] kmcc palitive center: extracted
[checkpoint] saved 2325 records
[local-ai] sub primary health center cheriyamundam: extracted
[local-ai] goverment ayurvedha dispencery: extracted
[local-ai] Family Health Centre Kunnathukal: extracted
[local-ai] CHC Pulluvila: extracted
[local-ai] CHC Vellarada: extracted
[local-ai] CHC Perumkadavila: extracted
[local-ai] FHC Balaramapuram: extracted
[local-ai] Family Health Centre Kattakada: extracted
[local-ai] Community Health Centre Iranimuttom: extracted
[local-ai] Community Health Centre Chunakkara: extracted
[local-ai] Community Health Centre Muthukulam: extracted
[local-ai] Community Health Centre Elanthoor: extracted
[local-ai] Community Health Centre Edathuva: extracted
[local-ai] Family Health Centre Vachoochira: extracted
[local-ai] Community Health Centre Vandiperyar: extracted
[local-ai] Family Health Centre Thottakkad: extracted
[local-ai] thennala public health center: extracted
[local-ai] Family Health Centre Kamakshy: extracted
[local-ai] General Medical Centre Idukki: extracted
[local-ai] Community Health Centre Malayidamthuruthu: extracted
[local-ai] Community Health Centre Vengoor: extracted
[local-ai] Community Health Centre Anthikkad: extracted
[local-ai] Family Health Centre Deshamangalam: extracted
[local-ai] Family Health Centre Kondazhy: extracted
[local-ai] Women & Child Ponnani: extracted
[checkpoint] saved 2350 records
[local-ai] Community Health Centre, Peruvallur: extracted
[local-ai] Community Health Centre Olavanna: extracted
[local-ai] Family Health Centre, Vazhikkadavu: extracted
[local-ai] Community Health Centre Thiruvalloor: extracted
[local-ai] Community Health Centre Peria: extracted
[local-ai] Family Health Centre Edavaka: extracted
[local-ai] Primary Health Centre Mullankolly: extracted
[local-ai] Family Health Centre Vengapally: extracted
[local-ai] Family Health Centre Vazhavatta: extracted
[local-ai] Family Health Centre Noolpuzha: extracted
[local-ai] Beenas's Hospital: extracted
[local-ai] Alnoor KHM(MERAS), Madiyan: extracted
[local-ai] Irivery Medical Center: extracted
[local-ai] Co-operative Hospital Koothuparamba: extracted
[local-ai] WIMS Urban Health Center Kalpetta: extracted
[local-ai] Kottappuram Medical Centre: extracted
[local-ai] Devikripa Ayurveda Hospital: extracted
[local-ai] Karuna Medical College Chittur: extracted
[local-ai] Udaya Ayurveda Hospital: extracted
[local-ai] Ahalya Diabetes Hospital: extracted
[local-ai] homeo dispensery: extracted
[local-ai] Lurde Hospital Mannuthy: extracted
[local-ai] Jacobs Hospital: extracted
[local-ai] Al-Azhar Medical College & Super Speciality Hospital: extracted
[local-ai] Deepa Hospital Harippad: extracted
[checkpoint] saved 2375 records
[local-ai] LMSBBH Kundara: extracted
[local-ai] Pro Care Hospital: extracted
[local-ai] Karett Medical Center Pvt Ltd: extracted
[local-ai] St. Johns Hospital: extracted
[local-ai] KIMSHealth Medical Centre: extracted
[local-ai] Mruthyunjaya Holistic Clinic: extracted
[local-ai] Leela Health Care: extracted
[local-ai] Skin Essentials: extracted
[local-ai] Brain and Bone Hospital: extracted
[local-ai] Krishnapillai Memorial Hospital: extracted
[local-ai] Daleview Hospital: extracted
[local-ai] Community Health Centre Kalloopara: extracted
[local-ai] phc sub center: extracted
[local-ai] phc sub center: extracted
[local-ai] ayurvedha dispencery: extracted
[local-ai] phc sub center: extracted
[local-ai] veterinary clinic: extracted
[local-ai] Govt. Hospital mudikkode: extracted
[local-ai] VERTINARY SUB CENTER: extracted
[local-ai] sub public health center: extracted
[local-ai] C H C: extracted
[local-ai] Community Health Center, Pazhambalacode: extracted
[local-ai] Government Ayurveda Hospital: extracted
[local-ai] Lakshmi Homeo Clinic: extracted
[local-ai] Dr. Care: extracted
[checkpoint] saved 2400 records
[local-ai] Palliative care: extracted
[local-ai] PHC: extracted
[local-ai] THQ GOVERNMENT HOSPITAL: extracted
[local-ai] Sree Krishna Medicals: extracted
[local-ai] Homeo dispensary, ala: extracted
[local-ai] Family Health Centre pennukara, ala: extracted
[local-ai] Lekshmi Hospital: extracted
[local-ai] MEDICAL SHOP: extracted
[local-ai] Government Homeo Dispensary Chandanathope: extracted
[local-ai] SRK Homeo Clinic: extracted
[local-ai] Saffire Medical Centre, Thiruvilwamala: extracted
[local-ai] Hairgraaft-hair transplation hospital: extracted
[local-ai] Primary Health Center Kuruvattur: extracted
[local-ai] Family Health Center, Kottur: extracted
[local-ai] Primary Health Center Avala: extracted
[local-ai] Primary Health Center, Naripatta: extracted
[local-ai] Primary Health Center Kakkur: extracted
[local-ai] Primary Health Center Peruvannamoozhi: extracted
[local-ai] Primary Health Center Kizhakoth: extracted
[local-ai] Family Health Center Omassery: extracted
[local-ai] Primaray Health Center Irivallur: extracted
[local-ai] Primary Health Center, Beypore: extracted
[local-ai] Primary Health Center Kayakkodi: extracted
[local-ai] Primary Health Center Chekkiad: extracted
[local-ai] Health sub center: extracted
[checkpoint] saved 2425 records
[local-ai] Primary Health Center Kakkayam: extracted
[local-ai] Primary Health Center, Thurayur: extracted
[local-ai] Primary Health Center, Cheruvannur: extracted
[local-ai] family welfare center: extracted
[local-ai] Community Health Center Kodanchery: extracted
[local-ai] Community Health Center Koduvally: extracted
[local-ai] Govt. Ayurveda Dispensary , Edaikkidam: extracted
[local-ai] Primary health centre, Peringalam: extracted
[local-ai] Primary Health Centre, Chapparappadavu: extracted
[local-ai] 24x7 Primary Health Centre, Koottumughm: extracted
[local-ai] Al salama hospital: extracted
[local-ai] Primary Health Centre, Kadachira: extracted
[local-ai] Primary Health Centre, Pallikkunnu: extracted
[local-ai] വള്ളക്കാലിൽ ഹോസ്പിറ്റൽ: extracted
[local-ai] Riya Hospitals: extracted
[local-ai] Sadi Hospital: extracted
[local-ai] Fathima Homeo Speciality Centre: extracted
[local-ai] Oushadhi Ayurvedic Clinic: extracted
[local-ai] Medicare Clinic: extracted
[local-ai] Forest Dispensary Walayar: extracted
[local-ai] Primary Health Center Trikkadeeri: extracted
[local-ai] Police Hospital Kallekkad: extracted
[local-ai] A.C.C.S Sub Sub center: extracted
[local-ai] Shafi ayur center: extracted
[local-ai] KKJ Hospital pulikkikunnu: extracted
[checkpoint] saved 2450 records
[local-ai] E-arogya kendra: extracted
[local-ai] Atholi Paliative Care Center: extracted
[local-ai] Mattancherry Government Hospital: extracted
[local-ai] SUB CENTER PHC: extracted
[local-ai] thaluk headquarters hospital chirayinkeezhu: extracted
[local-ai] Employees' State Insurance Hospital: extracted
[local-ai] Thiruvali Hospital: extracted
[local-ai] Primary Helth Center Peleppuram: extracted
[local-ai] Government Homeo Clinic, Thiruvali: extracted
[local-ai] Primary Health Centre Thalachira: extracted
[local-ai] Aripalam Health Center: extracted
[local-ai] Govt. Homeopathic Hospitals: extracted
[local-ai] City Nursing Home: extracted
[local-ai] Ambolil Arya Vaidya Shala: extracted
[local-ai] Paliative care: extracted
[local-ai] CHC Purathur: extracted
[local-ai] Homeo Hospital: extracted
[local-ai] Primary Health Center: extracted
[local-ai] Iqrah Community Clinic: extracted
[local-ai] phc pappinseri: extracted
[local-ai] PHC VETTAM: extracted
[local-ai] PHC: extracted
[local-ai] Grace hospital, aymanam: extracted
[local-ai] Dr Paul Dental Hospital Aymanam: extracted
[local-ai] K. Sreedharan Vaithyan Ayurveda Clinic: extracted
[checkpoint] saved 2475 records
[local-ai] tesla hospitals: extracted
[local-ai] mes hospital: extracted
[local-ai] Primary Health centre 24*7 Aliparamba: extracted
[local-ai] Reproductive And Child Health Centre , Chathamangalam: extracted
[local-ai] Govt .Ayurvedic Hospital,Mundakkulam: extracted
[local-ai] Pain and Palliative Care Unit: extracted
[local-ai] Pain and Palliative Care unit Vilayil: extracted
[local-ai] Veterinary Hospital,Karakonam: extracted
[local-ai] Primary Health Sub Center,Pazhampallichal: extracted
[local-ai] Primary Health Sub Center,Mezhukumchal: extracted
[local-ai] Lakshmi Clinic: extracted
[local-ai] Navajothi Kottakal: extracted
[local-ai] Government Ayurvedic Hospital: extracted
[local-ai] Palakadan Ayurvedic: extracted
[local-ai] Homely Dental Care: extracted
[local-ai] Homeopathy Hospital: extracted
[local-ai] Fedra Hospital Karanchira: extracted
[local-ai] Neethi Clinic: extracted
[local-ai] Government Homeo Dispencery: extracted
[local-ai] Primary Health Centre Kummil: extracted
[local-ai] Surya hospital: extracted
[local-ai] Primary Health Centre Kodikulam: extracted
[local-ai] Palliative Care Center Kodikulam: extracted
[local-ai] Futureace: extracted
[local-ai] St Joseph Hospital Manjummel: extracted
[checkpoint] saved 2500 records
[local-ai] Health Center Kaitharam: extracted
[local-ai] Primary Health Centre Choondal: extracted
[local-ai] Primary Health Centre, Mancode: extracted
[local-ai] Primary Heltha Centre, elamadu: extracted
[local-ai] Primary Health Cenre, Ezhukonepavithreswaram: extracted
[local-ai] Primary Health Centre, Poruvazhy: extracted
[local-ai] Community Health Centre Thrikkadavoor: extracted
[local-ai] Family Health Centre: extracted
[local-ai] Palcheril P K Varghese Memorial Ayurveda Clinic: extracted
[local-ai] ayush phc homeo, muzhapilangad: extracted
[local-ai] jacobs multispeciality hospital, laparoscopy centre kochi: extracted
[local-ai] Jacobs Multispeciality Hospital, Laparoscopy Centre Kochi: extracted
[local-ai] family health center: extracted
[local-ai] homeo dispencery: extracted
[local-ai] shifa speciality clinic: extracted
[local-ai] Punarjani De-addiction & Rehabilitation Centre: extracted
[local-ai] കടവത്ത് വൈദ്യം: extracted
[local-ai] ADITHYA MEDICAL AND REHABILITION CENTRE Pvt. Ltd: extracted
[local-ai] Wadakanchery Digital X-Rays: extracted
[local-ai] Primary Health Center, BadamMukki: extracted
[local-ai] Shivada Ayurvedic Hospital: extracted
[local-ai] Lourde hospital: extracted
[local-ai] Pathanamthitta District Homeo Hospital,Vellayil: extracted
[local-ai] Ayurveda Hospital, Mattathipara: extracted
[local-ai] Sub Center: extracted
[checkpoint] saved 2525 records
[local-ai] Community Health Centre Kalakkodu: extracted
[local-ai] Fisheries Dispensary Arattupuzha: extracted
[local-ai] Primary Health Centre, Kadayirippu: extracted
[local-ai] Primary Health Centre Kannamangalam: extracted
[local-ai] Primary Health Centre Valanchery: extracted
[local-ai] Primary Health Centre, Edamulakkal: extracted
[local-ai] Primary Health Centre, Thenkara: extracted
[local-ai] Primary Health Centre, Padiyoor: extracted
[local-ai] Primary Health Centre, Mooppainad: extracted
[local-ai] Dr.Evin Abraham: extracted
[local-ai] Kattappana Taluk Hospital: extracted
[local-ai] Primary health centre Kochuthovala: extracted
[local-ai] Dr. Lovin dental clinic: extracted
[local-ai] Subcenter kudamukku: extracted
[local-ai] Palliative care center kudamukku: extracted
[local-ai] Vallikode Government Homeo Hospital: extracted
[local-ai] Vision Eye clinic: extracted
[local-ai] Homoeo Dispensary: extracted
[local-ai] Primary Health Centre: extracted
[local-ai] Ayush NHM Primary Health Centre Homoeopathy: extracted
[local-ai] Primary Health Care Avanakuzhi: extracted
[local-ai] Ayurveda hospital: extracted
[local-ai] SRS Eye Hospital,Bappuji Junction: extracted
[local-ai] Community Health Centre,Mangalathuthazham: extracted
[local-ai] Alayamon primary health centre: extracted
[checkpoint] saved 2550 records
[local-ai] Assisi hospital channapetta: extracted
[local-ai] Urban Primary Health Centre, Karunagappally: extracted
[local-ai] Urban Primary Health Centre, Uliyakovil: extracted
[local-ai] Ayush homeoclinic: extracted
[local-ai] Ayurveda Hospital: extracted
[local-ai] Government Model Homoeo Dispensary Kodikulam: extracted
[local-ai] Primary Health Sub centre Mylom: extracted
[local-ai] Urban Primary Health Centre, Mullathu Valappu: extracted
[local-ai] Health Centre: extracted
[local-ai] Dr. Murali's Medical Centre: extracted
[local-ai] Urban Primary Health Centre, Kuthapady: extracted
[local-ai] Urban Primary Health Centre, Ponnurunni: extracted
[local-ai] Urban Primary Health Centre, Kaloor: extracted
[local-ai] Urban Primary Health Centre, Kennadimukku: extracted
[local-ai] Urban primary Health Centre, Thammanam: extracted
[local-ai] Urban Primary Health Cenre, Pandikudy: extracted
[local-ai] Urban Primary Health Centre, Chambakkara: extracted
[local-ai] Urban Primary Health Centre, Moolamkuzhi: extracted
[local-ai] Government Medical College, Ernakulam: extracted
[local-ai] Urban Primary Health Centre, Mangattumukku: extracted
[local-ai] Urban Primary Health Centre, Diara Street: extracted
[local-ai] Urban Primary Health Centre, Gosayikunnu: extracted
[local-ai] Urban Primary Health Centre, Ponnani: extracted
[local-ai] Urban Primary Health Centre, Panakkad: extracted
[local-ai] Varapuzha Medical center: extracted
[checkpoint] saved 2575 records
[local-ai] UB trust hospital: extracted
[local-ai] Homeo dispensary: extracted
[local-ai] Urban Primary Health Centre, Chelavoor: extracted
[local-ai] Urban Primary Health Centre, Kinassery: extracted
[local-ai] Urban Primary Health Centre, Kallunira: extracted
[local-ai] Urban Primary Health Centre, Payyanakkal: extracted
[local-ai] Urban Primary Health Centre, Veliyancheripadam: extracted
[local-ai] Urban Primary Health Centre, Muthathi: extracted
[local-ai] Primary Health Centre, Aralam: extracted
[local-ai] Urban Primary Health Centre, Myhanapalli: extracted
[local-ai] Urban Primary Health Centre, Pullikkunnu: extracted
[local-ai] Government Ayurvedic Dispensary, Padinjarathara: extracted
[local-ai] Urban Primary Health Centre, Kanhangad: extracted
[local-ai] GOVERMENT AYURVEDA HOSPTIAL OTTACKAL: extracted
[local-ai] Sanjos Hospital and Research Center, Arattuvazhi: extracted
[local-ai] Sub center vazhamuttam: extracted
[local-ai] Ayurveda hospital vazhamuttam: extracted
[local-ai] Homeo Hospital Koodal: extracted
[local-ai] Government Ayurveda hospital meenkulam: extracted
[local-ai] Public Health Centre,Pandalam: extracted
[local-ai] Family Welfare Centre Mangaram: extracted
[local-ai] Dr Augustin's Aryavaidya Asramam Ayurveda Hospital: extracted
[local-ai] Gouri Sankat Hospital: extracted
[local-ai] Medicare Hospital: extracted
[local-ai] Okay Hospital: extracted
[checkpoint] saved 2600 records
[local-ai] Kurumpala Ayurveda Hospital: extracted
[local-ai] homeo sispensory, kuzhimbalode: extracted
[local-ai] Amrith sagar ayurveda clinic, ward 7: extracted
[local-ai] Primary Health Sub Center: extracted
[local-ai] Government Ayurveda Dispensary: extracted
[local-ai] Health Care Institute Palliative Care Centre: extracted
[local-ai] Koorans Vaidyapeedam Ayurvedic Multi Speciality Centre: extracted
[local-ai] KG Hospital: extracted
[local-ai] Taluk Hospital: extracted
[local-ai] Dr. Jyotish Nair Clinic: extracted
[local-ai] Taluk Hospital Subcentre: extracted
[local-ai] Taluk Hospital Subcentre Champannoor: extracted
[local-ai] P H Subcentre: extracted
[local-ai] Madonna Hospital: extracted
[local-ai] Airport hospital: extracted
[local-ai] TVM HOSPITAL KONNI: extracted
[local-ai] BELIEVERS CHURCH MEDICAL CENTRE ELIYARAKKAL KONNI: extracted
[local-ai] Government Homoeo Dispensary, Mattool: extracted
[local-ai] Primary health center vettoor: extracted
[local-ai] Government Ayurveda dispensary vettoor: extracted
[local-ai] VETERINARY HOSPITAL KONNI: extracted
[local-ai] CHRISTURAJ HOSPITAL: extracted
[local-ai] Community Health Center: extracted
[local-ai] Primary Health Center, Chundekkad: extracted
[local-ai] EMS COOPERATIVE HOSPITAL ELANTHOOR: extracted
[checkpoint] saved 2625 records
[local-ai] Homeo Dispensary Malayalapuzha: extracted
[local-ai] Family Welfare Health Centre Poozikad: extracted
[local-ai] Government homeo dispensary: extracted
[local-ai] FWC Cherickal: extracted
[local-ai] Government Ayurveda Dispensary, ward 20: extracted
[local-ai] B M hospital: extracted
[local-ai] Primary health centre: extracted
[local-ai] Subcentre, Madakara: extracted
[local-ai] Homeopathic Centre, Matool: extracted
[local-ai] Dispensery (Jay Clinic ): extracted
[local-ai] Denta Care Dental Clinic: extracted
[local-ai] Samaritan Hospital: extracted
[local-ai] Cure Center: extracted
[local-ai] Vijaya Memorial Hospital: extracted
[local-ai] Family Welfare Center: extracted
[local-ai] Health Center, Bangalam: extracted
[local-ai] Government Homeopathy Dispensary: extracted
[local-ai] Primary Health Center, Kanhirapoil: extracted
[local-ai] ST. XAVIER'S HOSPITAL, Kuruppanthara: extracted
[local-ai] Government Ayurveda Hospital Changanessry: extracted
[local-ai] PHC Subcenter pothipaadu: extracted
[local-ai] Newline: extracted
[local-ai] Primary Health Center: extracted
[local-ai] Marthoma Valiyapally J.M. Hospital Elanthoor: extracted
[local-ai] Government Homoeo Dispensary Elanthoor: extracted
[checkpoint] saved 2650 records
[local-ai] Government Hospital Elanthoor: extracted
[local-ai] Homoeo Hospital: extracted
[local-ai] Primary Health Center, Thalayazham: extracted
[local-ai] Primary Health Centre Athiramala: extracted
[local-ai] Vayomithram health center: extracted
[local-ai] german homoeo pharma: extracted
[local-ai] LIYA DENTAL HOSPITAL: extracted
[local-ai] Government Ayurveda Dispensary, Thalayazham: extracted
[local-ai] KP Medical Centre: extracted
[local-ai] Lal Memorial Hospital(private): extracted
[local-ai] ESI hospital: extracted
[local-ai] A V M ayurveda hospital: extracted
[local-ai] Ayush Primary Health Center, Ezhome: extracted
[local-ai] Government Ayurveda Dispensary: extracted
[local-ai] Meithra United Hospital: extracted
[local-ai] alpha palliative care: extracted
[local-ai] Co operative Hospital: extracted
[local-ai] homeopathic clinic and anangoor medicals: extracted
[local-ai] Pothukallu Government Homeo Dispensary, Pothukallu: extracted
[local-ai] Govt.Ayurveda Dispensary,Alakode ,Chilav: extracted
[local-ai] Government Ayurveda Dispensary, TV Puram: extracted
[local-ai] ayush phc Kanhirode Homeopathy Health Centre: extracted
[local-ai] Urban family health centre: extracted
[local-ai] Govt. Taluk hospital thiruvalla: extracted
[local-ai] Mooppainad Govt Ayurveda Dispensary: extracted
[checkpoint] saved 2675 records
[local-ai] Govt ayurvedha hospital, Thiruvalla: extracted
[local-ai] Ayurvediv dispensary: extracted
[local-ai] PhD Chadayamangalam: extracted
[local-ai] Alshifa Hospital Chandanathope: extracted
[local-ai] Government Ayurveda Dispensary: extracted
[local-ai] Leprosy Sanitorium: extracted
[local-ai] AJ CARE AND CURE HOSPITAL: extracted
[local-ai] Life Care Hospital Vayyankara: extracted
[local-ai] Family Welfare Center, Kodikuthy: extracted
[local-ai] GOVT HOMOEO DISPENSARY PERIMGARA: extracted
[local-ai] Ottapalam Welfare Trust Eye Hospital: extracted
[local-ai] Kimsat Hospital Construction: extracted
[local-ai] Govt Ayurveda Panchakarma Hospital, Kaithavana: extracted
[local-ai] Santhigiri Ayurvedic Hospital: extracted
[local-ai] Health Care Centre Akkarapadam: extracted
[local-ai] Family Wellcare centre: extracted
[local-ai] Anandapuram samoohika arogya kendram: extracted
[local-ai] Fr. Piuse chitilapilly phc: extracted
[local-ai] Ayurveda dispensary: extracted
[local-ai] SACRED HEART MISSION HOSPITAL PULLUR: extracted
[local-ai] Medical Trust: extracted
[local-ai] Ayurveda Hospital: extracted
[local-ai] Therattammal Paliative Care Clinic: extracted
[local-ai] GOVT.HOMEO HOSPITAL EAST KALLOOR: extracted
[local-ai] GOVT.AYURVEDA DISPENSARY EZHALLOOR: extracted
[checkpoint] saved 2700 records
[local-ai] ayush homeo: extracted
[local-ai] Goverment Ayurveda Dispensary Ala: extracted
[local-ai] Ayush Public Health Center: extracted
[local-ai] Ayush P.H.C: extracted
[local-ai] Mattamana Hospital: extracted
[local-ai] Government Ayurveda Dispensary, Vechoor: extracted
[local-ai] Amrutha Ayurveda Hospital: extracted
[local-ai] Santhigiri Ayurvedic Hospital: extracted
[local-ai] Ayush Health Care Center: extracted
[local-ai] Urban Primary Health Centre: extracted
[local-ai] F H C Odakkayam: extracted
[local-ai] Primery Helath Center Kanjiramkulam: extracted
[local-ai] Avinash Hospital: extracted
[local-ai] Government Ayurveda Dispensary, Ambalathara: extracted
[local-ai] NHM AYURVEDA DISPENSARY KODUNGALLUR: extracted
[local-ai] Health Center, Ayampara: extracted
[local-ai] Government Homeo Dispensary, Villarampathy: extracted
[local-ai] ayush phc Kathikudam: extracted
[local-ai] Govt Ayurveda Dispensary, Poomangalam: extracted
[local-ai] Ayush Ayurveda PHC Meloor: extracted
[local-ai] Urban Primary Health Centre, Vattekunnam: extracted
[local-ai] Urban Primary Health Centre, Vattekode: extracted
[local-ai] Ayurvedic Hospital, Pudhucode: extracted
[local-ai] govt aurvedhic hospital chaliyappuram: extracted
[local-ai] PHC Karuvankadu: extracted
[checkpoint] saved 2725 records
[local-ai] GAD KALLUR: extracted
[local-ai] Govt. Ayurveda Dispensary , Avanoor: extracted
[local-ai] Pushpagiri Dental Hospital: extracted
[local-ai] Urban Primary Health Centre Vennakkara: extracted
[local-ai] Urban Primary Health Centre, Naderi: extracted
[local-ai] Urban Primary Health Centre, Annara: extracted
[local-ai] homeo dispensary: extracted
[local-ai] NCD FWC Clinic, Narikod: extracted
[local-ai] Government Homeo Dispensary, Mundur: extracted
[local-ai] Govt.Ayurveda Dispensary Edavilangu: extracted
[local-ai] Community Health Centre, Koothattukulam: extracted
[local-ai] Government homeo dispencery, Sristha: extracted
[local-ai] Integrated Family Health Centre & Medical College Field Unit, Pangappara: extracted
[local-ai] PHC Arookutty: extracted
[local-ai] Government Ayurveda despensory: extracted
[local-ai] Home Dispensory: extracted
[local-ai] Government Homeo Despensory: extracted
[local-ai] Paliative Bhavan,Kodiyathur: extracted
[local-ai] Arogya Upakendram, Alungal: extracted
[local-ai] Vetinary sub centre ,Alungal: extracted
[local-ai] Homio dispensary ,Pannikode: extracted
[local-ai] Vetinary dispensary,Pannikod: extracted
[local-ai] Govt.Ayurveda dispensary,Gothambroad: extracted
[local-ai] Arogya kudumbhakshema upakendram ,Pannikode: extracted
[local-ai] N R H M ayurveda primary health centre, Cheruthazham: extracted
[checkpoint] saved 2750 records
[local-ai] Homeo Dispensery East Kuttichira: extracted
[local-ai] unity hospital: extracted
[local-ai] Health Care Hospital: extracted
[local-ai] Vaidyanilayam, Pilathara: extracted
[local-ai] Keshava theeram Ayurveda hospital, Purachery: extracted
[local-ai] Enbichi Baba Memorial Ayurveda Hospital: extracted
[local-ai] granth: extracted
[local-ai] Taluk Hospital Nemom: extracted
[local-ai] Ayurveda Dispensary, Karakkurissi: extracted
[local-ai] Athani Bhavan, Pliative Clinic: extracted
[local-ai] Government Ayurveda Dispensary, Pudussery: extracted
[local-ai] Primary Health Centre Punnapra North: extracted
[local-ai] Govt Ayurveda Dispensary: extracted
[local-ai] Health Sub Center: extracted
[local-ai] Mar Themotheos Hospital: extracted
[local-ai] ASSISI Hospital: extracted
[local-ai] Kairali Coconut Milk Oil: extracted
[local-ai] Ayurveda Dispensary, Karipputhattu: extracted
[local-ai] Shreyas Ayurveda Hospital, Perunthanam: extracted
[local-ai] Government Homeopathy Hospital, Uzhavoor: extracted
[local-ai] MUM Hospital, Monippally: extracted
[local-ai] ESI, Dispensary: extracted
[local-ai] Gov Homeo Hospital, Chavara: extracted
[local-ai] Vilathapuram Health Subcenter: extracted
[local-ai] Govt Taluk Homoeopathy Hospital: extracted
[checkpoint] saved 2775 records
[local-ai] Family Health Centre: extracted
[local-ai] Govt. Homeo Dispensary Tuneri: extracted
[local-ai] Government Ayurveda Hospital, Edappady: extracted
[local-ai] ESIC Dispensary, Thodiyoor: extracted
[local-ai] Public Health Center PHC sub center edappady: extracted
[local-ai] Government Homeo Dispensary, Kanjikode: extracted
[local-ai] Government Ayurveda Hospital Chekkiad: extracted
[local-ai] Nucleus Healthcare: extracted
[local-ai] Ayush Homeo Dispensary: extracted
[local-ai] Muthi Ayurveda Hospital, Vechoor: extracted
[local-ai] phc alakode: extracted
[local-ai] phc Chapparapadavu: extracted
[local-ai] phc,chittariparamb: extracted
[local-ai] CH Centre Valvakkad Trikaripur: extracted
[local-ai] Life Care Hospital: extracted
[local-ai] kmc: extracted
[local-ai] KMC Hospital: extracted
[local-ai] Netralaya Bela: extracted
[local-ai] Thonnurkkara Public health centre: extracted
[local-ai] Government Ayurvedha Dispensary Subcentre: extracted
[local-ai] palliative care center: extracted
[local-ai] HOMEO DESPENSARY NEAR ITI: extracted
[local-ai] vijayasree eye hospital: extracted
[local-ai] Malabar eye hospital: extracted
[local-ai] Rani Hospital: extracted
[checkpoint] saved 2800 records
[local-ai] mary matha: extracted
[local-ai] mary queens mission hospital: extracted
[local-ai] Family Welfare Centre, Mundakayam: extracted
[local-ai] Government Homio Dispensery,Arakkulam: extracted
[local-ai] Government Vetinary Dispensary,Arakkulam: extracted
[local-ai] niyaama ayurveda medical centre: extracted
[local-ai] Ayurvedic Dispensary, Kudayathoor: extracted
[local-ai] Dheerkhaysh Ayurvedhic Hospital, Kudayathoor: extracted
[local-ai] Arpana Hospital: extracted
[local-ai] Naturopathy Hospital and Yoga Center, Kuttikkattoor: extracted
[local-ai] Family Health Center, Kunnamangalam: extracted
[local-ai] Primary Health Centre, Karassery: extracted
[local-ai] Family Health Center Edalamkunn Ground: extracted
[local-ai] Government Unani Dispensary, Karassery: extracted
[local-ai] Primary Health Centre, Thurayur: extracted
[local-ai] Goverment homeo hospital: extracted
[local-ai] District Hospital Idukki: extracted
[local-ai] Government Vetinary Dispensary, Kudayathoor: extracted
[local-ai] Ak Homeopathic Speciality Centre: extracted
[local-ai] Palliyara sub centre: extracted
[local-ai] Community Health Center, Thiruvangoor: extracted
[local-ai] Government Ayurveda Dispensary, Painavu: extracted
[local-ai] Health centre: extracted
[local-ai] Government Homeo Dispensary: extracted
[local-ai] Primary Health Center, Kayanna: extracted
[checkpoint] saved 2825 records
[local-ai] Government Ayurveda Dispensary, Kadiyangad: extracted
[local-ai] Kallara Government Homoeo Dispensary: extracted
[local-ai] Sahayagiri Hospital: extracted
[local-ai] Homeo Hospital Venginissery: extracted
[local-ai] Government Ayurveda Dispensary, Narakkode: extracted
[local-ai] Urban primary health center: extracted
[local-ai] Government Taluk Headquarters Hospital: extracted
[local-ai] ESI Dispensary Mangattuparambu: extracted
[local-ai] Ayurvedha Hospital: extracted
[local-ai] Urban PHC: extracted
[local-ai] Urban PHC Vellur: extracted
[local-ai] Gov . Ayurvedha Dispensary: extracted
[local-ai] Palliative: extracted
[local-ai] Puthancruz medical center: extracted
[local-ai] Prashnth clinic: extracted
[local-ai] JJ Hospital: extracted
[local-ai] Amritha Medi Clinic Hospital: extracted
[local-ai] CAVM Ayurvedha Hospital: extracted
[local-ai] Sub Center: extracted
[local-ai] Adolescent Health Clinic: extracted
[local-ai] Govt Ayurveda Hospital Cheravally: extracted
[local-ai] Govt Homeo Dispensary Cheravally: extracted
[local-ai] Nettinge Hospital: extracted
[local-ai] Health Center: extracted
[local-ai] Government Homeo Dispensary, Vattavada: extracted
[checkpoint] saved 2850 records
[local-ai] Government Hospital: extracted
[local-ai] Government Hospital: extracted
[local-ai] Homeo Dispensary: extracted
[local-ai] Health Sub Centre, Valiyakolly: extracted
[local-ai] Primary Health center: extracted
[local-ai] MediCare Hospital: extracted
[local-ai] St. Antony's Hospital: extracted
[local-ai] AYUSH PRIMARY HEALTH CENTR ( HOMEOPATHY): extracted
[local-ai] Munnar Medical Centre: extracted
[local-ai] fhc,eramam kuttur: extracted
[local-ai] Ayurveda tribal Hospital: extracted
[local-ai] Ayurveda phc aralam: extracted
[local-ai] Ayurveda phc, Udayagiri: extracted
[local-ai] ayush phc,Karthikapuram: extracted
[local-ai] Ayush Homoeopathic Multi Speciality Clinic,kankil alapadamba: extracted
[local-ai] Govt homeo dispensary: extracted
[local-ai] Primary health centre vallarpadam: extracted
[local-ai] Taluk Hospital, Adimaly: extracted
[local-ai] Morning Star Medical Centre: extracted
[local-ai] Iqraa Hospital, Adimali: extracted
[local-ai] Travancore Hospital: extracted
[local-ai] Little Family Hospital: extracted
[local-ai] Family welfare centre Nagaripuram: extracted
[local-ai] Public Health Centre: extracted
[local-ai] Government Taluk Hospital: extracted
[checkpoint] saved 2875 records
[local-ai] Govt. Ayurveda dispensary: extracted
[local-ai] St: Thomas Hospital: extracted
[local-ai] Ayancheri FHC: extracted
[local-ai] Government homeo hospital: extracted
[local-ai] Govt. Ayurveda Hospital Kheeriyanghadi: extracted
[local-ai] udaya hsopital: extracted
[local-ai] fhc: extracted
[local-ai] Sarkar Homio Hospital: extracted
[local-ai] WellMax Hospital: extracted
[local-ai] Palliative Care ,Ayancheri: extracted
[local-ai] Sidra Hospital: extracted
[local-ai] Chethalayod Health centre: extracted
[local-ai] Aspire medical Centre ,Ayancheri town: extracted
[local-ai] Homeopathy dispensary, Ayancheri: extracted
[local-ai] Subcentre Puthyottuvayal: extracted
[local-ai] PHC subcentre Mangalad: extracted
[local-ai] Subcentre Kalleri: extracted
[local-ai] PHC: extracted
[local-ai] PHC: extracted
[local-ai] kannamali auyervedha hsopital: extracted
[local-ai] Panchakarma Hospital,Old Block: extracted
[local-ai] Arogya upakendram: extracted
[local-ai] Putiyidam hospital: extracted
[local-ai] health center: extracted
[local-ai] PHC: extracted
[checkpoint] saved 2900 records
[local-ai] Ayurgreen Hospital Kavilppadi: extracted
[local-ai] District Early Intervention Centre: extracted
[local-ai] Medical Superintendent Office: extracted
[local-ai] Government Women and Children Hospital: extracted
[local-ai] TK Hospital: extracted
[local-ai] Lissa Hospital: extracted
[local-ai] Government General Hospital: extracted
[local-ai] Government Homeopathic College & Hospital: extracted
[local-ai] Deepthi Hospital: extracted
[local-ai] Govt Ayurveda Hospital Anackampoyil: extracted
[local-ai] IQRAA Hospital: extracted
[local-ai] Anupama Hospital: extracted
[local-ai] MJ Hospital: extracted
[local-ai] Govt Ayurveda hospital: extracted
[local-ai] Dr. KP Menon Memmorial Hospital: extracted
[local-ai] PHC: extracted
[local-ai] Govt.Ayurveda Hospital: extracted
[local-ai] Homio Dispensary: extracted
[local-ai] Welcare Hospital: extracted
[local-ai] Thenmala Company hospital: extracted
[local-ai] Hospital Sothupara: extracted
[local-ai] Public health Centre Benmore: extracted
[local-ai] A M hospital: extracted
[local-ai] Saphalya hospital: extracted
[local-ai] Tata Hospital Grahamsland: extracted
[checkpoint] saved 2925 records
[local-ai] THANNERMUKKON HOMEO DISPENSARY: extracted
[local-ai] PRATHYASHA CANCER CENTRE: extracted
[local-ai] Sub Centre: extracted
[local-ai] Kallarackal Pneuma Health Centre: extracted
[local-ai] SREE BHADRA VETERINARY HOSPITAL: extracted
[local-ai] Kandalloor Government Homoeo Dispensary: extracted
[local-ai] ILLOM HOSPITAL: extracted
[local-ai] Family Health Centre Aroor: extracted
[local-ai] LIFE CARE HOSPITAL CHANDROOR: extracted
[local-ai] ESI dispensary: extracted
[local-ai] Goverment Ayurveda Hospital: extracted
[local-ai] SUB CENTRE: extracted
[local-ai] ACS hospital: extracted
[local-ai] Govt Ayurvedic Hospital: extracted
[local-ai] MAM COMTRUST EYE CARE HOSPITAL: extracted
[local-ai] Primary Health Center, Elathur: extracted
[local-ai] NPK Medical Center: extracted
[local-ai] District Ayurvedic Hospital: extracted
[local-ai] Government General Hospital, Vellayil: extracted
[local-ai] Ayurvedic Dispensary: extracted
[local-ai] Department of Physiotherapy, CRC Kozhikode: extracted
[local-ai] CRC Kozikode campus: extracted
[local-ai] Meitra Hospital: extracted
[local-ai] Ayurveda Dispensary: extracted
[local-ai] Government Medical College, Kozhikode: extracted
[checkpoint] saved 2950 records
[local-ai] Sukhadam: extracted
[local-ai] BMH Gimcare Hospital: extracted
[local-ai] Vimukthi De-Addiction Centre, Kozhikode: extracted
[local-ai] VPS Lakeshore Medical Centre: extracted
[local-ai] maas homeo clinic: extracted
[local-ai] National Hospital: extracted
[local-ai] Kozhikode District Co-Operative Hospital: extracted
[local-ai] Asoka Hospital And Nursing Home: extracted
[local-ai] Calicut Hospital And Nursing Home: extracted
[local-ai] Family Health Centre, Mulleria: extracted
[local-ai] Cooperative Medical Centre Mulleria: extracted
[local-ai] Karunya Hospital: extracted
[local-ai] Family Health Centre, Puthiyappa: extracted
[local-ai] Aster MIMS Hospital: extracted
[local-ai] Primary Health Center, Odannur: extracted
[local-ai] CARITHAS AYURVEDHA HOSPITAL: extracted
[local-ai] Primary Health Centre, Kinnavallur: extracted
[local-ai] Government Ayurveda Hospital: extracted
[local-ai] ESI Dispensary, Parali: extracted
[local-ai] District TB Centre: extracted
[local-ai] Government Ayurveda Dispensary: extracted
[local-ai] Medical Center, Allanallur: extracted
[local-ai] Government Homeo Dispensary: extracted
[local-ai] ESI Dispensary Angamaly: extracted
[local-ai] Government Ayurvedic Dispensary: extracted
[checkpoint] saved 2975 records
[local-ai] Primary Health Centre, Kayakodi: extracted
[local-ai] Kottaram Ayurvedic Hospital: extracted
[local-ai] Primary Health Center, Valayam: extracted
[local-ai] Government Homoeo Dispensary, Valayam: extracted
[local-ai] Ayurvedic Dispensary: extracted
[local-ai] Jubilee Mission Medical Institute: extracted
[local-ai] True Life Hospital Karulai: extracted
[local-ai] GOVT VETERNARY HOSPITAL: extracted
[local-ai] ESI DISPENSARY: extracted
[local-ai] Abhaya Trust: extracted
[local-ai] Adams Hospital: extracted
[local-ai] ayurvedic dispensory,malur: extracted
[local-ai] FHC Eranhimangad: extracted
[local-ai] Little Flower Hospital, Koodakkolli: extracted
[local-ai] Ayurvedic Hospital, Chempanoda: extracted
[local-ai] Homeopathic Hospital, Muthukadu: extracted
[local-ai] ESI Dispensary, Meenchanda: extracted
[local-ai] Government Homeo Dispensary: extracted
[local-ai] FHC Panachikkad: extracted
[local-ai] Calicut District Homeo Hospital, Eranhikkal: extracted
[local-ai] Gov. ayurveda hospital: extracted
[local-ai] Govenment Hosptial: extracted
[local-ai] Government Homeo Dispensary, Malaparambu: extracted
[local-ai] Sree nandanam ayurveda hospital: extracted
[local-ai] Urban Health Center, West Hill: extracted
[checkpoint] saved 3000 records
[local-ai] Mother and Child Hospital: extracted
[local-ai] Government Homeo Dispensary: extracted
[local-ai] Sitharam Ayurvedha Speciality Hospital: extracted
[local-ai] CICS Medical and Dialysis Centre: extracted
[local-ai] Kappad,Chelora Ayush PHC: extracted
[local-ai] Ramachandran Hospital: extracted
[local-ai] RISHI Ayurveda Hospital: extracted
[local-ai] Ayurveda Dispensary ,chalad: extracted
[local-ai] West Coast Hospital: extracted
[local-ai] Homeo Dispensary ,pallipram: extracted
[local-ai] AMJ Hospital: extracted
[local-ai] AMrutham Ayurvedic Hospital: extracted
[local-ai] Government Ayurveda Dispensary, Kozhinjampara: extracted
[local-ai] Government Homoeo Dispensary, Kozhinjampara: extracted
[local-ai] Community Health Center, Kozhinjampara: extracted
[local-ai] Government Hospital, Kozhiinjampara: extracted
[local-ai] Jubilee Mission Hospital: extracted
[local-ai] Juibilee Mission Hrudyalaya: extracted
[local-ai] Government Homoeo Dispensary, Lakkidi Perur: extracted
[local-ai] Primary Health Center, Lakkidi Perur: extracted
[local-ai] Pookkattukunnu Health Center: extracted
[local-ai] Government Primary Hospital: extracted
[local-ai] Primary Health Centre, Thammanam: extracted
[local-ai] Cochin Corporation Homeo Dispensery: extracted
[local-ai] Primary Health Centre, Thenkurissi: extracted
[checkpoint] saved 3025 records
[local-ai] Government Homoeo Dispensary, Thenkurissi: extracted
[local-ai] Community Health Centre, Kuzhalmannam: extracted
[local-ai] Ayurveda Hospital: extracted
[local-ai] Primary Health Center, Thekkumpuram: extracted
[local-ai] Adakkaputhur Government Hospital: extracted
[local-ai] Sub Center PHC, Pookottukavu: extracted
[local-ai] Primary Health Center, Kottopadom: extracted
[local-ai] BMC hospital: extracted
[local-ai] Government Ayurveda Dispensary, Vadavannur: extracted
[local-ai] Goverment Animal hospital: extracted
[local-ai] Vasishta Hospital: extracted
[local-ai] S N Medical Mission Hospital Rajakad: extracted
[local-ai] Mercy Hospital Rajakad: extracted
[local-ai] Life Care Medical Center: extracted
[local-ai] Ascent ENT Hospital: extracted
[local-ai] KARTHIKA HOSPITAL: extracted
[local-ai] Family health centre: extracted
[local-ai] Public Health Centre: extracted
[local-ai] Community Health center Ramamangalm: extracted
[local-ai] St Johns Hospital: extracted
[local-ai] Government Hospital Child Vaccination Centre: extracted
[local-ai] Family Welfare Sub Centre: extracted
[local-ai] Thayyeni PHC: extracted
[local-ai] District Homeo Hospital: extracted
[local-ai] PrimaryHealthCentre: extracted
[checkpoint] saved 3050 records
[local-ai] The Kasaragod District Co operative Hospital Society Ltd. Kumbla: extracted
[local-ai] Koothali polyclinic and diagnostic centre: extracted
[local-ai] Community Health Centre kuttiadi: extracted
[local-ai] Primary Health Centre: extracted
[local-ai] Thalakulathur Government Homoeo Dispensary: extracted
[local-ai] Keekot thangal memorial ayurveda hospital: extracted
[local-ai] Family Welfare Centre Panangattukara: extracted
[local-ai] Daya Emergency Care Center: extracted
[local-ai] Valapad Unani Hospital: extracted
[local-ai] Nhims Hospitals: extracted
[local-ai] Carewell Multispeciality Dental Clinic: extracted
[local-ai] Cheruthuruthy Health centre: extracted
[local-ai] Eye hospital: extracted
[local-ai] Eye hospital: extracted
[local-ai] Ayurvedhik dispensary ആയുർവേദിക് ഡിസ്‌പെൻസറി Hospital: extracted
[local-ai] Shifa Medical: extracted
[local-ai] Hi dent dental care: extracted
[local-ai] Dhaya healthcare and wellness centre kazhani chungam: extracted
[local-ai] Physio Physiotherapy Center: extracted
[local-ai] DHAYA HEALTH CARE AND WELLNESS CENTER: extracted
[local-ai] Govt Health Centre Hospital: extracted
[local-ai] Govt. PHC Ongallur: extracted
[local-ai] Pulse Hospital: extracted
[local-ai] Government Ayurveda hospital: extracted
[local-ai] Government ayurvedic Hospital: extracted
[checkpoint] saved 3075 records
[local-ai] St Peters Hospital Kookampalayam (Convent Hospital): extracted
[local-ai] Ahalia Women And Children's Hospital: extracted
[local-ai] Ahalia Ayurveda Medicine Manufacture Unit: extracted
[local-ai] ESI MEDICAL: extracted
[local-ai] Gvt: Hospital Sholayoor: extracted
[local-ai] goverment hospital: extracted
[local-ai] Medicare Hospitals: extracted
[local-ai] Divine Medical Mission Hospital: extracted
[local-ai] Karunya Hospital: extracted
[local-ai] PHARMACOLOGY DEPARTMENT Hospital: extracted
[local-ai] PHC KAKKUR: extracted
[local-ai] Renai Medicity: extracted
[local-ai] Precise Eye Hospital: extracted
[local-ai] Ayurveda hospital: extracted
[local-ai] Women and Children Thycadu hospital: extracted
[local-ai] Taluk hospital fort: extracted
[local-ai] NEW CASUALITY: extracted
[local-ai] DCH: extracted
[local-ai] GYNECOLOGY BLOCK: extracted
[local-ai] CANCER BLOCK: extracted
[local-ai] CARDIOLOGY BLOCK: extracted
[local-ai] COLLEGE OF NURSING: extracted
[local-ai] PHYSICAL MEDICINE AND REHABILITATION: extracted
[local-ai] PODIPPARA LAB: extracted
[local-ai] FORENSIC MEDICINE: extracted
[checkpoint] saved 3100 records
[local-ai] BLOOD BANK: extracted
[local-ai] NEW OP: extracted
[local-ai] C2 BLOCK: extracted
[local-ai] CLINICAL BIOCHEMISTRY LAB: extracted
[local-ai] C BLOCK: extracted
[local-ai] HISTOPATHOLOGY LAB: extracted
[local-ai] ADMINISTRATIVE BLOCK: extracted
[local-ai] COLLEGE OF PHARMACY: extracted
[local-ai] NEW LADIES HOSTEL: extracted
[local-ai] KARUNYA: extracted
[local-ai] PHARMACY: extracted
[local-ai] St Joseph's Hospital: extracted
[local-ai] Doctor Peter's Clinic: extracted
[local-ai] Dr. Tony Fernandez Eye Hospital: extracted
[local-ai] BENZY HOSPITALS: extracted
[local-ai] All Salam Hospital: extracted
[local-ai] Thrissur Corporation Primary Health Centre, Ayyanathole: extracted
[local-ai] Eye Foundation: extracted
[local-ai] Oncology, Renal & Ophthalmology Block, Medical Trust Hospital: extracted
[local-ai] Alfa Medicare Hospital: extracted
[local-ai] Urban Community Health Centre: extracted
[local-ai] Skinsecrets: extracted
[local-ai] Public Parking Ground: extracted
[local-ai] Mantradhaara Ayurvaidyasala: extracted
[local-ai] Cimar Women's Hospital: extracted
[checkpoint] saved 3125 records
[local-ai] Garden Intergrated PMR Hospital Kottakkal: extracted
[local-ai] Asraya Poly Clinic: extracted
[local-ai] Karunya Medical Centre: extracted
[local-ai] Pathanapuram Taluk Hospital Project Site: extracted
[local-ai] Government Homeo Hospital: extracted
[local-ai] Teamcare Hospital: extracted
[local-ai] Dr Agarwal's: extracted
[local-ai] Doctors Ayurveda Hospital: extracted
[local-ai] Flora Medicare & Dental Implant Center: extracted
[local-ai] Lisie Cancer Centre: extracted
[local-ai] ഓപി & ഡയഗ്നോസ്റ്റിക്ക് സെന്റർ: extracted
[local-ai] 25th Hour Clinic: extracted
[local-ai] Casualty: extracted
[local-ai] ICU: extracted
[local-ai] Nims health care: extracted
[local-ai] Kamala Ravi Hospital: extracted
[local-ai] Puthur Mission Hospital: extracted
[local-ai] Navadalam Ayurcare - Ayurveda Multi-speciality Hospital: extracted
[local-ai] Mayukha Wellness Clinic: extracted
[local-ai] Govt Health Center: extracted
[local-ai] Ayurveda: extracted
[local-ai] Government Medical College, Kozhikode: extracted
[local-ai] Baby Memorial Hospital: extracted
[local-ai] Iqraa Hospital: extracted
[local-ai] Manhal Hospital: extracted
[checkpoint] saved 3150 records
[local-ai] Government Medical College, Kottayam: extracted
[local-ai] ST.Mary's Hospital, Karimannoor: extracted
[local-ai] VPS Lakeshore Hospital: extracted
[local-ai] Amrita Hospital, Kochi: extracted
[local-ai] Malankara Orthodox Syrian Church Medical College: extracted
[local-ai] Royale Hospital: extracted
[local-ai] Santhwana Hospital: extracted
[local-ai] Aster MIMS Hospital: extracted
[local-ai] Metro Hospital: extracted
[local-ai] Rukmani Poly Clinic & Laboratory: extracted
[local-ai] Thangam Hospital Of PMRC: extracted
[local-ai] അമല ഇന്സ്റ്റിറ്റ്യൂട്ട് ഓഫ് മെഡിക്കൽ സയൻസസ്: extracted
[local-ai] Shantigiri Ayurveda Medical College and Hospital: extracted
[local-ai] Avitis Palakkad Town Hospital: extracted
[local-ai] Government District Hospital Palakkad: extracted
[local-ai] Palakkad Co-Operative Hospital: extracted
[local-ai] Government Women and Children hospital, Palakkad (Govt. District Hospital (Pregnancy Ward): extracted
[local-ai] Palana Institute Of Medical Science: extracted
[local-ai] Government Medical College Ernakulam: extracted
[local-ai] Government Leprosy Hospital: extracted
[local-ai] Amrita Ayurveda Hospital: extracted
[local-ai] Sangeetha Nursing Home: extracted
[local-ai] MOSC Rural Health Training Centre: extracted
[local-ai] Travancore Medical College Hospital: extracted
[local-ai] Sitaram Ayurveda Speciality Hospital: extracted
[checkpoint] saved 3175 records
[local-ai] Government Victoria Hospital, Kollam: extracted
[local-ai] Govt. District Ayurveda Hospital Kollam Asramam: extracted
[local-ai] Mission Hospital: extracted
[local-ai] Upasana Hospital: extracted
[local-ai] Community Health Center Porunnanore: extracted
[local-ai] Venad Hospital: extracted
[local-ai] Jubilee Mission Medical College and Research Institute: extracted
[local-ai] Little Flower Hospital And Research Centre: extracted
[local-ai] Jyothi Hospital: extracted
[local-ai] Pushpagiri Institute Of Medical Science And Research Centre: extracted
[local-ai] St. Joseph's Mission Hospital: extracted
[local-ai] MES Medical College, Perinthalmanna: extracted
[local-ai] EMS Memorial Co-Operative Hospital & Research Centre: extracted
[local-ai] Comtrust Eye Hospital: extracted
[local-ai] Nani Memorial Hospital, Kollam: extracted
[local-ai] Taluk Head Quarters Hospital, Malappuram: extracted
[local-ai] Government Medical College Hospital Alappuzha: extracted
[local-ai] Lourdes Hospital: extracted
[local-ai] Lisie Hospital: extracted
[local-ai] Mariya Nilayam Hospital PHC: extracted
[local-ai] Shankar's Institute Of Medical Sciences: extracted
[local-ai] Immaculate Heart of Mary Hospital: extracted
[local-ai] നിർമ്മല ഹോസ്പിറ്റൽ: extracted
[local-ai] Sreedhareeyam Ayurvedic Eye Hospital and Research Centre: extracted
[local-ai] VSM Hospital: extracted
[checkpoint] saved 3200 records
[local-ai] Rivershore Hospital: extracted
[local-ai] Taluk Headquarters Hospital, Kanjirappaly: extracted
[local-ai] Samaritan Hospital: extracted
[local-ai] ESIC Hospital: extracted
[local-ai] കോഴിക്കോട് ബീച്ച് ആശുപത്രി: extracted
[local-ai] Govt. Ayurveda Hospital: extracted
[local-ai] ESIC Super Specialty Hospital: extracted
[local-ai] Santhinikethan Hospital: extracted
[local-ai] Taluk Headquarters Hospital Punalur: extracted
[local-ai] Bishop Benziger Hospital, Kollam: extracted
[local-ai] Primary Health Centre Thalavoor: extracted
[local-ai] Paniel Hospital: extracted
[local-ai] Government Ayurveda Hospital Naduthery: extracted
[local-ai] P V S Memorial Hospital Ltd: extracted
[local-ai] Lal Memorial Hospital: extracted
[local-ai] Women and Children Hospital, Thycaud: extracted
[local-ai] General Hospital Manjeri: extracted
[local-ai] Prasanthi Hospital, Manjeri: extracted
[local-ai] St George Hospital Vazhakulam hospital ground: extracted
[local-ai] Community Health Center Ambalappara: extracted
[local-ai] Taluk Head Quarters Hospital Ottappalam: extracted
[local-ai] Valluvanad Hospital: extracted
[local-ai] Seventh Day Adventist Hospital: extracted
[local-ai] Semalk Hospital: extracted
[local-ai] Homeo College and Hospital: extracted
[checkpoint] saved 3225 records
[local-ai] Institute of Palliative Medicine: extracted
[local-ai] Taluk Headquarters Hospital, North Paravur: extracted
[local-ai] Community Health Centre Kuzhalamannam: extracted
[local-ai] P.M.S.A. Memorial Malappuram District Co-Operative Hospital Ltd.: extracted
[local-ai] Taluk Head Quarters Hospital: extracted
[local-ai] Christian Mission Hospital: extracted
[local-ai] Orchid Hospital: extracted
[local-ai] Westfort Hi-Tech Hospital: extracted
[local-ai] Malabar Medical College Hospital: extracted
[local-ai] Kerala Ayurveda Samajam: extracted
[local-ai] Nandavanam Ayurvedic Hospitals: extracted
[local-ai] Elite Mission Hospital: extracted
[local-ai] Metropolitan Hospital: extracted
[local-ai] Derma Laser Centre: extracted
[local-ai] SUN Hospital: extracted
[local-ai] Athani Hospital: extracted
[local-ai] Community Health Center Kozhinjampara: extracted
[local-ai] Ahalia Eye Hospital: extracted
[local-ai] Ahalia Ayurveda Hospital: extracted
[local-ai] Community Health Center, Cherpulassery: extracted
[local-ai] Taluk Head Quarters Hospital, Chittur: extracted
[local-ai] Saphire Medical Centre: extracted
[local-ai] Kunnamkulam Government Hospital: extracted
[local-ai] Shankar Hospital, Cherpulassery: extracted
[local-ai] Tirur Nursing Home: extracted
[checkpoint] saved 3250 records
[local-ai] City Hospital: extracted
[local-ai] TreeG Eye Care Hospital, Manjeri: extracted
[local-ai] Korambayil Hospital & Diagnostic Centre: extracted
[local-ai] St. Camilus Hospital Building: extracted
[local-ai] Iqraa Community Hospital, Thottilpalam: extracted
[local-ai] Government Yoga & Naturopathy Hospital Varkala;Nature Cure Hospital: extracted
[local-ai] Arya Vaidya Sala Speciality hospital: extracted
[local-ai] Arya Vaidya Sala, Kottakkal: extracted
[local-ai] Karuna Hospital, Palakkad: extracted
[local-ai] DM Wayanad Institute of Medical Sciences: extracted
[local-ai] Medical College New OP Block: extracted
[local-ai] Taluk Headquarters Hospital, Ponnani: extracted
[local-ai] Fatima Mata Mission Hospital: extracted
[local-ai] Nirmala Medical Centre: extracted
[local-ai] Carithas KMM Hospital: extracted
[local-ai] Al Salama Eye Hospital Ltd: extracted
[local-ai] District Hospital Perinthalmanna: extracted
[local-ai] Ramdas Hospital, Perinthalmanna: extracted
[local-ai] Amina Hospital: extracted
[local-ai] KIMS Al Shifa Hospital: extracted
[local-ai] Maulana Hospital: extracted
[local-ai] ഗവൺമെന്റ് ആയുർവേദ കോളേജ് ആശുപത്രി, തിരുവനന്തപുരം: extracted
[local-ai] Women and Children Hospital, Mattancherry: extracted
[local-ai] Valiyath Institute of Medical Science: extracted
[local-ai] A M Hospital: extracted
[checkpoint] saved 3275 records
[local-ai] Pearl Hospital: extracted
[local-ai] Kochi Port Trust Hospital: extracted
[local-ai] Community Haelth Centre Narakkal: extracted
[local-ai] Lakshmi hospital: extracted
[local-ai] Amana Hospital: extracted
[local-ai] Jeevodaya Mission Hospital: extracted
[local-ai] Vinayaka Hospital: extracted
[local-ai] Assumption Hospital: extracted
[local-ai] San Jos Parish Hospital: extracted
[local-ai] Karthyayani Nursing Home: extracted
[local-ai] Sudharma Lab: extracted
[local-ai] Aswini Hospital Private Limited: extracted
[local-ai] Taluk hospital,Chelakkara: extracted
[local-ai] Unit Hospital: extracted
[local-ai] Taluk Hospital Perambra: extracted
[local-ai] Health Center: extracted
[local-ai] Ahalia Foundation Eye Hospital, Manjeri: extracted
[local-ai] Kannur District Hospital: extracted
[local-ai] N.S. Memmorial hospital: extracted
[local-ai] Family Health Center Sreekrishnapuram: extracted
[local-ai] Mothercare Hospital: extracted
[local-ai] New Alma Hospital: extracted
[local-ai] Mannarkkad nursing home: extracted
[local-ai] Crescent Hospital: extracted
[local-ai] M. K. Haji Orphanage Hospital: extracted
[checkpoint] saved 3300 records
[local-ai] Ansar hospital Perumbilavu: extracted
[local-ai] Community Health Center Thrithala: extracted
[local-ai] Mankara PHC: extracted
[local-ai] Rajiv Gandhi Co-op Multi Speciality Hospital: extracted
[local-ai] NMC Hospital: extracted
[local-ai] Nila Hospital: extracted
[local-ai] Ahalia Eye Hospital & Ahalia Money Exchange: extracted
[local-ai] Unani Hospital: extracted
[local-ai] Govt District Hospital-Wadakkancherry: extracted
[local-ai] kerala police academy hospital: extracted
[local-ai] PRIMARY HEALTH CENTRE RAMAVARMAPURAM: extracted
[local-ai] MES Hospital Karupadanna: extracted
[local-ai] Community Health Centre Sachivothampuram: extracted
[local-ai] Kanjirapally General Hospital: extracted
[local-ai] Kadamapuzha Hospital: extracted
[local-ai] Comtrust Ottapalam Eye Care Hospital: extracted
[local-ai] Sukhodaya: extracted
[local-ai] District Hospital, Kanhangad: extracted
[local-ai] St. Joseph's Hospital: extracted
[local-ai] Taluk Headquarters Hospital Pampady: extracted
[local-ai] ESI Hospital: extracted
[local-ai] Malabar Ortho Hospital: extracted
[local-ai] Primary Health Centre Elambulassery: extracted
[local-ai] Primary Health Health Center Malampuzha: extracted
[local-ai] Life Care Homeo Medical Centre: extracted
[checkpoint] saved 3325 records
[local-ai] Ayurveda Hospital-Mullanpara: extracted
[local-ai] Govt Hospital, Mudikkode: extracted
[local-ai] Govt Homeopathic Hospital: extracted
[local-ai] Sevana Hospital: extracted
[local-ai] Karothukuzhi Hospital: extracted
[local-ai] Mary Matha Hospital: extracted
[local-ai] St. Joseph's E.N.T and Eye Hospital: extracted
[local-ai] Donbosco Hospital: extracted
[local-ai] Esaf Hospital: extracted
[local-ai] AJ Hospital: extracted
[local-ai] Taluk Headquarters Hospital, Karunagappally: extracted
[local-ai] Sreevalsam Hospital: extracted
[local-ai] KMK hospital: extracted
[local-ai] Chaliyar Hospital: extracted
[local-ai] Government District Hospital Nilambur: extracted
[local-ai] Elamkulam Hospital: extracted
[local-ai] Devi Nursing Home: extracted
[local-ai] Panakkad Said Muhammedali Shihab Thangal Smaraka General Hospital, Manjeri: extracted
[local-ai] Elavunkal Hospital: extracted
[local-ai] cherupuzha co-operative hospital: extracted
[local-ai] St Sebastian's Hospital: extracted
[local-ai] Good Samaritan Hospital: extracted
[local-ai] Believers Church Medical College Hospital: extracted
[local-ai] Medical Trust Hospital: extracted
[local-ai] Taluk Headquarters Hospital Kodungalloor: extracted
[checkpoint] saved 3350 records
[local-ai] Aster Medcity: extracted
[local-ai] St. Gregorios Medical Mission Hospital: extracted
[local-ai] Primary Health Centre, Mannur: extracted
[local-ai] Karunya Hospital: extracted
[local-ai] AIMS B Block: extracted
[local-ai] Mary Queens Mission Hospital: extracted
[local-ai] Thiruvalla Medical Mission Hospital: extracted
[local-ai] Koppam Hospital: extracted
[local-ai] Bismillah Hospital: extracted
[local-ai] Shifa Hospital: extracted
[local-ai] Community Health Centre, Koppam: extracted
[local-ai] Relief Hospital: extracted
[local-ai] Vijayasree Eye Hospital: extracted
[local-ai] West Fort Hospital: extracted
[local-ai] General Hospital Irinjalakuda: extracted
[local-ai] PAY AND PARK: extracted
[local-ai] Government Dental College, Thrissur: extracted
[local-ai] AKG Hospital: extracted
[local-ai] Ashirvad Hospital: extracted
[local-ai] Raslock Hospital: extracted
[local-ai] KIMST Hospital: extracted
[local-ai] Speciality Hospital: extracted
[local-ai] G K Hospital: extracted
[local-ai] SH Medical Centre: extracted
[local-ai] Saint Marys Mission Hospital: extracted
[checkpoint] saved 3375 records
[local-ai] Vythiri Taluk Head Quarters Hospital: extracted
[local-ai] Dr Appukkuttan Memorial Hospital: extracted
[local-ai] Modern Hospital, Kodungallur (Main): extracted
[local-ai] Government Ayurveda Hospital Aluva: extracted
[local-ai] S.M Hospital: extracted
[local-ai] Government Medical College Hospital, Palakkad: extracted
[local-ai] Homeo Clinic: extracted
[local-ai] Malabar Hopital: extracted
[local-ai] Mother hospital: extracted
[local-ai] Madona Hospital: extracted
[local-ai] Childrens Hospital: extracted
[local-ai] Aster Mims Hospital: extracted
[local-ai] Institute of Communicative & Cognitive Neuro Science: extracted
[local-ai] Kottakkal Arya Vaidyasala: extracted
[local-ai] Taluk Hospital Kottakkal: extracted
[local-ai] Kottakkal Aryavaidyasala Outpatient: extracted
[local-ai] Aster MIMS Hospital: extracted
[local-ai] Almas Hospital: extracted
[local-ai] Ahalia Foundation Eye Hospital, Changuvetty: extracted
[local-ai] HMS Hospital: extracted
[local-ai] Neha Hospital: extracted
[local-ai] Meitra Hospital: extracted
[local-ai] AyurMana | Dharma Ayurveda Centre for Advanced Healing: extracted
[local-ai] Family Health Centre Adakkaputhur: extracted
[local-ai] Al Arif Hospital: extracted
[checkpoint] saved 3400 records
[local-ai] Primary Health Centre, Mudakuzha: extracted
[local-ai] Primary Health Centre, Malayattor: extracted
[local-ai] Community Health centre Vengoor: extracted
[local-ai] St Thomas Hospital: extracted
[local-ai] Taluk Head Quarters Hospital Chalakudy: extracted
[local-ai] TALUK HEADQUARTERS HOSPITAL CHALAKUDI: extracted
[local-ai] AYUSH PHC KODASEERI HOMOEO: extracted
[local-ai] KPM Eye Hospital: extracted
[local-ai] Family Health Centre Pariyaram: extracted
[local-ai] Ayush PHC Ayurveda Dispensary Kathikudam: extracted
[local-ai] Family Health Centre Nalukettu: extracted
[local-ai] Gandhigram Government Hospital Of Dermatology Koratty: extracted
[local-ai] Community Health Centre Mattathur: extracted
[local-ai] Nettoor Medical Centre Homeo Clinic pvt: extracted
[local-ai] Caritas Hospital: extracted
[local-ai] Taluk Headquarters Hospital Vaikom: extracted
[local-ai] Homeocare Homeopathic clinic: extracted
[local-ai] GIMS Multi Speciality Hospita: extracted
[local-ai] Kinder Women's Hospital and Fertility Centre (P) Ltd.: extracted
[local-ai] Family Health centre Udayamperoor: extracted
[local-ai] Primary Health Centre Kadakkarappally: extracted
[local-ai] Family Health Centre Thuravoor: extracted
[local-ai] Primary Health Centre, kandakkadavu: extracted
[local-ai] Primary Health Centre Panangad: extracted
[local-ai] 24x7 Primary Health Centre Ezhupunna: extracted
[checkpoint] saved 3425 records
[local-ai] Biju's Ayurvedha Hospital: extracted
[local-ai] Community Health Centre Vengola: extracted
[local-ai] Primary Health Center, Thuravoor South: extracted
[local-ai] OUR FAMILY CLINIC: extracted
[local-ai] Indo American Hospital: extracted
[local-ai] Primary Health Center, T V Puram: extracted
[local-ai] KAP 2nd Battallion: extracted
[local-ai] Nirmalam Siddha and Ayurveda Clinic: extracted
[local-ai] PHC Eramallikara: extracted
[local-ai] Primary Health Center Kuppapuram: extracted
[local-ai] Aradhana Hospital: extracted
[local-ai] Thaqdees Hospital Limited: extracted
[local-ai] INHS Sanjivani Hospital: extracted
[local-ai] ESI Hospital: extracted
[local-ai] Diagnostic Medical Lab: extracted
[local-ai] Thrissur District Co-Operative Hospital: extracted
[local-ai] Thaikkatt Moose Vydyaraj Oushadasala: extracted
[local-ai] Westfort Hospital: extracted
[local-ai] Nyle Hospital: extracted
[local-ai] Malankara Hospital: extracted
[local-ai] Chandramathy Amma Memorial Hospital: extracted
[local-ai] Vaidyaratnam Ayurveda College Hospital: extracted
[local-ai] Mother & Child Hospital: extracted
[local-ai] St. George Hospital, Payarukad: extracted
[local-ai] CHC Chathankary: extracted
[checkpoint] saved 3450 records
[local-ai] Primary Health Center Kainakary: extracted
[local-ai] Welcare Hospital: extracted
[local-ai] Primary Health Centre Nedumpuram: extracted
[local-ai] NSS Medical Mission Hospital Pandalam: extracted
[local-ai] Primary Health Centre Mulakuzha: extracted
[local-ai] Taluk Headquarters Hospital Chengannur: extracted
[local-ai] Healer: extracted
[local-ai] Ayurdan Ayurveda Hospital: extracted
[local-ai] Primary Health Center Bhudhanoor: extracted
[local-ai] Government Ayurveda Dispensary Puliyoor: extracted
[local-ai] Primary Health Center Pathiyoor: extracted
[local-ai] Family Health Centre, Niranam: extracted
[local-ai] VSM Hospital: extracted
[local-ai] Community Health Centre, Chathenkary: extracted
[local-ai] Primary Health Center, Kadamboor: extracted
[local-ai] St Jerome Hospital: extracted
[local-ai] Veterinary Dispensary: extracted
[local-ai] Primary Health Centre Pattikkad: extracted
[local-ai] Primary Health Centre Kandanassery: extracted
[local-ai] General Hospital, Thrissur: extracted
[local-ai] District TB Centre,Thrissur: extracted
[local-ai] Govt Ayurvedic Hospital: extracted
[local-ai] Primary Health Centre Madakathara: extracted
[local-ai] Primary Health Centre Nattika: extracted
[local-ai] Primary Health Centre Porkulam: extracted
[checkpoint] saved 3475 records
[local-ai] Government Ayurvedha Hospital: extracted
[local-ai] Community Health Centre, Koodalloor: extracted
[local-ai] 1: extracted
[local-ai] 馬偕: extracted
[local-ai] Kripa Health Care: extracted
[local-ai] EMS Hospital: extracted
[local-ai] Primary Health Centre, Kallanode: extracted
[local-ai] PRIMARY HEALTH CENTRE METHALA;Primary Health Centre Methala: extracted
[local-ai] Veterinary Dispensary, Marathamcode: extracted
[local-ai] govt.hom: extracted
[local-ai] ICDP SUB CENTER VETTILAPPARA: extracted
[local-ai] Primary Health Centre, Urngattiri: extracted
[local-ai] Community Health Centre Kadappuram: extracted
[local-ai] Primary Health Centre Chamakkala: extracted
[local-ai] PHC poovathussery: extracted
[local-ai] Family Health Centre, Palathara: extracted
[local-ai] Primary Health Centre, Neelamperoor: extracted
[local-ai] Community Health Centre ,Chittar: extracted
[local-ai] Primary Health Center Harippad: extracted
[local-ai] Taluk Head Quarters Hospital Haripad: extracted
[local-ai] District Hospital Kottayam: extracted
[local-ai] Nikhil Hospital, Iritty: extracted
[local-ai] Amala Multi Speciality Hospital: extracted
[local-ai] sreepathy ayurvedha hospital: extracted
[local-ai] Sree Avittam Thirunnal Hospital, Thiruvananthapuram: extracted
[checkpoint] saved 3500 records
[local-ai] Fathima Hospital: extracted
[local-ai] MVR Cancer Center: extracted
[local-ai] Rajagiri Hospital: extracted
[local-ai] TSC Hospital: extracted
[local-ai] Kerala Institute of Medical Sciences Hospital: extracted
[local-ai] Family Health Centre, Chokkad: extracted
[local-ai] Thaluk Hospital Kuttiady: extracted
[local-ai] Family Health Centre, Pandikkad: extracted
[local-ai] ESI Dispensary , Fort Kochi: extracted
[local-ai] Primary Health Centre Nooranadu: extracted
[local-ai] Community Health Centre, Bedadka: extracted
[local-ai] Meditrina Hospital: extracted
[local-ai] Government Ayurvedic dispensary, Chemmathmukk: extracted
[local-ai] Primary Health Centre Puliyoor: extracted
[local-ai] Community Health Centre Poovar: extracted
[local-ai] Primary Health Centre Kottayi: extracted
[local-ai] St. Thomas Hospital, Chethipuzha: extracted
[local-ai] NIMS Hospital: extracted
[local-ai] Veterinary sub centre Vallathol Nagar: extracted
[local-ai] Mary Immaculate Mission Hospital: extracted
[local-ai] Metro health care: extracted
[local-ai] pranavam hospital: extracted
[local-ai] Unity Hospital: extracted
[local-ai] Surya Hospital: extracted
[local-ai] Medical Trust Hospital: extracted
[checkpoint] saved 3525 records
[local-ai] Vijaya Kumara Menon Hospital: extracted
[local-ai] malappuram district homeo hospital: extracted
[local-ai] M B Hospital: extracted
[local-ai] Taluk Hospital Angamali: extracted
[local-ai] Primary Health Centre, Koottilangadi: extracted
[local-ai] Primary Health Center 24*7, Thevarkadappuram: extracted
[local-ai] Taluk Headquarters Hospital Peermade: extracted
[local-ai] CSI Mission Hospital: extracted
[local-ai] Govt Hosiptal Mevada: extracted
[local-ai] Sarada Hospital: extracted
[local-ai] kanhangad Deepa nursing home: extracted
[local-ai] Life Care Hospital: extracted
[local-ai] MC Hospital: extracted
[local-ai] Government Veterinary Hospital: extracted
[local-ai] Community Health Centre Vathikudy: extracted
[local-ai] Changethu Ayurveda Hospital: extracted
[local-ai] Carewell Hospital: extracted
[local-ai] Ittimani Hospital: extracted
[local-ai] Sukrutham: extracted
[local-ai] Community Health Centre Mattannur: extracted
[local-ai] SUT AMS Mother and Child Hospital: extracted
[local-ai] Attukal Devi institute of Medical Sciences: extracted
[local-ai] Mar Geevarghese Dionysius Memorial Hospital: extracted
[local-ai] Sri Sathya Sai Super Speciality Hospital: extracted
[local-ai] community health centre, paika: extracted
[checkpoint] saved 3550 records
[local-ai] Community Health Centre Kallara: extracted
[local-ai] Dr. Manoj's ENT Super Speciality Institute and Research Centre: extracted
[local-ai] Thalakkadathur: extracted
[local-ai] Dr.Viswanathan Memorial Hospital: extracted
[local-ai] Changethu Bhaskaran Nair Memorial Hospital: extracted
[local-ai] Family Health Centre Vamanapuram: extracted
[local-ai] Community Health Centre Perumkadavila: extracted
[local-ai] Thengana Medical Mission Hospital and Research Centre: extracted
[local-ai] Medical Trust Hospital: extracted
[local-ai] Shashirekha Hospital: extracted
[local-ai] Krishna Hospital: extracted
[local-ai] Mariyanam Hospital: extracted
[local-ai] Anadiyil Hospital: extracted
[local-ai] Main Building: extracted
[local-ai] Community Health Centre Vandanmedu: extracted
[local-ai] Deepa Nursing Home: extracted
[local-ai] Regional Institute Of Ophthalmology: extracted
[local-ai] Community Health Centre, Koottickal: extracted
[local-ai] Malabar Hospital, Manjeri: extracted
[local-ai] Vasan Eye Care Hospital: extracted
[local-ai] Chaithanya ENT Hospital: extracted
[local-ai] Community Health Centre - Kadaplamattom: extracted
[local-ai] Saraswathy Hospital: extracted
[local-ai] Meditrina Hospitals: extracted
[local-ai] Taluk Headquarters Hospital Kothamangalam: extracted
[checkpoint] saved 3575 records
[local-ai] Amana hospital: extracted
[local-ai] Co-operative Hospital Kottakkal: extracted
[local-ai] Primary Health Centre, Moonniyur: extracted
[local-ai] C.H.M.M.S.I.M.C Pangappara: extracted
[local-ai] Community Health Centre, Vengara: extracted
[local-ai] KGM Hospital(Old Building),Cumbummettu: extracted
[local-ai] Valsala Hospital: extracted
[local-ai] Kristu Jayanti Hospital: extracted
[local-ai] Urban Primary Health Centre, Kooriyad: extracted
[local-ai] SUT Medical College Hospital: extracted
[local-ai] SUT Medical College Hospital: extracted
[local-ai] Maruthayi Homeopathy hospital: extracted
[local-ai] Urban Primary Health Centre, Porora: extracted
[local-ai] Govt Taluk hospital Srinagapuram,wad 4: extracted
[local-ai] General Hospital Ernakulam: extracted
[local-ai] Indira Gandhi Co-operative Hospital: extracted
[local-ai] ESI Hospital: extracted
[local-ai] Family Health Centre 24X7 Vellangallur: extracted
[local-ai] vellangallur govt.veterinary hospital: extracted
[local-ai] public health centre: extracted
[local-ai] Saraf Hospital: extracted
[local-ai] Lakshmi Hospital: extracted
[local-ai] GEM Hospital: extracted
[local-ai] Westfort Ayurveda Hospital: extracted
[local-ai] Wellcare Hospital: extracted
[checkpoint] saved 3600 records
[local-ai] Krishna Hospital: extracted
[local-ai] NMC Poly Clinic: extracted
[local-ai] Health Centre, Nadathara: extracted
[local-ai] Primary Health Centre, Sooranadu South: extracted
[local-ai] ss hospital: extracted
[local-ai] anthikad health centre: extracted
[local-ai] Primary Health Centre, Kaipamangalam: extracted
[local-ai] Santhosh Ayurveda Speciality Hospital: extracted
[local-ai] Primary Health centre 24*7, Vazhayur: extracted
[local-ai] Taluk Head Quarters Hospital Chavakkad: extracted
[local-ai] Family Health Centre Kollayil: extracted
[local-ai] priya dental clinic: extracted
[local-ai] emc hospital: extracted
[local-ai] Primary Health Centre Maranalloor: extracted
[local-ai] GOVT Ayurvedic Dispensary: extracted
[local-ai] Mission Hospital: extracted
[local-ai] Steepha ns Dental Centre: extracted
[local-ai] Communinty Health Centre Meppadi: extracted
[local-ai] PMS Dental Collage: extracted
[local-ai] Rapha Aroma Hospital: extracted
[local-ai] Family Health Centre, Thonnakkal: extracted
[local-ai] Ferns hospital: extracted
[local-ai] Government general Hospital, pathanamthitta: extracted
[local-ai] Primary Health Centre, Puramattom: extracted
[local-ai] DRC SLR Diagnostic services: extracted
[checkpoint] saved 3625 records
[local-ai] Primary Health Centre 24*7, Thuravoor: extracted
[local-ai] Lakhmi Hospital Parking Ground: extracted
[local-ai] St. James Hospital: extracted
[local-ai] Jubilee Mission Hospital: extracted
[local-ai] THIRUVILWAMALA CHC: extracted
[local-ai] Community Health Center, Thiruvilwamala: extracted
[local-ai] Taluk Hospital Njarackal: extracted
[local-ai] Government Medical College, Thrissur: extracted
[local-ai] Madathil Ayurveda Hospital & Pain Management Clinic: extracted
[local-ai] GAD Pombra: extracted
[local-ai] District Hospital A A Rahim Memorial Kollam: extracted
[local-ai] CHC Bedadka: extracted
[local-ai] Biocare Certified Medical Laboratory;Family Health Centre: extracted
[local-ai] Community Health Centre, Muliyar: extracted
[local-ai] Sahakara: extracted
[local-ai] Taluk Headquarters Hospital, Trikaripur: extracted
[local-ai] Thaluk Head Quarters Hospital: extracted
[local-ai] Family Health Centre Kottapady: extracted
[local-ai] Vimala Hospital Kanjoor: extracted
[local-ai] Family Health Center,Vazhakulam: extracted
[local-ai] kalpadi: extracted
[local-ai] municif court: extracted
[local-ai] Sree Sankara Nursing Home: extracted
[local-ai] E.K.Nayanar Memorial Co-Operative Hospital: extracted
[local-ai] PHC Dharmasala: extracted
[checkpoint] saved 3650 records
[local-ai] N.S.S Medical Mission Hospital,Karukachal: extracted
[local-ai] Mercy Nursing Home,Karukachal: extracted
[local-ai] Medical College Kasaragod: extracted
[local-ai] Goverment Ayurveda Hospital, Paipad: extracted
[local-ai] District TB Centre, Kasaragod: extracted
[local-ai] Family Health Center Pattuvam: extracted
[local-ai] Family Health Centre, Chirakkal: extracted
[local-ai] Veterinary Hospital Piravom: extracted
[local-ai] Dawas laboratory and pharmacy: extracted
[local-ai] Community Health Center Kunnumal: extracted
[local-ai] Santhyaram Hospital: extracted
[local-ai] primary health center: extracted
[local-ai] Family Health Centre, Koipuram: extracted
[local-ai] government homeoe dispensary: extracted
[local-ai] Primary Health Centre: extracted
[local-ai] Primary Health Centre, Kallada East: extracted
[local-ai] Puthiyedom Hospital, Poovarany: extracted
[local-ai] Public Health Center Chattanchal: extracted
[local-ai] Thejaswini Cooperative Hospital: extracted
[local-ai] Mar Gregorious Dental College: extracted
[local-ai] Primary Health Center Mararikulam North: extracted
[local-ai] Ayurvedic Hospital: extracted
[local-ai] Community Health Centre Thrikkunnapuzha: extracted
[local-ai] Laprasy Santorium Nooranad: extracted
[local-ai] Urban Primary Health Centre Muttada: extracted
[checkpoint] saved 3675 records
[local-ai] KBVM Ayurveda Madom: extracted
[local-ai] Kannetty Ayurveda Hospital: extracted
[local-ai] sanghi medical centre: extracted
[local-ai] Govt. Homeo Dispensary: extracted
[local-ai] Government Taluk Hospital, Konni: extracted
[local-ai] Karunya Hospital Valakom: extracted
[local-ai] dentzz multi speciality: extracted
[local-ai] Taluk Hospital Vithura: extracted
[local-ai] ENT: extracted
[local-ai] swamiji hospital: extracted
[local-ai] Homeopathic Medical College Ground: extracted
[local-ai] Government Hospital Kallooppara: extracted
[local-ai] Devakana clinic: extracted
[local-ai] primary health centre: extracted
[local-ai] Primary health centre, Kuttiattoor: extracted
[local-ai] Coastal Speciality Hospital Valiyathura: extracted
[local-ai] PHC Aanandapuram: extracted
[local-ai] Primary Health Centre, Karimannor: extracted
[local-ai] Urban Primary Health Centre Nanthancode: extracted
[local-ai] lms: extracted
[local-ai] Family Health Center Vadakara: extracted
[local-ai] Government Homeo Medical College: extracted
[local-ai] IMB Hospital: extracted
[local-ai] udma speciality nursing home: extracted
[local-ai] Primary Health Centre, Pramadam: extracted
[checkpoint] saved 3700 records
[local-ai] St Anns Hospital: extracted
[local-ai] Rihan child hospital: extracted
[local-ai] kvm ayurvedic hospital: extracted
[local-ai] Karunalaya: extracted
[local-ai] amirtha hopsital: extracted
[local-ai] Al shifa clinic: extracted
[local-ai] community health centre keechery: extracted
[local-ai] GOVERNMENT PUBLIC HEALTH CARE: extracted
[local-ai] Government hospital kadayiruppu: extracted
[local-ai] E K Nayanar Hospital: extracted
[local-ai] KJK Hospital: extracted
[local-ai] Taluk Head Quarters Hospital Chirayinkeezhu: extracted
[local-ai] Government Taluk Hospital: extracted
[local-ai] Government Taluk Head Quarter Hospital, Thaliparamba: extracted
[local-ai] P N M Hospital Killi: extracted
[local-ai] Government Hospital , Kamblikandam: extracted
[local-ai] General Hospital, Kasaragod: extracted
[local-ai] Government Homoeo Hospital Karakulam: extracted
[local-ai] Taluk Head Quarters Hospital, Panathady: extracted
[local-ai] sanjose hospital: extracted
[local-ai] Panicker's Hospital Kodungallur, ward 4: extracted
[local-ai] Taluk Headquarters Hospital Thiruvalla: extracted
[local-ai] District Hospital Mavelikkara: extracted
[local-ai] SM Ayurvedic hospital and dental clinic: extracted
[local-ai] Ayurvedic Hospital: extracted
[checkpoint] saved 3725 records
[local-ai] Taluk Head Quarters Hospital: extracted
[local-ai] Leprosy Sanitorium: extracted
[local-ai] Community Health Centre, Badiadka: extracted
[local-ai] Health and Family Welfare Training Centre, Kozhikode: extracted
[local-ai] Taluk Head Quarters Hospital Cherthala: extracted
[local-ai] Simons Eye Hospital Perambra: extracted
[local-ai] EC High School: extracted
[local-ai] Primary Health Center Mullankolly: extracted
[local-ai] Childrens Hospital: extracted
[local-ai] Community Health Center Kuttippuram: extracted
[local-ai] Primary Health Centre, Arikady: extracted
[local-ai] Elappully Government Taluk Hospital: extracted
[local-ai] Elappully Government Hospital (2): extracted
[local-ai] Govt. Taluk Head Quarters Hospital, Sulthan Bathery: extracted
[local-ai] Taluk Hospital, Thuravoor: extracted
[local-ai] Goverment Homeo Hospital, Kadalikkad: extracted
[local-ai] Primary Health Centre, Chittarikkal: extracted
[local-ai] Primary Health Centre 24x7, Narkilakkad: extracted
[local-ai] PHC Valiyaparamba (24*7): extracted
[local-ai] Primary Health Centre, Padne: extracted
[local-ai] mapanikattu: extracted
[local-ai] Family Health Centre, Kayyur: extracted
[local-ai] Family Health Centre, Udma: extracted
[local-ai] Primary health centre: extracted
[local-ai] CHC, THOTTAKADU: extracted
[checkpoint] saved 3750 records
[local-ai] Taluk Hospital, Areekode: extracted
[local-ai] Taluk Hospital Fort: extracted
[local-ai] Taluk Headquarters Hospital Thoduopuzha: extracted
[local-ai] DHC: extracted
[local-ai] Taluk Head Quarters Hospital, Sasthamkotta: extracted
[local-ai] Rama Rao Government Taluk Hospital: extracted
[local-ai] Taluk Hospital Neendakara: extracted
[local-ai] mcs: extracted
[local-ai] santhigiri Ayurveda and siddha hospital: extracted
[local-ai] Family Health Centre, Pattiam: extracted
[local-ai] Family Health Centre, Kottiyoor: extracted
[local-ai] Family Health Centre, Cheruthazham: extracted
[local-ai] Family Health Centre, Kankol Alapadamba: extracted
[local-ai] Government Taluk hospital: extracted
[local-ai] Taluk hospital, Peringome: extracted
[local-ai] Taluk Hospital, Pazhayangadi: extracted
[local-ai] Family health centre, Thillankeri: extracted
[local-ai] iritty taluk hospital: extracted
[local-ai] Family Health Centre, Muzhappilangad: extracted
[local-ai] Family Health Centre, Munderi: extracted
[local-ai] Taluk Hospital, Panoor: extracted
[local-ai] Primary Health Centre, Vaninagar: extracted
[local-ai] Ahalia Foundation eye hospital: extracted
[local-ai] Community Health Centre, Periya: extracted
[local-ai] Family Health Centre Kakkodi: extracted
[checkpoint] saved 3775 records
[local-ai] Thaluk Headquarters Hospital Thamarassery: extracted
[local-ai] PHC anjarakandy: extracted
[local-ai] Government Taluk Hospital Kuttiady: extracted
[local-ai] Feroke Taluk Government Hospital: extracted
[local-ai] Primary health care, Pattuvam: extracted
[local-ai] Primary health centre, Chuzhali: extracted
[local-ai] Family Health Centre, Eramam Kuttur: extracted
[local-ai] PRIMARY HEALTH CENTRE VALLATHOL NAGAR: extracted
[local-ai] western hospital and nursing home: extracted
[local-ai] Primary Health Centre, Chalil: extracted
[local-ai] manohar hospital: extracted
[local-ai] Primary health centre, Ettikulam: extracted
[local-ai] Poyyanil Hospital: extracted
[local-ai] Mulamoottil Eye hospital: extracted
[local-ai] Muthoot Hospital: extracted
[local-ai] Primary Health Centre Kunhimangalam: extracted
[local-ai] Family Health Centre, Ramanthali: extracted
[local-ai] Thomman Parambil Samuel Memorial ENT Centre & General Clinic: extracted
[local-ai] Primary Health Centre, Alakkad: extracted
[local-ai] District Hospital Kozencherry: extracted
[local-ai] Primary health centre, Kuttiattor: extracted
[local-ai] Primary health centre, Kolachery: extracted
[local-ai] Primary Health Centre, Pampuruthy: extracted
[local-ai] Primary health centre, Eruvessy: extracted
[local-ai] Primary Health Center Madakkathara: extracted
[checkpoint] saved 3800 records
[local-ai] Primary Health Centre Angadikadavu: extracted
[local-ai] Primary Health Centre Orumanayur: extracted
[local-ai] Primary Health Centre Porathussery: extracted
[local-ai] Primary Health Center Kuzhur: extracted
[local-ai] Family Health Centre, Venkitangu: extracted
[local-ai] Primary Health Centre Andathode: extracted
[local-ai] Primary Health Centre Mathilakam: extracted
[local-ai] Family Health Center Methala: extracted
[local-ai] FAMILY HEALTH CENTRE EDAVILANGU: extracted
[local-ai] Family Health Center, Kandalloor: extracted
[local-ai] Obstetrics and Gynaecology Institute.: extracted
[local-ai] 24*7 Primary Health centre, Athirampuzha: extracted
[local-ai] St. Mary's Hospital & Mortuary: extracted
[local-ai] General Hospital Pathanamthitta: extracted
[local-ai] Taluk Headquarters Hospital Pudukad: extracted
[local-ai] Primary Health centre Nadathara: extracted
[local-ai] Primay Health Centre Vaniyamapara: extracted
[local-ai] Primary Health Center, Poomala: extracted
[local-ai] Community Health Centre Ollur: extracted
[local-ai] Primary Health Centre Ollukkara: extracted
[local-ai] Dr Alex Thomas Pediatrician: extracted
[local-ai] Community Health Centre Vakkom: extracted
[local-ai] Primary Health Centre Vallachira: extracted
[local-ai] Primary Health Centre Koorkkanchery: extracted
[local-ai] Family Health Centre Perumpilavu: extracted
[checkpoint] saved 3825 records
[local-ai] Primary Health Centre Kuthampilly: extracted
[local-ai] PNNM Hospital: extracted
[local-ai] Community Health Centre, Edavanna: extracted
[local-ai] Primary Health Centre Engandiyur: extracted
[local-ai] Community Health Centre, Chungathara: extracted
[local-ai] Community Health Center, Puzhakkattiri: extracted
[local-ai] Kalanad nursing home: extracted
[local-ai] Primary Health Centre, Edarikode: extracted
[local-ai] Primary Health Centre Pavaratty: extracted
[local-ai] Family Health Centre, Thrikkur: extracted
[local-ai] Primary Health Center Varandarapilly: extracted
[local-ai] Community Health Centre Nedumpana: extracted
[local-ai] Community Health Centre , Nedumancavu: extracted
[local-ai] Community Health Centre Thrikkadavur: extracted
[local-ai] Community Health Center Kalakkode: extracted
[local-ai] Community Health Centre, Kulathupuzha: extracted
[local-ai] Community Health Centre, Oachira: extracted
[local-ai] Community Health Centre Nilamel: extracted
[local-ai] Community Health Centre,Velinalloor: extracted
[local-ai] CKM Community Health Centre ,Mayyanad: extracted
[local-ai] Primary Health Centre, Parippally: extracted
[local-ai] FAMILY HEALTH CENTRE (FHC)PERUMON: extracted
[local-ai] Taluk Hospital Puthenvelikkara: extracted
[local-ai] Primary Health centre , Madathara: extracted
[local-ai] Institute of Child Health and Childrens Hospital Kottayam: extracted
[checkpoint] saved 3850 records
[local-ai] Community Health Centre Vallana: extracted
[local-ai] ESIC Hospital: extracted
[local-ai] Kallissery Hospital: extracted
[local-ai] Community Health Centre pandanad: extracted
[local-ai] gowrisa eye hospital: extracted
[local-ai] government veterinary hospital: extracted
[local-ai] Holy Family Hospital And Dental Clinic: extracted
[local-ai] Community Health Centre Panamaram: extracted
[local-ai] Community Health Centre Peria: extracted
[local-ai] Community Health Centre, Meppady: extracted
[local-ai] Community Health Centre Kattakada: extracted
[local-ai] Community Health Centre, Pulpally: extracted
[local-ai] Primary Health Centre Puthur: extracted
[local-ai] backers hospital palakunnu: extracted
[local-ai] Puthenthope Community Health Centre Hospital: extracted
[local-ai] Government Tribal Hospital: extracted
[local-ai] Primary Health Centre Vellamunda: extracted
[local-ai] Primary Health Centre Cheeral: extracted
[local-ai] Main Center, PHC Vazhavatta: extracted
[local-ai] Primary Health Centre Aryad: extracted
[local-ai] puthalath eye hospital: extracted
[local-ai] Primary Health Centre Kurukanmoola: extracted
[local-ai] Primary Health Centre Begur: extracted
[local-ai] Community Health Centre, Vilappil: extracted
[local-ai] Primary Health Centre Varadoor: extracted
[checkpoint] saved 3875 records
[local-ai] Family Health Centre Pozhuthana: extracted
[local-ai] Primary Health Centre, Kappukunnu: extracted
[local-ai] Primary Health Center Pakkom: extracted
[local-ai] Primary Health Center Valad: extracted
[local-ai] Family Health Centre Appapara: extracted
[local-ai] Community Health Centre, Anchuthengu: extracted
[local-ai] Primary Health Centre, Mancode,Pathanapuram: extracted
[local-ai] Taluk Headquarters Hospital M C C M, Ranni: extracted
[local-ai] Century Hospital Mulakkuzha: extracted
[local-ai] Urban Primary Health Centre Vattiyoorkavu: extracted
[local-ai] Community health Centre, Peruvallur: extracted
[local-ai] Family Health Centre, Elayavoor: extracted
[local-ai] General Hospital, kottayam: extracted
[local-ai] Community Health Centre, Kalikavu: extracted
[local-ai] Govt Community health Centre Karuvarkundu: extracted
[local-ai] District TB Centre, Manjeri: extracted
[local-ai] Govt.Women and Children (W&C) Hospital , Ponnani: extracted
[local-ai] District TB Centre,Ponnani: extracted
[local-ai] Community Health Centre, Thrikkanapuram: extracted
[local-ai] Primary Health Centre, Kallada West: extracted
[local-ai] Primary Health Centre ,Perayam: extracted
[local-ai] Primary Health Centre , Melila: extracted
[local-ai] CHC Thycattussery: extracted
[local-ai] Community Health Centre Arookutty: extracted
[local-ai] FAMILY HEALTH CENTRE VELIYAM: extracted
[checkpoint] saved 3900 records
[local-ai] Family Health Centre, Chathannur: extracted
[local-ai] Community Health Centre Muhamma: extracted
[local-ai] Primary Health centre (PHC) , Ummannoor: extracted
[local-ai] Community Health Centre Perumbalam: extracted
[local-ai] Primary Health Centre, Alayamon: extracted
[local-ai] Family Health Center , Elampalloor: extracted
[local-ai] Aswas Deaddiction Centre: extracted
[local-ai] Primary Health Centre, Ezhome: extracted
[local-ai] Lisa Parking Ground: extracted
[local-ai] Family Health Centre, Anjarakandy: extracted
[local-ai] Primary health centre, Peralassery: extracted
[local-ai] Family Health Centre, Mokeri: extracted
[local-ai] Medical College Health Unit Ambalapuzha: extracted
[local-ai] Govt. Hospital Champakulam: extracted
[local-ai] Taluk Head Quarter Hospital, Mannarkkad: extracted
[local-ai] Taluk Headquarters Hospital Mallappally: extracted
[local-ai] 24×7 Primary Health Centre, Cherykunnu: extracted
[local-ai] Vimala Hospital, Aniyartholu: extracted
[local-ai] Community Health Centre, Anchal 3.0 (1): extracted
[local-ai] Primary Health Center, Edakkara: extracted
[local-ai] ALIV: extracted
[local-ai] medayil clinic: extracted
[local-ai] Community health centre, Oduvallithattu: extracted
[local-ai] Community Health Centre, Pappinisseri: extracted
[local-ai] Community Health Centre, Azhikode: extracted
[checkpoint] saved 3925 records
[local-ai] Primary Health Centre, Mattool: extracted
[local-ai] Primary Health Centre,Trippanachi: extracted
[local-ai] 24×7 Primary health centre, Kelakam: extracted
[local-ai] 24×7 Primary health centre, koodali: extracted
[local-ai] 24×7 Primary health centre, Udayagiri: extracted
[local-ai] 24×7 Primary health centre, Naduvil: extracted
[local-ai] 24×7 Primary health centre, Parassinikadavu: extracted
[local-ai] Community Health Centre, Ezhumattoor: extracted
[local-ai] Primary Health Centre Vakathanam: extracted
[local-ai] Govt. Tribal dispensary Kannavam: extracted
[local-ai] Primary Health Centre Vengad: extracted
[local-ai] Primary Health Centre Dharmadam: extracted
[local-ai] Community Health Centre, Enadimangalam: extracted
[local-ai] Primary Health Centre, Puzhathi: extracted
[local-ai] Community Health Centre Kunnamthanam: extracted
[local-ai] Community Health Center Edathuva: extracted
[local-ai] Community Health Center, Oduvallithattu: extracted
[local-ai] Primary Health centre, Mangattidam: extracted
[local-ai] Primary health centre, Kanichar: extracted
[local-ai] Primary Health Centre, Thottappuzhassery: extracted
[local-ai] Primary health centre, Chengalayi: extracted
[local-ai] Primary Health Centre, Kadampanad: extracted
[local-ai] Malabar medical center: extracted
[local-ai] Primary Healh Center, Koodal: extracted
[local-ai] Primary Health Centre, Kaviyoor: extracted
[checkpoint] saved 3950 records
[local-ai] Primary Health Centre, Kokkathodu: extracted
[local-ai] CHC Vechoochira: extracted
[local-ai] Primary Health Centre Anicadu: extracted
[local-ai] Ayurvedic hospital Varappetty: extracted
[local-ai] Family Health Centre, Pozhiyoor: extracted
[local-ai] Primary Health Care Centre, Pallikathode: extracted
[local-ai] Family Health Centre Pamboor: extracted
[local-ai] Urban Primary Health Centre, Edakochi: extracted
[local-ai] Primary Health Centre, Kaladi: extracted
[local-ai] Eranholi PHC: extracted
[local-ai] Community Health Centre, Kottakkal: extracted
[local-ai] Primary Health Centre, Peruva: extracted
[local-ai] Primary health centre, Karikkottakari: extracted
[local-ai] Primary health centre, Vallithodu: extracted
[local-ai] Primary Health Centre, Kodiyeri: extracted
[local-ai] Primary health centre, Keezhalloor: extracted
[local-ai] Primary health centre, Chapparapadavu: extracted
[local-ai] Primary Health Centre, Thuvvur: extracted
[local-ai] Primary Health Centre, Maloor: extracted
[local-ai] Primary health centre, Kalliasseri: extracted
[local-ai] Family Health Centre, Kottayam Malabar: extracted
[local-ai] Fisheries Primary Health Centre, Puthiyangadi: extracted
[local-ai] Family Health Centre, Kulathoor: extracted
[local-ai] Primary health centre, Kadachira: extracted
[local-ai] Primary Health Centre, Trippangottoor: extracted
[checkpoint] saved 3975 records
[local-ai] Government Homoeo Model Dispensary Edakochi: extracted
[local-ai] Family Health Centre Thonippara: extracted
[local-ai] Primary Health Centre, Cheriyamundam: extracted
[local-ai] Primary Health Centre, Kannapuram: extracted
[local-ai] LMS Hospital: extracted
[local-ai] Community Health Centre Pampakuda: extracted
[local-ai] Darul hasanath hospital: extracted
[local-ai] Marthoma Hospital: extracted
[local-ai] Primary Health Centre, Ranni Angadi: extracted
[local-ai] veterinary hospital: extracted
[local-ai] 24*7 Primary Health Care Cherthala South: extracted
[local-ai] Primary Health Centre Pallithodu: extracted
[local-ai] KKM hospital: extracted
[local-ai] Mukunda Hospital, Payyanur: extracted
[local-ai] Primary Health Centre, Seethathodu: extracted
[local-ai] Primary Health Centre 24x7 Chettikulangara: extracted
[local-ai] ashwini ayurvedic hospital: extracted
[local-ai] Vaishak hospital: extracted
[local-ai] Primary Health Center, Vallikunnam: extracted
[local-ai] KAH memorial hospital: extracted
[local-ai] Primary Health Centre Pookode: extracted
[local-ai] Primary Health Centre,Porur: extracted
[local-ai] Primary Health Centre, Mampad: extracted
[local-ai] Govt Primary Health Centre Triprangode: extracted
[local-ai] Precise Eye Care Hospital: extracted
[checkpoint] saved 4000 records
[local-ai] Primary Health Centre, Thennala: extracted
[local-ai] Primary Health Centre, Othukkungal: extracted
[local-ai] 24*7 , Primary Health Centre, Aymanam: extracted
[local-ai] Primary Health Centre, Iringallur: extracted
[local-ai] Ponmundam Health Centre: extracted
[local-ai] Primary Health Centre, Perumanna klari: extracted
[local-ai] Primary Health Centre, Tanalur: extracted
[local-ai] Primary Health Centre Vallicode: extracted
[local-ai] Primary Health Centre Chelembra: extracted
[local-ai] Primary Health Centre, Athavanad: extracted
[local-ai] Govt Primary Health Centre Kizhuparamba: extracted
[local-ai] ESI Hospital: extracted
[local-ai] P L Thoman Memmorial Charitable Trust Paliative and Medical Clinic: extracted
[local-ai] Bodhi Hospital , Elavumthitta: extracted
[local-ai] Govt. hospital, vellimaadukunnu, Kozhikode: extracted
[local-ai] Women and Children Hospital, Kozhikode: extracted
[local-ai] Kottaparambu Govt. hospital, Kozhikode: extracted
[local-ai] Government Taluk Hospital,Feroke,Kozhikode: extracted
[local-ai] Govt. taluk hospital, petta ,feroke, Kozhikode: extracted
[local-ai] Primary Health Centre, Naduvannur, Kozhikode: extracted
[local-ai] Community Health Centre Thalakulathur: extracted
[local-ai] Primary Health Centre, Muthuvalloor: extracted
[local-ai] Primary Health Centre, Nannambra: extracted
[local-ai] Primary Health Centre, Angamoozhy: extracted
[local-ai] Primary Health Centre, Nilackal: extracted
[checkpoint] saved 4025 records
[local-ai] Primary Health Center, Mannancheri: extracted
[local-ai] Primary Health Centre,Elamkulam: extracted
[local-ai] District TB Centre Alappuzha: extracted
[local-ai] Primary Health Centre Ezhupunna: extracted
[local-ai] TB Clinic Karuvatta: extracted
[local-ai] Primary Health Centre, Mallapuzhassery: extracted
[local-ai] Primary Health Centre Kozhencherry Elavumthitta: extracted
[local-ai] Primary Health Centre, Edappatta: extracted
[local-ai] Government Hospital Elanthoor: extracted
[local-ai] Govt women and Children Hospital: extracted
[local-ai] Primary Health Centre, Purakkad: extracted
[local-ai] govt hospital, vellimaadukunnu: extracted
[local-ai] Primary Health Centre, Perumpadappu: extracted
[local-ai] Primary Health Center- Mannancherry: extracted
[local-ai] Primary Health Cenre Vallithodu: extracted
[local-ai] Primary Health Centre, Nannammukku: extracted
[local-ai] Primary Health Centre Venmony: extracted
[local-ai] Primary Health Centre Devikulangara: extracted
[local-ai] Primary Health Center Thottapalli: extracted
[local-ai] Primary Health Center, CHEPPAD: extracted
[local-ai] PHC Krishnapuram: extracted
[local-ai] Primary Health Centre, Moorkkanad: extracted
[local-ai] Primary Health Centre, Makkaraparamba: extracted
[local-ai] Primary Health Center Ramankari: extracted
[local-ai] Primary Health Centre Kumarapuram: extracted
[checkpoint] saved 4050 records
[local-ai] District TB Centre: extracted
[local-ai] Primary Health Centre Chingoli: extracted
[local-ai] Mental hospital, kuthiravattam, Kozhikode: extracted
[local-ai] General hospital: extracted
[local-ai] Primary Health Centre, Meenadom: extracted
[local-ai] Primary Health Centre,Onamthuruthu: extracted
[local-ai] Primary Health Centre, Karoor: extracted
[local-ai] Govt.Community Health Center Kumbalanghi: extracted
[local-ai] PHC Mutholy: extracted
[local-ai] Primary Health Centre Haripad: extracted
[local-ai] Community Health Centre Pallarimangalam: extracted
[local-ai] Primary Health Centre, Vellavoor: extracted
[local-ai] G.V Raja PHC Poonjar: extracted
[local-ai] PHC Nedumkunnam: extracted
[local-ai] Primary Health Centre, Thalanad: extracted
[local-ai] Community Health Centre Thrikkunnapuzha: extracted
[local-ai] Family Health Centre, Moonilavu: extracted
[local-ai] Primary Health Centre, Teekoy: extracted
[local-ai] PHC Primary Health Center, Narianganam Thalappalam: extracted
[local-ai] Primary Health Center, Kalaketty: extracted
[local-ai] Primary Health Centre, Parathanam: extracted
[local-ai] PHC Kattampak: extracted
[local-ai] P H C Kallara: extracted
[local-ai] Primary Health Centre, Erattupetta: extracted
[local-ai] Family Health Center, Manimala: extracted
[checkpoint] saved 4075 records
[local-ai] Family Health Centre, Kooropada: extracted
[local-ai] diasman: extracted
[local-ai] Primary Health Centre, Meenachil: extracted
[local-ai] Family Health Centre Veli: extracted
[local-ai] Family Health Centre Puthukurichy: extracted
[local-ai] Marmasuthram Hospital: extracted
[local-ai] Family Health Centre Kalavoor: extracted
[local-ai] 24*7 Primary Health Centre, Parampuzha: extracted
[local-ai] Family Health Center Vettackal: extracted
[local-ai] Family Health Centre Pallippuram: extracted
[local-ai] Primary Health Centre, Amarambalam: extracted
[local-ai] Family Health Center, Palamel(Ulavukkad): extracted
[local-ai] FHC Chennithala: extracted
[local-ai] Family Health Centre Neelamperoor: extracted
[local-ai] Family Health Center Thalavady: extracted
[local-ai] Family Health Centre Ala: extracted
[local-ai] Family Health Centre Cheruthana: extracted
[local-ai] Family Health Centre Aroor: extracted
[local-ai] Primary Health Centre 24x7 Arattupuzha: extracted
[local-ai] Government Fisheries Hospital Pallana: extracted
[local-ai] w&c hospital alappuzha: extracted
[local-ai] Mental Health Centre Peroorkada: extracted
[local-ai] Chest Diseases Hospital, Pulayanarkottah: extracted
[local-ai] Government Ayurvedic Maternity Hospital Poojappura: extracted
[local-ai] Taluk Hospital Kundara: extracted
[checkpoint] saved 4100 records
[local-ai] Primary Health Subcentre, Kuttukad: extracted
[local-ai] red crescent hospital: extracted
[local-ai] Government Homeo Hospital: extracted
[local-ai] Family Health Centre, Kuzhimanna: extracted
[local-ai] Family Health Centre,Morayur: extracted
[local-ai] Government Hospital of Dermatology, Chevayur: extracted
[local-ai] Women and Children Hospital Thycaud: extracted
[local-ai] Chelannur Primary Health Centre: extracted
[local-ai] Crescent Hospital, Alathur: extracted
[local-ai] Primary Health Centre, Dharmadam: extracted
[local-ai] Primary Health Centre 24*7, Panangad: extracted
[local-ai] Twinkle Hospital and diabetic Clinic: extracted
[local-ai] Primary Health Center, Poothrikka: extracted
[local-ai] Primary Health Centre Vayalada: extracted
[local-ai] Family Health Centre Thazhekkode: extracted
[local-ai] Thaliparamba nursing home: extracted
[local-ai] Government Ayurveda Hospital, Kottarakkara: extracted
[local-ai] Govt Family Health Centre A.R Nagar: extracted
[local-ai] Family Health Centre, Vattamkulam: extracted
[local-ai] Family Health Centre, Ponmala: extracted
[local-ai] Govt Family Health Centre Alamcode: extracted
[local-ai] Family Health Centre Pang: extracted
[local-ai] Family Health Cente Karalam: extracted
[local-ai] Chitra hospital: extracted
[local-ai] Primary Health Centre Koothali: extracted
[checkpoint] saved 4125 records
[local-ai] Primary Health Center Kayanna: extracted
[local-ai] Family Health Centre, Chorode: extracted
[local-ai] Primary Health centre, Changaroth: extracted
[local-ai] Primary health centre, Chelora: extracted
[local-ai] Primary Health Centre, pallipad: extracted
[local-ai] Primary Health Centre, Chittariparamba: extracted
[local-ai] Taluk Headquarters Hospital Kuravilangad: extracted
[local-ai] Primary health centre Kudiyanmala: extracted
[local-ai] District Hospital Mavelikkara: extracted
[local-ai] Taluk Headquaters Hospital Kayamkulam: extracted
[local-ai] Community Health Centre, Ullanadu: extracted
[local-ai] Community Health Centre, Edayazham: extracted
[local-ai] Primary health centre Alacode(Manakadavu): extracted
[local-ai] Primary Health Centre, Thalayolaparambu: extracted
[local-ai] Primary Health Centre Cherukunnu (Punnachery): extracted
[local-ai] Primary health centre Edakkad: extracted
[local-ai] Primary Health Centre Panniyannur: extracted
[local-ai] Primary Health Centre, Kunduthode: extracted
[local-ai] Primary Health Centre, Thiruvambady: extracted
[local-ai] Primary Health Centre Kodiyathur: extracted
[local-ai] Primary Health Centre Karasseri: extracted
[local-ai] PHC Puthuppally: extracted
[local-ai] Primary Health Centre, Veliyannoor: extracted
[local-ai] Primary Health Centre, Kuruppanthra: extracted
[local-ai] District TB Centre Kottayam: extracted
[checkpoint] saved 4150 records
[local-ai] Alphonsa Eye Care: extracted
[local-ai] Primary Health Centre Peruvayal: extracted
[local-ai] nedumpana govt homio dispensary: extracted
[local-ai] Co Operative Hospital: extracted
[local-ai] Aswas: extracted
[local-ai] Urban Public Health Centre, Cheravally: extracted
[local-ai] Assisi Mission Hospital: extracted
[local-ai] Urban family health centre, Koovode: extracted
[local-ai] Taliparamba Taluk Ayurveda Hospital: extracted
[local-ai] KAH memorial Hospital: extracted
[local-ai] Unity Hospital: extracted
[local-ai] Relief hospital: extracted
[local-ai] Koyili Hospital: extracted
[local-ai] AKG New Block: extracted
[local-ai] Metro Hospital: extracted
[local-ai] SN hospital: extracted
[local-ai] Primary Health Centre, Kattampak: extracted
[local-ai] Njeezhoor GOV Homio Dispensary: extracted
[local-ai] Amal hospitals and research centre: extracted
[local-ai] Avitis Hospital compound: extracted
[local-ai] Institute of Maternal and Child Health(IMCH), Cheruppa: extracted
[local-ai] Super Speciality Block: extracted
[local-ai] Government Ayurvedic and Homeo Hospital,Cheravally,Kayamkulam: extracted
[local-ai] Government Homeo and Ayurvedic Hospital Kumarakom: extracted
[local-ai] E N T Hospital: extracted
[checkpoint] saved 4175 records
[local-ai] Najath Hospital: extracted
[local-ai] Chaithanya Eye Hospital and Research Institute: extracted
[local-ai] Rajeev Gandhi co-operative hospital: extracted
[local-ai] Samaritan heart institute: extracted
[local-ai] Samaritan hospital: extracted
[local-ai] St. Vincent Hospital: extracted
[local-ai] Anamaya Medical Institute, Payyanur: extracted
[local-ai] Lakshmi Hospital: extracted
[local-ai] District Ayurveda Hospital palakkad: extracted
[local-ai] R C P M Hospital: extracted
[local-ai] Community Health center kootumugham: extracted
[local-ai] Primary Health Centre, Kadungalloor: extracted
[local-ai] Haritha Ayurvedha Hospital: extracted
[local-ai] Balussery Thaluk Hospital: extracted
[local-ai] Primary Health centre Pothukund: extracted
[local-ai] muthoot cancer centre: extracted
[local-ai] primary health centre kannadippoyil: extracted
[local-ai] Primary Health Center Kallarvattayar: extracted
[local-ai] Primary Health Centre, Karicheri: extracted
[local-ai] Govt veterinary hospital: extracted
[local-ai] Karunya: extracted
[local-ai] primary health centre kuruvatti: extracted
[local-ai] Daya Hospital, Kalikavu: extracted
[local-ai] Sreyas hospital: extracted
[local-ai] Melady Health Care Centre: extracted
[checkpoint] saved 4200 records
[local-ai] homeo hospital: extracted
[local-ai] Urban Primary Health Centre, Ponnamkode: extracted
[local-ai] Community Health Center,Edappally: extracted
[local-ai] Sree Subhramanya Ayurvedic Hospital: extracted
[local-ai] Taluk Headquarter Hospital, Kottarakkara: extracted
[local-ai] mission hospital: extracted
[local-ai] chokli medical hospital parking ground: extracted
[local-ai] `: extracted
[local-ai] Peoples Hospital: extracted
[local-ai] Prasanth: extracted
[local-ai] Community Health Centre, Neduva: extracted
[local-ai] Nahas hospital: extracted
[local-ai] Malabar Medical College Rural Hospital: extracted
[local-ai] DM WIMS: extracted
[local-ai] DM WIMS: extracted
[local-ai] Community Health Centre Valayam: extracted
[local-ai] Medicheck Vanimel: extracted
[local-ai] Primary Health Centre, Thelliyoor: extracted
[local-ai] CHC pulpally: extracted
[local-ai] Nandi Day Care Clinic: extracted
[local-ai] hml hospital: extracted
[local-ai] E K Nayanar Memorial Government Hospital for Mother & Children: extracted
[local-ai] Al Salama Hospital: extracted
[local-ai] Malabar Cancer Centre: extracted
[local-ai] govt ayurvedha hospital thavam: extracted
[checkpoint] saved 4225 records
[local-ai] GOVERNMENT HOSPITAL OF DERMATOLOGY CHEVAYUR: extracted
[local-ai] Ayurvedha Hospital: extracted
[local-ai] DMS Hospital Chelari: extracted
[local-ai] Government Medical College Hospital Manjeri: extracted
[local-ai] UNITY HOSPITAL: extracted
[local-ai] Govt Taluk Head Quarter, Pattambi: extracted
[local-ai] Relief Clinic: extracted
[local-ai] Family Health Center, Meppayyur: extracted
[local-ai] Kottakkal Arya Vaidya Sala Herbal Plantation Office: extracted
[local-ai] thelliyoor Govt Hospital: extracted
[local-ai] Primary Health Centre, Kanjirapuzha: extracted
[local-ai] P Balan Co-Operative Hospital: extracted
[local-ai] Primary Health Center, Thekkumpuram: extracted
[local-ai] P.C.M Medical Centre Mary Matha Hospital: extracted
[local-ai] Primary Health Centre, Pudur: extracted
[local-ai] Family Health Centre, Vandazhi: extracted
[local-ai] CHC, Nedumoncavu: extracted
[local-ai] Shreyas Hospital: extracted
[local-ai] Government Ayurveda Tribal Dispensary, Kanchiyar: extracted
[local-ai] mission hospital: extracted
[local-ai] District Model Hospital Peroorkada: extracted
[local-ai] amerdeep eye care centre: extracted
[local-ai] Abhaya Hospital, Peyad: extracted
[local-ai] Government Medical College, Kollam: extracted
[local-ai] GOVT.MEDICAL COLLEGE(MCH)KOLLAM: extracted
[checkpoint] saved 4250 records
[local-ai] Ayush PHC NHM Ayurveda Dispensary, Bhoothakulam: extracted
[local-ai] haris: extracted
[local-ai] Medical College Hospital Campus Alappuzha: extracted
[local-ai] Govt Primary Health Centre Atteeri: extracted
[local-ai] Government Ayurveda Dispensary: extracted
[local-ai] Primary Health Centre, Pariyaram: extracted
[local-ai] Government Homoeo Dispensary: extracted
[local-ai] Community Health Center Edappal: extracted
[local-ai] pkm hospital: extracted
[local-ai] Family Health Centre Punnayur: extracted
[local-ai] Thahani Ayurvedic Hospital: extracted
[local-ai] Community Health Centre Madavana: extracted
[local-ai] Primary Health Center Kattoor: extracted
[local-ai] PRIMARY HEALTH CENTRE 24*7 KAKKAD: extracted
[local-ai] Ayush Ayurveda Hospital, Parakkal: extracted
[local-ai] Santhigiri Ayurveda & Siddha Hospital: extracted
[local-ai] Thithimu Umma Memorial Ayurveda Hospital: extracted
[local-ai] Primary Health Center Sholayur: extracted
[local-ai] Community health center alanallur: extracted
[local-ai] Community Health Center, Kongad: extracted
[local-ai] Government Ayurveda Dispensary: extracted
[local-ai] Primary Health Center Melarcode: extracted
[local-ai] Primary Health Center Muthalamada: extracted
[local-ai] Primary Health Center Nelliyampathy: extracted
[local-ai] Primary Health Centre, Kunissery: extracted
[checkpoint] saved 4275 records
[local-ai] Community Health Center Nanniyode: extracted
[local-ai] Primary Health Centre, Kannampra: extracted
[local-ai] Family Health Center Puduppariyaram: extracted
[local-ai] Primary Health Center Perumatty: extracted
[local-ai] Primary Health Centre, Nalleppilly: extracted
[local-ai] Primary Health Centre, Puthucode: extracted
[local-ai] Maternity And Children's Hospital, Alathur: extracted
[local-ai] Primary Health Centre, Kokkayar: extracted
[local-ai] Primary Health Centre Nedumbassery: extracted
[local-ai] James Eye Hospital: extracted
[local-ai] ESI Dispensary: extracted
[local-ai] Family Health Centre, Karumaloor: extracted
[local-ai] District TB Centre Karuvelipady: extracted
[local-ai] The Salvation Army EB Hospital: extracted
[local-ai] Government Homeo Hospital, Vilavoorkal: extracted
[local-ai] Prasanthi Hospital: extracted
[local-ai] Bright Hospital: extracted
[local-ai] Homeo Dispensary, Thirukkaruva: extracted
[local-ai] V J Hospital: extracted
[local-ai] PSTM Hospital: extracted
[local-ai] Karthika Hospital: extracted
[local-ai] govt ayurveda hospital,nedumpana,kollam: extracted
[local-ai] Kalliyath hospital: extracted
[local-ai] NSS Medical Mission Hospital Pandalam: extracted
[local-ai] Christiam Mission Hospital ground: extracted
[checkpoint] saved 4300 records
[local-ai] Mvm Hospital: extracted
[local-ai] Primary Health Centre, Thevalakara: extracted
[local-ai] Sree Ayyappa Medical College Hospital: extracted
[local-ai] Alpha Hospital: extracted
[local-ai] Fern Hill Hospital: extracted
[local-ai] Star Hospital: extracted
[local-ai] Sree Krishna Hospital: extracted
[local-ai] St. John's hospital, South Paravoor: extracted
[local-ai] primary health centre: extracted
[local-ai] Community Health Centre Iriveri: extracted
[local-ai] Community Health Centre Iriveri: extracted
[local-ai] Perinthalmanna Nursing home: extracted
[local-ai] Primary Health Centre, Thachanattukara: extracted
[local-ai] Primary Health Center Kulukkallur: extracted
[local-ai] Government Homeo Dispensary Kottarakara: extracted
[local-ai] Kims Hospital And Surgical Center: extracted
[local-ai] Government Health Centre Kuzhimanna: extracted
[local-ai] Lakshmi Hospital: extracted
[local-ai] St. Vincents Hospital: extracted
[local-ai] Primary Health Centre, Kolachery: extracted
[local-ai] Family Health Centre, Kadammanitta: extracted
[local-ai] Iqraa Hospital Vazhakkad: extracted
[local-ai] Community Health Centre Thariyode: extracted
[local-ai] Health Sub Center Erkkara: extracted
[local-ai] C . Achuthamenon Co-operative Hospital: extracted
[checkpoint] saved 4325 records
[local-ai] Nithya Homeopathic Medic Centre: extracted
[local-ai] Employees State Insurance Hospital: extracted
[local-ai] Sarada Clinic: extracted
[local-ai] Government Ayurveda Hospital: extracted
[local-ai] Govt Primary Health Centre, Puthuvype: extracted
[local-ai] Govt. Community Health Centre, Malipuram: extracted
[local-ai] HNC Hospital: extracted
[local-ai] Purnayoo Arogya Nikethanam: extracted
[local-ai] CA Hospital: extracted
[local-ai] Primary Health Centre, Okkal: extracted
[local-ai] SR Medical College: extracted
[local-ai] Family Health centre Karakulam: extracted
[local-ai] Noolpuzha Family Health Centre: extracted
[local-ai] Homoeo Dispensary: extracted
[local-ai] Family Health Centre Ambalavayal: extracted
[local-ai] Family Health Center, Vengapally: extracted
[local-ai] FWC Subcentre Muthanga: extracted
[local-ai] FWC Karassery: extracted
[local-ai] FWC Kalloor: extracted
[local-ai] Sub Centre, Kallupadi: extracted
[local-ai] Primary Health Centre Chulliode: extracted
[local-ai] Family Welfare Centre Nambiyarkunnu: extracted
[local-ai] health centre nambiyarkunne: extracted
[local-ai] health centre mundakolly: extracted
[local-ai] health centre thazhathoor: extracted
[checkpoint] saved 4350 records
[local-ai] PILAKAVU SUB CENTER: extracted
[local-ai] KUZHINILAM SUB CENTER: extracted
[local-ai] ONDAYANGADY SUB CENTER: extracted
[local-ai] Primary Health Centre Kannadi: extracted
[local-ai] Sub helth center: extracted
[local-ai] Kenichira Sub Centre: extracted
[local-ai] sc valavayal: extracted
[local-ai] SC Chempakapetta: extracted
[local-ai] SC Irulam: extracted
[local-ai] sc cheeyambam: extracted
[local-ai] SC Adikolly: extracted
[local-ai] SC Vandikkadavu: extracted
[local-ai] SC Kaloorkunnu: extracted
[local-ai] SC Vakery: extracted
[local-ai] SC Valanchery: extracted
[local-ai] Family Health Centre, Manarcad: extracted
[local-ai] SC kuppady: extracted
[local-ai] S C Pazhery: extracted
[local-ai] Pavithreswaram Veterinary Hospital: extracted
[local-ai] Government Homoeo Dispensary: extracted
[local-ai] Family Health Centre Amachal: extracted
[local-ai] Family Health Centre, Vilavoorkal: extracted
[local-ai] Primary Health Centre, Kallar Pattom Colony: extracted
[local-ai] Govt.Homoeo Dispensary Kolani: extracted
[local-ai] Primary Health Centre, Chembakapara: extracted
[checkpoint] saved 4375 records
[local-ai] Police Hospital Maniyar: extracted
[local-ai] Taluk Headquarters Hospital Nedumkandam: extracted
[local-ai] Primary Health Centre, Peringottukurussi-I: extracted
[local-ai] Government Medical College Hospital,Kannur: extracted
[local-ai] Primary Health Centre, Kadannalally: extracted
[local-ai] Family Health Centre (FHC) , Thenmala: extracted
[local-ai] Primary health centre, Eruvessy: extracted
[local-ai] Community Health Centre, Karuvarakundu: extracted
[local-ai] Primary health cetre, Edakkad: extracted
[local-ai] Family Health Centre, Ulikkal: extracted
[local-ai] Primary Health Centre, Chandanakampara: extracted
[local-ai] Primary Health Centre, Thalachira: extracted
[local-ai] Primary Health Center, Nilliyadukkam: extracted
[local-ai] Primary Health Centre, Poomala: extracted
[local-ai] Primary Health Centre, Thrikkaruva: extracted
[local-ai] Taluk Hospital Palluruthy: extracted
[local-ai] Primary Health Centre, Mayyanad: extracted
[local-ai] Urban Primary Health Centre, Mundakkal: extracted
[local-ai] Urban Primary Health Centre ,Mundakkal: extracted
[local-ai] Urban Primary Health Centre, Vadi: extracted
[local-ai] Primary Health Centre: extracted
[local-ai] Primary Health Centre, Sakthikulangara: extracted
[local-ai] Primary Health Sub Centre, Maruthady: extracted
[local-ai] Primary Health Centre, Sakthikulangara: extracted
[local-ai] Primary Health Sub Centre, Sakthikulangara: extracted
[checkpoint] saved 4400 records
[local-ai] Urban Primary Health Sub Centre, Vadi: extracted
[local-ai] District TB Centre, Kollam: extracted
[local-ai] Primary Health Centre Elanji: extracted
[local-ai] Sub Centre: extracted
[local-ai] Sub Centre: extracted
[local-ai] Sub Centre: extracted
[local-ai] Sub Centre: extracted
[local-ai] Primary Health Centre: extracted
[local-ai] Sub Centre: extracted
[local-ai] Community Health Center, Mynagapally: extracted
[local-ai] Community Health Centre Sooranadu: extracted
[local-ai] Family Health Centre, Karimkunnam: extracted
[local-ai] Primary Health Centre, Pallisery: extracted
[local-ai] Primary Health Centre, Pattazhy Vadakkekara: extracted
[local-ai] Primary Health Centre Anicadu: extracted
[local-ai] Taluk Headquarters Hospital Tripunithura: extracted
[local-ai] Primary Health Centre, Ayalur: extracted
[local-ai] Family Health Centre, Karindalam: extracted
[local-ai] Community Health Centre Vadakkenchery: extracted
[local-ai] Primary Health Centre Elavenchery: extracted
[local-ai] Primary Health Centre, Kuthannur: extracted
[local-ai] Family Health Centre Tholannur: extracted
[local-ai] Primary Health Centre (PHC),Ennappara: extracted
[local-ai] Community Health Centre, Pazambalacode: extracted
[local-ai] Health Sub Centre, Chira: extracted
[checkpoint] saved 4425 records
[local-ai] Primary Health Centre Nagalassery: extracted
[local-ai] Primary Health Centre, Kumaranellur: extracted
[local-ai] Health Centre, Kakkattiri: extracted
[local-ai] Family Welfare Centre, Karakkad: extracted
[local-ai] Primary Health Centre, Lakkidi: extracted
[local-ai] Primary Health Centre, Perur: extracted
[local-ai] Primary Health Centre, Odanur: extracted
[local-ai] Primary Health Centre Kodumbu (Sub Centre): extracted
[local-ai] Primary Health Centre Kodumbu: extracted
[local-ai] Primary Health Centre, Marutharoad: extracted
[local-ai] Sub Centre ,Elappully-III: extracted
[local-ai] Primary Health Centre Polpully: extracted
[local-ai] Family Welfare Centre, Peruvamba: extracted
[local-ai] Primary Health Centre, Vembaloor: extracted
[local-ai] Primary Health Centre, Vannamada: extracted
[local-ai] Sub Centre Vadakarapathy: extracted
[local-ai] S.C.P. GOVERNMENT HOMOEOPATHIC HEALTH CENTER: extracted
[local-ai] community health centre, Thottakad: extracted
[local-ai] Poochackal Medical Centre: extracted
[local-ai] Community Health Centre, Kumarakam: extracted
[local-ai] Community Health Centre Edayirikkapuzha: extracted
[local-ai] Community Health Centre, Karukachal: extracted
[local-ai] 24*7 primary Health Centre, Ettumanoor: extracted
[local-ai] GAH AYOOR OFFICE: extracted
[local-ai] GAH AYOOR MALE WARD 1: extracted
[checkpoint] saved 4450 records
[local-ai] Govt Ayurvedic Hospital Ayoor: extracted
[local-ai] GAH AYOOR CLINICAL LAB: extracted
[local-ai] GAH AYOOR MALE WARD 2: extracted
[local-ai] GAH AYOOR THERAPY ROOM: extracted
[local-ai] GAH AYOOR FEMALE WARD: extracted
[local-ai] Primary Health Centre, Marangattupilly: extracted
[local-ai] Government Ayurveda Dispensary Thevalakkara: extracted
[local-ai] Kattanam Medical Centre Hospital: extracted
[local-ai] Govt Ayurveda Dispensary Achencovil: extracted
[local-ai] Govt Ayurveda Dispensary Velinalloor: extracted
[local-ai] Govt Ayurveda Dispensary Umayanalloor: extracted
[local-ai] Primary Health Centre, Pattimattom: extracted
[local-ai] govt ayurveda hospital paravoor kollam: extracted
[local-ai] ESI Dispensary, Kottiyam: extracted
[local-ai] govt ayurveda dispensary vadakkevila: extracted
[local-ai] Ayush Primary Health center NHM-Ayurveda,Kalluvathukkal: extracted
[local-ai] gah: extracted
[local-ai] AYUSH PHC AYURVEDA CHATHINAMKULAM: extracted
[local-ai] AYUSH PRIMARY HEALTH CENTRE (AYURVEDA)NHM: extracted
[local-ai] Govt. Ayurveda Dispensary: extracted
[local-ai] Government Homeo Dispensary, Munnar: extracted
[local-ai] GHD DEVIKULAM: extracted
[local-ai] Ayush Primary Health Center NHM-Ayurveda (Sub Centre): extracted
[local-ai] Ayush PHC pooyappally: extracted
[local-ai] Ayush Primnary Health center -NHM-Ayurveda, Elikkunnamughal: extracted
[checkpoint] saved 4475 records
[local-ai] Govt Ayurveda Dispensary East Kallada: extracted
[local-ai] Govt homoeo Dispensry,Churuli: extracted
[local-ai] AYUSH AYURVEDA PHC,MELILA: extracted
[local-ai] Family Health Center, Paipra: extracted
[local-ai] Community Health Centre Vellanikkara: extracted
[local-ai] AYUSH AYUREVEDA PHC-NHM PATHANAPURAM: extracted
[local-ai] Government Homeo Dispensary, Kamakshy: extracted
[local-ai] Govt.Homoeo dispensary Kattappana: extracted
[local-ai] Nediyasala Government Homoeo Dispensary: extracted
[local-ai] Govt Veterinary Dispensary Kattoor: extracted
[local-ai] Taluk Hospital, Pazhayangadi: extracted
[local-ai] Government Homeo Dispensary Malur: extracted
[local-ai] Govt Homoeo Hospital Pushpakandam: extracted
[local-ai] TRINITY HOMOEOPATHY: extracted
[local-ai] Primary Health Centre Kalliyoor: extracted
[local-ai] Community Health Centre Malayinkeezhu: extracted
[local-ai] Family Health Centre Amachal: extracted
[local-ai] Family Health Centre Veeranakavu: extracted
[local-ai] Government Ayurvedic Hospital Kuttamala: extracted
[local-ai] Vellanad Block Panchayath Community Health Centre: extracted
[local-ai] Family Health Centre Vattiyoorkavu: extracted
[local-ai] Primary Health Centre Azhoor: extracted
[local-ai] Family Health Centre Anakudi: extracted
[local-ai] Government Ayurveda Dispensary Vandanmedu: extracted
[local-ai] Njarakkal Govt Homoeo Dispensary: extracted
[checkpoint] saved 4500 records
[local-ai] Nayarambalam Government Homoeo Dispensary: extracted
[local-ai] Veterinary Dispensary Venginissery: extracted
[local-ai] Veterinary Dispensary ,Thriprayar: extracted
[local-ai] veterinaryhospital vilvattam: extracted
[local-ai] VETERINARY DISPENSARY NENMANIKKARA: extracted
[local-ai] Goverment homoeo dispensary vandanmedu: extracted
[local-ai] veterinary sub centre ramavarmapuram: extracted
[local-ai] SC IRIPPOOD: extracted
[local-ai] SC CHAAMAPPARA: extracted
[local-ai] SC PALAKOLLY: extracted
[local-ai] Veterinary hospital Cheruthuruthy: extracted
[local-ai] veterinary hospital avinissery: extracted
[local-ai] vterinary hospital avinissery: extracted
[local-ai] VETERINARY SUBCENTRE NENMANIKKARA: extracted
[local-ai] vetrerinary sub centre manalur: extracted
[local-ai] veterinary subcentre muttithadi: extracted
[local-ai] veterinary sub centre panniyadi: extracted
[local-ai] vetrinary subcentre: extracted
[local-ai] Government Homoeo Dispensary: extracted
[local-ai] Muriyad Government Homoeo Dispensary: extracted
[local-ai] GAD PADIYUR: extracted
[local-ai] Community Health Centre Alappad: extracted
[local-ai] Primary Health Centre, Udayanapuram: extracted
[local-ai] Community Health Centre, Edayazham: extracted
[local-ai] Primary Health Centre, Eranholi: extracted
[checkpoint] saved 4525 records
[local-ai] NHM HOMEO ELAPPARA: extracted
[local-ai] Community Health Centre Orkatteri: extracted
[local-ai] Government Taluk Head Quarter Hospital, Nadapuram: extracted
[local-ai] Public Health Centre , Velam: extracted
[local-ai] Family Health Centre Maruthumkara: extracted
[local-ai] Community Health Centre Ulliyeri: extracted
[local-ai] Govt Ayurveda Dispensary Chavara Thekkumbhagom: extracted
[local-ai] St: George Hospital, Muvattupuzha: extracted
[local-ai] Government General Hospital: extracted
[local-ai] Taluk Head quarters Hospital, Kondotty: extracted
[local-ai] Primary Health Center Perur Kelappaji Memmorial: extracted
[local-ai] veterinary sub centre Thichur: extracted
[local-ai] District Homeo Hospital, Nileshwer: extracted
[local-ai] Rajiv Gandhi Co-Operative Hospital: extracted
[local-ai] District Hospital Nedumangadu: extracted
[local-ai] Government Ayurveda Hospital, Payyanur: extracted
[local-ai] Taluk Government Hospital, Payyanur: extracted
[local-ai] Primary Health Centre 24*7, Mundankunnu: extracted
[local-ai] family health centre: extracted
[local-ai] Primary Health Centre, Kunnathoor: extracted
[local-ai] Sanjeevani Hospital Kollakadavu: extracted
[local-ai] Primary Health Center, Marangattupilly: extracted
[local-ai] Government Hospital, Pullamala: extracted
[local-ai] Vattaloor Homeo Dispensary: extracted
[local-ai] Primary Health Center Vilayur: extracted
[checkpoint] saved 4550 records
[local-ai] Primary Health Centre, Kottamkara: extracted
[local-ai] Almas Clinic: extracted
[local-ai] Primary Health Center Kottoppadam: extracted
[local-ai] St. Thomas Mission Hospital & Institute of Medical Sciences: extracted
[local-ai] clinic: extracted
[local-ai] Revathy Homeo clinic: extracted
[local-ai] Primary Health Centre, Andoorkonam: extracted
[local-ai] Vimala Hospital Kalluvathukkal: extracted
[local-ai] Rohini Hospital: extracted
[local-ai] Community Health Centre: extracted
[local-ai] P R Ramavarmaraja Memorial Co-operative Hospital, Alakode: extracted
[local-ai] Kottayi Ayurvedha Hospital: extracted
[local-ai] Sunrise Hospital Changaramkulam: extracted
[local-ai] Government Ayurveda Dispensary Nannamukku: extracted
[local-ai] Ambalamugal Medical Aid Society (AMAS): extracted
[local-ai] Government Ayurveda Hospital: extracted
[local-ai] PANATHUR GOVT. HOSPITAL: extracted
[local-ai] Veterinary Dispensary: extracted
[local-ai] Government Homeo Dispensary, Kottiyoor: extracted
[local-ai] govt hospital ponmala: extracted
[local-ai] Providence Hospital: extracted
[local-ai] Chitra Hospital Ground: extracted
[local-ai] Aanjaneyam Ayurvedic Hospital: extracted
[local-ai] Primary Health Centre, Thodiyoor: extracted
[local-ai] Sastha Clinic: extracted
[checkpoint] saved 4575 records
[local-ai] Government Ayurvedic Hospital, Cheruvattoor: extracted
[local-ai] Family Health Centre, Mariyapuram: extracted
[local-ai] MAGJ Hospital Ground: extracted
[local-ai] Primary Health Centre, Muzhakunnu: extracted
[local-ai] Roshan Eye Care: extracted
[local-ai] Krishna Nursing Home: extracted
[local-ai] Saint Rita's Mental Hospital And Counselling Center: extracted
[local-ai] Veterinary Hospital Alingal: extracted
[local-ai] MOTHERS CLINIC OLAVANA: extracted
[local-ai] Eye Care Centre: extracted
[local-ai] Life Care Hospital: extracted
[local-ai] hospital ground: extracted
[local-ai] FAMILY HEALTH CENTRE MANALOOR: extracted
[local-ai] Sanjeevani Multi Speciality Hospital: extracted
[local-ai] hosp: extracted
[local-ai] hospital: extracted
[local-ai] Keshavapuram Community Health Center: extracted
[local-ai] Medicare Hospital: extracted
[local-ai] Imbichibava Memorial Hospital Parking: extracted
[local-ai] Public Health Care Centre ,Amboori: extracted
[local-ai] A P Varkey Memorial Mission Hospital, Arakunnam: extracted
[local-ai] Vimala Hospital: extracted
[local-ai] Taluk Hospital Perambra: extracted
[local-ai] Primary Health Centre, Chittar: extracted
[local-ai] PRS hospital: extracted
[checkpoint] saved 4600 records
[local-ai] Primary Health Centre,Kottoor: extracted
[local-ai] paruthippally: extracted
[local-ai] Community Health Centre Ezhumattor: extracted
[local-ai] Public Health Centre,Omalloor: extracted
[local-ai] Public Health Centre,Pandalam: extracted
[local-ai] primary health centre kokkathod: extracted
[local-ai] Primary Health Centre Manjanikkara: extracted
[local-ai] Community Health Centre Vallana: extracted
[local-ai] Primary Health Center: extracted
[local-ai] Community Health Centre Veliyanad: extracted
[local-ai] Hospital Parking Area: extracted
[local-ai] Government Animal Hospital Pallichal: extracted
[local-ai] Ananthapuri Hospital: extracted
[local-ai] E S I Dispensary Balaramapuram: extracted
[local-ai] Peringamala public Health Centre: extracted
[local-ai] Prakruti Ayurvedic Clinic & Vaidyaratnam Oushadhasala: extracted
[local-ai] Azeezia Medical & Dental College Hospital: extracted
[local-ai] Kanjiracode hospital: extracted
[local-ai] KIMS Kollam Multispeciality Hospital: extracted
[local-ai] Primary Health Centre, Keezhpally: extracted
[local-ai] PHC Ettumanoor: extracted
[local-ai] Kollam Medical Mission Hospital: extracted
[local-ai] doctor's speciality hospital: extracted
[local-ai] Pharm care Medical STORE: extracted
[local-ai] primary Health Centre, Thrikkodithanam: extracted
[checkpoint] saved 4625 records
[local-ai] Bharath Hospital: extracted
[local-ai] JR Homeo Hospital: extracted
[local-ai] Grace Medical Center: extracted
[local-ai] Shanthi Hospital: extracted
[local-ai] phc vellor: extracted
[local-ai] Govt Homeo dispensery: extracted
[local-ai] Anamaya Hospital: extracted
[local-ai] Govt. Ayurveda Hospital , Pallipuram: extracted
[local-ai] Primary Health Center, Ambalapuzha North: extracted
[local-ai] Dr. Aby's speciality: extracted
[local-ai] Taluk Headquarters Hospital Pulinkunnu: extracted
[local-ai] General Hospital Alappuzha: extracted
[local-ai] Macare Valappad: extracted
[local-ai] SHIFA CLINIC: extracted
[local-ai] PHC Parking Ground: extracted
[local-ai] Community Health Center: extracted
[local-ai] Aayogyarakshamani: extracted
[local-ai] Goverment Homeo Hospital: extracted
[local-ai] Kayalvaram Ayurvedic Hospital: extracted
[local-ai] Government siddha hospita lVallakkadavu: extracted
[local-ai] Good Samaritian Hospital: extracted
[local-ai] House of Divine Providence Hospital (HDP): extracted
[local-ai] Family Health Centre, Maneed: extracted
[local-ai] Brothers Medical Centre And Diagnostic Services: extracted
[local-ai] Modern Smile Care And Health Care: extracted
[checkpoint] saved 4650 records
[local-ai] Medical Mission Speciality Hospital: extracted
[local-ai] Primary Health Centre, Erathu: extracted
[local-ai] Community Health Centre,Palode: extracted
[local-ai] EMS HOSPITAL: extracted
[local-ai] Community Health Center: extracted
[local-ai] Popular Homoeo Clinic, Mangalaathukonam: extracted
[local-ai] Taluk Head Quarters Hospital, Parassala: extracted
[local-ai] Public Health Center, Athiyannur Panchayat: extracted
[local-ai] General Hospital Neyyattinkara: extracted
[local-ai] Saint Mary's Hospital: extracted
[local-ai] Primary Health Centre,Pothanicad: extracted
[local-ai] Taluk Head Quarters Hospital Changanassery: extracted
[local-ai] Government Dental College, Kottayam: extracted
[local-ai] Taluk Headquarters Hospital Adimaly: extracted
[local-ai] Taluk Headquarters Maharajas Hospital Karuvelippad: extracted
[local-ai] Taluk Headquarters Hospital Perumbavoor: extracted
[local-ai] Taluk Head Quarters Hospital Fort Kochi: extracted
[local-ai] District Hospital Aluva: extracted
[local-ai] Swami Vivekananda Medical Mission Hospital, Ambukuthi: extracted
[local-ai] Government Ayurvedic Hospital, Kumbalad: extracted
[local-ai] Sub Centre, kumbalad: extracted
[local-ai] Sub Centre, Panangandi: extracted
[local-ai] Sub Centre, Pariyaram: extracted
[local-ai] Primary Health Centre, Elamadu: extracted
[local-ai] Community Health Centre, Neriamangalam: extracted
[checkpoint] saved 4675 records
[local-ai] Government Ayurveda Dispensary: extracted
[local-ai] Government Ayurvedic Hospital: extracted
[local-ai] Government Health Centre, Thuruthicad: extracted
[local-ai] Arpana Hospital thooupalam: extracted
[local-ai] Community Health Centre Kuzhithoulu: extracted
[local-ai] Government Hospital: extracted
[local-ai] Sree Narayana Institute of Medical Sciences: extracted
[local-ai] Sanjeevani Hospital Cancer Herbal Care, Poozhikunn: extracted
[local-ai] Moden Clinic Thookupalam: extracted
[local-ai] Amala Hospital: extracted
[local-ai] Community Health Centre, Kanjeettukara: extracted
[local-ai] Family Health Centre Elamdesam: extracted
[local-ai] Primary Health Center, Vazhavatta: extracted
[local-ai] Family Health Centre, Kizhakke Othera: extracted
[local-ai] Family Health Centre, Chennerkara: extracted
[local-ai] Family Health Centre, Pallickal: extracted
[local-ai] Amala hospital: extracted
[local-ai] Praanadha Ayurveda Hospital: extracted
[local-ai] Government Homeo Hospital Kuttikkattu: extracted
[local-ai] Sunethri Ayurveda: extracted
[local-ai] Primary Health Centre, Vazhappally: extracted
[local-ai] Primary Health Centre, Anniyartholu: extracted
[local-ai] Community Health Centre Chalissery: extracted
[local-ai] Hospital Ground: extracted
[local-ai] Baby nursing home: extracted
[checkpoint] saved 4700 records
[local-ai] Mannanthala mch unit: extracted
[local-ai] ESI Hospital, Vadavathoor: extracted
[local-ai] FamilyHealth Centre Kulathoor: extracted
[local-ai] Modern Hospital Koottanad: extracted
[local-ai] Sub Centre Maruthamanpalli: extracted
[local-ai] Community Health Centre Vakkom: extracted
[local-ai] Primary Health Centre Eramangalam: extracted
[local-ai] Kottaram Ayurvedic Hospital: extracted
[local-ai] Kims Health East: extracted
[local-ai] Family Health Centre Kottathara: extracted
[local-ai] Subcentre Kulamuttom: extracted
[local-ai] Subcentre Kannankara: extracted
[local-ai] Community Health Centre, Manamboor: extracted
[local-ai] Primary Health Centre, Pallikkara: extracted
[local-ai] Family Health Centre, Paralam: extracted
[local-ai] Family Health centre Nenmanikkara: extracted
[local-ai] Family Health Centre Puthur: extracted
[local-ai] FAMILY HEALTH CENTRE MUNDUR THOLUR: extracted
[local-ai] Primary Health Centre, Parathodu: extracted
[local-ai] Holy Ghost Mission Hospital Muttuchira: extracted
[local-ai] Primary Health Centre Vilakkudy: extracted
[local-ai] Family Health Centre Anapuzha: extracted
[local-ai] Primary Health Center Muthuthala: extracted
[local-ai] Inter-University Center for Biomedical Research & Superspeciality Hospital: extracted
[local-ai] Base Hospital: extracted
[checkpoint] saved 4725 records
[local-ai] Family Health Centre, Viyapuram: extracted
[local-ai] Community health centre, Vandiperiyar: extracted
[local-ai] Office,PERUMATHURA FHC: extracted
[local-ai] Family Health Centre Perumathura: extracted
[local-ai] Family Health Centre Vakkom: extracted
[local-ai] Primary Health Centre Adat: extracted
[local-ai] Adat gramapanchayath Homeopathic clinic: extracted
[local-ai] District TB Centre, Kozhencherry: extracted
[local-ai] Family Health Center Desamangalam: extracted
[local-ai] Family Health Centre Elanad: extracted
[local-ai] FAMILY HEALTH CENTRE (FHC) UMMANNOOR: extracted
[local-ai] Primary Health Center, Kanakkary: extracted
[local-ai] Primary Health Centre, Madikai: extracted
[local-ai] Family Health Centre, Nayarambalam: extracted
[local-ai] Varappetty CHC: extracted
[local-ai] Primary Health Centre Ayyampilly: extracted
[local-ai] Community Health Centre Vadavucode: extracted
[local-ai] Family Health Centre, Vattavada: extracted
[local-ai] Family Health Centre Kumily: extracted
[local-ai] community health centre Karunapuram: extracted
[local-ai] Family health centre Bisonvalley: extracted
[local-ai] Family Health Centre, Karimannor: extracted
[local-ai] Family Health Center, Poothadi: extracted
[local-ai] E.S.I Hospital: extracted
[local-ai] Family Health Sub Centre Kottara: extracted
[checkpoint] saved 4750 records
[local-ai] I C D P Sub Centre Pooyappalli: extracted
[local-ai] Oommen's Eye Hospital Chengannur: extracted
[local-ai] Devikripa Hospital: extracted
[local-ai] Community Health Centre Cherpu: extracted
[local-ai] rohini hospital parking ground: extracted
[local-ai] Rohini hospital: extracted
[local-ai] Jmp Medical Centre, Piravom: extracted
[local-ai] EMS Hospital: extracted
[local-ai] hospital ground: extracted
[local-ai] Family Health Center, Kalliasseri: extracted
[local-ai] District veterinary centre: extracted
[local-ai] GEM hospital: extracted
[local-ai] People's Hospital: extracted
[local-ai] family health centre panachikkadu: extracted
[local-ai] ESI Hospital: extracted
[local-ai] Divine Hospital: extracted
[local-ai] Prashanthi Hospital: extracted
[local-ai] Primary Health Centre, Kurumathur: extracted
[local-ai] Padamavathy Foundations: extracted
[local-ai] Nims Hospital Ground, Wandoor: extracted
[local-ai] Primary Health Centre Alagappa Nagar: extracted
[local-ai] St.Antony's Mission hospital: extracted
[local-ai] Primary Health Sub Centre,Panayikulam: extracted
[local-ai] Dr. Somervell Memorial CSI Medical College & Hospital: extracted
[local-ai] Daya General Hospital & Speciality Surgical Centre: extracted
[checkpoint] saved 4775 records
[local-ai] Esi Hospital Perayam: extracted
[local-ai] Hospital Ground: extracted
[local-ai] District TB Centre Thiruvananthapuram: extracted
[local-ai] primary health centre Vellayani: extracted
[local-ai] Family Health Centre Vembayam: extracted
[local-ai] Family Health Centre Madavoor, Chalamkonam: extracted
[local-ai] Primary Health Centre: extracted
[local-ai] Family Health Centre Mukkola: extracted
[local-ai] Marina Hospital: extracted
[local-ai] Dr. Achutha Menon's Hospital: extracted
[local-ai] Snehabhavan: extracted
[local-ai] saint basil hospital valayanchirangara: extracted
[local-ai] Santhi Nursing Home: extracted
[local-ai] Community Health Center Mnakada: extracted
[local-ai] Family Health Centre, Pulingome: extracted
[local-ai] Government Veterinary Dispensary: extracted
[local-ai] Community Health Centre Vadakkekkad: extracted
[local-ai] Family Health Centre, Pulikkal: extracted
[local-ai] Government Homio Dispensary Vellayur: extracted
[local-ai] P.K.K.M.Govt. Ayurveda Hospital, Kayamkulam: extracted
[local-ai] Valayar Vetinary Hospital: extracted
[local-ai] Koinonia Mission Hospital: extracted
[local-ai] Family Health Centre Cheranallore: extracted
[local-ai] Government Medical College, Kozhikode: extracted
[local-ai] Jayamatha Hospital: extracted
[checkpoint] saved 4800 records
[local-ai] Primary Health Centre Sugandhagiri: extracted
[local-ai] Coorperative Hospital Kaduthuruthy: extracted
[local-ai] Rayhan eye hospital: extracted
[local-ai] District Hospital Mananthavady: extracted
[local-ai] Family Health Centre, Kakkanad: extracted
[local-ai] Primary Health Centre Choornikkara: extracted
[local-ai] Primary Health Centre 24X7, Kottanad: extracted
[local-ai] public health center ozhur: extracted
[local-ai] Primary Health Centre, Pandalam Thekkekkara: extracted
[local-ai] Family Health Centre Jagathy: extracted
[local-ai] Family Health Centre Uzhamalakkal: extracted
[local-ai] Primary Health Centre, Manjinikara: extracted
[local-ai] Family Health Centre Peringammala: extracted
[local-ai] Primary health center Perumpazhuthoor: extracted
[local-ai] Pius Gardens Hospital: extracted
[local-ai] Well care Orthopaedic specialty and general hospital: extracted
[local-ai] M.V. Joseph Memorial Hospital: extracted
[local-ai] DDIC Diagonostics: extracted
[local-ai] Vathiyath parking area: extracted
[local-ai] Primary Health Center, Vattapara: extracted
[local-ai] SREELAKSHMI HOSPITAL: extracted
[local-ai] Primary Health Centre, Meenadom: extracted
[local-ai] Government Ayurveda Dispensary Athumpumkulam: extracted
[local-ai] S H Hospital Dharmagiri Arakkuzha: extracted
[local-ai] Hospital Ground Family Health Center Munambam: extracted
[checkpoint] saved 4825 records
[local-ai] Chyavana Ayur Retreat Ayurveda Hospital Thekkumthara: extracted
[local-ai] Safa Hospital, Kalikavu: extracted
[local-ai] Primary Health Centre,chemmalassery: extracted
[local-ai] Ayurvedic Hospital Cheramanthuruth: extracted
[local-ai] SRD Ayurveda Hospital & Medicine Manufacturers: extracted
[local-ai] Govt. Ayurveda Dispensary: extracted
[local-ai] Primary Health Centre, Pampadumpara: extracted
[local-ai] Community Health Centre,Mankada: extracted
[local-ai] Sub Center , Karinkutty: extracted
[local-ai] Nirmala Hospital Mukkudam: extracted
[local-ai] Family Health Centre, Thirunavaya: extracted
[local-ai] Primary Health Centre, Irimbiliyam: extracted
[local-ai] Community Health Centre, Elanthoor: extracted
[local-ai] Community Health Centre, Melattur: extracted
[local-ai] Taluk Headquarters Hospital, Kuthuparamba: extracted
[local-ai] Family Health Centre, Mulavukad: extracted
[local-ai] General Hospital, Thalassery: extracted
[local-ai] Government Veterinary Hospital Ground: extracted
[local-ai] Primary Health Care Puthuperiyaram: extracted
[local-ai] Mercy Hospital Vazhithala: extracted
[local-ai] Sidha Dispencery Arikkuzha: extracted
[local-ai] Government Veterinary Hospital Puthupariyaram: extracted
[local-ai] Little Paws Pet Hospital: extracted
[local-ai] Primary Health Center Vallappuzha: extracted
[local-ai] Community Health Center Chalavara: extracted
[checkpoint] saved 4850 records
[local-ai] Family Health Center Pookkottukavu: extracted
[local-ai] Primary Health Centre Melamuri: extracted
[local-ai] Family Health Centre Kavassery: extracted
[local-ai] Primary Health Center Pirayiri: extracted
[local-ai] Community Health Centre Parali: extracted
[local-ai] Primary Health Center Thenkurissi: extracted
[local-ai] Primary Health Centre, Arakunnam: extracted
[local-ai] Primary Health Centre, Asamannoor: extracted
[local-ai] Public Health Center Edavanakkad: extracted
[local-ai] Amritha Hospital Ground: extracted
[local-ai] Primary Health Centre, Ranni Pazhavangadi: extracted
[local-ai] Primary Health Centre Pookarathara: extracted
[local-ai] Community Health Centre, Pulluvila: extracted
[local-ai] Government Ayurveda Hospital , Vijayapuram: extracted
[local-ai] Ayurvedha Hospital Vadakkekkara: extracted
[local-ai] general hospital moothakunnam: extracted
[local-ai] Primary Health Center: extracted
[local-ai] Community Health Center Thumpamon: extracted
[local-ai] primary health sub center: extracted
[local-ai] medi care: extracted
[local-ai] Govt. Homoeo Dispensary, Pookkottur: extracted
[local-ai] phc sub center: extracted
[local-ai] sub center phc: extracted
[local-ai] ayurvedha dispencery: extracted
[local-ai] sameeksha: extracted
[checkpoint] saved 4875 records
[local-ai] phc sub center: extracted
[local-ai] honeo dispencery: extracted
[local-ai] Community Health Centre, Kalady: extracted
[local-ai] Community Health Center: extracted
[local-ai] Family Health Center Edacheri: extracted
[local-ai] modern hospital: extracted
[local-ai] Cochi Eye Care: extracted
[local-ai] Family Health Center, Edayur: extracted
[local-ai] Government hospital Edappal: extracted
[local-ai] Urban Primary Health Centre Chalai: extracted
[local-ai] Primary Health Centre 24*7 Varavoor: extracted
[local-ai] Primary Health Centre, Triprangode: extracted
[local-ai] Primary Health Centre, Chaliyar: extracted
[local-ai] Primary Health Centre 24*7, Pothukal: extracted
[local-ai] Family health Centre, Athanikkal: extracted
[local-ai] ചാരീസ് മെഡിക്കൽ മിഷൻ ആശുപത്രി: extracted
[local-ai] Primary Health Subcentre,Kottappuram: extracted
[local-ai] Primary Health Sub Centre,Thiruvaloor: extracted
[local-ai] Primary Health Centre,Karingamthuruth: extracted
[local-ai] Government Homeopathic Dispensary,Alangad: extracted
[local-ai] Government Family Welfare Sub Centre,Neericode: extracted
[local-ai] Velamkanni Hospital, Mattukkatta: extracted
[local-ai] Primary Health Center Thachampara: extracted
[local-ai] Primary Health Center Thiruvegappura: extracted
[local-ai] Government Rural Dispensary Pothundy: extracted
[checkpoint] saved 4900 records
[local-ai] Family Health Center Ozhalapathy: extracted
[local-ai] Primary Health Center Akathethara: extracted
[local-ai] Family Health Center, Keralassery: extracted
[local-ai] Government Taluk Hospital Elappully: extracted
[local-ai] Primary Health Center Parambikkulam: extracted
[local-ai] Community Health Center Koduvayur: extracted
[local-ai] Family Health Center Vellinezhy: extracted
[local-ai] Community Health Centre Elinjipra: extracted
[local-ai] Family Health Center Kanjikkuzhi: extracted
[local-ai] Primary Health Center 24*7, Vazhakkad: extracted
[local-ai] District Hospital, Tirur: extracted
[local-ai] Primary Health Center Kottappuram: extracted
[local-ai] Primary Health Center Pudunagaram: extracted
[local-ai] Community Health Center Nemmara: extracted
[local-ai] Govt. Ayurveda Dispensary Kanjikkuzhy: extracted
[local-ai] E T Achyuthan Memorial Ayurvedic Hospital: extracted
[local-ai] THEKKEDATH HOSPITAL: extracted
[local-ai] Royal Medcare centre,Karukachal: extracted
[local-ai] S J Eye Hospital, Karukachal: extracted
[local-ai] സബൈൻ ആശുപത്രിയും ഗവേഷണ കേന്ദ്രവും: extracted
[local-ai] Karunnya Medical Centre and Eye Hospital,Karukachal: extracted
[local-ai] Family Health Center Kumaramputhur: extracted
[local-ai] Pilot Scheme Dispensary Mukkali: extracted
[local-ai] Primary Health Center Thirumittacode: extracted
[local-ai] CKM Community Health Centre, Mayyanad: extracted
[checkpoint] saved 4925 records
[local-ai] Ashupathry parambu: extracted
[local-ai] Primary Health Centre Alangad Grama Panchayat: extracted
[local-ai] Carmel Medical Centre Thirumuppam: extracted
[local-ai] Family Health Centre ,Poozhanadu: extracted
[local-ai] Government Homoeopathic Hospital ,Mandapathinkadavu: extracted
[local-ai] Government Ayurvedi Hospital , Kalivilakam: extracted
[local-ai] Government Vetinery Hospital Puthanvelikkara: extracted
[local-ai] Government Ayurveda Hospital: extracted
[local-ai] Isha clinic: extracted
[local-ai] District TB Centre, Kannur: extracted
[local-ai] govt hospital: extracted
[local-ai] Josco Multi Speciality Hospital: extracted
[local-ai] Government Ayurveda Hospital, Mattukkatta: extracted
[local-ai] Taluk Head Quarter Hospital, Peravoor: extracted
[local-ai] Government Primary Health Center, Alady: extracted
[local-ai] Community Health Care Center: extracted
[local-ai] Primary Health Centre, Karulai: extracted
[local-ai] Family Health Centre, Alankode: extracted
[local-ai] Community Health Centre, Valavannur: extracted
[local-ai] Family Health Centre, Ozhoor: extracted
[local-ai] CSI Machine Hospital, K Chappathu: extracted
[local-ai] Primary Health Centre, Vallikkavu: extracted
[local-ai] Primary Health Center Dharmadam: extracted
[local-ai] Primary Health Centre,Bharanickavu: extracted
[local-ai] T.M.Hospital Ground,Kattanam: extracted
[checkpoint] saved 4950 records
[local-ai] Nagaroor Hospital Ground,Nambukulangara: extracted
[local-ai] Community Health Centre Panamaram: extracted
[local-ai] Athreyam Ayurveda Hospital, Pampady: extracted
[local-ai] Family Health Centre Madappally: extracted
[local-ai] Family Health Centre Elanji: extracted
[local-ai] Pallickal Homeo Dispensary,Thottuva: extracted
[local-ai] Family health Centre, Athanikkal: extracted
[local-ai] Family Health Centre Chiranickal: extracted
[local-ai] Public Health Centre Manakkadu: extracted
[local-ai] Government Homoeo Dispensary Kodumon: extracted
[local-ai] GHS Sub center Kodumon East: extracted
[local-ai] Tribal Speciality Hospital Kottathara: extracted
[local-ai] Kodumon Group Hospital Angadical North: extracted
[local-ai] Homeopathy Dispensary Angadical High School: extracted
[local-ai] Primary Health Centre ,Pizhala: extracted
[local-ai] Homeo Clinic, Mattukkatta: extracted
[local-ai] Oro Care Multispeciality Dental Clinic, Mattukkatta: extracted
[local-ai] Government Ayurveda Hospital: extracted
[local-ai] Community Health Center, Maranchery: extracted
[local-ai] PHC VETTAM: extracted
[local-ai] Govt. Homoeo Dispensary, Alagappanagar: extracted
[local-ai] Government Ayurveda Hospital Kuttanussery: extracted
[local-ai] Poonthottam Ayurveda Hospital: extracted
[local-ai] tesla hospital: extracted
[local-ai] Primary Health Centre, Aliparamba: extracted
[checkpoint] saved 4975 records
[local-ai] Lifeline Superspeciality Hospital,Adoor: extracted
[local-ai] Mugal Ayurveda Hospital Ground: extracted
[local-ai] Aymanam Gramapanchayat Family Health Centre Veliad: extracted
[local-ai] St.John's Hospital: extracted
[local-ai] Primary Health Centre, Cheriyanad: extracted
[local-ai] Primary Health Centre elavally: extracted
[local-ai] COMMUNITY HEALTH CENTRE KATTOOR: extracted
[local-ai] FAMILY HEALTH CENTRE KODAKARA: extracted
[local-ai] Taluk Headquarters Hospital, Irinjalakkuda: extracted
[local-ai] Community Health Centre Erumapetty: extracted
[local-ai] Primary Health Centre Meloor: extracted
[local-ai] Primary Health Centre Chowannur: extracted
[local-ai] Pathanamthitta District Co Operative Hospital: extracted
[local-ai] Primary Health Centre Kadangode: extracted
[local-ai] Primary Health Centre, Kulanada: extracted
[local-ai] Primary Health Centre, Kulanada: extracted
[local-ai] Changethu Ayurveda Hospital, Thumpamon: extracted
[local-ai] Government Homeo Dispensary, Chandrapuram: extracted
[local-ai] Community Health Centre Valapad: extracted
[local-ai] Primay Health Centre Veloorkkara: extracted
[local-ai] Primary Health Centre, Yeroor: extracted
[local-ai] Family Health Center, Manjapra: extracted
[local-ai] homeo dispencery chelannur: extracted
[local-ai] ARHA Hospital Allopathy and Homeopathy: extracted
[local-ai] Family Health Centre Chavara: extracted
[checkpoint] saved 5000 records
[local-ai] BM Pharmacy Ayurveda Hospital: extracted
[local-ai] Primary Health Centre Karamana: extracted
[local-ai] Urban Primary Health Centre Kannammoola: extracted
[local-ai] Urban Primary Health Centre Mampazhakkara: extracted
[local-ai] Urban Primary Health Centre Palkulangara: extracted
[local-ai] Urban Primary Health Centre Rajaji Nagar: extracted
[local-ai] Urban Primary Health Centre Thrikkannapuram: extracted
[local-ai] Urban Primary Health Centre Vettukadu: extracted
[local-ai] Primary health centre cheruvannur: extracted
[local-ai] Sub Center, Chundakkara: extracted
[local-ai] Police Hospital, Malappuram: extracted
[local-ai] Government Ayurveda Dispensary, Attapallam: extracted
[local-ai] Primary Health Centre, Shakthikulangara: extracted
[local-ai] Nemom Zone: extracted
[local-ai] Mercy Hospital, Thalayolaparambu: extracted
[local-ai] Community Health Centre Badiadka: extracted
[local-ai] Family Health Centre 24*7, Panjal: extracted
[local-ai] Primary Health Centre, Pookottur: extracted
[local-ai] Primary Health Centre, Kannamangalam: extracted
[local-ai] Primary Health Centre, Valanchery: extracted
[local-ai] Primary Health Centre, Pallikkal: extracted
[local-ai] homeo dispencery: extracted
[local-ai] Cheruvannur Government Homoeo Dispensary: extracted
[local-ai] Ayurveda Hospital Cheruvannur.: extracted
[local-ai] Government Ayurveda Hospital Ground,Palai: extracted
[checkpoint] saved 5025 records
[local-ai] Govt.Hospital, Koothattukulam: extracted
[local-ai] Bethany Hospital Perunad: extracted
[local-ai] Primary Health Centre Chappath: extracted
[local-ai] Sub Centre Primary Health Care sub centre Maruthoorkonam: extracted
[local-ai] Primary Health Center Mannottukonam: extracted
[local-ai] Primary Health Care Payatuvila: extracted
[local-ai] govt homeopathy hospital: extracted
[local-ai] General Hospital,Palai: extracted
[local-ai] snehadeepam hospital: extracted
[local-ai] Government Homoeo Dispensary, Mathur: extracted
[local-ai] Paithrukam Ayurcare Panchakarma Center, Piravom: extracted
[local-ai] Primary Health Center, Vizhikkathodu: extracted
[local-ai] Family Health Centre,moodadi: extracted
[local-ai] Mercy Hospital: extracted
[local-ai] Government Taluk Hospital, Alathur: extracted
[local-ai] jyothi hospital: extracted
[local-ai] Government Homeo Dispensary paravoor: extracted
[local-ai] Primary Health Centre Parangimamvila: extracted
[local-ai] primary health center: extracted
[local-ai] Primary Health Centre Chellanam: extracted
[local-ai] Government Homeo Dispensary, Erikkulam: extracted
[local-ai] pavithra hospital: extracted
[local-ai] Astro Health Care: extracted
[local-ai] Ayurvedic Hospital , Iriyanni: extracted
[local-ai] vetinary hospital: extracted
[checkpoint] saved 5050 records
[local-ai] aiswarya dental clinic: extracted
[local-ai] sark hospital centre: extracted
[local-ai] insight eye hospital: extracted
[local-ai] Sarathy Ayurvedic clinic: extracted
[local-ai] PRIMARY HEALTH CENTER PORATHISSERY: extracted
[local-ai] Government Homoeo Dispensary, Elackad: extracted
[local-ai] family health sub center: extracted
[local-ai] Community Health Centre, Ramapuram: extracted
[local-ai] E.K Nayanar Memorial Co-Operative Hospital: extracted
[local-ai] PHC Sub Centre Chandrampara: extracted
[local-ai] Srividhyaraja homeopathic dispensary: extracted
[local-ai] Government Ayurveda Dispensary Ward 6 Pandalam Thekkekkara: extracted
[local-ai] Public Health Centre: extracted
[local-ai] P N A yurvedasramam: extracted
[local-ai] PHC Tholpetty: extracted
[local-ai] Vedagram Ayurveda Hospital: extracted
[local-ai] Parayil SM Hospital: extracted
[local-ai] Government Ayurveda Hospital, Omalloor: extracted
[local-ai] Community Health Centre, Melattur: extracted
[local-ai] Primary Health Centre Kandala: extracted
[local-ai] Santhigiri Ayurvedic Medical College and Hospital: extracted
[local-ai] SI-MET College Of Nursing Udma, Kasaragod: extracted
[local-ai] KCM Hospital: extracted
[local-ai] Muthoot Hospital: extracted
[local-ai] Family Health Center: extracted
[checkpoint] saved 5075 records
[local-ai] St. Mary's Hospital: extracted
[local-ai] Cherupushpam Hospital: extracted
[local-ai] St.Thomas Health Centre, Manimala: extracted
[local-ai] Paliative Bhavan,Kodiyathur: extracted
[local-ai] Mar Grigorious Hospital: extracted
[local-ai] RR Clinic: extracted
[local-ai] General Hospital, Adoor: extracted
[local-ai] Primary Health Centre, Karakurissi: extracted
[local-ai] Nilampathi Health Sub Center: extracted
[local-ai] Family Health Centre, Kanjikode: extracted
[local-ai] Government Ayurveda Dispensary, Ananganadi: extracted
[local-ai] Government Ayurveda Hospital Malappuram: extracted
[local-ai] Government Ayurveda Hospital (annex) PAREMAVU: extracted
[local-ai] veterinary hospital,chavara: extracted
[local-ai] Aravinda Hospital (KVMS): extracted
[local-ai] Aravinda Hospital (KVMS): extracted
[local-ai] Government Ayurveda Hospital, Pothencode: extracted
[local-ai] Government Ayurveda Dispensary: extracted
[local-ai] Primary Health Center Thirumittacode: extracted
[local-ai] Cardinal Speciality Hospital, Cheenkallel: extracted
[local-ai] Chaithanya Hospital: extracted
[local-ai] government homio hospital: extracted
[local-ai] Government Veterinary Hospital: extracted
[local-ai] Community Health Centre, Chavara: extracted
[local-ai] Mar Aprem Medical Centre, Chirakkadavu: extracted
[checkpoint] saved 5100 records
[local-ai] Veterinary Sub Centre: extracted
[local-ai] PS Mission Hospital: extracted
[local-ai] Government Ayurveda Dispensary Chembukavu;Govt. Ayurveda PHC: extracted
[local-ai] Kannadi Government Homeo Dispensary: extracted
[local-ai] Government Ayurveda hospital Chelakkara: extracted
[local-ai] Govt Homeo Dispensary Thirumittakode: extracted
[local-ai] Attadappa Dispensary: extracted
[local-ai] Aripalam Hospital: extracted
[local-ai] Government Hospital Mattancherry: extracted
[local-ai] Mar Sleeva Medicity Pala: extracted
[local-ai] CH center: extracted
[local-ai] Thiruvarppu Government Ayurvedic Hospital: extracted
[local-ai] Santhinikethana Hospital: extracted
[local-ai] Homeo Dispensary Pallimukku: extracted
[local-ai] Family Health Center Edalamkunn: extracted
[local-ai] Railway Hospital, Trivandrum: extracted
[local-ai] Government Medical College, Idukki: extracted
[local-ai] Community Health Centre Perinjanam: extracted
[local-ai] Subcenter,Pallimukku: extracted
[local-ai] Primary Health Center Kattippara: extracted
[local-ai] Archana hospital: extracted
[local-ai] Family Health Center, Varadhoor: extracted
[local-ai] Pullampara Government Veterinary Hospital: extracted
[local-ai] Subcenter,Arimula: extracted
[local-ai] Government Eye hospital, kariyambadi: extracted
[checkpoint] saved 5125 records
[local-ai] Subcentre, Koodothummal: extracted
[local-ai] Sneha palliative care: extracted
[local-ai] Sreekantapuram hospital: extracted
[local-ai] Government Ayurveda Hospital: extracted
[local-ai] Primary Health Centre, Kallara: extracted
[local-ai] Vaikom Sathyagraha Memmorial Hospital: extracted
[local-ai] Indianoor Medical Centre: extracted
[local-ai] Primary Health Centre Kuttoor: extracted
[local-ai] Manak Hospital Nedumpuram: extracted
[local-ai] Endodiac Diabetic Hospital: extracted
[local-ai] Community Health Centre Panamaram: extracted
[local-ai] Community Health Centre Panamaram: extracted
[local-ai] Community Health Centre Panamaram: extracted
[local-ai] Community Health Centre Panamaram: extracted
[local-ai] Community Health Centre Panamaram: extracted
[local-ai] Primary Health Center, Chottanikkara: extracted
[local-ai] Goverenment Homeo dispancary Teekoy: extracted
[local-ai] Palachal Government Homoeo Dispensary: extracted
[local-ai] SVGM Medical Centre: extracted
[local-ai] PHC Payalalm Edathode: extracted
[local-ai] Government Homeo Dispensary: extracted
[local-ai] Lekshmi Ayurvedic Hospital And Panchakarma Centre: extracted
[local-ai] Anupama Hospital: extracted
[local-ai] Poyanil Hospital, Punalur: extracted
[local-ai] Health Centre: extracted
[checkpoint] saved 5150 records
[local-ai] ECHS Polyclinic Mavelikkara: extracted
[local-ai] St.Camillus Hospital: extracted
[local-ai] Primary Health Centre: extracted
[local-ai] National Health Mission: extracted
[local-ai] Apollo Adlux Hospital Angamaly: extracted
[local-ai] TNH Mom and child care: extracted
[local-ai] Jubilee Memorial Hospital: extracted
[local-ai] General Hospital Thiruvananthapuram: extracted
[local-ai] TSC Hospital (Dental paediatric Care Wing): extracted
[local-ai] MITERA HOSPITAL: extracted
[local-ai] Kannur Medical College: extracted
[local-ai] Avitis Palakkad Town Hospital: extracted
[local-ai] FWC Edayilakkad: extracted
[local-ai] newlife hospital vadapuram: extracted
[local-ai] new life hospital: extracted
[local-ai] new life vadapuram: extracted
[local-ai] Varikkoli Leprosy Hospital: extracted
[local-ai] Homeo Dispenseri: extracted
[local-ai] Dr. Achutha Menon's Hospital: extracted
[local-ai] madayikkal hospital: extracted
[local-ai] Primary Health Center Pallikathodu: extracted
[local-ai] Mar Geevarghese Dionysius Memorial Hospital: extracted
[local-ai] Indian Institute of Diabetes: extracted
[local-ai] government chest disease hospital: extracted
[local-ai] ATHULYA DIAGNOSTIC CENTRE: extracted
[checkpoint] saved 5175 records
[local-ai] Eye hospital: extracted
[local-ai] saradha medicals: extracted
[local-ai] Sadgamaya Hospital: extracted
[local-ai] Akshaya Hospital: extracted
[local-ai] Pran Fertility Centre: extracted
[local-ai] Primary Health Centre , Perinad: extracted
[local-ai] Al Noor Hospital: extracted
[local-ai] Christraj Hospital Ayarkunnam: extracted
[local-ai] Neethi Lab: extracted
[local-ai] K.V.M. Super Speciality Hospital: extracted
[local-ai] Kinder Women's Hospital and Fertility Centre: extracted
[local-ai] Safa: extracted
[local-ai] Jubilee Ayurveda Mission Hospital: extracted
[local-ai] BMH Kannur: extracted
[local-ai] St.Xaviers Hospital: extracted
[local-ai] Dr. Tony's Super Speciality Eye Institute: extracted
[local-ai] Nedumcheril Hospital: extracted
[local-ai] Infirmary: extracted
[local-ai] Kunhalu's Nursing Home: extracted
[local-ai] Hospice and Daycare Centre For Prolonged Treatment by Pain & Palliative Care Society: extracted
[local-ai] Medical Trust Hospital: extracted
[local-ai] Government Hospital, Kottaparambu: extracted
[local-ai] H M L Hospital: extracted
[local-ai] Chalakudy Government Hospital: extracted
[local-ai] CCMK Hospitals: extracted
[checkpoint] saved 5200 records
[local-ai] Urban Primary Health Centre: extracted
[local-ai] CMC Clinic: extracted
[local-ai] Sree Uthradam Thirunal Hospital: extracted
[local-ai] NEW MANGALA MEDICAL CENTRE (NMMC): extracted
[local-ai] Sivagiri Sree Narayana Medical Mission Hospital: extracted
[local-ai] Government Taluk Hospital Varkala: extracted
[local-ai] SH Medical Centre: extracted
[local-ai] Sacred Heart General Hospital: extracted
[local-ai] Prathyasa Cancer Hospital: extracted
[local-ai] Taluk Hospital: extracted
[local-ai] P.K. Das Medical Centre: extracted
[local-ai] Mankara Heart Hospital: extracted
[local-ai] Vijaya Hospital: extracted
[local-ai] Thettikkuzhy Hospital: extracted
[local-ai] Palakkad Institute of Medical Sciences: extracted
[local-ai] Bishop Benziger Hospital: extracted
[local-ai] Dr. Nairs Hospital: extracted
[local-ai] IRINE HEALTHCITY: extracted
[local-ai] Lakshmi Paramparya Marma Chikitsa: extracted
[local-ai] Avitis Institute Of Medical Sciences: extracted
[local-ai] Avitis Institute Of Medical Sciences: extracted
[local-ai] Azeezia Health City: extracted
[local-ai] Huda Trust Hospital: extracted
[local-ai] Ebenezer Hospital: extracted
[local-ai] Elettil Hospital: extracted
[checkpoint] saved 5225 records
[local-ai] Community Health Center: extracted
[local-ai] Government Medical College Konni: extracted
[local-ai] KDHP Estate Hospital, Periyavarai: extracted
[local-ai] Muthalakkodam Holy family Hospital: extracted
[local-ai] KGM Hospital,Cumbummettu: extracted
[local-ai] Chitra Hospital: extracted
[local-ai] st sholastica hospital: extracted
[local-ai] St.Mary's Hospital;Manarcad St. Mary's Hospital Parking: extracted
[local-ai] GOVT AYURVEDA DISPENSARY: extracted
[13/36] Kerala                                 fetched=  5504 kept=  5234 already_saved=0 total=  5234
[14/36] Jharkhand: requesting source data (timeout=90s, retries=3)
[local-ai] Loyola Free Clinic: extracted
[local-ai] Guru Nanak Hospital: extracted
[local-ai] Khunti Government Hospital: extracted
[local-ai] dental hospital: extracted
[local-ai] Tata Main Hospital: extracted
[local-ai] Kripal Darshan: extracted
[local-ai] New mediciner: extracted
[local-ai] eye hospital: extracted
[local-ai] nursing home: extracted
[local-ai] Railway School: extracted
[local-ai] Late ilyas azad hospital: extracted
[local-ai] THYRO CARE: extracted
[local-ai] PEARL SKIN CLINIC: extracted
[local-ai] Jamshedpur Blood Bank: extracted
[local-ai] FPA hospital: extracted
[local-ai] Medica Hospital Ramgarh: extracted
[local-ai] ECHS Polyclinic: extracted
[local-ai] Mesra Medical hall: extracted
[local-ai] nirmaya: extracted
[local-ai] arogyam hospital: extracted
[local-ai] aushdhalay medical store: extracted
[local-ai] M S Pharma: extracted
[local-ai] Lakshmi Nursing Home: extracted
[local-ai] Gurunanak Hospital and Research Centre Blood Bank: extracted
[local-ai] Panchet Hill Hospital: extracted
[checkpoint] saved 5259 records
[local-ai] Sadar Hospital, Latehar: extracted
[local-ai] Asha Kiran Hospital: extracted
[local-ai] Prabhawathi Hospital: extracted
[local-ai] Ganga Memorial Hospital and Research Centre: extracted
[local-ai] Mother Care Hospital: extracted
[local-ai] Hope Hospital: extracted
[local-ai] Shirdi Sai Hospital and Research Centre: extracted
[local-ai] Sarvodaya Hospital, Bokaro: extracted
[local-ai] Daya Sagar: extracted
[local-ai] Om Sai Hospital and Research Centre: extracted
[local-ai] Sarswati Chikitsalaya: extracted
[local-ai] Meherbai Tata Memorial Hospital: extracted
[local-ai] Prem Jyoti Community Hospital: extracted
[local-ai] Carmel Hospital: extracted
[local-ai] Maa Sharda Charitable Hospital and Research Centre: extracted
[local-ai] Richi Trust Hospital: extracted
[local-ai] Mungraj Gulraj Sarawgi Seva Niketan: extracted
[local-ai] Kanke General Hospital And Research Centre Pvt Ltd: extracted
[local-ai] B.R.Seva Sadan and K.K Skin Institute and Research Centre: extracted
[local-ai] The Kashyap Memorial Eye Hospital - Ranchi: extracted
[local-ai] Nagri Hospital and Research Center: extracted
[local-ai] Tinplate Hospital: extracted
[local-ai] Rani Childern Hospital and Reserch Centre: extracted
[local-ai] Lucky Seva Sansthan: extracted
[local-ai] Vardaan Maternity Home and Research Centre: extracted
[checkpoint] saved 5284 records
[local-ai] Shree Narayan Multispeciality Hospital: extracted
[local-ai] Ivf and Infertility Research Hospital: extracted
[local-ai] Sahyog Hospital, Giridih: extracted
[local-ai] Kamal Eye Clinic: extracted
[local-ai] Simariya Referral Hospital: extracted
[local-ai] Namdhari Hospital and Research Center: extracted
[local-ai] Holly Family Hospital: extracted
[local-ai] Life Care Hospital, Ramgarh: extracted
[local-ai] Brahmananda Narayana Hrudayalaya: extracted
[local-ai] Om Sri Sai Hospital and Research Centre: extracted
[local-ai] Patliputra Medical College and Hospital: extracted
[local-ai] Sharp Eye Foundation (P) Ltd: extracted
[local-ai] St. Ursula Hospital: extracted
[local-ai] Brindavan Hospital and Research Centre Pvt Ltd: extracted
[local-ai] Muskan Hospital And Research Centre: extracted
[local-ai] St. Paul Hospital: extracted
[local-ai] Dhanbad Nursing Home Pvt Ltd: extracted
[local-ai] Lions Club Raghunath Kharkia Memorial Eye Hospital: extracted
[local-ai] Neelam Hospital And Research Centre: extracted
[local-ai] Rotary Eye Hospital: extracted
[local-ai] Sarvangin Gramin Vikas Sanstha: extracted
[local-ai] R.C. Hazra Memeorial Hospital: extracted
[local-ai] Referral Hospital: extracted
[local-ai] Asarfi Hospital Pvt Ltd: extracted
[local-ai] Pankhuri Health Care: extracted
[checkpoint] saved 5309 records
[local-ai] S.K. Roy Memorial Hospital: extracted
[local-ai] Prudence Hospital: extracted
[local-ai] Dwarika Hospital and Research Centre: extracted
[local-ai] Surgy Center: extracted
[local-ai] Shree Krishna Matri Sadan: extracted
[local-ai] K. C. Roy Memorial Hospital: extracted
[local-ai] Alam Hospital And Research Centre Pvt Ltd: extracted
[local-ai] Jeevan Jyoti Health Centre: extracted
[local-ai] Dr P K Ghosh Memorial Hospital and Research Center: extracted
[local-ai] Vanja Arogaya Kendra: extracted
[local-ai] Mother and Child Health Centre: extracted
[local-ai] Raju Sewa Sadan: extracted
[local-ai] Matri Prerna Eye Hospital: extracted
[local-ai] Rani Hospital, Ranchi: extracted
[local-ai] Long Life Care Hospital: extracted
[local-ai] Well View Health Reasearch Nursing Centre: extracted
[local-ai] Hill View Hospital And Research Centre: extracted
[local-ai] Aastha Care Hospital: extracted
[local-ai] Aastha Mother and Child Care Centre: extracted
[local-ai] Harmu Hospital & Research Centre: extracted
[local-ai] Mahadevi Birla Hospital and Research Center: extracted
[local-ai] Arogyam Hospital and Diagnostic Research Center: extracted
[local-ai] Mandar Referral Hospital: extracted
[local-ai] Baidyanath Shankar Eye Hospital: extracted
[local-ai] Shalini Hospital, Ranchi: extracted
[checkpoint] saved 5334 records
[local-ai] R P Orthopaedic Hospital Research Center Pvt Ltd: extracted
[local-ai] Rabindra Nath Panni Memorial Hospital: extracted
[local-ai] Shree Jagannath Hospital and Research Centre: extracted
[local-ai] Rajasthan Seva Sadan: extracted
[local-ai] Jamshedpur Eye Hospital: extracted
[local-ai] Ayusmaan Hospital: extracted
[local-ai] Sunita Maternity Home and Research Centre: extracted
[local-ai] Rajdhanwar Referral Hospital: extracted
[local-ai] Rohini Mohini Hospital: extracted
[local-ai] Tribal Welfare Rural Hospital Asanbani,(Rinchi)Trust Hospital: extracted
[local-ai] Abdur Razzaque Ansari Memorial Weavers Hospital: extracted
[local-ai] St. Luke Hospital, Pakur: extracted
[local-ai] Golmohar Hospital: extracted
[local-ai] Rjsior Hospital: extracted
[local-ai] CHC, Jaldega: extracted
[local-ai] Dvc Btps Hospital: extracted
[local-ai] G D Bagaria Sewa Sadan: extracted
[local-ai] Ravi Surgical Hospital, Pattabari, Dumka: extracted
[local-ai] K. M. Memorial Hospital: extracted
[local-ai] Asian Dwarkadas Jalan Super Speciality Hospital: extracted
[local-ai] Yaslok Hospital: extracted
[local-ai] Prakash Chand Jain Seva Hospital: extracted
[local-ai] Holy Family Hospital: extracted
[local-ai] Tata Central Hospital: extracted
[local-ai] Mohal Pahari Christan Hospital: extracted
[checkpoint] saved 5359 records
[local-ai] Government Referral Hospital, Torpa: extracted
[local-ai] Nirala Medical College Hospital and Research Centre: extracted
[local-ai] Sanjeevany Life Care: extracted
[local-ai] G.K. Hospital And Research Centre: extracted
[local-ai] Vardaan Hospital and Research Center: extracted
[local-ai] Sri Sai Hospital, Bokaro: extracted
[local-ai] St. Urshula Hospital: extracted
[local-ai] The 7 Palms Hospital and Research Centre - Ranchi: extracted
[local-ai] Vanguard Hospital and Medical Research Center Pvt Ltd: extracted
[local-ai] Jinwani Hospital: extracted
[local-ai] Matri Sadan: extracted
[local-ai] Mayank-Mrinal Hospital and Research Center: extracted
[local-ai] Nisha General Hospital (P) Ltd.: extracted
[local-ai] Maa Lalita Hospital and Research Center Pvt Ltd: extracted
[local-ai] Ram Pyari Ortho Hospital Research Centre Pvt Ltd: extracted
[local-ai] Apex Hospital (Unit Of Chaudhary Medicare Hospital Pvt Ltd) - Jamshedpur: extracted
[local-ai] Vivekanand Hospital: extracted
[local-ai] 111 Save Life Hospital: extracted
[local-ai] Central Hospital: extracted
[local-ai] Government hospital,Seodi: extracted
[local-ai] Bokaro Surgical Clinic: extracted
[local-ai] Raj Nurshing Home: extracted
[local-ai] CHC, Garhwa Sadar: extracted
[local-ai] Sadar Hospital, Jamua: extracted
[local-ai] Government hospital, Madhuban: extracted
[checkpoint] saved 5384 records
[local-ai] Sadar Hospital,Mahthadih: extracted
[local-ai] Government Hospital,Jaridih: extracted
[local-ai] Sadar Hospital,Bokaro: extracted
[local-ai] Government Hospital,Ambana: extracted
[local-ai] CHC, Mohanpur: extracted
[local-ai] Gumla Sadar Hospital: extracted
[local-ai] CHC, Sarath: extracted
[local-ai] CHC, Shikaripara: extracted
[local-ai] Sadar Hospital, Hazaribagh: extracted
[local-ai] Government Hospital, Dandai: extracted
[local-ai] Dumri Referral Hospital: extracted
[local-ai] Government Hospital,Pratabpura: extracted
[local-ai] Sadar Hospital,Dhanbad: extracted
[local-ai] Government Hospital,Chalkari: extracted
[local-ai] Jarmundi Refral Hospital: extracted
[local-ai] Patliputra Medical College Hospital: extracted
[local-ai] Al-Shifa Hospital,Chandankiyari: extracted
[local-ai] Sadar Hospital, Kunthi: extracted
[local-ai] Government Hospital, Nagaruntari: extracted
[local-ai] Sadar Hospital: extracted
[local-ai] Government Hospital, Barkagaon: extracted
[local-ai] CHC, Nala: extracted
[local-ai] Sadar Hospital,Deoghar: extracted
[local-ai] Government Hospital,Baramasya: extracted
[local-ai] CHC, Mahagama: extracted
[checkpoint] saved 5409 records
[local-ai] CHC, Ranishwar: extracted
[local-ai] Government Hospital,Rowam: extracted
[local-ai] CHC, Rania: extracted
[local-ai] Bhagwati Hospital, Ghaghra: extracted
[local-ai] CHC, Boarijore: extracted
[local-ai] Mercy Hospital: extracted
[local-ai] Refferel Hospital Basia: extracted
[local-ai] Government Hosital,Dhori: extracted
[local-ai] CHC, Gopikandar: extracted
[local-ai] Sadar Hospital,Madhupur: extracted
[local-ai] Government Hospital,Dariatu: extracted
[local-ai] CHC, Pathargama: extracted
[local-ai] Sadar Hospital,Dumka: extracted
[local-ai] Government Hospital,Chirachas: extracted
[local-ai] CHC, Saraiyahat: extracted
[local-ai] St. Joseph Hospital: extracted
[local-ai] Barhi Anumandal Hospital: extracted
[local-ai] Government Hospital,Tupra: extracted
[local-ai] Community Health Centre, Gandey: extracted
[local-ai] CHC, Sarwan: extracted
[local-ai] Sadar hospital, Giridih: extracted
[local-ai] Government hospital, Birni: extracted
[local-ai] CHC, Kathikund: extracted
[local-ai] Sadar Hospital Godda: extracted
[local-ai] Government Hospital, Barkatha: extracted
[checkpoint] saved 5434 records
[local-ai] Government Hospital,Petarwar: extracted
[local-ai] Mirzacheulki Hospital: extracted
[local-ai] Sadar Hospital, Koderma: extracted
[local-ai] CHC, Nimdih: extracted
[local-ai] CHC, Kuchai: extracted
[local-ai] St. Ursula Hospital Konbir Noatoli: extracted
[local-ai] Guru hospital: extracted
[local-ai] Ramgarh Sadar Hospital: extracted
[local-ai] ashish sewa sadan hospital , Tupudana: extracted
[local-ai] CHC, Lohardaga: extracted
[local-ai] Jainagar hospital: extracted
[local-ai] Pakur Nursing Home, Barhabad: extracted
[local-ai] Urmila Krishna Seva Sadan: extracted
[local-ai] Bundu Municipal Hospital: extracted
[local-ai] CHC, Khuntpani: extracted
[local-ai] Jharkhand National Hospital: extracted
[local-ai] Surya Super Speciality Hospital: extracted
[local-ai] J.A.P 1 Hospital: extracted
[local-ai] Saraikela District Hospital: extracted
[local-ai] Government Hospital,Jogidih: extracted
[local-ai] CHC, Barhait: extracted
[local-ai] ESIC Dhurwa: extracted
[local-ai] Jadugoda Hospital: extracted
[local-ai] South Eastern Railway Government Hospital: extracted
[local-ai] CHC, Garu: extracted
[checkpoint] saved 5459 records
[local-ai] Raj Nursing Home - Private: extracted
[local-ai] Goverment hospital , Chhota Chitolia: extracted
[local-ai] CHC, Pakuriya: extracted
[local-ai] SDH, Rajmahal: extracted
[local-ai] NUHM Government Hospital: extracted
[local-ai] CHC, Hiranpur: extracted
[local-ai] Government Hospital ,Kharkharee: extracted
[local-ai] CHC, Kharsawan: extracted
[local-ai] Shanti Bhavan Medical Center , Biru: extracted
[local-ai] CHC, Borio: extracted
[local-ai] Referral Hospital Bharech Nagar: extracted
[local-ai] Simdega Sadar Hospital: extracted
[local-ai] CHC, Taljhari: extracted
[local-ai] Government Hospital, Chakradharpur: extracted
[local-ai] Sadar Hospital Lohardaga: extracted
[local-ai] CHC, Latehar: extracted
[local-ai] I.T.D.A.Meso Hospital Rinchi,Jonha: extracted
[local-ai] Udhwa Nursing Home: extracted
[local-ai] Sadar Hospital, Pakur: extracted
[local-ai] Sadar Hospital: extracted
[local-ai] CHC, Littipara: extracted
[local-ai] Government Hospital,Panki: extracted
[local-ai] Maheshpur Hospital: extracted
[local-ai] Dr. Prabharani Hospital: extracted
[local-ai] Anand Nursing Home: extracted
[checkpoint] saved 5484 records
[local-ai] Al Shifa Eye & ENT Care Hospital: extracted
[local-ai] Shree Ram Orthopaedic Hospital: extracted
[local-ai] Bhalsundhiya Hospital: extracted
[local-ai] Paras Hospital: extracted
[local-ai] Arya Nursing Home: extracted
[local-ai] Shakuntala Manpatrika Seva Sadan Hospital: extracted
[local-ai] Life Line Nursing Home: extracted
[local-ai] Sanskar Hospital: extracted
[local-ai] Rainbow Children Nurshing Home: extracted
[local-ai] Sido Kanhu Eye Hospital & Research Centre: extracted
[local-ai] Old Sadar Hospital: extracted
[local-ai] SunRise Hospital: extracted
[local-ai] Barharwa Sardar Hospital: extracted
[local-ai] B.N. Hospital: extracted
[local-ai] Sanjivani Maternity & Surgical Health: extracted
[local-ai] Community Health Centre: extracted
[local-ai] Mahagama Hospital: extracted
[local-ai] Al Shifa Hospital: extracted
[local-ai] Palajori Hospital: extracted
[local-ai] Hari Devi Referral Hospital: extracted
[local-ai] Sinha First Aid Nursing Home: extracted
[local-ai] Godda Hospital: extracted
[local-ai] Gurudev Aastha Seva Sadan Hospital: extracted
[local-ai] Divya Maternity Centre: extracted
[local-ai] Heena Hospital: extracted
[checkpoint] saved 5509 records
[local-ai] Mishra Nursing Home: extracted
[local-ai] Dr. K N Choudhary Hospital: extracted
[local-ai] Railway Hospital, Sahibganj: extracted
[local-ai] Government Hospital: extracted
[local-ai] Referral Hospital: extracted
[local-ai] Sanjeevni Hospital: extracted
[local-ai] Sai Ram Hospital: extracted
[local-ai] Navdeep Nursing Home: extracted
[local-ai] Star Hospital: extracted
[local-ai] Crest Care Hospital: extracted
[local-ai] Shivlok Surgical Hospital: extracted
[local-ai] Shivay Hospital: extracted
[local-ai] Navjeevan Nursing Home: extracted
[local-ai] Mangalam Nursing Home: extracted
[local-ai] Dayal Nursing Home: extracted
[local-ai] Sudha Hospital & Trauma Centre: extracted
[local-ai] Sanjeevani Nursing Home: extracted
[local-ai] Deoghar Children and Eye Hospital: extracted
[local-ai] Medinobha Newborn & Child Care Centre: extracted
[local-ai] Dr. Subashchandra Chowdhri Hospital: extracted
[local-ai] Heal Max Hospital & Rehabilitation Centre: extracted
[local-ai] Dr. Sikandar Singh Hospital: extracted
[local-ai] Vinayak Hospital: extracted
[local-ai] Sudhir Hospital: extracted
[local-ai] Parwati Devi Children Hospital: extracted
[checkpoint] saved 5534 records
[local-ai] Dr. Arvind's Eye Hospital: extracted
[local-ai] Aftab Hospital: extracted
[local-ai] Vishwanath Nursing Home: extracted
[local-ai] Dr. Neha Priya Hospital: extracted
[local-ai] ESI Hospital: extracted
[local-ai] Care and Cure Centre Hospital: extracted
[local-ai] Goenka Hospital: extracted
[local-ai] Medha Health Care: extracted
[local-ai] Laxmi Narayan Hospital: extracted
[local-ai] Dr. Anand Kumar Jain Children's Hospital: extracted
[local-ai] Meena General Hospital: extracted
[local-ai] St. Francis Hospital: extracted
[local-ai] Maa Durga Memorial Hospital: extracted
[local-ai] Tridev Hospital: extracted
[local-ai] Doota - Deepti Satsang Charitable Hospital: extracted
[local-ai] Maa Gayatri Health Centre: extracted
[local-ai] Dr. Anju Bala Memorial Hospital: extracted
[local-ai] Railway Hospital: extracted
[local-ai] Sehat Jhanch Ghar General Hospital: extracted
[local-ai] Navjiwan Hospital: extracted
[local-ai] Al-Kausar Holy Herbal Hospital & Research Centre: extracted
[local-ai] Jeevan Dhara Nursing Home: extracted
[local-ai] Braunwald Hospitals: extracted
[local-ai] Dr. K Pallavi Hospital: extracted
[local-ai] Vinayak Hospital: extracted
[checkpoint] saved 5559 records
[local-ai] Shivanta Hospital: extracted
[local-ai] Dr. Shila Verma Hospital: extracted
[local-ai] Dr. Chandrakanth Hospital: extracted
[local-ai] Shree Ashtavinayak Hospital: extracted
[local-ai] City Care Hospital: extracted
[local-ai] Dr. A.N.Ram General Hospital: extracted
[local-ai] Gobardhan Lal Nursing Home: extracted
[local-ai] Dr. Aman Urwar Newborn and Child Specialist: extracted
[local-ai] Kunal Hospital: extracted
[local-ai] Cobra Hospital: extracted
[local-ai] Veena General Hospital & Research Centre: extracted
[local-ai] New Life Line Nursing Home & Maternity Centre: extracted
[local-ai] P G Hospital: extracted
[local-ai] Aryan Hospital: extracted
[local-ai] Krishna Care Hospital: extracted
[local-ai] Chandsi Hospital: extracted
[local-ai] Max Hospital: extracted
[local-ai] Gayatri Hospital: extracted
[local-ai] Aaash Children & Neonatal Hospital: extracted
[local-ai] Sneh Child Nursing Home: extracted
[local-ai] Hope Hospital: extracted
[local-ai] Jeevan Anmol Nursing Home: extracted
[local-ai] Dr. Aman Urwar Hospital: extracted
[local-ai] Manilal Memorial Hospital: extracted
[local-ai] HZB Arogyam Multispeciality Hospital: extracted
[checkpoint] saved 5584 records
[local-ai] Dr. J. Gupta Hospitals: extracted
[local-ai] Care Hospital: extracted
[local-ai] Raj Hospital: extracted
[local-ai] Dr. Manoj Kumar Singh Children's Hospital: extracted
[local-ai] J P Memorial Orthopaedic Hospital: extracted
[local-ai] DVC Hospital: extracted
[local-ai] Lifecare Hospital and Healthcare: extracted
[local-ai] White Circle Hospital: extracted
[local-ai] B S Orthopaedics Centre & Maternity Home: extracted
[local-ai] TB Hospital: extracted
[local-ai] Subhash Chandrawansi Hospital: extracted
[local-ai] Kameshwari Nursing Home: extracted
[local-ai] Dr. K M Ojha Hospital: extracted
[local-ai] Mahabir Hospital: extracted
[local-ai] New Srishti Drishti Nursing Home: extracted
[local-ai] Shivam Hospital: extracted
[local-ai] Mamta Hospital: extracted
[local-ai] Utkal Hospital: extracted
[local-ai] Jay Prakash Hospital: extracted
[local-ai] Phulwaria Hospital: extracted
[local-ai] Anand Hospital: extracted
[local-ai] AGMCH Hospital: extracted
[local-ai] Marshi Nurshing Home: extracted
[local-ai] Ambika Nursing Home: extracted
[local-ai] Hazaribaag Eye Care & Laser Centre Hospital: extracted
[checkpoint] saved 5609 records
[local-ai] Vandana Nursing Home: extracted
[local-ai] A.K. Sunshine Hospital: extracted
[local-ai] St. Columba's Hospital: extracted
[local-ai] Eye Hospital: extracted
[local-ai] Siddhi Vinayak Hospital & Trauma Centre: extracted
[local-ai] City Child Hospital: extracted
[local-ai] Kshitij Hospital: extracted
[local-ai] Government Hospital: extracted
[local-ai] Eshan Hospital: extracted
[local-ai] Madi Memorial Hospital & Research Centre: extracted
[local-ai] Harmu Hospital: extracted
[local-ai] Disha Nursing Home: extracted
[local-ai] Vanya Nursing Home: extracted
[local-ai] Seva Nelaya Hospital: extracted
[local-ai] S M Memorial Hospital: extracted
[local-ai] Sai Aastha Hospital and Research Centre: extracted
[local-ai] Anand Nursing Home: extracted
[local-ai] Dukhan Memorial Hospital & Research Centre: extracted
[local-ai] Jaslok Hospital: extracted
[local-ai] Vikas Nursing Home: extracted
[local-ai] The Vinayka Hospital and Research Centre: extracted
[local-ai] Pragati Hospital and Research Centre: extracted
[local-ai] Max Orthopaedic Hospital: extracted
[local-ai] Ashirwad General Hospital: extracted
[local-ai] Anjuman Hospital: extracted
[checkpoint] saved 5634 records
[local-ai] Dristi Eye Hospital: extracted
[local-ai] Aashtha Seva Sadan Hospital: extracted
[local-ai] Hopewell Hospital: extracted
[local-ai] Fatima Hospital: extracted
[local-ai] St. Vincent Hospital: extracted
[local-ai] Bethel Mission Hospital: extracted
[local-ai] Radha Rani Mission Hospital: extracted
[local-ai] Mannat Hospital: extracted
[local-ai] Vikas Vatika Hospital: extracted
[local-ai] Eye Hospital: extracted
[local-ai] Samadhan Hospital: extracted
[local-ai] Ramkrishna Mission T.B. Sanatorium Hospital: extracted
[local-ai] Heritage Hospital: extracted
[local-ai] Amrit Hospital and Research Centre: extracted
[local-ai] MDLM Hospital: extracted
[local-ai] Yashi Surgical & Children Hospital: extracted
[local-ai] Dwarika Hospital and Research Centre: extracted
[local-ai] Sheetal Nursing Home: extracted
[local-ai] Siddharth Children Hospital: extracted
[local-ai] RJS Pandey Cancer Hospital & Research: extracted
[local-ai] MDLM Hospital & Research Centre: extracted
[local-ai] Matruchaya Mahila Hospital: extracted
[local-ai] Sukriti-Sumiran Hospital: extracted
[local-ai] Jeevan Dayini Lucky Nursing Home: extracted
[local-ai] Kandy Hill Hospital: extracted
[checkpoint] saved 5659 records
[local-ai] Sunita Maternity Home: extracted
[local-ai] Dr. Lal's Hospital & Research Centre: extracted
[local-ai] Sourya Children Hospital & Research Centre: extracted
[local-ai] Nidan Bone Care Hospital: extracted
[local-ai] Chandra Hospital: extracted
[local-ai] Narayana Multi Speciality Hospital: extracted
[local-ai] Hare Krisna Hospital: extracted
[local-ai] Gulab Hospital: extracted
[local-ai] P K Hospital: extracted
[local-ai] Shri Lilawati Hospital: extracted
[local-ai] Dr. Akhilesh Kumar Sinha Hospital: extracted
[local-ai] Ashu Life Care Hospital: extracted
[local-ai] MG Hospital: extracted
[local-ai] Loknayak Jaiprakash Eye Hospital: extracted
[local-ai] Dr. Awadh Kishore Upadhyay Memorial Hospital: extracted
[local-ai] Sadar Hospital: extracted
[local-ai] Vindhyachal Hospital: extracted
[local-ai] Sadar Hospital: extracted
[local-ai] Sadar Hospital: extracted
[local-ai] Jeevan Deep Hospital: extracted
[local-ai] Dr. J Mishra Hospital: extracted
[local-ai] Sakshi Hospital: extracted
[local-ai] Usha Hospital: extracted
[local-ai] Dr. Meera Jha Hospital: extracted
[local-ai] Dutika Savitri Hospital: extracted
[checkpoint] saved 5684 records
[local-ai] Navneet Jaiswal Lions Eye Hospital: extracted
[local-ai] Tapa Life Line Hospital: extracted
[local-ai] Chandrika Hospital: extracted
[local-ai] Chatra Eye and General Hospital: extracted
[local-ai] Sanjeevani Hospital: extracted
[local-ai] Silidag Hospital: extracted
[local-ai] Maa Godavari Hospital: extracted
[local-ai] Government Hospital: extracted
[local-ai] Pappu Hospital: extracted
[local-ai] Parmeshwari Hospital: extracted
[local-ai] Maa Pramila Hospital: extracted
[local-ai] G.P.M. Hospital: extracted
[local-ai] Hospital Raja Babu: extracted
[local-ai] Sub - Divisional Hospital: extracted
[local-ai] R K Mahto Hospital & Health Care Trust: extracted
[local-ai] Nav Jivan Hospital: extracted
[local-ai] Sadar Hospital: extracted
[local-ai] Lakwa Hospital: extracted
[local-ai] Laxmi Nursing Home: extracted
[local-ai] Raz Hospital: extracted
[local-ai] Sri Ram Hospital and Research Centre: extracted
[local-ai] Sanjana Mobile Hospital: extracted
[local-ai] Hunterganj Hospital: extracted
[local-ai] Lalgarh Hospital: extracted
[local-ai] Shishu Hospital: extracted
[checkpoint] saved 5709 records
[local-ai] Prasad Nursing Home: extracted
[local-ai] New Life Hospital: extracted
[local-ai] Dristy Eye Hospital: extracted
[local-ai] Elite Hospital: extracted
[local-ai] Aashi Life Care Hospital: extracted
[local-ai] Government Hospital: extracted
[local-ai] Bhagwati Hospital: extracted
[local-ai] Sanjivani Nursing Home: extracted
[local-ai] JIMS Hospital: extracted
[local-ai] GeetaSri Retina Institute Hospital: extracted
[local-ai] Government Leprosy Hospital: extracted
[local-ai] Dr. U N Sahana Hospital: extracted
[local-ai] ASG Eye Hospital: extracted
[local-ai] Healmax Hospital: extracted
[local-ai] Shri Ram Sharma Nursing Home: extracted
[local-ai] Genessis Hospital: extracted
[local-ai] Regional Hospital: extracted
[local-ai] Aarogya Nursing Home: extracted
[local-ai] Savitri Surgicare & Maternity Centre: extracted
[local-ai] Popular Nursing Home: extracted
[local-ai] Prudenly Hospital: extracted
[local-ai] Sunrise Hospital: extracted
[local-ai] Maruti Nursing Home: extracted
[local-ai] Kailash Hospital: extracted
[local-ai] Sanjeevni Nursing Home: extracted
[checkpoint] saved 5734 records
[local-ai] Narayani Hospital: extracted
[local-ai] Life Line Hospital: extracted
[local-ai] Dr. NK Verma Hospital: extracted
[local-ai] Koyla Nagar Hospital: extracted
[local-ai] Vardaan Hospital: extracted
[local-ai] Balajee Children Hospital: extracted
[local-ai] Sri Jagannath Health Care: extracted
[local-ai] Bhowra Hospital: extracted
[local-ai] Kasturba Seva Sadan Hospital: extracted
[local-ai] Asha Hospital: extracted
[local-ai] Ashadeep Hospital and Research Centre: extracted
[local-ai] Sudamdih Hospital: extracted
[local-ai] Tara Nursing Home: extracted
[local-ai] Mayalok Hospital: extracted
[local-ai] Birsa Munda Hospital and Research Centre: extracted
[local-ai] City Care Hospital: extracted
[local-ai] Sri Sai Baba Hospital: extracted
[local-ai] Shivam Hospital: extracted
[local-ai] City Hospital: extracted
[local-ai] Shree Ram Hospital: extracted
[local-ai] Capital Hospital: extracted
[local-ai] SSLNT Hospital: extracted
[local-ai] Sanjay Chaudhry Hospital: extracted
[local-ai] Asha Sahshi Hospital: extracted
[local-ai] Jeenagora BCCL Hospital: extracted
[checkpoint] saved 5759 records
[local-ai] Sanvika Multispeciality Hospital: extracted
[local-ai] Nirmala General and Leprosy Hospital: extracted
[local-ai] Akriti Orthopaedic & Research Centre: extracted
[local-ai] Ambagan Hospital: extracted
[local-ai] Asarfi Hospital Limited: extracted
[local-ai] Bokaro Health Care Hospital: extracted
[local-ai] Om Sai Hospital, Domanpur More: extracted
[local-ai] Nirmay Hospital: extracted
[local-ai] Sai Sevayatan Hospital: extracted
[local-ai] Dr. Chandra Nursing Home: extracted
[local-ai] Ramgarh Hospital: extracted
[local-ai] Sub - Divisional Hospital: extracted
[local-ai] Subarnarekha Nursing Home and Diagnostic Centre: extracted
[local-ai] Maa Deori Nursing Home: extracted
[local-ai] Kalyan Hospital: extracted
[local-ai] Sanjeeni Hospital: extracted
[local-ai] Mundhra Hospital: extracted
[local-ai] CCL Hospital: extracted
[local-ai] Government Hospital: extracted
[local-ai] S.G.V.S Hospital & Research Centre: extracted
[local-ai] Lalita Netralaya: extracted
[local-ai] Anadlok Hospital: extracted
[local-ai] Ardeer Hospital: extracted
[local-ai] New Jeevan Jyoti Hospital: extracted
[local-ai] Anumandal Hospital: extracted
[checkpoint] saved 5784 records
[local-ai] Onkar Eye Hospital: extracted
[local-ai] GuruKripa Nursing Home: extracted
[local-ai] Dr. B.B. Prasad Nursing Home: extracted
[local-ai] Sadar Hospital: extracted
[local-ai] Aradhna Hospital: extracted
[local-ai] Manorama Nursing Home: extracted
[local-ai] Nawadih Hospital: extracted
[local-ai] Singhpur Hospital: extracted
[local-ai] K G T Hospital & Research Centre: extracted
[local-ai] DMI Hospital: extracted
[local-ai] Narayani Seva Sadan Hospital: extracted
[local-ai] Horo Hospital: extracted
[local-ai] City Hospital: extracted
[local-ai] Sunrise Hospital: extracted
[local-ai] Regional Hospital: extracted
[local-ai] M.S. Hospital: extracted
[local-ai] Sarwada Hospital: extracted
[local-ai] Shivam Seva Kendra Hospital: extracted
[local-ai] Kare Advanced Multispeciality Hospital: extracted
[local-ai] CCL Hospital, Sawang: extracted
[local-ai] Faith & Felix Nursing Home: extracted
[local-ai] Dr. Sarwar Alam Hospital: extracted
[local-ai] Tirupati Hospital: extracted
[local-ai] Dugda Hospital: extracted
[local-ai] Prime Hospital: extracted
[checkpoint] saved 5809 records
[local-ai] The Hope Hospital: extracted
[local-ai] Cantonment General Hospital: extracted
[local-ai] Sailun General Hospital: extracted
[local-ai] Dr. Avinash Dental Clinic, Sahu Nursing Home: extracted
[local-ai] Jeevandan Nursing Home: extracted
[local-ai] Lalita Verma Hospital: extracted
[local-ai] Rajesh Yadav General hospital: extracted
[local-ai] Sahu Nursing Home: extracted
[local-ai] Shivram Seva Sadan Hospital: extracted
[local-ai] Railway Hospital, Chakradharpur: extracted
[local-ai] Swastik Hospital & Urological Centre: extracted
[local-ai] Bharat Mata Hospital: extracted
[local-ai] Ashirvad Hospital & Research Centre: extracted
[local-ai] Amrita Nursing Home: extracted
[local-ai] Dr. Siddhartha Sinha Neuro Psychiatrist: extracted
[local-ai] Singal Surgical Hospital: extracted
[local-ai] Dr. Saroj Rai's Skin Care Hospital: extracted
[local-ai] Hargobind Nursing Home: extracted
[local-ai] Balpan Children Hospital: extracted
[local-ai] Vellore Children Hospital: extracted
[local-ai] Vinayak Nursing Home: extracted
[local-ai] City Trust Hospital & Research Centre: extracted
[local-ai] Health Point Hospital: extracted
[local-ai] Baba Hospital: extracted
[local-ai] Dr. R.K. Verma Hospital: extracted
[checkpoint] saved 5834 records
[local-ai] RIMS Hospital: extracted
[local-ai] Grace Villa and Mother Teresa Health Centre: extracted
[local-ai] Life Care Trust Hospital: extracted
[local-ai] R R Eye Foundation: extracted
[local-ai] Ishaan Skin Care Hospital: extracted
[local-ai] Lake View Hospital: extracted
[local-ai] Ranchi Nursing Hospital: extracted
[local-ai] Jagannath Hospital & Research Centre: extracted
[local-ai] Dr. B.K. Singh Hospital: extracted
[local-ai] Bhawani Children Hospital: extracted
[local-ai] Madhuri Nursing Home: extracted
[local-ai] Dr. Ajit Sahay Children's Hospital: extracted
[local-ai] Nagar Nigam Devkamal Hospital: extracted
[local-ai] Orchid Medical Centre Hospital: extracted
[local-ai] Roy Neuro Care: extracted
[local-ai] Dr. A.K. Narayan Hospital: extracted
[local-ai] Agrawal Nursing Home: extracted
[local-ai] Shivam Multispeciality Dental Hospital: extracted
[local-ai] Dream Care Hospital: extracted
[local-ai] Om Sai Chirayu Hospital: extracted
[local-ai] Dr. Mukti Sharan Hospital: extracted
[local-ai] Samford Hospital: extracted
[local-ai] Life Care Hospital: extracted
[local-ai] Comprehensive Cardiac Care Centre: extracted
[local-ai] Usha Rani Nursing Home: extracted
[checkpoint] saved 5859 records
[local-ai] Matri Jeevan Nursing Hospital: extracted
[local-ai] Popular Nursing Home: extracted
[local-ai] Maa Ram Pyari SuperSpeciality Hospital: extracted
[local-ai] Shri Ganesh Eye Hospital: extracted
[local-ai] Lal Nursing Home: extracted
[local-ai] Community Health Centre, Jama: extracted
[local-ai] CHC, Gandey: extracted
[local-ai] Community Health Centre, Sundarpahari: extracted
[local-ai] Government Hospital, Banjpur: extracted
[local-ai] Primary Health Centre, Kasba: extracted
[local-ai] Veterinary Hospital: extracted
[local-ai] Dentica: extracted
[local-ai] DVC Hospital: extracted
[local-ai] Nath Hospital, Ranchi: extracted
[local-ai] Clinic: extracted
[local-ai] D'S Dental Clinic: extracted
[local-ai] Mayank Mrinal Hospital: extracted
[local-ai] Bisheshwar Memorial Hospital: extracted
[local-ai] Kalawati Hospital: extracted
[local-ai] medical store: extracted
[local-ai] skin clinic: extracted
[local-ai] Ranchi Institute of Neuro-Psychiatry and Allied Sciences (RINPAS): extracted
[local-ai] Kasturi Medical: extracted
[local-ai] Karmel Hospital: extracted
[local-ai] Telco Main Hospital: extracted
[checkpoint] saved 5884 records
[local-ai] Central Institute Of Psychiatry: extracted
[local-ai] Saliburu Health Centre.: extracted
[local-ai] seva sadan: extracted
[local-ai] Santevita Hospital: extracted
[local-ai] Sadar Hospital: extracted
[local-ai] HARMU HOSPITAL: extracted
[local-ai] Raj Hospital And Research Centre, Ranchi: extracted
[local-ai] St Barnabas Hospital: extracted
[local-ai] Dispensary, Meghahatuburu: extracted
[local-ai] General Hospital Chiria: extracted
[local-ai] Bokaro General Hopital: extracted
[local-ai] S.N yadw hospial: extracted
[local-ai] Employee's State Insurance Corporation Model Hospital: extracted
[local-ai] Bhagwan Mahavir Medical Superspeciality Hospital: extracted
[local-ai] Janum / Shalini Hospital: extracted
[local-ai] goverment hospital: extracted
[local-ai] capital hospital,ranchi: extracted
[local-ai] Sadar Hospital,Chaibasa: extracted
[local-ai] Govt Hospital: extracted
[local-ai] CGHS: extracted
[local-ai] Rajendra Institute Of Medical Sciences Hospital, Lohardaga: extracted
[local-ai] S D A Mission Hospital: extracted
[local-ai] भारती अस्पताल: extracted
[local-ai] Rajrappa Hospita;: extracted
[local-ai] Military Hospital: extracted
[checkpoint] saved 5909 records
[local-ai] ISM Health Center: extracted
[local-ai] Paras HEC Hospital: extracted
[local-ai] Divisonal Hospital: extracted
[local-ai] TMH, Tinplate: extracted
[local-ai] Maternity and Surgical Center: extracted
[local-ai] City Hospital: extracted
[local-ai] Urjanagar Hospital: extracted
[local-ai] Referal Hospital, Barhait: extracted
[local-ai] Life line hospital: extracted
[local-ai] Dr. Krishna Murari Sha (eye specialist): extracted
[local-ai] Kiriburu Meghahatuburu General Hospital: extracted
[local-ai] Deori Government Hospital: extracted
[local-ai] Shrinivas Hospital: extracted
[local-ai] Sub Divisional Hospital, Chhattarpur: extracted
[local-ai] government hospital: extracted
[local-ai] Ranchi Institute of Neuro-Psychiatry & Allied Sciences (RINPAS): extracted
[local-ai] Jharkhand Health Care: extracted
[local-ai] Gautam Medical College and Hospital: extracted
[local-ai] Jugsalai Government Hospital: extracted
[14/36] Jharkhand                              fetched=   698 kept=   694 already_saved=0 total=  5928
[15/36] Assam: requesting source data (timeout=90s, retries=3)
[local-ai] St Luke Hospital: extracted
[local-ai] Pinewood Hospital: extracted
[local-ai] Life Line Hospital - Tinsukia: extracted
[local-ai] L.G.B. Civil Hospital,Tinsukia: extracted
[local-ai] Aditya Hospital: extracted
[local-ai] Dr. S.K.Dey Hospital: extracted
[local-ai] Mahendra Mohan Choudhury Hospital: extracted
[local-ai] Sanjivani Hospital: extracted
[local-ai] IMSR: extracted
[local-ai] Emanuel Hospital, Pailapool: extracted
[local-ai] Health Sub Centre: extracted
[local-ai] Mittal Pharmacy: extracted
[local-ai] Agarwal Hospital and Research Centre: extracted
[local-ai] Mawsumi Hospital: extracted
[local-ai] Valley Hospital: extracted
[local-ai] South City Hospital, Cachar: extracted
[local-ai] Nightingale Hospital: extracted
[local-ai] Medinova: extracted
[local-ai] Peerless Hospital: extracted
[local-ai] GU Hospital: extracted
[local-ai] Hm Hospital and Research Centre Pvt.Ltd: extracted
[local-ai] Udalguri PHC: extracted
[local-ai] Boikunthapur Health Sub-Centre: extracted
[local-ai] Baptist Christian Hospital: extracted
[local-ai] Gauhati Medical College and Hospital (GMCH): extracted
[checkpoint] saved 5953 records
[local-ai] GMCH Dental College: extracted
[local-ai] GMCH Postmortem Ward: extracted
[local-ai] Sanjevani Hospital: extracted
[local-ai] Swagat Super Speciality Surgical Institute: extracted
[local-ai] Kushal Konwar (KK) Civil Hospital & Blood Bank: extracted
[local-ai] Rahman Hospitals Private Limited: extracted
[local-ai] diphu cancer hodspital: extracted
[local-ai] Chilarai Hospital & Research Centre: extracted
[local-ai] Lower Assam Hospital And Research Centre: extracted
[local-ai] Swagat Hospital And Research Centre: extracted
[local-ai] S.M. Hospital and Diagnostic Centre: extracted
[local-ai] R.N.B. Civil Hospital, Gossaigaon: extracted
[local-ai] Tolaram Bafna Kamrup District Civil Hospital: extracted
[local-ai] Sristi Hospitals And Research Centre Pvt Ltd: extracted
[local-ai] HGM Nursing Home: extracted
[local-ai] Aruna Memorial Hospital: extracted
[local-ai] Dr Bhubaneswar Borooah Cancer Institue: extracted
[local-ai] Nightingale Hospital: extracted
[local-ai] Hayat Hospital, Kamrup: extracted
[local-ai] Solace Hospital and Research Centre: extracted
[local-ai] Seven Sisters Hospital & Research Centre: extracted
[local-ai] Dr. Dhani Ram Baruah Heart Institute and Research Centre: extracted
[local-ai] Sun Valley Hospital, Guwahati: extracted
[local-ai] Haji Abdul Majid Memorial Hospital and Research Centre: extracted
[local-ai] North East Cancer Hospital And Research Institute: extracted
[checkpoint] saved 5978 records
[local-ai] Arya Hospital (A Unit Of North Eastern Medical Research Institute Ltd): extracted
[local-ai] Pratiksha Hospitals: extracted
[local-ai] Civil Hospital, Dhubri: extracted
[local-ai] Agile Hospitals Pvt Ltd: extracted
[local-ai] Biroja Hospital: extracted
[local-ai] Sanjivani Hospital, Jorhat: extracted
[local-ai] Satribari Christian Hospital: extracted
[local-ai] Guwahati Netralaya Eye Hospital: extracted
[local-ai] KGMT Multispeciality Hospital, Hatigarh: extracted
[local-ai] Guwahati Eye Hospital: extracted
[local-ai] Wintrobe Hospital: extracted
[local-ai] Institute Of Human Reproduction: extracted
[local-ai] Marwari Hospital and Research Centre: extracted
[local-ai] Midland Hospital: extracted
[local-ai] City Heart Hospital: extracted
[local-ai] Dispur Hospitals Pvt Ltd: extracted
[local-ai] Gnrc Six-mile Hospital: extracted
[local-ai] G N R C Heart Institute: extracted
[local-ai] Nemcare Hospital: extracted
[local-ai] Down Town Hospital Ltd.: extracted
[local-ai] Gauripur Hospital: extracted
[local-ai] Vivekananda Kendra-Nrl Hospital: extracted
[local-ai] Lifeline Hospital and Research Centre: extracted
[local-ai] Titabar SDC Hospital: extracted
[local-ai] Florence Hospital, Goalpara: extracted
[checkpoint] saved 6003 records
[local-ai] Mid Town Hospital and Research Institute: extracted
[local-ai] Sanjivani Hospital And Rcs Ltd: extracted
[local-ai] Pragati Hospital And Research Centre: extracted
[local-ai] Sampreeti Hospital: extracted
[local-ai] Skylark Hospital: extracted
[local-ai] E M M Hospital And Research Centre: extracted
[local-ai] Lions Eye Hospital, Cachar: extracted
[local-ai] Life Line Hospital, Cachar: extracted
[local-ai] H M Hospital and Research Center: extracted
[local-ai] B. K Memorial Hospital, Tezpur: extracted
[local-ai] East Point Hospital And Research Centre: extracted
[local-ai] Rontix Hospital: extracted
[local-ai] Brahmaputra Diagnostic and Hospital Ltd: extracted
[local-ai] Vincenza Gerosa Hospital: extracted
[local-ai] Srimanta Sankardeva Hospital And Research Institute: extracted
[local-ai] Aditya Diagnostics and Hospitals: extracted
[local-ai] Medicare Diagnostic And Hospital: extracted
[local-ai] Bikali Model Hospital: extracted
[local-ai] Joypur Government Hospital: extracted
[local-ai] F.R.U, Kalain: extracted
[local-ai] Sonapur District Hospital: extracted
[local-ai] Kachuadam MG Model Hospital: extracted
[local-ai] Girishganj Model Hospital: extracted
[local-ai] Azara 30 Bedded Rural Hospital(F.R.U): extracted
[local-ai] Patherkandi MG Model Hospital: extracted
[checkpoint] saved 6028 records
[local-ai] Kheroni Model Hospital: extracted
[local-ai] Pandu FRU Hospital: extracted
[local-ai] Jirighat Hospital: extracted
[local-ai] Salchapra Hospital: extracted
[local-ai] Bamunigaon Model Hospital: extracted
[local-ai] Vernerpur T.E. Hospital: extracted
[local-ai] Jhowdanga hospital: extracted
[local-ai] Govt. Ayurvedic College & Hospital: extracted
[local-ai] Dudhnoi (F.R.U): extracted
[local-ai] KATIGORAH MODEL HOSPITAL: extracted
[local-ai] Guimara Hospital: extracted
[local-ai] CHC, Howraghat: extracted
[local-ai] Civil Hospital, Hailakandi: extracted
[local-ai] Kampur Hospital: extracted
[local-ai] Dhevdevi hospital: extracted
[local-ai] Ambari Bazar Model Hospital: extracted
[local-ai] Srigouri, CHC: extracted
[local-ai] Thaligram Hospital: extracted
[local-ai] Mahatma Gandhi Model Hospital: extracted
[local-ai] St. Lukes Hospital: extracted
[local-ai] Deepling Tea Estate Hospital: extracted
[local-ai] Bokel Tea Estate Hospital: extracted
[local-ai] Manjushree Hospital: extracted
[local-ai] Dhakuakhana F.R.U: extracted
[local-ai] Romai Tea Estate: extracted
[checkpoint] saved 6053 records
[local-ai] Khumtai Tea Estate Hospital: extracted
[local-ai] Greenwood Tea Estate Hospital: extracted
[local-ai] Assam Medical College and Hospital: extracted
[local-ai] Laluk Model Hospital: extracted
[local-ai] Ramdhan Dikhari Hospital: extracted
[local-ai] Bengenagarah Hospital: extracted
[local-ai] Chapakhowa F.R.U: extracted
[local-ai] Maijan Tea Estate Hospital: extracted
[local-ai] Dhemaji Civil Hospital: extracted
[local-ai] Mohokutie Tea Estate Hospital: extracted
[local-ai] Government Hospital, Dighaljuli Gaon: extracted
[local-ai] Phillobari Model Hospital: extracted
[local-ai] Sibsagar Civil Hospital: extracted
[local-ai] Nonaipara Hospital: extracted
[local-ai] Jaboka Tea Estate Hospital: extracted
[local-ai] Dolouhat Tea Garden Hospital: extracted
[local-ai] Towkok Hospital: extracted
[local-ai] Moranhat Government Hospital: extracted
[local-ai] Longpatia Hospital: extracted
[local-ai] Sonari Civil Hospital: extracted
[local-ai] Deezo Tea Garden Hospital: extracted
[local-ai] Dikom Tea estate hospital: extracted
[local-ai] Panigaon Hospital: extracted
[local-ai] Borgang Model Hospital: extracted
[local-ai] CHC, Demow: extracted
[checkpoint] saved 6078 records
[local-ai] Patsaku Hospital: extracted
[local-ai] Kalabari Model Hospital: extracted
[local-ai] Nigam hospital: extracted
[local-ai] Hazelbank Tea Estate Hospital: extracted
[local-ai] Narayanpur Model Hospital: extracted
[local-ai] Civil Hospital, North Lakhimpur: extracted
[local-ai] Hingrijan Tea Estate Hospital: extracted
[local-ai] Jonai Civil Hospital: extracted
[local-ai] CHC, Borholla: extracted
[local-ai] Dakshingaon Hospital: extracted
[local-ai] Kachomari Hospital: extracted
[local-ai] Kaoimari Nurul Hussain F.R.U: extracted
[local-ai] Mowamari Model Hospital: extracted
[local-ai] Manikpur Model Hospital: extracted
[local-ai] Dhaoliguri Hospital: extracted
[local-ai] Bhurbandha Model Hospital: extracted
[local-ai] Boitamari Model Hospital: extracted
[local-ai] RNB Civil Hospital, Kokrajhar: extracted
[local-ai] Duni Model Hospital: extracted
[local-ai] Urangial Hospital: extracted
[local-ai] Maternity & Child Health Hospital, Mohkhuli: extracted
[local-ai] Ga-Khajua Hospital: extracted
[local-ai] Mahatma Gandhi Model Hospital , Makhibaha: extracted
[local-ai] Chandamama Model Hospital: extracted
[local-ai] Kirtanpara Hospital: extracted
[checkpoint] saved 6103 records
[local-ai] Dagaon Hospital: extracted
[local-ai] Civil Hospital, Bongaigaon: extracted
[local-ai] Bagribari Model Hospital: extracted
[local-ai] Morigaon Civil Hospital: extracted
[local-ai] Rupohi Model Hospital: extracted
[local-ai] B.P. Civil Hospital: extracted
[local-ai] Mahatma Gandhi Model Hospital, Belsor: extracted
[local-ai] Kondoli Model Hospital: extracted
[local-ai] S.M.K. Civil Hospital: extracted
[local-ai] Salbari Model Hospital: extracted
[local-ai] Orang Tea Estate Hospital: extracted
[local-ai] Kanaklata Civil Hospital: extracted
[local-ai] Jalukanibari Hospital: extracted
[local-ai] Hattigor T.E. NHRM Hospital: extracted
[local-ai] Amgoori Tea Estate Hospital: extracted
[local-ai] Bhooteachang Hospital, Bhooteachang: extracted
[local-ai] Panisheli Hospital: extracted
[local-ai] Sirajuli Model Hospital: extracted
[local-ai] Majuli Hospital: extracted
[local-ai] Civil Hospital, Milanpur: extracted
[local-ai] Bamunjuli Tea Estate Hospital: extracted
[local-ai] Charingia CHC: extracted
[local-ai] Suola Tea Estate Hospital: extracted
[local-ai] Rowta Model Hospital: extracted
[local-ai] Shyampur hospital: extracted
[checkpoint] saved 6128 records
[local-ai] Udalguri Civil Hospital: extracted
[local-ai] JSB CIVIL HOSPITAL: extracted
[local-ai] Balichang Model Hospital: extracted
[local-ai] Sub-Divisional Hospital, Biswanath Charali: extracted
[local-ai] Charna bazar hospital: extracted
[local-ai] Paneri Tea Estate Hospital: extracted
[local-ai] Dimakuchi Tea Estate Hospital: extracted
[local-ai] 155 Base Hospital: extracted
[local-ai] Pakribari Hospital: extracted
[local-ai] FRU, Teok: extracted
[local-ai] Bandarmari Hospital: extracted
[local-ai] Atterikhat Tea Estate Hospital: extracted
[local-ai] Nagsankar Hospital: extracted
[local-ai] Barpeta Road F.R.U: extracted
[local-ai] Kwuari Hospital: extracted
[local-ai] Dekargaon Hospital: extracted
[local-ai] Borsillah Tea Estate Hospital: extracted
[local-ai] Dr. Ravi Boro Civil Hospital: extracted
[local-ai] Nikashi Civil Hospital: extracted
[local-ai] Bhergaon Model Hospital: extracted
[local-ai] Kusumtala Model Hospital: extracted
[local-ai] Tihu F.R.U: extracted
[local-ai] Mazrowmari Hospital: extracted
[local-ai] Borengajuli Tea Estate Hospital: extracted
[local-ai] Swahid Kamala Miri Civil Hospital Bokakhat: extracted
[checkpoint] saved 6153 records
[local-ai] New Bongaigaon Railway Hospital: extracted
[local-ai] Lorimukh Hospital: extracted
[local-ai] Dusutimukh hospital: extracted
[local-ai] Behali Hospital: extracted
[local-ai] Pathsala Sub-Divisional Civil Hospital: extracted
[local-ai] Subhaijhar Model Hospital: extracted
[local-ai] Ganeshbari Tea Hospital: extracted
[local-ai] Medicare Hospitals: extracted
[local-ai] Astha Hospital: extracted
[local-ai] Archana Trauma & Orthopaedics Hospital & Research Centre: extracted
[local-ai] Nahortoli Tea Garden Hospital: extracted
[local-ai] Sewpur T.E. Hospital: extracted
[local-ai] R.C. Agarwal Memorial Hospital: extracted
[local-ai] M.F. Hospital & Research Centre: extracted
[local-ai] G.M. Hospital: extracted
[local-ai] APL Hospital: extracted
[local-ai] Apollo Hospitals: extracted
[local-ai] Sonari Town Hospital: extracted
[local-ai] Nudwa Hospital: extracted
[local-ai] BCB Care Hospital: extracted
[local-ai] Mili Hospital & Recharch Centre: extracted
[local-ai] Erc Eye Care Hub Hospital: extracted
[local-ai] Archana Hospital: extracted
[local-ai] Netra Jyoti Eye Hospital: extracted
[local-ai] Rajapukhuri Hospital: extracted
[checkpoint] saved 6178 records
[local-ai] Holy Child Clinic and Hospital: extracted
[local-ai] Nalbari Multispeciality Hospital: extracted
[local-ai] Al-Salam Hospital: extracted
[local-ai] Life Care Hospital: extracted
[local-ai] Martyr Nidhanu Ram Rajbongshi Civil Hospital, Goalpara: extracted
[local-ai] Nalbari Eye Hospital: extracted
[local-ai] Medinova Hospital: extracted
[local-ai] Indu Eye Hospital: extracted
[local-ai] United Hospital: extracted
[local-ai] Dakhingaon State Hospital: extracted
[local-ai] NIRC Hospital: extracted
[local-ai] Fuleswari Nurshing Home: extracted
[local-ai] Old Civil Hospital: extracted
[local-ai] Hojai Civil Hospital: extracted
[local-ai] Ananta Memorial Hospital: extracted
[local-ai] Lumding Civil Hospital: extracted
[local-ai] Garmari Hospital: extracted
[local-ai] Sultan Hospital & Research Centre: extracted
[local-ai] Eye Hospital: extracted
[local-ai] Dew Care Hospital & Research Centre: extracted
[local-ai] New Civil Hospital, Lumding: extracted
[local-ai] M G Model Hospital: extracted
[local-ai] Old Civil Hospital: extracted
[local-ai] Jagiroad Health and Service Hospital: extracted
[local-ai] Dristidaan Eye Hospital: extracted
[checkpoint] saved 6203 records
[local-ai] Dr. Nitin Dutta Eye Foundation Hospital: extracted
[local-ai] Eye Clinic: extracted
[local-ai] Sarma Gynae & Obs Clinic: extracted
[local-ai] Outpatient clinic1: extracted
[local-ai] K P Memorial Hospital: extracted
[local-ai] Railway Hospital: extracted
[local-ai] New Life Line Hospital: extracted
[local-ai] City Orthopaedic Hospital: extracted
[local-ai] K.K.Civil Hospital: extracted
[local-ai] Holy Spirit Hospital, Haflong: extracted
[local-ai] Netraloi Eye Hospital: extracted
[local-ai] Ashirwad Hospital: extracted
[local-ai] Chandraprabha Eye Hospital: extracted
[local-ai] KKC Hospital: extracted
[local-ai] Mission Hospital: extracted
[local-ai] Shifa Hospital & Research Centre: extracted
[local-ai] Urban Hospital: extracted
[local-ai] IMS Hospital: extracted
[local-ai] Mother & Child Health Wing,Civil Hospital: extracted
[local-ai] JK Hospital: extracted
[local-ai] Red Cross Hospital, Karimganj: extracted
[local-ai] North Karimganj New Hospital: extracted
[local-ai] Dhirenpara First Referral Unit: extracted
[local-ai] Critical Care Hospital: extracted
[local-ai] Central Hospital, Maligaon: extracted
[checkpoint] saved 6228 records
[local-ai] Khaldang Rongsrek Hospital: extracted
[local-ai] Diphu Medical College: extracted
[local-ai] Rengpoli Hospital: extracted
[local-ai] Catholic Hospital: extracted
[local-ai] Katonibari T.E. Hospital: extracted
[local-ai] Puja Hospital: extracted
[local-ai] Haflong Civil Hospital: extracted
[local-ai] TB Hospital: extracted
[local-ai] Dr. J.K. Saikia Homeopathic Medical College & Hospital: extracted
[local-ai] Swasti Hospital: extracted
[local-ai] ONGC Medical Section Jorhat: extracted
[local-ai] water supply office: extracted
[local-ai] Arogyao clinic: extracted
[local-ai] Chowdhury Pharmacy: extracted
[local-ai] Ruksana Medical: extracted
[local-ai] Wipro GE Healthcare Private Ltd.: extracted
[local-ai] Cancer Care Hospital, Kokrajhar: extracted
[local-ai] Kokrajhar Medical College: extracted
[local-ai] Apollo Excelcare Hospital: extracted
[local-ai] DMC main entrace gate: extracted
[local-ai] 151 Base Hospital: extracted
[local-ai] MARWARI HOSPITAL: extracted
[local-ai] APOLLO HOSPITAL: extracted
[local-ai] KIMS HOSPITAL CLINIC: extracted
[local-ai] Eye care medico: extracted
[checkpoint] saved 6253 records
[local-ai] Gate Hospitals: extracted
[local-ai] KGMT HOSPITAL: extracted
[local-ai] লংকা বি পি এইচ চি: extracted
[local-ai] লংকা বি পি এইচ: extracted
[local-ai] Mercy Hospital: extracted
[local-ai] Orthocare Hospital: extracted
[local-ai] H.M. Hospital , Hatigaon: extracted
[local-ai] WINTROBE HOSPITAL: extracted
[local-ai] ADVANCE NEUROSCIENCE HOSPITAL: extracted
[local-ai] Name care hospital: extracted
[local-ai] NEMCARE HOSPITAL: extracted
[local-ai] DOCTORS CHAMBER: extracted
[local-ai] SEEMA MEDICOS: extracted
[local-ai] Guwahati Netralaya eye hospital: extracted
[local-ai] Vision hospital: extracted
[local-ai] Nalbari Medical College and Hospital (NMCH): extracted
[local-ai] Nagaon Medical College and Hospital: extracted
[local-ai] Nidan Hospital: extracted
[local-ai] Duliajan OIL Hospital: extracted
[local-ai] GMCH Emergency Centre: extracted
[local-ai] Jorhat Medical College and Hospital(JMCH): extracted
[local-ai] Silchar Civil Hospital: extracted
[local-ai] Silchar Medical College and Hospital: extracted
[local-ai] Silchar Cancer Hopspital: extracted
[local-ai] Mediland Hospital and Research Centre: extracted
[checkpoint] saved 6278 records
[local-ai] Laimekuri: extracted
[local-ai] Veterinary Hospital: extracted
[local-ai] Tezpur Medical College and Hospital: extracted
[local-ai] Mangaldoi Civil Hospital Blood Bank: extracted
[local-ai] Kushal Konwar (KK) Civil Hospital Complex: extracted
[local-ai] Apollo Hospitals: extracted
[local-ai] GMC HOSPITAL: extracted
[local-ai] Advance Neuro Science Hospital: extracted
[local-ai] City Hospital and Research Centre: extracted
[local-ai] Civil Hospital, Mangaldai: extracted
[local-ai] Brahmaputra Valley Fertilizer Corporation Limited Hospital: extracted
[local-ai] GMCH PEDIATRIC DIVISION: extracted
[local-ai] Choudhury Eye Clinic: extracted
[local-ai] Ceragem centre: extracted
[local-ai] Martyr Nidhanu Ram Rajbongshi Civil Hospital , Goalpara: extracted
[local-ai] GNRC Institute of Medical Science: extracted
[local-ai] Barpeta Medical College and Hospital, Barpeta: extracted
[local-ai] Lumding Railway Hospital: extracted
[local-ai] Nayer Alga Health Centre: extracted
[local-ai] Silapathar Model Hospital: extracted
[local-ai] Jokai Central Hospital: extracted
[local-ai] Lakhimpur Cancer Centre: extracted
[local-ai] Maternity and Child Health Hospital: extracted
[local-ai] Lakhimpur Medical College and Hospital: extracted
[local-ai] GMC HOSPITAL: extracted
[checkpoint] saved 6303 records
[local-ai] GMC DENTAL HOSPITAL AND COLLEGE: extracted
[local-ai] Maligaon Railway Hospital: extracted
[local-ai] PB HOSPITAL: extracted
[local-ai] SK Dey Hospital: extracted
[local-ai] Holy Spirit Hospital: extracted
[local-ai] Saboti Civil Hospital: extracted
[local-ai] Lakhimpur Medical College and Hospital: extracted
[15/36] Assam                                  fetched=   396 kept=   382 already_saved=0 total=  6310
[16/36] Punjab: requesting source data (timeout=90s, retries=3)
[local-ai] Gurdev Hospital, Ludhiana: extracted
[local-ai] ਕਮਿਊਨਿਟੀ ਹੈਲਥ ਸੈਂਟਰ, ਸਾਹਨੇਵਾਲ: extracted
[local-ai] S. Waryam Singh Hospital: extracted
[local-ai] Amarjit Nursing Home: extracted
[local-ai] gracian hospital: extracted
[local-ai] S.K.: extracted
[local-ai] Eye: extracted
[local-ai] Gian Sagar Hospital: extracted
[local-ai] govt. hospital uggi: extracted
[local-ai] Civil Hospital Barnala: extracted
[local-ai] Preet Health Centre: extracted
[local-ai] Dr. Jagdeep Rehab Centre: extracted
[local-ai] Dayal Medical Centre: extracted
[local-ai] Amrit Hospital: extracted
[local-ai] Guru Nanak Charitable Hospital: extracted
[local-ai] Aggarwal Clinic: extracted
[local-ai] Akal Health Clinic: extracted
[local-ai] Jain Hospital: extracted
[local-ai] Raj Children Hospital And Laboratory: extracted
[local-ai] A.P. Singh Eye Surgeon: extracted
[local-ai] Physical Clinic: extracted
[local-ai] Khanna Clinic: extracted
[local-ai] Government Dispensary: extracted
[local-ai] Jain Hospital: extracted
[local-ai] Balaji dental hospital: extracted
[checkpoint] saved 6335 records
[local-ai] Nanank Sar Charitable Hospital: extracted
[local-ai] Didar Hospital: extracted
[local-ai] Balraj Dental Hospital: extracted
[local-ai] Rama ji Charitable Clinic: extracted
[local-ai] Arora Clinic: extracted
[local-ai] Sigma Community health Center: extracted
[local-ai] Homeopathic Clinic: extracted
[local-ai] Nishkam Sewa Dispensary & Laboratory: extracted
[local-ai] Jyoti Clinic: extracted
[local-ai] Dassal Dental Clinic: extracted
[local-ai] Sant Isher Singh Ji Memorial Hospital: extracted
[local-ai] Mata Tej Kaur Memorial Subsidary Health Centre: extracted
[local-ai] Partap Hospital Daba: extracted
[local-ai] Shri Harkrishan Sahib Charitable Hospital: extracted
[local-ai] Govt.Veternery: extracted
[local-ai] Jeet Hospital: extracted
[local-ai] Pooja Clinic: extracted
[local-ai] Beri Maternity Hospital: extracted
[local-ai] Dr. Chaku Eye SurgeryCentre: extracted
[local-ai] Nirola Hospital: extracted
[local-ai] Amrit: extracted
[local-ai] Mediways: extracted
[local-ai] Civil Hospital: extracted
[local-ai] Railway Hospital: extracted
[local-ai] Amar Hospital: extracted
[checkpoint] saved 6360 records
[local-ai] Frances Newton (Mission) Hospital: extracted
[local-ai] Cantonment Board Hospital: extracted
[local-ai] Anand Hospital: extracted
[local-ai] Government Hospital, Gurusar Sudhar: extracted
[local-ai] Lal Hospital: extracted
[local-ai] Sibia Healthcare Pvt. Ltd: extracted
[local-ai] Rajindra College & Hospital: extracted
[local-ai] Dental COllege: extracted
[local-ai] Hospital: extracted
[local-ai] Shelly Nursing Home: extracted
[local-ai] Columbiaasia Hospital Pvt. Ltd.: extracted
[local-ai] Karanvir Hospital: extracted
[local-ai] Hero DMC Hospital: extracted
[local-ai] Sahil Hospital: extracted
[local-ai] S.G.L.Charitable Hospital: extracted
[local-ai] RB Sewak Ram Maternity Hospital: extracted
[local-ai] Saint Joseph's Convent: extracted
[local-ai] Shivam Hospital: extracted
[local-ai] Dr Aman Clinic: extracted
[local-ai] Satinder Clinic: extracted
[local-ai] JATINDER GAMBHIR HOSPITAL: extracted
[local-ai] Veom hospital: extracted
[local-ai] Bansal Clinic: extracted
[local-ai] Kiran Hospital: extracted
[local-ai] Life Line Hospital: extracted
[checkpoint] saved 6385 records
[local-ai] Mayank Clinic: extracted
[local-ai] Guru Ramdas Nursing School: extracted
[local-ai] Dr. Ajit Clinic: extracted
[local-ai] Dental Clinic: extracted
[local-ai] Civil Hospital Khamano: extracted
[local-ai] animal dispencri: extracted
[local-ai] Government hospital, Chappa: extracted
[local-ai] Bone Care: extracted
[local-ai] Animal Hospital: extracted
[local-ai] Kesari Hospital: extracted
[local-ai] Johal Hospital: extracted
[local-ai] Noor Hospital: extracted
[local-ai] Lajjiawati Jain Memorial Hospital: extracted
[local-ai] ESI Hospital: extracted
[local-ai] PHC Bassian: extracted
[local-ai] E.S.I. Hospital: extracted
[local-ai] Dr Mohinders Ortho and General Hospital: extracted
[local-ai] Patiala Children Hospital: extracted
[local-ai] Community health centre: extracted
[local-ai] Tagore Hospital and Heart Care Center: extracted
[local-ai] Grewal Hospital, Ludhiana: extracted
[local-ai] NFL Hospital: extracted
[local-ai] Shri Radhe Krishan Clinic Of Skin Hair Laser And Cosmetics: extracted
[local-ai] Dashmesh Dental Clinic: extracted
[local-ai] Shah Nursing Home And Laproscopic Centre & A.R.T Center: extracted
[checkpoint] saved 6410 records
[local-ai] Deep Hospital, Kitchlu Nagar: extracted
[local-ai] Guru Teg Bhadur Charitable Hospital, Ludhiana: extracted
[local-ai] Puri Nursing Home: extracted
[local-ai] Civil Hospital Abohar: extracted
[local-ai] Suman Hospital, Ludhiana: extracted
[local-ai] Bhambari Hospital: extracted
[local-ai] Neelkanth Hospital: extracted
[local-ai] Clinic: extracted
[local-ai] Simran Health Centre: extracted
[local-ai] Guru angad dev nursing centre and hospital: extracted
[local-ai] Ram hospital: extracted
[local-ai] Fortis: extracted
[local-ai] Karam Hospital, Ludhiana: extracted
[local-ai] Grewal Physiotherapy Hospital: extracted
[local-ai] Amar Hospital: extracted
[local-ai] Punjab Agricultural University Hospital: extracted
[local-ai] Dispensary: extracted
[local-ai] Mangat Hospital: extracted
[local-ai] Shiva Hospital: extracted
[local-ai] Govt Civil Hospital: extracted
[local-ai] Healthcare Multispeciality Hospital: extracted
[local-ai] S.K. Hospital: extracted
[local-ai] Malwa Dukhniwarn Eye Hospital: extracted
[local-ai] PRIMARY HEALTH CENTER: extracted
[local-ai] G.K. Hospital: extracted
[checkpoint] saved 6435 records
[local-ai] Max health care: extracted
[local-ai] Sarab hospital: extracted
[local-ai] civilhospital: extracted
[local-ai] Civil Hospital Ferozepur: extracted
[local-ai] Takkar Hospital: extracted
[local-ai] Harjit Hospital: extracted
[local-ai] bodysculpt: extracted
[local-ai] Eva Ortho & IVF Hospital: extracted
[local-ai] Satyam Hair Transplant Centre: extracted
[local-ai] ASG Hair Transplant Centre: extracted
[local-ai] Dispensary: extracted
[local-ai] Dr Sandhu Skin, Laser & Hair Transplant Centre: extracted
[local-ai] Indian Military Hospital: extracted
[local-ai] Pb. Government Dental College & Hospital: extracted
[local-ai] Khanna Anil Dr.: extracted
[local-ai] CHC Khuikhera: extracted
[local-ai] Ivy Health and Life Sciences Private Limited: extracted
[local-ai] AYKAI: extracted
[local-ai] H K L Hospital Pvt Ltd.: extracted
[local-ai] Dr. Mrs. Chander Hospital: extracted
[local-ai] Silver Oaks Hospitals: extracted
[local-ai] Dr. Karam Singh Memorial Orthopaedic Hospital and Research Centre: extracted
[local-ai] Sandhu Bone and Joint Hospital: extracted
[local-ai] Sachdeva Hospital - Fazilaka: extracted
[local-ai] Akal Hospital: extracted
[checkpoint] saved 6460 records
[local-ai] Khosla Stone Kidney And Surgical Centre: extracted
[local-ai] Dr Amrita Whig Gynae and Maternity Centre: extracted
[local-ai] Sant Baba Karnail Das Medical Charitable Hospital: extracted
[local-ai] Rattan Multispeciality Hospital and Diagnostic Centre: extracted
[local-ai] Kidney Hospital: extracted
[local-ai] Beams Hospital Pvt.Ltd.: extracted
[local-ai] Kalra Hospital, Ludhiana: extracted
[local-ai] CareBest Hospital: extracted
[local-ai] Sukh Sagar Hospital and Laproscopy Center: extracted
[local-ai] Medizone Hospital, Moga: extracted
[local-ai] Emc Super Speciality Hospital Pvt Ltd: extracted
[local-ai] Kaler Hospital ,Punjab: extracted
[local-ai] Orthonova Hospital: extracted
[local-ai] Guru Nanak Multispeciality Hospital: extracted
[local-ai] Kanwar Hospital, Gurdaspur: extracted
[local-ai] Beri Maternity Centre: extracted
[local-ai] Asija Eye and Child Care: extracted
[local-ai] Hope Hospital, Ludhiana: extracted
[local-ai] Madaan Nursing and Maternity Home: extracted
[local-ai] Dr. Surjit Eye Singh Hospital: extracted
[local-ai] Walia Hospital. Walia Hair Transplant Center, Ludhiana: extracted
[local-ai] Madhu Nursig Home: extracted
[local-ai] Preet Hospital, Faridkot: extracted
[local-ai] Balaji Hospital: extracted
[local-ai] Care Hospital: extracted
[checkpoint] saved 6485 records
[local-ai] Dmc Hospital And Trauma Centre: extracted
[local-ai] Dukh Niwaran Mission Hospital: extracted
[local-ai] Gurdev Hospital, Ropar: extracted
[local-ai] Bansal Hospital: extracted
[local-ai] Grecian Hospital: extracted
[local-ai] Sadhu Sood hospital: extracted
[local-ai] Shivalik Hospital and ACE Heart & Vascular Institute: extracted
[local-ai] Verma Hospital, Ludhiana: extracted
[local-ai] New Ruby Hospital Pvt Ltd: extracted
[local-ai] Lifeline Medicare Services, Amritsar: extracted
[local-ai] Sas Grewal Multispeciality Hospital: extracted
[local-ai] Gurdev Hospital, Bathinda: extracted
[local-ai] Savera Hospital: extracted
[local-ai] Civil Hospital, Hoshiarpur: extracted
[local-ai] Balaji Hospital, Patankot: extracted
[local-ai] Anand Scan Hospital: extracted
[local-ai] Anoop Hospital And Heart Care Centre: extracted
[local-ai] Harbans Hospital: extracted
[local-ai] Karan Hospital: extracted
[local-ai] Sharma Eye Hospital and Laser Centre, Rupnagar: extracted
[local-ai] Sidhu Hospital Pvt Ltd: extracted
[local-ai] Nirmaljot Eye Hospital: extracted
[local-ai] Dahliwal Hospital: extracted
[local-ai] CHHABRA HOSPITAL & TEST TUBE BABY CENTRE: extracted
[local-ai] Kalra Hospital, Amritsar: extracted
[checkpoint] saved 6510 records
[local-ai] G.S Memorial Hospital: extracted
[local-ai] Sanjivani Hospital, Firozpur: extracted
[local-ai] Deep Hospital, Hoshiarpur: extracted
[local-ai] Mahajan Hospital, Amritsar: extracted
[local-ai] JP Hospital, Zirakpur: extracted
[local-ai] Balbir Singhs Children Hospital: extracted
[local-ai] Deol Hospital, Bathinda: extracted
[local-ai] Amanpreet Hospital: extracted
[local-ai] S. Mehar Singh Hospital: extracted
[local-ai] Kiran Nursing Home And Laparoscopicb Center: extracted
[local-ai] Vasan Eye Care Hospital, Sherpur Chowk: extracted
[local-ai] Ravi Hospital, Gurdaspur: extracted
[local-ai] Kartar Kaur Memorial Hospital: extracted
[local-ai] Dhawan Surgical Centre: extracted
[local-ai] Ranjeet Multispeciality Hospital: extracted
[local-ai] Iqbal Nursing Home and Hospital, Ludhiana: extracted
[local-ai] Dr Iqbals Psychiatric Care Centre: extracted
[local-ai] Dr. Satya Pal Mittal Hospital: extracted
[local-ai] Dashmesh Hospital,Rajpura: extracted
[local-ai] Ashirwad Hospital: extracted
[local-ai] India Kidney Hospital and Dialysis Center: extracted
[local-ai] Bansal Nursing Home And Maternity Hospital: extracted
[local-ai] Amar Hospital, Rupnagar: extracted
[local-ai] Deep Hospital,Patiala: extracted
[local-ai] Sharma Nursing Home: extracted
[checkpoint] saved 6535 records
[local-ai] Parveen Saini Hospital: extracted
[local-ai] Mokha Hospital and Kidney Care Centre: extracted
[local-ai] Gandhi Hospital (P) Ltd: extracted
[local-ai] Goyal Hospital, Moga: extracted
[local-ai] Jeevan Jot Hospital: extracted
[local-ai] Nipun Nanda Nursing Home: extracted
[local-ai] Sri Guru Harkrishan Sahib (C) Eye Institute And Super Speciality Hospital: extracted
[local-ai] New Saini Hospital: extracted
[local-ai] Garg Hospital, Faridkot: extracted
[local-ai] Bansal Hospital And Laparoscopic Centre - Nabha: extracted
[local-ai] Gian Chest Hospital: extracted
[local-ai] N.K Aggarwal Joints and Spine Centre, Ludhiana: extracted
[local-ai] Ananyajyoti Eye Care andMittal General Hospital: extracted
[local-ai] Sharma Hospital, Barnala: extracted
[local-ai] Indus Hospital,S.A.S Nagar: extracted
[local-ai] Bawa Hospital: extracted
[local-ai] Grewal Hospital, Malerkotla: extracted
[local-ai] Mann Lifecare Hospital: extracted
[local-ai] Sharma Children Hospital: extracted
[local-ai] Dinesh Hospital: extracted
[local-ai] Dhillon Hospital, Rampuraphul: extracted
[local-ai] Surjit Multi Specialty and Cancer Hospital: extracted
[local-ai] Sardar Bahadur Dr. Sohan Singh Eye Hospital Pvt.Ltd.: extracted
[local-ai] Sarb Hospital: extracted
[local-ai] Om Eye and Maternity Hospital: extracted
[checkpoint] saved 6560 records
[local-ai] Ohri Hospital / Ohri Chest and Multi Speciality Hospital: extracted
[local-ai] Nijjar Hospital: extracted
[local-ai] Moga Medicity Multispeciality & Supers Speciality Hospital: extracted
[local-ai] H.K.L Hospital Pvt Ltd: extracted
[local-ai] Vijay Nursing Home and Heart Centre: extracted
[local-ai] Singla Eye Hospital and Laser Vision Centre: extracted
[local-ai] Swami Satyanand Hospital: extracted
[local-ai] Dr. Shakeen Eye and Dental Hospital: extracted
[local-ai] G.S. Memorial Prem Hospital: extracted
[local-ai] Ajit Hospital: extracted
[local-ai] Pawan Hospital and Maternity Home: extracted
[local-ai] Pavitar Nursing Home Ultrasound Center: extracted
[local-ai] Rg Stone and Super Speciality Hospital, Ludhiana: extracted
[local-ai] Chaman Surgical and Maternity Hospital: extracted
[local-ai] Dev Hospital, Indira Colony: extracted
[local-ai] Baba Jodh Singh Bal Memorial Hospital: extracted
[local-ai] Tyagmurti Goswami Ganeshdutt Missionary Hospital: extracted
[local-ai] Chawla Nursing Home: extracted
[local-ai] Smt. Shanti Seth Hospital: extracted
[local-ai] Krishna Hospital, Ludhiana: extracted
[local-ai] Shri Sathya Sai Hospital: extracted
[local-ai] Mitra Eye Hospital: extracted
[local-ai] Takkar Children Nursing Home and Hospital: extracted
[local-ai] Bedi Nursing Home: extracted
[local-ai] Sidana Hospital: extracted
[checkpoint] saved 6585 records
[local-ai] Kaushal Hospital, Gurdaspur: extracted
[local-ai] Dr Gupta Piles Hospital: extracted
[local-ai] Choudhrary Ent Maternity and General Health Care Center / Choudhari Hospital: extracted
[local-ai] Ashoka Neuro Psychiatric Hospital: extracted
[local-ai] Preet Hospital, Bathinda: extracted
[local-ai] Dr. Dhanwant Singh Eye Hospital: extracted
[local-ai] Dr. K. P. Sing Hospital (Surgeons's - Hall): extracted
[local-ai] Sethi Bone and Joint Care Centre: extracted
[local-ai] Sandhu Nursing Home and Surgical Centre: extracted
[local-ai] Fortis Escort Hospital: extracted
[local-ai] Chikitsa Ent Hospital: extracted
[local-ai] Apex Hospital, Amritsar: extracted
[local-ai] Raswan Surgical Hospital: extracted
[local-ai] Guru Nanak Sadh Sangat Charitable Hospital: extracted
[local-ai] New Mahajan Hospital: extracted
[local-ai] Sukhmani Hospital and Heart Care Centre: extracted
[local-ai] Sigma Eye Care Centre: extracted
[local-ai] Surya Hospital / Khurana Eye Care, Bathinda: extracted
[local-ai] Baba Farid Eye Hospital: extracted
[local-ai] Vision Plus Eye Hospital: extracted
[local-ai] Jassi Hospital: extracted
[local-ai] S. D. M. Hospital: extracted
[local-ai] Dr. Gian Singh Nursing Home and Ultrasound Scan Centre: extracted
[local-ai] Sood Ent Hospital: extracted
[local-ai] Madaan Hospital, Amritsar: extracted
[checkpoint] saved 6610 records
[local-ai] Osahan Hospital: extracted
[local-ai] Badri Nath Hospital: extracted
[local-ai] Sukh Sadan Hospital and Trauma Centre: extracted
[local-ai] S. Satnam Singh Memorial Innocent Hearts Multispeciality Hospital: extracted
[local-ai] Vishwas Hospital Sunam: extracted
[local-ai] A.P. Healthcare and Taruma Centre: extracted
[local-ai] Sh. Kartar Singh Memorial Hospital and Maternity Home: extracted
[local-ai] Dr. Parminder Singh Pannu Memorial Janta Hospital: extracted
[local-ai] Dhami Eye Care Hospital: extracted
[local-ai] Guru Nanak Mission Hospital, Nawanshahr: extracted
[local-ai] Dr.Naresh Gover Hospital: extracted
[local-ai] Singla Eye and Phaco Centre: extracted
[local-ai] Amritsar Hospital: extracted
[local-ai] Gulati Hospital, Amritsar: extracted
[local-ai] Berry Hospital: extracted
[local-ai] Chauhan Multispeciality and Trauma Centre: extracted
[local-ai] Romana Hospital: extracted
[local-ai] Oberoi Hospital: extracted
[local-ai] Sanjivini Children Hospital: extracted
[local-ai] Sood Eye Care Centre: extracted
[local-ai] Kaura Lapro Endoscopic Center (Kaura Nursing Home): extracted
[local-ai] Balian Hospital and Heart Centre: extracted
[local-ai] Chugh Hospital: extracted
[local-ai] Chahal Hospital: extracted
[local-ai] B D Memorial Hospital: extracted
[checkpoint] saved 6635 records
[local-ai] Preet Surgical Centre and Maternity Hospital: extracted
[local-ai] Saronwala Hospital: extracted
[local-ai] Dr Ramesh Super Speciality Eye and Laser Center: extracted
[local-ai] Karan Hospital and Maternity Home: extracted
[local-ai] Dr. Sukhdeep Kahlon Orthodentic Dental Clinic: extracted
[local-ai] Oxford Hospital (P) Ltd.: extracted
[local-ai] Dhir Hospital, Firozpur: extracted
[local-ai] Aastha Kidney and Super Speciality Hospital: extracted
[local-ai] Pardeep Eye Care Centre: extracted
[local-ai] Rai Hospital: extracted
[local-ai] Arora Hospital: extracted
[local-ai] Dr. Parmod Jain Hospital - Barnala: extracted
[local-ai] Ranjit Hospital: extracted
[local-ai] Garg Multispeciality Hospital: extracted
[local-ai] B.R. Chowdhary Hospital: extracted
[local-ai] Patiala Eye Hospital and Lasik Laser Centre: extracted
[local-ai] Garg Nursing Home, Barnala: extracted
[local-ai] Lifeline Multi Speciality Hospital, Sangrur: extracted
[local-ai] Mittal Orthopaedic Centre: extracted
[local-ai] Aastha Hospital, Firozpur: extracted
[local-ai] Darshan E N T Allergy and Endoscopic Center: extracted
[local-ai] Batta Hospital: extracted
[local-ai] Bharat Vipin Surgical Centre: extracted
[local-ai] Chandigarh Children Maternity Hospital: extracted
[local-ai] Johal Hospital, Jalandhar: extracted
[checkpoint] saved 6660 records
[local-ai] Boparai Dukh Niwaran Hospital: extracted
[local-ai] Pal Urology and Stone Centre ( Kidney Hospital): extracted
[local-ai] Dr. Johri's Multispeciality Hospital: extracted
[local-ai] Anand Hospital And Heart Care Centre: extracted
[local-ai] Namita Hospital: extracted
[local-ai] Vidya Memorial Kanwal Hospital / V.M.K. Hospital: extracted
[local-ai] Shoor Hospital - Amritsar: extracted
[local-ai] Sital Orthopaedic Centre and Nursing Home: extracted
[local-ai] Preet Hospital, Amritsar: extracted
[local-ai] Ludhiana Maternity Hospital: extracted
[local-ai] Wadi Hospital: extracted
[local-ai] M. D Hospital: extracted
[local-ai] Dr. Jatinder Kaur Eye Care Centre: extracted
[local-ai] Gulati Surgical Hospital: extracted
[local-ai] Janak Nursing Home, Mansa: extracted
[local-ai] Simran Hospital and Childcare Centre: extracted
[local-ai] Shree Devi Talab Mandir Charitable Hospital: extracted
[local-ai] Navpreet Hospital: extracted
[local-ai] Satyam Hospital, Ludhiana: extracted
[local-ai] Badyal Advanced Bone Joint And Children Hospital: extracted
[local-ai] Altec Laser and Superspeciality Centre: extracted
[local-ai] Malhotra Ano Rectal Centre: extracted
[local-ai] Mata Kaulan Ji Mission Hospital: extracted
[local-ai] Bhutani Children Hospital: extracted
[local-ai] Pragma Hospital: extracted
[checkpoint] saved 6685 records
[local-ai] M.S Memorial Janjua Hospital: extracted
[local-ai] Gurnoor Hospital: extracted
[local-ai] RRM Central Hospital: extracted
[local-ai] B.S Hospital: extracted
[local-ai] Shri Rama Charitable Hospital: extracted
[local-ai] Sethi Hospital, Firozpur: extracted
[local-ai] Family Hospital: extracted
[local-ai] A.P. Hospital: extracted
[local-ai] Sigma Hospital, Jalandhar: extracted
[local-ai] Bajwa Hospital: extracted
[local-ai] Usha Mission Hospital: extracted
[local-ai] Kamal Hospital, Jalandhar: extracted
[local-ai] Talwandi Hospital: extracted
[local-ai] Raikhi Polyclinic and Hospital: extracted
[local-ai] Bhandari Ear , Nose and Throat Hospital - Amritsar: extracted
[local-ai] Gupta Hospital, Amritsar: extracted
[local-ai] Guru Ram Das Hospital: extracted
[local-ai] Sanjivni Hospital, Patiala: extracted
[local-ai] Giani Lal Singh Memorial Hospital: extracted
[local-ai] Randhawa Hospital: extracted
[local-ai] Sood Hospital, Sangrur: extracted
[local-ai] Brar Eye Hospital: extracted
[local-ai] Singla Children Hospital: extracted
[local-ai] Sri Guru Ram Dass Hospital, Amritsar: extracted
[local-ai] Sanjeevan Hospital, Amritsar: extracted
[checkpoint] saved 6710 records
[local-ai] Miglani Hospital: extracted
[local-ai] Seth Hospital, Ludhiana: extracted
[local-ai] D S Hospital: extracted
[local-ai] Gee Bee Hospital and Maternity Home: extracted
[local-ai] Singhania Hospital, Amritsar: extracted
[local-ai] Nagpal Superspeciality Hospital: extracted
[local-ai] Verma E.N.T. Hospital and Saraswati Laser Surgery Centre: extracted
[local-ai] Patiala Heart Institute: extracted
[local-ai] Bawa Hospital (P) Ltd.: extracted
[local-ai] Pabby Hospital and Maternity Home: extracted
[local-ai] Amrit Hospital: extracted
[local-ai] Bath Hospital: extracted
[local-ai] Gobind Hospital and Lab - Patiala: extracted
[local-ai] Med Card Multispecialty Hospital: extracted
[local-ai] Naveen Heart and Chest Clinic: extracted
[local-ai] Gulati Ent and Allergy Hospital: extracted
[local-ai] Sareen Hospital, Amritsar: extracted
[local-ai] Civil Hospital, Firozpur: extracted
[local-ai] Indus Hospital, Ludhiana: extracted
[local-ai] Dr Preet Iner Singh Eye Hospital: extracted
[local-ai] Apex Hospital and Maternity Home: extracted
[local-ai] Arora Eye Hospital and Retina Centre: extracted
[local-ai] Chawla Nursing Home And Maternity Hospital: extracted
[local-ai] Sachar Hospital and Maternity Home: extracted
[local-ai] Sikka Hospital: extracted
[checkpoint] saved 6735 records
[local-ai] Doaba Hospital Pvt. Ltd.: extracted
[local-ai] Sharda E.N.T Hospital: extracted
[local-ai] S.D Mahabir Dal Hospital: extracted
[local-ai] Dr.Ravi Paul Children Hospital: extracted
[local-ai] Sarvesh Divya Hospital: extracted
[local-ai] Delhi Heart Institute and Research Centre: extracted
[local-ai] Dehli Child Care And Dental Hospital: extracted
[local-ai] Navjivan Nursing Home And Maternity Center,: extracted
[local-ai] Garg Nursing Home, Bathinda: extracted
[local-ai] Sra Eye Hospital: extracted
[local-ai] Narang Hospital: extracted
[local-ai] Major Gopta Bone and Joint Hospital: extracted
[local-ai] Gem Hospital, Bathinda: extracted
[local-ai] Sandhu Hospital: extracted
[local-ai] Smt. Savitri Memorial Miglani Hospital: extracted
[local-ai] Malwa Superspeciality Hospital: extracted
[local-ai] Spine and Ortho Care: extracted
[local-ai] Vasal Hospital: extracted
[local-ai] Satyam Hospital and Trauma Centre: extracted
[local-ai] Chhabra Hospital and Maternity Home: extracted
[local-ai] Kuldip Hospital, Jalandhar: extracted
[local-ai] Talwar Hospital: extracted
[local-ai] Kgm Bone Hospital: extracted
[local-ai] Harpreet Eye and Dental Care Centre: extracted
[local-ai] Mangat Hospital: extracted
[checkpoint] saved 6760 records
[local-ai] Metro Hospital and Maternity Home: extracted
[local-ai] Satnam Hospital: extracted
[local-ai] Mundh Hospital: extracted
[local-ai] Baba Deep Singh Ji Charitable Hospital: extracted
[local-ai] The New Hope Hospital: extracted
[local-ai] Janak Surgicare and Ankur Advanced Urology Centre: extracted
[local-ai] Grover Maternity and Nursing Home: extracted
[local-ai] Drishti - Advanced Eye And Diabetic Care Centre: extracted
[local-ai] Carewell Heart and Super Speciality Hospital: extracted
[local-ai] Chandan Hospitals: extracted
[local-ai] Arora Hospital, Amritsar: extracted
[local-ai] Batra Hospital: extracted
[local-ai] Central Hospital and Maternity Home: extracted
[local-ai] Kd Hospital, Amritsar: extracted
[local-ai] Civil Hospital: extracted
[local-ai] Raj Hospital, Sri Muktsar Sahib: extracted
[local-ai] Emergency Medical Care Hospital (Emc Group Of Hospital,Unit-I): extracted
[local-ai] Bansal Orthopaedic Center: extracted
[local-ai] Ansh Hospital: extracted
[local-ai] Civil Hospital, Gurdaspur: extracted
[local-ai] Aashirwad Hospital, Jalandhar: extracted
[local-ai] Smt Poonam Soni Memorial Hospital: extracted
[local-ai] Singh Eye Centre: extracted
[local-ai] Dhillon ottho Hospital: extracted
[local-ai] Osho Dhara Hospital: extracted
[checkpoint] saved 6785 records
[local-ai] Anil Baghi Hospital: extracted
[local-ai] Civil Hospital, Abohar: extracted
[local-ai] Bajwa Hospital, Amritsar: extracted
[local-ai] Gulab Devi Hospital: extracted
[local-ai] Saini Hospital, Gurdaspur: extracted
[local-ai] Arora Neuro Centre Pvt.Ltd.: extracted
[local-ai] Sahara Surgical and Maternity Home: extracted
[local-ai] Dr. Ranju Maternity Home: extracted
[local-ai] Rajeev Hospital Bone , Joint, Trauma and Maternity Centre: extracted
[local-ai] Simran Hospital, Amritsar: extracted
[local-ai] Deol Hospital Payal: extracted
[local-ai] Sacred Heart Hospital - Jalandhar: extracted
[local-ai] Gopal Eye Ear and Dental Care: extracted
[local-ai] Babbar Heart Care Centre And General Hospital: extracted
[local-ai] Tilak Hospital: extracted
[local-ai] Chauhan Hospital: extracted
[local-ai] Sheel Children Hospital: extracted
[local-ai] Rajan Hospital and Heart Centre: extracted
[local-ai] Jaswant Hospital: extracted
[local-ai] Bhangoo Hospital: extracted
[local-ai] Dr. Sharmas Hospital Multi Speciality Centre: extracted
[local-ai] Dewan Hospital: extracted
[local-ai] The Punjab Health System Corporation, Ludhiana: extracted
[local-ai] Sri Sukhmani Multi Speciality Hospital: extracted
[local-ai] Sbsm Bath Hospital: extracted
[checkpoint] saved 6810 records
[local-ai] Bahari Hospital: extracted
[local-ai] Dr. Hardas Singh Orthopaedic and Superspeciality Research Centre: extracted
[local-ai] Sri Guru Ram Das Institute Of Dental Sciences And Research: extracted
[local-ai] Toor Hospital: extracted
[local-ai] Dr Pradeep Sharma Hospital: extracted
[local-ai] Vardaan Hospital, Ludhiana: extracted
[local-ai] Dr Naresh Hospital And Heart Centre: extracted
[local-ai] Chaudhary Hospital: extracted
[local-ai] Dr. Bharti's Child Care Clinic & Hospital: extracted
[local-ai] Garg Surgical and Children Hospital: extracted
[local-ai] Kalia Eye and Maternity Hospital: extracted
[local-ai] Anand Clinic and Hospital: extracted
[local-ai] Rajpal Neuro Psychiatric and De-Addiction Hospital: extracted
[local-ai] New Delhi Hospital And Nursing Home: extracted
[local-ai] Sharma Eye Care: extracted
[local-ai] Kalyani Hospital, Gurdaspur: extracted
[local-ai] Jaswal Children Hospital: extracted
[local-ai] Nauhria Hospital: extracted
[local-ai] Aastha Kidney & Super Speciality Hospital: extracted
[local-ai] Jagdeep Eye Hospital: extracted
[local-ai] Katodia Children Hospital: extracted
[local-ai] Makkar Hospital: extracted
[local-ai] Dr G.S.Randhawa Eye Hospital and Lasik Centre: extracted
[local-ai] Gupta Children Hospital: extracted
[local-ai] Chopra Hospital and Maternity Center: extracted
[checkpoint] saved 6835 records
[local-ai] Dr Hans Raj Multi Speciality Hospital and Scan Center: extracted
[local-ai] Balaji Medicare Hospital - Jalandhar: extracted
[local-ai] Jai Kamal Eye Hospital: extracted
[local-ai] Sood Plastic Surgery and Cosmetology Clinic: extracted
[local-ai] Dr. Prithipal Memorial Hospital: extracted
[local-ai] Dr. Siri Ram Hospital: extracted
[local-ai] Sandhu Hospital: extracted
[local-ai] Narendera's Hospital: extracted
[local-ai] Chitra Hospital: extracted
[local-ai] Dev Hospital: extracted
[local-ai] Deep Hospital: extracted
[local-ai] Shri Muni Lal Chopra Memorial Hospital: extracted
[local-ai] Meet Bikaner Hospital and Surgical Center: extracted
[local-ai] Kosmos Bone and Joint Centre: extracted
[local-ai] Sandhu Lifecare Hospital: extracted
[local-ai] Arogya Hospital: extracted
[local-ai] Hans Eye Hospital and Laser Center: extracted
[local-ai] Kaushal Hospital, Mohali: extracted
[local-ai] Mann Mediciti Wellness Center Pvt Ltd: extracted
[local-ai] Ragini Women Hospital: extracted
[local-ai] Sharma Surgical City Hospital: extracted
[local-ai] Dumeli Hospital and Surgical Centre: extracted
[local-ai] Dr R P Singh Hospital: extracted
[local-ai] Snd Medical Foundation and Hospital: extracted
[local-ai] Bansal Hospital: extracted
[checkpoint] saved 6860 records
[local-ai] Thind Eye Hospital: extracted
[local-ai] Dr. B. L. Kapur Memorial Hospital: extracted
[local-ai] Saranjit Nursing Home and Herjinder Maternity Hospital: extracted
[local-ai] Chhabra Hospital, Ludhiana: extracted
[local-ai] Dhawan Surgicare and Multispeciality Hospital: extracted
[local-ai] Dr. Parveen Goyal Orthopaedic Centre: extracted
[local-ai] Aastha Hospital: extracted
[local-ai] Sethi Hospital and Maternity Home: extracted
[local-ai] Yash Ent Hospital: extracted
[local-ai] H.M.C Hosptal: extracted
[local-ai] Patiala Eye and Matenity Hospital: extracted
[local-ai] I V Y Hospital: extracted
[local-ai] Sahara Hospital - Ludhiana: extracted
[local-ai] Jindal Hospital, Ludhiana: extracted
[local-ai] Mata Nanki Charitable Hospital: extracted
[local-ai] J P Eye Hospital, Rupnagar: extracted
[local-ai] Kular Hospital: extracted
[local-ai] Singla Surgical Hospital, Sangrur: extracted
[local-ai] Bharaj Lifecare Hospital and Trauma Centre: extracted
[local-ai] Civil Hospital, Rupnagar: extracted
[local-ai] Makhan Singh Hospital and Ent Pvt Ltd: extracted
[local-ai] Gomti Thapar Hospital: extracted
[local-ai] ਰੇਖੀ ਨਰਸਿੰਗ ਹੋਮ ਅਤੇ ਦੂਰਬੀਨ ਸਰਜੀਕਲ ਸੈਂਟਰ: extracted
[local-ai] Mohan Dai Oswal Cancer Treatment and Research Foundation: extracted
[local-ai] Neil Hospital: extracted
[checkpoint] saved 6885 records
[local-ai] Gur Charan Kanwal Hospital: extracted
[local-ai] Sanjivani Hospital, Jalandhar: extracted
[local-ai] Civil Hospital, Sri Muktsar Sahib: extracted
[local-ai] Likhi Hospital: extracted
[local-ai] Sankara Eye Hospital(Sri Kanchi Kamakoti Medical Trust): extracted
[local-ai] Mahajan Eye Hospital And Maternity Home (Lasik Laser Centre): extracted
[local-ai] Max Super Speciality Hospital-Mohali: extracted
[local-ai] Hemkund Hospital: extracted
[local-ai] Madho Hospital: extracted
[local-ai] Ujjawal Eye Care: extracted
[local-ai] Kapoor Bone and Children Hospital: extracted
[local-ai] Adityaj Hospital And Laboratory: extracted
[local-ai] Bhatia Hospital, Gurdaspur: extracted
[local-ai] Advanced Centre For Eyes: extracted
[local-ai] Sanjivani Hospital and Diabesity Research Hospital: extracted
[local-ai] Guru Nanak Hospital, Patiala: extracted
[local-ai] Usha Bansal Nursing Home: extracted
[local-ai] Joshi Hospital, Sri Muktsar Sahib: extracted
[local-ai] Dr.Rama Sofat Hospital: extracted
[local-ai] M.K. Hospital: extracted
[local-ai] Ravi Paediatric Centre: extracted
[local-ai] Dr. Atul's Child Care Centre: extracted
[local-ai] Kataria Eye and Ent Hospital: extracted
[local-ai] Singla Medicare Clinic: extracted
[local-ai] Hind Hospital: extracted
[checkpoint] saved 6910 records
[local-ai] Principal Raj Kumar Memorial Modern Hospital: extracted
[local-ai] Aarti Eye Hospital: extracted
[local-ai] Mittal Nursing Home and Trauma Centre Pvt.Ltd.: extracted
[local-ai] U.S.P.C Jain Charitable Hospital: extracted
[local-ai] Bansal Hospital and Heart Centre: extracted
[local-ai] Patiala Hospital, Patiala: extracted
[local-ai] Patiala Hospital, Sangrur: extracted
[local-ai] Frances Newton Hospital: extracted
[local-ai] Gupta Hospital, Kothe Baggu: extracted
[local-ai] Ludhiana Children Hospital and Nursing Home: extracted
[local-ai] Saini Hospital / Saini I.V.F. and Fertility Research Centre: extracted
[local-ai] Hunjan Hospital: extracted
[local-ai] Baweja Multispeciality Hospital: extracted
[local-ai] Rana Eye and Maternity Hospital, Ludhiana: extracted
[local-ai] Lajjawanti Jain Memorial Hospital: extracted
[local-ai] Mohan Dai Oswal Hospital: extracted
[local-ai] Virk Hospital And Maternity Home: extracted
[local-ai] Sharma Hospital, S.A.S Nagar: extracted
[local-ai] Chaitanya Public Hospital: extracted
[local-ai] Shree Raghunath Charitable Hospital - Ludhiana: extracted
[local-ai] Akal Eye Hospital and Laser Centre: extracted
[local-ai] Behgal Multispecialty Hospital: extracted
[local-ai] Shri Baba Jai Ram Das Jain Eye Hospital: extracted
[local-ai] Kapil Hospital: extracted
[local-ai] Poly Eye Hospital: extracted
[checkpoint] saved 6935 records
[local-ai] Dayanand Medical College And Hospital / Dayanad Medcial College and Hospital: extracted
[local-ai] Neelam Hospital Superspeciality Health Care: extracted
[local-ai] Dr Shamsher Singh Eye Hospital: extracted
[local-ai] Guru Nanak Mission Hospital, Mansa: extracted
[local-ai] Bajwa Surgical and Maternity Nursing Home: extracted
[local-ai] Goyal Hospital, Sri Muktsar Sahib: extracted
[local-ai] Goyal Hospital and Heart Care Centre: extracted
[local-ai] Sham Nursing Home and Heart Centre: extracted
[local-ai] Amardeep Hospital: extracted
[local-ai] Gupta Hospital - Kurali: extracted
[local-ai] Anmol Hospital: extracted
[local-ai] Ashirwad Hospital: extracted
[local-ai] Kulwant Nursing Home: extracted
[local-ai] Guru Nanak Mehar Hans Eye Hospital: extracted
[local-ai] Liberty Hospital: extracted
[local-ai] Modern Hospital, Jalandhar: extracted
[local-ai] Handa Hospital, Ludhiana: extracted
[local-ai] Bhargava Advanced Gynae Surgeon Cancer Centre: extracted
[local-ai] Ivy Hospital: extracted
[local-ai] Parhar Hospital: extracted
[local-ai] Anurag Eye And Maternity Centre: extracted
[local-ai] Sangrur Surgical and Laparoscopic Centre: extracted
[local-ai] Aman Hospital, Bathinda: extracted
[local-ai] Garg Hospital - Moga: extracted
[local-ai] Dr Zoin Jain Hospital: extracted
[checkpoint] saved 6960 records
[local-ai] Dr. Pawans Hospital - Budhlada: extracted
[local-ai] Shri Balaji Hospital / Shree Balaji Urology And Superspeciality Hospital: extracted
[local-ai] Soni Hospital, Patiala: extracted
[local-ai] Singla Hospital, Ludhiana: extracted
[local-ai] Indus Super Speciality Hospital: extracted
[local-ai] Joshi Hospital: extracted
[local-ai] Gursimran Hospital: extracted
[local-ai] Sharma Hospital, Pathankot: extracted
[local-ai] Satyam Hospital, Pathankot: extracted
[local-ai] Navnoor Hospital and Maternity Home: extracted
[local-ai] Hans Raj Hospital: extracted
[local-ai] Ambay Eye Centre: extracted
[local-ai] Aggarwal Hospital, Patiala: extracted
[local-ai] Shriram Cardiac Centre: extracted
[local-ai] Apex Superspeciality Hospital: extracted
[local-ai] Mittal Hospital and Heart Center: extracted
[local-ai] Swami Vivekanand Hospital, Ludhiana: extracted
[local-ai] Kalyan Hospital, Ludhiana: extracted
[local-ai] Gupta Children Hospital,Ludhiana: extracted
[local-ai] Khosla Hospital: extracted
[local-ai] Avasthi Bone And Joint Clinic And Hospital: extracted
[local-ai] Ludhiana Mediways: extracted
[local-ai] Pannu Hospital: extracted
[local-ai] S.S.B.K Multispeciality Hospital: extracted
[local-ai] Sukhmani Hospital, Nawanshahr: extracted
[checkpoint] saved 6985 records
[local-ai] Kulwant Heart And Vascular Centre: extracted
[local-ai] Sawhney Hospital and Maternity Home: extracted
[local-ai] U K Hospital: extracted
[local-ai] Dhaliwal Hospital: extracted
[local-ai] Ghai Hospital Neuro Surgery, Trauma and Kidney Care Centre: extracted
[local-ai] Mother and Child Care, Mansa: extracted
[local-ai] Civil Hospital, Barnala: extracted
[local-ai] Kanwar Hospital, Hoshiarpur: extracted
[local-ai] Pasricha Hospital and Maternity Home / Pasricha Hospital Laser and Plastic Surgery Center: extracted
[local-ai] Garg Maternity and Nursing Home, Patiala: extracted
[local-ai] Vijay Children and General Hospital: extracted
[local-ai] Kanchan Hospital: extracted
[local-ai] Delhi Eye Hospital: extracted
[local-ai] Aulakh Nursing Home and Maternity Centre: extracted
[local-ai] Dr. Sodhi's Health Care, Multispeciality Hospital- Mohali: extracted
[local-ai] Raman Hospital, Ludhiana: extracted
[local-ai] Anuradha Ob and Gynae Centre: extracted
[local-ai] Dr. Baljit's Eye Hospital: extracted
[local-ai] Global Heart and Super Speciality Hospital: extracted
[local-ai] Civil Hospital, Malaut: extracted
[local-ai] Government Hospital, RAIPUR: extracted
[local-ai] Government Hospital Bhallan: extracted
[local-ai] Civil Hospital Mukerian: extracted
[local-ai] Government Hospital, Bathal: extracted
[local-ai] Government hospital, Dera Baba Nanak: extracted
[checkpoint] saved 7010 records
[local-ai] DH Kapurthala: extracted
[local-ai] Government Hospital Bamial: extracted
[local-ai] Government Hospital, Mattewara: extracted
[local-ai] Government Hospital Chabbewal: extracted
[local-ai] Civil Hospital Rurka Kalan: extracted
[local-ai] Government Hospital Rupewali: extracted
[local-ai] Government Hospital Maksudpur: extracted
[local-ai] Civil Hospital, Banga: extracted
[local-ai] Civil Hospital Phagwara: extracted
[local-ai] Rural Hospital Binjon: extracted
[local-ai] Government Hospital Datarpur: extracted
[local-ai] Civil Hospital Dharamkot: extracted
[local-ai] DH Pathankot: extracted
[local-ai] Government Hospital Jallowal: extracted
[local-ai] Government Hospital Aur: extracted
[local-ai] Bhai Himmat Singh Memorial Sattelite Hospital: extracted
[local-ai] Civil Hospital Anandpur Sahib: extracted
[local-ai] Civil Hospital Dasuya: extracted
[local-ai] Government hospital, Goindwal Sahib: extracted
[local-ai] Civil Hospital, Taragarh: extracted
[local-ai] Civil Hospital Ropar: extracted
[local-ai] Government Hospital Bilga: extracted
[local-ai] Government Hospital Bagrian: extracted
[local-ai] Civil Hospital Bholath: extracted
[local-ai] SDH BABA BAKALA: extracted
[checkpoint] saved 7035 records
[local-ai] Government Hospital Chitti: extracted
[local-ai] Government Hospital Kethera: extracted
[local-ai] Government Hospital Khadur Sahib: extracted
[local-ai] Government Hospital Sarih: extracted
[local-ai] Civil Hospital Garhshankar: extracted
[local-ai] Government Hospital, Jasraour: extracted
[local-ai] Government Hospital Kishanpura Kalan: extracted
[local-ai] SDH Malerkotla: extracted
[local-ai] Civil Hospital Moga: extracted
[local-ai] Government Hospital Amrali: extracted
[local-ai] Government Hospital Kokri Kalan: extracted
[local-ai] Civil Hospital, Dhanoula: extracted
[local-ai] Civil Hospital Sardulgarh: extracted
[local-ai] Civl Hospital, Mehraj: extracted
[local-ai] Civil Hospital: extracted
[local-ai] Civil Hospital Lopon: extracted
[local-ai] Government Hospital: extracted
[local-ai] Civil Hospital Khanna: extracted
[local-ai] Government Hospital Harpalpur: extracted
[local-ai] Government Hospital Kabarwala: extracted
[local-ai] Goverment Dispensary And Laboratory: extracted
[local-ai] PHC Dhilwan: extracted
[local-ai] DH Mansa: extracted
[local-ai] Civil Hospital SAS Nagar (Mohali): extracted
[local-ai] Civil Hospital Chando Gobindgarh: extracted
[checkpoint] saved 7060 records
[local-ai] Government Hospital Joga: extracted
[local-ai] Government Hospital, Bariwala: extracted
[local-ai] Civil Hospital, Nihal Singh Wala: extracted
[local-ai] Government Hospital, Talwandi Kalan: extracted
[local-ai] Civil Hospital Tapa: extracted
[local-ai] Government Hospital Rampura Phul: extracted
[local-ai] Government Hospital Rajaiana: extracted
[local-ai] SDH Budhlada: extracted
[local-ai] Government Hospital Buttar Kalan: extracted
[local-ai] Civil hospital Bhai Ka Kera: extracted
[local-ai] Civil Hospital, Kharar: extracted
[local-ai] Civil Hospital Sunam: extracted
[local-ai] Government Hospital, Gharuan: extracted
[local-ai] Civil Hospital Samana: extracted
[local-ai] Government Hospital, Ballianwali: extracted
[local-ai] Civil Hospital katani Kalan: extracted
[local-ai] Government Hospital, Rauni: extracted
[local-ai] SDH Moonak: extracted
[local-ai] Lt Gen Shivdev Singh Civil Hospital Nabha: extracted
[local-ai] Civil Hospital, Lehra-Gaga: extracted
[local-ai] Civil Hospital, Doda: extracted
[local-ai] Civil Hospital: extracted
[local-ai] Civil Hospital Bhaini Bagha: extracted
[local-ai] Civil Hospital Mallan: extracted
[local-ai] Government Hospital, Amargarh: extracted
[checkpoint] saved 7085 records
[local-ai] Government Hospital Boparai Kalan: extracted
[local-ai] Civil Hospital, Dera Bassi: extracted
[local-ai] Government Hospital Bhanohar: extracted
[local-ai] Government Hospital, Lohatbadhi: extracted
[local-ai] Civil Hospital Kakrala: extracted
[local-ai] Government Hospital, Latala: extracted
[local-ai] Civil Hospital, Guruharsahai: extracted
[local-ai] Civil Hospital, Mour Mandi: extracted
[local-ai] Government Hospital Hari Ke Kalan: extracted
[local-ai] DH Bathinda: extracted
[local-ai] Bathinda Civil Hospital: extracted
[local-ai] GOVT. Hospital: extracted
[local-ai] Ludhiana Chest Hospital: extracted
[local-ai] Dr. Bindra's Super Speciality Homeopathic Clinics: extracted
[local-ai] Shri Guru Granth Sahib Charitable Hospital: extracted
[local-ai] Puri Ayurvedic Hospital and Deaddiction Clinic: extracted
[local-ai] Deep Hospital Ayurveda: extracted
[local-ai] Janta Hospital: extracted
[local-ai] The One Oral Health Care: extracted
[local-ai] Raj Multi Speciality Hospital: extracted
[local-ai] Dr. Charanji Lal Homeopathic Charitable Hospital: extracted
[local-ai] Gill Dawakhana: extracted
[local-ai] Gill Hospital: extracted
[local-ai] Aman Hospital: extracted
[local-ai] Sawhney Children's Hospital: extracted
[checkpoint] saved 7110 records
[local-ai] Gurunanak Charitable Hospital: extracted
[local-ai] Sharma's Rainbow Hospital: extracted
[local-ai] Kunal Pal Hospital: extracted
[local-ai] Shilpy Hospital: extracted
[local-ai] Ludhiana Eye Hospital: extracted
[local-ai] Bali Hospital: extracted
[local-ai] Takyar Hospital: extracted
[local-ai] Dr. Parmi Neuropsychiatry Centre: extracted
[local-ai] Swami Vivekanand Hospital and Trauma Centre: extracted
[local-ai] Jagdeep Ayurved: extracted
[local-ai] Kiran Hospital: extracted
[local-ai] Kharrey Hospital: extracted
[local-ai] Global Health Care Centre: extracted
[local-ai] Bagga Hospital: extracted
[local-ai] Lajwanthi Foundation Trust Physiotherapy: extracted
[local-ai] Anand Homeopathic Hospital: extracted
[local-ai] Santulan Hospital: extracted
[local-ai] Miller Ganj Mission Hospital: extracted
[local-ai] Bansal Hospital: extracted
[local-ai] Pardeep Grewal Memorial Hospital: extracted
[local-ai] Juneja Hospital: extracted
[local-ai] Shivalik Physiotherapy: extracted
[local-ai] Anant Hospital: extracted
[local-ai] Durgi Hospital: extracted
[local-ai] Baba Deep Singh Ji Hospital: extracted
[checkpoint] saved 7135 records
[local-ai] Nanaksar Hospital: extracted
[local-ai] Rgm Hospital: extracted
[local-ai] Sadhikan Health Care Centre: extracted
[local-ai] Jain Bone and Joint Hospital: extracted
[local-ai] Hi Care Hospital: extracted
[local-ai] P K Hospital: extracted
[local-ai] Suraksha Hospital: extracted
[local-ai] Sakhmani Knee Joint Hospital: extracted
[local-ai] Sukhmani Hospital: extracted
[local-ai] Shri Vasdev Sharma Hospital: extracted
[local-ai] Sant Kirpal Hospital: extracted
[local-ai] Seerat Hospital: extracted
[local-ai] Nishkam Hospital: extracted
[local-ai] Mata Shiv Devi Memorial Noble Hospital: extracted
[local-ai] Sunita Hospital: extracted
[local-ai] Reenu Hospital: extracted
[local-ai] Kamini Charitable Hospital: extracted
[local-ai] HPS Eye Hospital: extracted
[local-ai] Sanjeevani Hospital: extracted
[local-ai] Goyal Hospital: extracted
[local-ai] Kiran Eye Hospital: extracted
[local-ai] Yuvaraj Hospital: extracted
[local-ai] Sehat Multi Speciality Hospital: extracted
[local-ai] Bhandari Hospital: extracted
[local-ai] Jot Physiotherapy and Rehabilitation Centre: extracted
[checkpoint] saved 7160 records
[local-ai] Mandeep Hospital: extracted
[local-ai] Bansal Children Hospital: extracted
[local-ai] ESI Hospital: extracted
[local-ai] Shri Shamlal Agarwal Hospital: extracted
[local-ai] Maa Saraswati Neuro Psychiatry Hospital: extracted
[local-ai] Krishna Hospital: extracted
[local-ai] Lajya Memorial Paul Child Care Hospital: extracted
[local-ai] Eye Hospital: extracted
[local-ai] Mittal Hospital: extracted
[local-ai] Dr. Kapoor's Hospital of Ayurveda and Panchakarma: extracted
[local-ai] Mahadev Charitable Hospital: extracted
[local-ai] Arora Hospital: extracted
[local-ai] Aastha Family Healthcare Centre: extracted
[local-ai] Manu Hospital: extracted
[local-ai] Asian Hospitals: extracted
[local-ai] Raj Hospital: extracted
[local-ai] Bhinder Hospital: extracted
[local-ai] Karma Hospital: extracted
[local-ai] Dr. P. Kumar Hospital: extracted
[local-ai] Satyam Hospital: extracted
[local-ai] Sanjoi Hospital: extracted
[local-ai] Acharya Shri Atma Ram Jain Charitable Hospital: extracted
[local-ai] P.K. Hospital: extracted
[local-ai] Vikas Hospital: extracted
[local-ai] Agarwal Homeo Hospital: extracted
[checkpoint] saved 7185 records
[local-ai] Solanky Hospital: extracted
[local-ai] Lama Hospital: extracted
[local-ai] Guru Amardas Hospital: extracted
[local-ai] Hunar Hospital: extracted
[local-ai] Shivam Hospital: extracted
[local-ai] Jacha Bacha Hospital: extracted
[local-ai] Jain Health Centre: extracted
[local-ai] Bhandari Star Life Eye Hospital & Bladefree Lasik Laser Centre: extracted
[local-ai] Anand Hospital: extracted
[local-ai] Maa Vaishno Devi Charitable Hospital: extracted
[local-ai] Himalaya Hospital: extracted
[local-ai] J.D Maternity and General Hospital: extracted
[local-ai] Chhabra Hospital: extracted
[local-ai] Inder Hospital: extracted
[local-ai] Mannat Hospital: extracted
[local-ai] Bombay Hospital: extracted
[local-ai] Hari Om Health Care and Treatment Centre: extracted
[local-ai] Max City Hospital and Trauma Centre: extracted
[local-ai] Metro Hospital: extracted
[local-ai] Shri BR Memorial Hospital: extracted
[local-ai] Shivram Hospital: extracted
[local-ai] Health Max Multi Speciality Hospital: extracted
[local-ai] Jank Hospital: extracted
[local-ai] Guru Ravidaas Hospital: extracted
[local-ai] Simran Hospital: extracted
[checkpoint] saved 7210 records
[local-ai] Sukhmani Hospital: extracted
[local-ai] Jain Charitable Hospital: extracted
[local-ai] Malik Dental Charitable Hospital: extracted
[local-ai] Vidya Hospital: extracted
[local-ai] P.S Diagnostic Centre and Hospital: extracted
[local-ai] Ramchand Uppal Memorial Hospital: extracted
[local-ai] Sanjeevani Hospital: extracted
[local-ai] Kumar Charitable Hospital: extracted
[local-ai] Government Ayurvedic Hospital: extracted
[local-ai] Sanjeev Heart Centre: extracted
[local-ai] Mata Malavi Devi Charitable Hospital: extracted
[local-ai] Namdev Hospital & Health Institute, Ludhiana: extracted
[local-ai] Pride Hospital: extracted
[local-ai] Railway Hospital: extracted
[local-ai] Dil Hospital: extracted
[local-ai] Chopra Maternity and Nursing Home: extracted
[local-ai] Eva Hospital: extracted
[local-ai] Chandan Hospital: extracted
[local-ai] Nayyar Child Care Centre: extracted
[local-ai] Shri Guru Gobind Singh Ji Charitable Hospital and Clinical Lab: extracted
[local-ai] Vishal Garg Hospital: extracted
[local-ai] Bal Hospital: extracted
[local-ai] Ved Nursing Home and Eye Hospital: extracted
[local-ai] Sibia Heart Centre: extracted
[local-ai] Sethi Kidney Care: extracted
[checkpoint] saved 7235 records
[local-ai] Sharma Sabhlok Hospital: extracted
[local-ai] Vijayanand Dignostic Centre and Hospital: extracted
[local-ai] Chawla Hospital: extracted
[local-ai] Pragathi Neurological Centre: extracted
[local-ai] Swarn Health Care: extracted
[local-ai] Kidney Centre: extracted
[local-ai] Pancham Hospital: extracted
[local-ai] Preet Hospital: extracted
[local-ai] Vardhaman Mahavir Jain Hospital: extracted
[local-ai] Mind Vision Hospital: extracted
[local-ai] Davitha Kidney Care: extracted
[local-ai] Asghari Tariq Hospital: extracted
[local-ai] Karma Super Specialist Hospital: extracted
[local-ai] Agarwal Hospital: extracted
[local-ai] Triveni Ayurveda Hospital: extracted
[local-ai] Major Singh Hospital: extracted
[local-ai] Primary Healthcare Sehgal: extracted
[local-ai] Bhandari Eye Hospital and Starlife Lasik Laser Centre: extracted
[local-ai] Shan Hospital: extracted
[local-ai] Swasthik Charitable Hospital: extracted
[local-ai] Gupta Hospital: extracted
[local-ai] Dr. K.P Singh Hospital & Diagnostic Centre: extracted
[local-ai] Tarun Hospital and Dental Care Centre: extracted
[local-ai] AIMC Bassi Hospital: extracted
[local-ai] Dr. Sadhu Cupping Therapy Centre: extracted
[checkpoint] saved 7260 records
[local-ai] Dr. Anuraag Sood's Speciality Homeopathy: extracted
[local-ai] Jeevan Hospital: extracted
[local-ai] Garg Super Speciality Hospital and Trauma Centre: extracted
[local-ai] BR Thakur Memorial Hospital: extracted
[local-ai] Sandesh Hospital: extracted
[local-ai] Chahal General Hospital: extracted
[local-ai] Mahal Multi Speciality Hospital: extracted
[local-ai] Bhagat Tarsem Lal Ji Charitable Hospital: extracted
[local-ai] Sandeep Hospital: extracted
[local-ai] Vikalang Sahayata and Punarvasa Kendra: extracted
[local-ai] Katyal Heart Centre: extracted
[local-ai] Shri Bala Ji Healthcare and Physiotherapy Centre: extracted
[local-ai] Mishra Hospital: extracted
[local-ai] Arihant Hospital: extracted
[local-ai] Prolife Hospitals: extracted
[local-ai] Dhir Health Care: extracted
[local-ai] Shri Guru Harikishan Charitable Hospital: extracted
[local-ai] Sant Baba Bishamber Nath Hospital: extracted
[local-ai] Khanjarwal Hospital: extracted
[local-ai] Deol Hospital: extracted
[local-ai] Orison Super Speciality Hospital: extracted
[local-ai] Saran Hospital and Nursing Home: extracted
[local-ai] Akal Health Care Hospital: extracted
[local-ai] Sekhon Hospital: extracted
[local-ai] Swarn Hospital: extracted
[checkpoint] saved 7285 records
[local-ai] NG Hospital: extracted
[local-ai] Bhai Ghanaiya Hi Charitable Hospital: extracted
[local-ai] Chirayu Hospital: extracted
[local-ai] Bawa Hospital: extracted
[local-ai] Saini Hospital: extracted
[local-ai] Jain Hospital: extracted
[local-ai] Ayush Speech and Autism Centre: extracted
[local-ai] Kesar Singh Disc and Spine Treatment: extracted
[local-ai] Karan Singla Surgical and General Hospital: extracted
[local-ai] Bedi Hospital: extracted
[local-ai] Sharma Hospital: extracted
[local-ai] Dr. Rohit Eye Hospital: extracted
[local-ai] Chakrabarthy Children Hospital: extracted
[local-ai] Ek Noor's Neki Da Hospital: extracted
[local-ai] Mamta Health Care: extracted
[local-ai] Gill Hospital: extracted
[local-ai] Nirvair Free Eye Hospital: extracted
[local-ai] Berry Eye Hospital: extracted
[local-ai] Kishan Hospital: extracted
[local-ai] Sanjivani Hospital, Jargaon: extracted
[local-ai] Garg Hospital: extracted
[local-ai] Dr. Hari Singh Hans Maternity Hospital and IVF Centre: extracted
[local-ai] Dr. Kernel Pediatric Hospital: extracted
[local-ai] Singla Hospital: extracted
[local-ai] Childrens Hospital: extracted
[checkpoint] saved 7310 records
[local-ai] Mittal Hospital: extracted
[local-ai] Dilshad Bone Care Centre: extracted
[local-ai] Baba Sahib Singh Ji Bedi Rural Hospital: extracted
[local-ai] Dr. Garg Hospital and Child Care Centre: extracted
[local-ai] Jeevan Astha Hospital: extracted
[local-ai] Durga Das Memorial Hospital: extracted
[local-ai] Sukhveen Hospital: extracted
[local-ai] Anant Hospital: extracted
[local-ai] Taneja Ortho Hospital: extracted
[local-ai] Ajit Ayurvedic Dawakhana: extracted
[local-ai] Kailash Children Hospital: extracted
[local-ai] Mata Sham Kaur Memorial Hospital: extracted
[local-ai] Kokila Hospital: extracted
[local-ai] Shri Roop Chand Jain Charitable Hospital: extracted
[local-ai] Janta Hospital: extracted
[local-ai] Dr. Kulwant Hospital: extracted
[local-ai] Pehalwan Bone and Joint Hospital: extracted
[local-ai] Kalsi Hospital: extracted
[local-ai] Bhagwant Memorial Hospital: extracted
[local-ai] Channa Hospital: extracted
[local-ai] Rehman Hospital: extracted
[local-ai] Dhaliwal Hospital: extracted
[local-ai] Carewell Hospital: extracted
[local-ai] Subsidiary Health Centre: extracted
[local-ai] Garg Maternity Home: extracted
[checkpoint] saved 7335 records
[local-ai] Dr. Ramesh Eye Hospital: extracted
[local-ai] Disha Hospital: extracted
[local-ai] Civil Homeopathic Hospital: extracted
[local-ai] Holistic Healthcare: extracted
[local-ai] Manoj Hospital: extracted
[local-ai] Patanjali Yog Chikitsalaya: extracted
[local-ai] Jain Homeopathic Hospital: extracted
[local-ai] Eshraj Hospital and Navdeep Surgical Centre: extracted
[local-ai] Dr. Brat Paul Mehta Memorial Hospital: extracted
[local-ai] Gill Hospital and Scan Centre: extracted
[local-ai] Nangal Cervical Hathwala: extracted
[local-ai] Ranvoor Hospital: extracted
[local-ai] Navdeep Hospital: extracted
[local-ai] Bansal Hospital: extracted
[local-ai] Dr. Faquir Chand Sood Skin Hospital: extracted
[local-ai] Soni Eye Care Centre: extracted
[local-ai] Goyal Hospital: extracted
[local-ai] Kamal Hospital: extracted
[local-ai] VRG Memorial Hospital: extracted
[local-ai] Sadhbhavana Centre Of Addiction Science and Mental Health Research: extracted
[local-ai] Jerath Eye and Skin Hospital: extracted
[local-ai] Sanjivani Hospital: extracted
[local-ai] Ojas Healthcare Centre: extracted
[local-ai] Sukhmani Hospital, Payal: extracted
[local-ai] Harman Hospitals, Samrala: extracted
[checkpoint] saved 7360 records
[local-ai] Daya Hospital: extracted
[local-ai] Rangi Hospital: extracted
[local-ai] Simrat Hospital: extracted
[local-ai] Sandhu Dental Hospital and Implant Centre: extracted
[local-ai] Guru Nanak Hospital: extracted
[local-ai] Kakkar Hospital: extracted
[local-ai] Life Care Hospital: extracted
[local-ai] Pandher Hospital: extracted
[local-ai] UVS Hospital: extracted
[local-ai] Gupta Children's Hospital: extracted
[local-ai] Sardarni Jagtar Kaur Memorial Hospital: extracted
[local-ai] Sukh Sansar Hospital: extracted
[local-ai] Malhans Hospital: extracted
[local-ai] Blaggon Hospital: extracted
[local-ai] Bambri Hospital and Maternity Centre: extracted
[local-ai] Rajwant Hospital: extracted
[local-ai] Gagan Hospital: extracted
[local-ai] Karan Hospital: extracted
[local-ai] Dr. Tejpal Surgical Hospital: extracted
[local-ai] Arzoo Hospital: extracted
[local-ai] Kaushal Hospital and Surgical Centre: extracted
[local-ai] Ranu Homeo Health Centre: extracted
[local-ai] Goyal Hospital: extracted
[local-ai] City Ortho Hospital: extracted
[local-ai] Sanjeevani Hospital: extracted
[checkpoint] saved 7385 records
[local-ai] Dr. Punnet Mahajan Physio Centre: extracted
[local-ai] Chaitanya Hospital: extracted
[local-ai] Jeevan Jyoti Hospital: extracted
[local-ai] Arya Hospital: extracted
[local-ai] KCM Hospital: extracted
[local-ai] Krishna Hospital: extracted
[local-ai] Bawa Lal Dyal Hospital: extracted
[local-ai] Jashwanth Hospital and Heart Foundation: extracted
[local-ai] Sri Sai Hospital: extracted
[local-ai] Neuropathy Treatment Centre: extracted
[local-ai] North Central Hospital: extracted
[local-ai] Bhatia Hospital: extracted
[local-ai] City Lifeline Hospital: extracted
[local-ai] Mahesh Mahajan Hospital: extracted
[local-ai] Baba Ayurvedic: extracted
[local-ai] Dr. Bengali Clinic and Hospital: extracted
[local-ai] Asia Hospital: extracted
[local-ai] Sri Nangali Hospital: extracted
[local-ai] Aarogya Hospital: extracted
[local-ai] Ajay Heart Care and Multi Speciality Hospital: extracted
[local-ai] K.K. Memorial Prashar Mother and Child Care Hospital: extracted
[local-ai] Agnihotri Hospital: extracted
[local-ai] Gandothra Hospital: extracted
[local-ai] Neel Kanth Medical and Heart Care Centre: extracted
[local-ai] Dr. Saini Bone and Joint Hospital: extracted
[checkpoint] saved 7410 records
[local-ai] V.C Hospital and Research Institute: extracted
[local-ai] Randeep Multi Speciality Hospital: extracted
[local-ai] Har-Sewak Hospital: extracted
[local-ai] Ranjit Sagar Dam Hospital: extracted
[local-ai] Amandeep Hospital: extracted
[local-ai] Kukreja Hospital: extracted
[local-ai] Global Paralysis Hospital: extracted
[local-ai] Navchetan Multi Speciality Hospital: extracted
[local-ai] Galaxy Hospital: extracted
[local-ai] Max Cure Hospital: extracted
[local-ai] Santhosh Sohal Hospital: extracted
[local-ai] SKR Hospital and Trauma Centre: extracted
[local-ai] Jyoti Hospital: extracted
[local-ai] KDH Neuro and Cardiac Centre: extracted
[local-ai] Shrinath Kidney Lifeline Centre: extracted
[local-ai] Dr. K.D's Eye Hospital: extracted
[local-ai] Gupta ENT Hospital: extracted
[local-ai] Sai Hospital: extracted
[local-ai] G.K Paramedical and Clinical Hospital: extracted
[local-ai] Swasthik Hospital: extracted
[local-ai] Sukiran ENT Hospital: extracted
[local-ai] Chikitsa Multi Speciality Hospital: extracted
[local-ai] Shriram Mission Hospital: extracted
[local-ai] Bhatia Hospital: extracted
[local-ai] City Lifeline Hospital: extracted
[checkpoint] saved 7435 records
[local-ai] Randhawal Hospital and Trauma Centre: extracted
[local-ai] JMC Hospital and Nursing Home: extracted
[local-ai] Raj Hospital: extracted
[local-ai] Puri Multi Speciality Hospital: extracted
[local-ai] Dr. M.C.K Astha Maternity Hospital: extracted
[local-ai] Sanjeevani Hospital: extracted
[local-ai] Aneta Hospital: extracted
[local-ai] Sahara Hospital: extracted
[local-ai] Noor Hospital and Heart Care Centre: extracted
[local-ai] Ajit Hospital: extracted
[local-ai] Gill Hospital: extracted
[local-ai] Sondh Hospital: extracted
[local-ai] Shri Guru Harikrishna Eye Hospital: extracted
[local-ai] Satyam Multi Speciality Hospital: extracted
[local-ai] Brar Multi Speciality Hospital: extracted
[local-ai] Lifecare Multi Speciality Hospital: extracted
[local-ai] Dr. Charanjit Hospital: extracted
[local-ai] Manosantulan Psychiatry Hospital: extracted
[local-ai] New Civil Hospital: extracted
[local-ai] Ace Hospital: extracted
[local-ai] Dr. Deepika Garg Maternity Home: extracted
[local-ai] Amen Hospital: extracted
[local-ai] Singla Hospital: extracted
[local-ai] Sharma Hospital: extracted
[local-ai] Bajaj Ortho and Multi Speciality Hospital: extracted
[checkpoint] saved 7460 records
[local-ai] Savera Hospital: extracted
[local-ai] Mandeep Hospital: extracted
[local-ai] Sarao Hospital: extracted
[local-ai] Dharini Hospital: extracted
[local-ai] ESI Hospital: extracted
[local-ai] Dr. Nitin Garg Ortho Centre: extracted
[local-ai] Dr. Jain's Bone and Joint Hospital: extracted
[local-ai] Nirmal Hospital: extracted
[local-ai] Sewal Hospital: extracted
[local-ai] Jeevan Eye and Maternity Hospital: extracted
[local-ai] Joshi General and Maternity Hospital: extracted
[local-ai] Agarwal Hospital: extracted
[local-ai] Nirmal Healthcare Centre: extracted
[local-ai] Sohana Eye and Dental Hospital: extracted
[local-ai] Mednet Healthcare Centre: extracted
[local-ai] Bhatia ENT and General Hospital: extracted
[local-ai] Sharif Hospital: extracted
[local-ai] Rana Clinic and Hospital: extracted
[local-ai] Urocare Hospital: extracted
[local-ai] Jain Piles and Multi Speciality Hospital: extracted
[local-ai] Sukhmani Hospital: extracted
[local-ai] City Hospital: extracted
[local-ai] J.K. Multi Speciality Hospital: extracted
[local-ai] Mahajan Hospital: extracted
[local-ai] Bajwa Hospital: extracted
[checkpoint] saved 7485 records
[local-ai] SKR Pysiotherapy: extracted
[local-ai] AMC Physiotherapy Centre: extracted
[local-ai] Columbus Child Care Hospital: extracted
[local-ai] RP Arora Hospital Medicity: extracted
[local-ai] Matharoo Physiotherapy Centre: extracted
[local-ai] Vishishat Children Hospital: extracted
[local-ai] Kohli Hospital: extracted
[local-ai] Mission Hospital: extracted
[local-ai] Aggarwal Kids Hospital: extracted
[local-ai] Sardari Lal Hospital: extracted
[local-ai] Arora Hospital: extracted
[local-ai] Yash Hospital: extracted
[local-ai] J.K. Ayurvedic Centre: extracted
[local-ai] Sidhu Medicity Hospital: extracted
[local-ai] Sanjeevani Aarogyashala Hospital: extracted
[local-ai] Dasmesh Hospital: extracted
[local-ai] Military Hospital: extracted
[local-ai] Dr. Kashyap ENT Hospital: extracted
[local-ai] Pearl ENT Hospital: extracted
[local-ai] K.J Hospital: extracted
[local-ai] Patanjali Chikitsalaya: extracted
[local-ai] Abrol Super Speciality Hospital: extracted
[local-ai] Minhas Accupressure Hospital: extracted
[local-ai] Government Hospital: extracted
[local-ai] Columbia Child Care Hospital: extracted
[checkpoint] saved 7510 records
[local-ai] Mahajan Clinic and Hospital: extracted
[local-ai] Kaka Hospital: extracted
[local-ai] Mehak Hospital: extracted
[local-ai] K.J Hospital: extracted
[local-ai] JS Nanda Hospital: extracted
[local-ai] Pannu Nursing Home and Hospital: extracted
[local-ai] Dhillon Hospital: extracted
[local-ai] Baba Gurdit Singh Kalsi Children Hospital: extracted
[local-ai] Kiran Medicare Hospital: extracted
[local-ai] Babbar Multi Speciality Hospital: extracted
[local-ai] Government Hospital: extracted
[local-ai] Bedi Children Hospital: extracted
[local-ai] R.K. Physiotherapy Centre: extracted
[local-ai] Ruby Hospital: extracted
[local-ai] Government Hospital: extracted
[local-ai] Sohal Hospital: extracted
[local-ai] Aulakh Children Hospital: extracted
[local-ai] Himagiri Hospital: extracted
[local-ai] Civil Hospital: extracted
[local-ai] Dr. Sandeep Memorial Multi Speciality Hospital: extracted
[local-ai] Sanjeevani Hospital: extracted
[local-ai] Shukla Hospital: extracted
[local-ai] Dashmesh Hospital: extracted
[local-ai] Kuldeep Hospital: extracted
[local-ai] Guru Nanak Eye Hospital: extracted
[checkpoint] saved 7535 records
[local-ai] Oboroi Hospital: extracted
[local-ai] Amar Shaheed Baba Moti Ram Mehra Memorial Super Speciality Charitable Hospital: extracted
[local-ai] Ghuman Hospital: extracted
[local-ai] Civil Hospital: extracted
[local-ai] Mind Care Hospital: extracted
[local-ai] Baba Harbans Singh Eye and Dental Hospital: extracted
[local-ai] Dhillon Eye Hospital & Laser Centre: extracted
[local-ai] Rana Hospital: extracted
[local-ai] Milap Hospital: extracted
[local-ai] Bither Hospital: extracted
[local-ai] Aman Hospital: extracted
[local-ai] Krishna Hospital: extracted
[local-ai] Dhillon Hospital: extracted
[local-ai] Guru Ram Das Bird Ashram: extracted
[local-ai] Dr. Aman's Ayurveda and Panchakarma Centre: extracted
[local-ai] Mahesh Hospital: extracted
[local-ai] Delhi Children Hospital: extracted
[local-ai] Desh Bhagat Ayurvedic College and Hospital: extracted
[local-ai] Aman General Hospital: extracted
[local-ai] Lohia Mission Hospital: extracted
[local-ai] Gurupreet Orthopaedic Hospital: extracted
[local-ai] SK Multispeciality Hospital: extracted
[local-ai] Dr. Amandeep Singh Eye Hospital: extracted
[local-ai] Medgenius Multispeciality Hospital: extracted
[local-ai] Gill Nursing Home: extracted
[checkpoint] saved 7560 records
[local-ai] Tricity Eye Hospital: extracted
[local-ai] Prime Hospital: extracted
[local-ai] Metropolis The Pathology Specialist: extracted
[local-ai] Goyal Hospital, Kurali: extracted
[local-ai] Chhabra Hospital: extracted
[local-ai] Highland Hospital: extracted
[local-ai] Apex Hospital: extracted
[local-ai] General Hospital: extracted
[local-ai] Omega Hospital: extracted
[local-ai] Mehta Hospital: extracted
[local-ai] Manjeet Laser Eye Hospital: extracted
[local-ai] City Hospital: extracted
[local-ai] HMS Child Speciality Hospital: extracted
[local-ai] Gupta Eyes Hospital: extracted
[local-ai] Midha Care Hospital: extracted
[local-ai] Aditya Multispeciality Hospital & Hair Transplant Centre: extracted
[local-ai] Sharma Multispeciality Hospital: extracted
[local-ai] Dhawan Nursing Home: extracted
[local-ai] Hamdard Ayurvedic Hospital: extracted
[local-ai] Deep Kamal Hospital & Maternity Home: extracted
[local-ai] Ziva Hospital: extracted
[local-ai] Homi Bhabha Cancer Hospital and Research Centre: extracted
[local-ai] Gupta Hospital: extracted
[local-ai] Bio Health Hospital: extracted
[local-ai] Bhupindera Hospital: extracted
[checkpoint] saved 7585 records
[local-ai] Universal Institute & Charitable Hospiital: extracted
[local-ai] Sohana Hospital: extracted
[local-ai] BSF Hospital: extracted
[local-ai] R.P Hospital: extracted
[local-ai] Pancham Hospital: extracted
[local-ai] Rajeev Eye Hospital: extracted
[local-ai] Chahal Hospital: extracted
[local-ai] Healthsure Multispeciality Hospital: extracted
[local-ai] Shri Guru Nanak Dev Ji Hospital: extracted
[local-ai] Dr. Amritpal Hospital: extracted
[local-ai] Gopal Hospital: extracted
[local-ai] Grand Hospital: extracted
[local-ai] Vinod Hospital: extracted
[local-ai] Trauma and Emergency Critical Care: extracted
[local-ai] Aayush Hospital: extracted
[local-ai] NuLife Hospital: extracted
[local-ai] Mehar Hospital: extracted
[local-ai] Rayat Bahra SuperSpeciality Hospital: extracted
[local-ai] Trehan Hospital: extracted
[local-ai] Mayo Healthcare Super Speciality Hospital: extracted
[local-ai] I- Med Hospital: extracted
[local-ai] Harmony Hospital: extracted
[local-ai] Dhingra Hospital and Surgical Centre: extracted
[local-ai] ENT Hospital: extracted
[local-ai] Dr. Virendra Dhanlhar Mayo Health Care Super Speciality Hospital: extracted
[checkpoint] saved 7610 records
[local-ai] Ashirwad Hospital: extracted
[local-ai] Swami Nursing Home: extracted
[local-ai] Sethi Hospital: extracted
[local-ai] S.S Hospital: extracted
[local-ai] Dashmesh Hospital: extracted
[local-ai] Arya Hospital: extracted
[local-ai] Charitable Hospital: extracted
[local-ai] Dr. R.C.P. Singh Memorial Charitable Hospital: extracted
[local-ai] Dr. Lovkesh Mittal's Ear, Nose & Throat Hospital: extracted
[local-ai] Life Line Care: extracted
[local-ai] Trinity Hospital & Medical Research Institute: extracted
[local-ai] Multispeciality Hospital: extracted
[local-ai] Doctor Square Multispeciality Hospital: extracted
[local-ai] Tara Hospital: extracted
[local-ai] Swastik Nursing Home: extracted
[local-ai] Osmed Healthcare Multispeciality Hospital: extracted
[local-ai] Blessings Hospital: extracted
[local-ai] Ayush Nursing Home: extracted
[local-ai] Gavean Joti Hospital: extracted
[local-ai] Government Hospital: extracted
[local-ai] Divine Physiotherapy and Neuro Rehabilitation Centre: extracted
[local-ai] City Hospital and Wellness Centre: extracted
[local-ai] Sri Ram Hospital & Advanced Eye Care Centre: extracted
[local-ai] Divya Multi Speciality Hospital: extracted
[local-ai] Matsya Hospital: extracted
[checkpoint] saved 7635 records
[local-ai] Amcare Hospital: extracted
[local-ai] Raheja Nursing Home: extracted
[local-ai] Saini Hospital: extracted
[local-ai] Orthomax Bone & Joint Hospital: extracted
[local-ai] Mom and Me Hospital: extracted
[local-ai] Vishwas Hospital: extracted
[local-ai] V Care Hospital: extracted
[local-ai] Advamed Hospital: extracted
[local-ai] Vision Eye Hospital: extracted
[local-ai] Dhuper Hospital: extracted
[local-ai] Life Line Hospital: extracted
[local-ai] Santosh Hospital: extracted
[local-ai] Wingz Hospital: extracted
[local-ai] Government Hospital: extracted
[local-ai] Dr. Vivekananda Hospital: extracted
[local-ai] Neelam Hospital: extracted
[local-ai] Civil Hospital: extracted
[local-ai] Government Health Centre: extracted
[local-ai] Chopra Hospital: extracted
[local-ai] Mehta Hospital: extracted
[local-ai] Aman Hospital & Diagnostics Centre: extracted
[local-ai] Indus International Hospital: extracted
[local-ai] AP Jain Hospital: extracted
[local-ai] Bhangu Hospital: extracted
[local-ai] Dhawan Children Hospital: extracted
[checkpoint] saved 7660 records
[local-ai] Mittal Hospital: extracted
[local-ai] ESI Hospital: extracted
[local-ai] Gian Sagar Hospital: extracted
[local-ai] Dr. Chhatwal ENT Hospital: extracted
[local-ai] Longia Eye Hospital: extracted
[local-ai] Shyam Singh Hospital: extracted
[local-ai] Sai Baba Hospital: extracted
[local-ai] Dr. Bhatia Hospital: extracted
[local-ai] Gursagar Homoeopathic Hospital: extracted
[local-ai] Singla Hospital and Maternity Home: extracted
[local-ai] Dinesh Children and Neonatal Hospital: extracted
[local-ai] Jaslok Hospital: extracted
[local-ai] Kaushal Hospital: extracted
[local-ai] Gulati Hospital: extracted
[local-ai] Chawla Hospital: extracted
[local-ai] Gayatri Hospital: extracted
[local-ai] Gursharan Hospital: extracted
[local-ai] Mehar Hospital: extracted
[local-ai] Sanjeevani Hospital: extracted
[local-ai] Dr. Kande's Hospital: extracted
[local-ai] Sachdeva Hospital: extracted
[local-ai] Government Hospital: extracted
[local-ai] Sanjivani Hospital: extracted
[local-ai] Wadis Hospital: extracted
[local-ai] Rajindra Charitable Hospital: extracted
[checkpoint] saved 7685 records
[local-ai] Jail Hospital: extracted
[local-ai] Sunil Hospital: extracted
[local-ai] Sohal Homoeopathic Hospital: extracted
[local-ai] Luxmi Bai Institute Of Dental Sciences and Hospital: extracted
[local-ai] Nitin Hospital: extracted
[local-ai] Ortho Hospital: extracted
[local-ai] Amarinder Hospital: extracted
[local-ai] Venertry Hospital: extracted
[local-ai] Anand Ayurvedic Hospital: extracted
[local-ai] Dhaliwal Hospital: extracted
[local-ai] New Patiala Hospital: extracted
[local-ai] Chaman Hospital: extracted
[local-ai] Rita Nursing Home: extracted
[local-ai] Vilkhu Homeopathic Hospital: extracted
[local-ai] Amar Multi-Speciality Hospital: extracted
[local-ai] Government Hospital: extracted
[local-ai] Akm Medicity Hospital: extracted
[local-ai] Kansal Hospital: extracted
[local-ai] Rooprai Nursing Home Hospital: extracted
[local-ai] Khan Hospital: extracted
[local-ai] Dr. Sachdeva's General and Surgical Hospital: extracted
[local-ai] Civil Hospital: extracted
[local-ai] MSM Hospital: extracted
[local-ai] Prem Hospital: extracted
[local-ai] Goyal Hospital: extracted
[checkpoint] saved 7710 records
[local-ai] Civil Hospital: extracted
[local-ai] Yash Hospital: extracted
[local-ai] Jiund Hospital: extracted
[local-ai] Sandhu Hospital: extracted
[local-ai] Dr. Dangarrhia Public Hospital: extracted
[local-ai] Government Hospital: extracted
[local-ai] Kochhar Nursing Home: extracted
[local-ai] Civil Hospital: extracted
[local-ai] Malerkotla Hospital: extracted
[local-ai] Civil Hospital: extracted
[local-ai] Government Hospital: extracted
[local-ai] Patiala Hospital: extracted
[local-ai] Singla Hospital: extracted
[local-ai] Mittal Hospital: extracted
[local-ai] Jalandhar Hospital: extracted
[local-ai] Dr. Sharma General Hospital: extracted
[local-ai] Government Hospital: extracted
[local-ai] Dilshad Hospital: extracted
[local-ai] Sharma Hospital: extracted
[local-ai] Kangar Hospital: extracted
[local-ai] Garg Hospital: extracted
[local-ai] Bhuller Nursing Home: extracted
[local-ai] Karamsar Hospital: extracted
[local-ai] Naresh Hospital: extracted
[local-ai] Raj Nursing Home: extracted
[checkpoint] saved 7735 records
[local-ai] Cattle Hospital: extracted
[local-ai] Government Hospital: extracted
[local-ai] Khan Hospital: extracted
[local-ai] Bansal Hospital: extracted
[local-ai] Government Hospital: extracted
[local-ai] Government Hospital: extracted
[local-ai] Dr. Kumar Hospital: extracted
[local-ai] ST Hospital & Critical Care Centre: extracted
[local-ai] Jacha Bacha Hospital: extracted
[local-ai] Prem Eye & Maternity Hospital: extracted
[local-ai] Holy Hospital: extracted
[local-ai] Vaid Sant Ram Hospital: extracted
[local-ai] Dr. Naresh Hospital and Heart Centre: extracted
[local-ai] Dr. Heera Lal Homeopathic Hospital: extracted
[local-ai] Civil Hospital: extracted
[local-ai] Hem Raj Jain Hospital: extracted
[local-ai] Deepak Hospital: extracted
[local-ai] Aastha Hospital: extracted
[local-ai] Manodisha Hospital: extracted
[local-ai] Care & Cure Physiotherapy Centre: extracted
[local-ai] Guru Nanak Manorog Hospital: extracted
[local-ai] Partap Nursing Home: extracted
[local-ai] Singhal Hospital: extracted
[local-ai] Tallewalia Homeopathic Hospital: extracted
[local-ai] Tathgur Hospital: extracted
[checkpoint] saved 7760 records
[local-ai] Barnala Manorog Hospital: extracted
[local-ai] Dr. Tirloki Eye Care Hospital: extracted
[local-ai] Sood I.V.F Centre: extracted
[local-ai] Grover ENT Hospital: extracted
[local-ai] Sood Nursing Home: extracted
[local-ai] Harvinder Homeopathic Hospital: extracted
[local-ai] Ekta Hospital: extracted
[local-ai] Mittal Hospital: extracted
[local-ai] Guru Kirpa Hospital: extracted
[local-ai] RKG Super Speciality Hospital: extracted
[local-ai] Punjab Eye Hospital: extracted
[local-ai] Alfa Eye Hospital: extracted
[local-ai] Asha Gupta Maternity Hospital: extracted
[local-ai] Vedic Healing Centre: extracted
[local-ai] Bhambri Surgical and Laparoscopy Centre: extracted
[local-ai] Sanjivani Hospital: extracted
[local-ai] Bhushan Children Hospital: extracted
[local-ai] Government Hospital: extracted
[local-ai] Garg Mission Hospital: extracted
[local-ai] Sant Nursing Home - Maternity Hospital: extracted
[local-ai] Vardaan Hospital: extracted
[local-ai] Superspeciality Wing Rajindra Hospital: extracted
[local-ai] Kuber Hospital: extracted
[local-ai] T.B Hospital: extracted
[local-ai] Rajan Hospital: extracted
[checkpoint] saved 7785 records
[local-ai] Golden Tulip Hospital: extracted
[local-ai] Bansal Eye Hospital and Laser Centre: extracted
[local-ai] Government Ayurvedic Hospital: extracted
[local-ai] Life Care Hospital: extracted
[local-ai] Lovish Arora Hospital: extracted
[local-ai] Brain Hospital: extracted
[local-ai] JK Memorial Hospital: extracted
[local-ai] Sadbhavna Hospital: extracted
[local-ai] Galaxy Hospital & Trauma Centre: extracted
[local-ai] Tandon Hospital: extracted
[local-ai] Walia Hospital Life Line Blood Centre: extracted
[local-ai] Bhatia Hospital Neuro and Multispeciality: extracted
[local-ai] Goyal Psychiatry Hospital: extracted
[local-ai] Garg Eye Hospital: extracted
[local-ai] Saket Hospital: extracted
[local-ai] Gupta Hospital: extracted
[local-ai] Dr. Vijay Dental Hospital: extracted
[local-ai] Guru Teg Bahadur Eye Hospital: extracted
[local-ai] Aggrasain Hospital: extracted
[local-ai] Bansal Jointline Orthopaedic Hospital: extracted
[local-ai] Sodhi Eye Hospital: extracted
[local-ai] Healthy Baby Children Hospital: extracted
[local-ai] Dr. RS Randhawa Eye Hospital: extracted
[local-ai] Amar Hospital: extracted
[local-ai] Ravindra Hospital: extracted
[checkpoint] saved 7810 records
[local-ai] Sahara Multi Speciality Hospital: extracted
[local-ai] Dr. Manpreet Global Eye Hospital: extracted
[local-ai] Saijan Kalyan Hospital: extracted
[local-ai] Prime Multispeciality Hospital: extracted
[local-ai] Arihant Hospital: extracted
[local-ai] Government Dental College & Hospital: extracted
[local-ai] Sandhu Hospital: extracted
[local-ai] Gurmeet Hospital: extracted
[local-ai] Nawal Hospital: extracted
[local-ai] Kakkar Eye Hospital: extracted
[local-ai] Bansal Child Care Hospital: extracted
[local-ai] Aggarwal Hospital: extracted
[local-ai] Singla Hospital: extracted
[local-ai] Dr. Jagjit Singh Eye Hospital: extracted
[local-ai] Dang Hospital: extracted
[local-ai] K D Hospital: extracted
[local-ai] Adarsh Hospital: extracted
[local-ai] Garg Children Hospital: extracted
[local-ai] Government Hospital: extracted
[local-ai] Rekha Garg Women's Hospital: extracted
[local-ai] Sukhdev Medical Centre & Hospital: extracted
[local-ai] Manav Ekta Dental Hospital: extracted
[local-ai] Jain Hospital: extracted
[local-ai] Government Hospital: extracted
[local-ai] Eye Hospital: extracted
[checkpoint] saved 7835 records
[local-ai] Bansal Hospital: extracted
[local-ai] Amrit Ayurveda Superspeciality Hospital: extracted
[local-ai] Goyal Dental Hospital: extracted
[local-ai] Ashok Hospital: extracted
[local-ai] Ranchan Hospital: extracted
[local-ai] Shreya Hospital: extracted
[local-ai] Goel Dental Hospital & Implant Centre: extracted
[local-ai] Nishan Hospital: extracted
[local-ai] Aneja Children and Maternity Hospital: extracted
[local-ai] Tara Hospital: extracted
[local-ai] Dhir Children & General Hospital: extracted
[local-ai] Garg Surgical and Children Hospital: extracted
[local-ai] Mehta Hospital: extracted
[local-ai] Gopal Hospital: extracted
[local-ai] Raj General Hospital: extracted
[local-ai] Drishti Hospital: extracted
[local-ai] Singla Hospital: extracted
[local-ai] Sahmane Dhanetha Hospital: extracted
[local-ai] Arora Ayurvedic Hospital: extracted
[local-ai] Patiala Health Care Hospital: extracted
[local-ai] Tiwari Hospital: extracted
[local-ai] Arnouli Hospital: extracted
[local-ai] Grecian Hospital: extracted
[local-ai] Gurukripa Hospital: extracted
[local-ai] Pahwa Hospital: extracted
[checkpoint] saved 7860 records
[local-ai] Battey Ayurvedic Hospital: extracted
[local-ai] The Bharat Mission Hospital: extracted
[local-ai] Goyal Health Care Hospital: extracted
[local-ai] Arora Hospital: extracted
[local-ai] Dr. Garg Children Hospital: extracted
[local-ai] Ashirwad Homoeopathic Hospital: extracted
[local-ai] Government Hospital: extracted
[local-ai] Ekjyot Eye Hospital: extracted
[local-ai] Veenu Goyal Hospital: extracted
[local-ai] Sanjeevani Hospital: extracted
[local-ai] Vaid Karamchand Dawakhana: extracted
[local-ai] K.D. Sanan Eye Hospital: extracted
[local-ai] Navnoor Hospital: extracted
[local-ai] Simran Hospital: extracted
[local-ai] Inderjit Hospital: extracted
[local-ai] Baba Bela Singh Charitable Hospital: extracted
[local-ai] Gurpal Hospital: extracted
[local-ai] Rajinder Multi Speciality Hospital: extracted
[local-ai] H.A.S. Chinna Hospital: extracted
[local-ai] Ashwini Hospital: extracted
[local-ai] Vedik Karma Ayurvedic Hospital: extracted
[local-ai] Bal Hospital: extracted
[local-ai] Dr. Ramesh Memorial ENT Hospital: extracted
[local-ai] Sandhu Hospital: extracted
[local-ai] Amandeep Life Care Centre: extracted
[checkpoint] saved 7885 records
[local-ai] S.R. Hospital: extracted
[local-ai] Bhandari Hospital: extracted
[local-ai] Government Hospital: extracted
[local-ai] Preet Eye Hospital: extracted
[local-ai] Bhatia Surgical and General Hospital: extracted
[local-ai] Government Hospital: extracted
[local-ai] Miri Piri Hospital: extracted
[local-ai] Guru Nanak Dev Hospital: extracted
[local-ai] Jyoti Prakash Eye Hospital: extracted
[local-ai] Mahajan Hospital: extracted
[local-ai] Randhava Hospital: extracted
[local-ai] Bawa Ayurvedic Treatment Centre: extracted
[local-ai] Navtej Humanity Hospital: extracted
[local-ai] Government Hospital: extracted
[local-ai] Dhariwal Hospital: extracted
[local-ai] Sastar Hospital: extracted
[local-ai] Prabh Simran Hospital: extracted
[local-ai] DRM Hospital: extracted
[local-ai] Government Hospital: extracted
[local-ai] Mahajan Hospital: extracted
[local-ai] Batala Hospital: extracted
[local-ai] Shri Bawa Lal Ji Charitable Hospital: extracted
[local-ai] Gill Hospital: extracted
[local-ai] Gupta Hospital and Manik Nursing Home: extracted
[local-ai] Suri Hospital: extracted
[checkpoint] saved 7910 records
[local-ai] Sarchur & Nasrke Hospital: extracted
[local-ai] Kaushalya Devi Eye Hospital: extracted
[local-ai] Sandhu Hospital and Diabetes Care Centre: extracted
[local-ai] New Randhava Hospital: extracted
[local-ai] Johal Hospital: extracted
[local-ai] Akash Hospital: extracted
[local-ai] Shiv Hospital: extracted
[local-ai] Om Prakash Eye Hospital: extracted
[local-ai] Bharadwaj Hospital: extracted
[local-ai] Ravinder Hospital: extracted
[local-ai] Parminder Hospital: extracted
[local-ai] Vaid Prem Singh Hospital: extracted
[local-ai] Narang Children Hospital: extracted
[local-ai] Marwaha Multi Speciality Hospital: extracted
[local-ai] Gosain Hospital: extracted
[local-ai] Geetanjali Hospital: extracted
[local-ai] Chinna Hospital: extracted
[local-ai] Khalon Super Speciality Hospital: extracted
[local-ai] Government Hospital: extracted
[local-ai] Neurotherapy Wellness Centre: extracted
[local-ai] Sohal Bone and Joint Hospital: extracted
[local-ai] Mishra Hospital: extracted
[local-ai] Sandhu Hospital: extracted
[local-ai] Mahant Seetal Das Hospital: extracted
[local-ai] Randhawa Hospital: extracted
[checkpoint] saved 7935 records
[local-ai] Ashoka Hospital: extracted
[local-ai] NFL Hospital: extracted
[local-ai] Deep Hospital: extracted
[local-ai] Gupta Children Hospital: extracted
[local-ai] Kiran Hospital: extracted
[local-ai] Jot Hospital: extracted
[local-ai] Local Hospital: extracted
[local-ai] LKRM City Hospital: extracted
[local-ai] Kewal Hospital: extracted
[local-ai] Government Hospital: extracted
[local-ai] Brar Eye Hospital: extracted
[local-ai] Ivy Hospital: extracted
[local-ai] Vivek Ashram Eye Hospital: extracted
[local-ai] Kishori Ram Hospital: extracted
[local-ai] Guru Kaul Charitable Hospital: extracted
[local-ai] Dr. Balbir Singh Hospital: extracted
[local-ai] Garg Hospital: extracted
[local-ai] Guru Ram Dass Hospital: extracted
[local-ai] Darshana Memorial Hospital: extracted
[local-ai] Nirmal Hospital: extracted
[local-ai] Red Cross Hospital: extracted
[local-ai] Government Hospital: extracted
[local-ai] Sidhu Multispeciality Hospital: extracted
[local-ai] Kataria's Electro-Homeo Hospital: extracted
[local-ai] Government Hospital: extracted
[checkpoint] saved 7960 records
[local-ai] Jaipur Children Hospital: extracted
[local-ai] Saroop Hospital: extracted
[local-ai] Deol Hospital: extracted
[local-ai] Dalip Singh Hospital: extracted
[local-ai] Government Hospital: extracted
[local-ai] Dr. Pargat Singh Hospital: extracted
[local-ai] Pooran Hospital and Physiotherapy Centre: extracted
[local-ai] Balvir Hospital: extracted
[local-ai] Aman Hospital: extracted
[local-ai] Shanti Devi Hospital: extracted
[local-ai] Guru Nanak Dev Eye Hospital: extracted
[local-ai] Government Hospital: extracted
[local-ai] Lions Hospital & Physiology: extracted
[local-ai] Dhillon Hospital: extracted
[local-ai] Government Ayurvedic Hospital: extracted
[local-ai] Bhai Dyaldas Hospital: extracted
[local-ai] Sajavani Hospital: extracted
[local-ai] Government Civil Hospital: extracted
[local-ai] Aman Hospital: extracted
[local-ai] Joginder Hospital: extracted
[local-ai] Prime Care Hospital: extracted
[local-ai] Gupta Hospital: extracted
[local-ai] Punjab Cancer Care & Multispeciality Hospital: extracted
[local-ai] Tungwali Hospital: extracted
[local-ai] Ravinder Hospital: extracted
[checkpoint] saved 7985 records
[local-ai] Bathinda Piles Hospital: extracted
[local-ai] Delhi Heart Institute & Multispeciality Hospital: extracted
[local-ai] Sidhu Hospital & Dialysis Centre: extracted
[local-ai] Cosmo Superspeciality Hospital: extracted
[local-ai] Maheshwari Children's Hospital: extracted
[local-ai] Namrata Eye Hospital: extracted
[local-ai] Ayurvedic Hospital: extracted
[local-ai] Malhi Hospital: extracted
[local-ai] Malhi Eye Hospital: extracted
[local-ai] Bakshi Hospital: extracted
[local-ai] Krishna Mohan Delhi Childern Hospital: extracted
[local-ai] Dr. Mela Ram Hospital: extracted
[local-ai] Jindal ENT Hospital: extracted
[local-ai] Gagandeep Multispeciality Dental Hospital and Implant Centre: extracted
[local-ai] Jason Hospital: extracted
[local-ai] Ortho Care Hospital: extracted
[local-ai] Dhaliwal Hospital: extracted
[local-ai] Chitterlekha Hospital: extracted
[local-ai] khalsa Mission Hospital: extracted
[local-ai] Akhtiar Gill Hospital: extracted
[local-ai] Dr. S.K. Gupta Skin & VD Hospital & Laser Treatment Centre: extracted
[local-ai] Grover Eye Hospital: extracted
[local-ai] Maheshwari Children Hospital: extracted
[local-ai] Rajan Hospital: extracted
[local-ai] Maan Hospital: extracted
[checkpoint] saved 8010 records
[local-ai] Manda Homeopathic Hospital: extracted
[local-ai] Jaura Orthopaedic & Maternity Hospital: extracted
[local-ai] Goyal Hospital: extracted
[local-ai] Dhillon Eye Hospital: extracted
[local-ai] Dr. Gill Hospital: extracted
[local-ai] Bansal Cancer Hospital: extracted
[local-ai] Bajaj Children Hospital & Care Centre: extracted
[local-ai] D D Bone & Joint Hospital: extracted
[local-ai] Dr. Bharat Bhusan Hospital: extracted
[local-ai] R.G Hospital: extracted
[local-ai] Pardeep Memorial Goyal Hospital: extracted
[local-ai] Aastha Hospital: extracted
[local-ai] Indrani Hospital: extracted
[local-ai] District Hospital: extracted
[local-ai] Cygnesis Hospital: extracted
[local-ai] Adesh Hospital: extracted
[local-ai] Vasu Eye Hospital: extracted
[local-ai] Lifeline Hospital: extracted
[local-ai] Verma Hospital: extracted
[local-ai] Kalra Hospital: extracted
[local-ai] Ashirwad Hospital ENT & Maternity Centre: extracted
[local-ai] Care Hospital: extracted
[local-ai] Jai Ayurvedic Hospital: extracted
[local-ai] Holy Children Hospital: extracted
[local-ai] New City Hospital: extracted
[checkpoint] saved 8035 records
[local-ai] Bharat Hospital: extracted
[local-ai] Jassi Hospital: extracted
[local-ai] Dr. Mohinder Singh Hospital: extracted
[local-ai] J.D. Hospital: extracted
[local-ai] Rabindra Hospital: extracted
[local-ai] Romana Hospital: extracted
[local-ai] Kapila Hospital: extracted
[local-ai] Namrta Eye Hospital: extracted
[local-ai] Arogyam Ayurvedic Allergy Hospital: extracted
[local-ai] Goyal Hospital: extracted
[local-ai] Sethi Hospital: extracted
[local-ai] Dayal Kidney Hospital: extracted
[local-ai] Dr. H.K. Gupta Hospital: extracted
[local-ai] Roshni Eye Hospital: extracted
[local-ai] Ames Ayurveda Hospital: extracted
[local-ai] Rama Hospital: extracted
[local-ai] Parkash Hospital: extracted
[local-ai] Chiragdin Hospital: extracted
[local-ai] Mediprime Hospital: extracted
[local-ai] Rajpal Hospital: extracted
[local-ai] Midha Hospital: extracted
[local-ai] Thakural Hospital: extracted
[local-ai] Sushil Jindal Dental Hospital: extracted
[local-ai] Grover Hospital: extracted
[local-ai] G D Multispeciality Hospital: extracted
[checkpoint] saved 8060 records
[local-ai] Bansal Surgical Hospital: extracted
[local-ai] Sahgal Nursing Home: extracted
[local-ai] S.R.K Multispeciality Hospital & Eye Care: extracted
[local-ai] Jhanjee Hospital: extracted
[local-ai] Saini Eye Hospital: extracted
[local-ai] Gautam Eye Hospital: extracted
[local-ai] Apex Hospital: extracted
[local-ai] Dr. Mohan Lal Thaman Clinic: extracted
[local-ai] Dr. Malkit Hospital: extracted
[local-ai] Dr. A. K. Saini Bone & Joint Hospital: extracted
[local-ai] Sanjeevani Hospital: extracted
[local-ai] Dogra Hospital: extracted
[local-ai] Naman Multispeciality Hospital: extracted
[local-ai] J.K Hospital: extracted
[local-ai] Civil Hospital: extracted
[local-ai] Kanwar Hospital: extracted
[local-ai] Pravesh Hospital and Panchakarma Centre: extracted
[local-ai] Gautam Eye Hospital: extracted
[local-ai] Chaudhary Ayurvedic Hospital: extracted
[local-ai] Bahga Hospital: extracted
[local-ai] SS Medicity Hospital: extracted
[local-ai] Rana Hospital: extracted
[local-ai] Apna Hospital: extracted
[local-ai] Sant Baba Harnam Singh Memorial Eye Hospital: extracted
[local-ai] Pranav Multispeciality Hospital: extracted
[checkpoint] saved 8085 records
[local-ai] Dr. Dawinder Hospital & Heart Care: extracted
[local-ai] BBMB Hospital: extracted
[local-ai] Lifecare Hospital: extracted
[local-ai] Santsar Charitable Hospital: extracted
[local-ai] Nayyar Hospital: extracted
[local-ai] Kapila's Childcare Hospital: extracted
[local-ai] Dr. Malkit Hospital: extracted
[local-ai] Lakhwinder Ortho Hospital: extracted
[local-ai] Dr. Chaudhary Gynae Hospital: extracted
[local-ai] Spn Charitable Hospital: extracted
[local-ai] Shri Sudama Mehta Charitable Hospital: extracted
[local-ai] Budwal Hospital: extracted
[local-ai] Basra Hospital: extracted
[local-ai] Preet Hospital: extracted
[local-ai] Sri Guru Arjun Dev Cheritable Hospital: extracted
[local-ai] Goverment Hospital: extracted
[local-ai] K N Maingi Memorial Hospital and Advance Eye Care Centre: extracted
[local-ai] Baba Rangi Ram Memorial Hospital: extracted
[local-ai] Life Care Hospital: extracted
[local-ai] Guru Nanak Mission Hospital: extracted
[local-ai] Chopra Hospital: extracted
[local-ai] Baba Farid Eye Hospital: extracted
[local-ai] Amrit Hospital: extracted
[local-ai] Government Hospital: extracted
[local-ai] Sahara Hospital: extracted
[checkpoint] saved 8110 records
[local-ai] Dr Anil Child Hospital: extracted
[local-ai] Baba Balwant Singh Memorial Charitable Hospital: extracted
[local-ai] Guru Nanak Eye Hospital & Homeopathic Centre: extracted
[local-ai] Swaran Hospital: extracted
[local-ai] Rabindera Hospital: extracted
[local-ai] Gill Hospital: extracted
[local-ai] Budwal Eye and General Hospital: extracted
[local-ai] SGTB Hospital: extracted
[local-ai] Mittal Eye Hospital: extracted
[local-ai] City Hospital: extracted
[local-ai] Khullar Hospital: extracted
[local-ai] MGKM Amardeep Hospital: extracted
[local-ai] Harsh Dental and Homoeopathy Hospital: extracted
[local-ai] Waves Hospital: extracted
[local-ai] ASM City Hospital: extracted
[local-ai] Deep Hospital: extracted
[local-ai] Ruchi Eye Hospital: extracted
[local-ai] Ghotra Hospital: extracted
[local-ai] Sahota Hospital: extracted
[local-ai] Malhotra Hospital: extracted
[local-ai] Agam Hospital: extracted
[local-ai] Rishi Eye Care Centre: extracted
[local-ai] Vijay Hospital: extracted
[local-ai] Metro Hospital: extracted
[local-ai] Kalgidhar Hospital: extracted
[checkpoint] saved 8135 records
[local-ai] Preet Hospital: extracted
[local-ai] Aastha Hospital: extracted
[local-ai] Pathak Hospital: extracted
[local-ai] Dukh Niwarin Hospital: extracted
[local-ai] Bhagya Tara Hospital: extracted
[local-ai] Narad Hospital: extracted
[local-ai] Kalia Nursing Home: extracted
[local-ai] Hoshiarpur Nursing Home: extracted
[local-ai] Police Hospital: extracted
[local-ai] Ram Dass Charitable Hospital: extracted
[local-ai] TGM Gulati Surgical Hospital: extracted
[local-ai] S.D Homeopathic Hospital: extracted
[local-ai] Bali Hospital: extracted
[local-ai] Ravjot Hospital & Cardiac Centre: extracted
[local-ai] Child Care Hospital: extracted
[local-ai] Sainison Hospital: extracted
[local-ai] Kuldeep Eye Hospital: extracted
[local-ai] J J Children Hospital and Women Wellness Centre: extracted
[local-ai] Sethi Hospital: extracted
[local-ai] Shri Nageshwar Hospital: extracted
[local-ai] Ahuja Children Hospital: extracted
[local-ai] SB Eye Care Hospital: extracted
[local-ai] Healing Touch Hospital: extracted
[local-ai] Kapila Hospital: extracted
[local-ai] District Hospital: extracted
[checkpoint] saved 8160 records
[local-ai] Sbm Memorial Hospital: extracted
[local-ai] Ivy Superspeciality Hospital: extracted
[local-ai] SSM Hospital: extracted
[local-ai] Shree Narayn Hospital: extracted
[local-ai] New Saini Hospital: extracted
[local-ai] Nova Hospital: extracted
[local-ai] Bal Krishan Hospital: extracted
[local-ai] Kumar Hospital: extracted
[local-ai] Kanwar Hospital: extracted
[local-ai] Bariana Eye Hospital: extracted
[local-ai] Agarwal Hospital: extracted
[local-ai] SPS Children Hospital: extracted
[local-ai] Jaswal Homeopathic & Acupuncture Hospital: extracted
[local-ai] Dr. Prashar's Hospital: extracted
[local-ai] Amarjit Singh Anand Hospital: extracted
[local-ai] Aman Hospital: extracted
[local-ai] Khanna Eye & Skin Hospital: extracted
[local-ai] Royal Multispeciality Hospital: extracted
[local-ai] Saini Hospital & Test Tube Baby Centre: extracted
[local-ai] Shaant Nursing Home: extracted
[local-ai] Sharma Maternity Hospital: extracted
[local-ai] Deepak Family Care Hospital: extracted
[local-ai] Universal Hospital and Trauma Centre: extracted
[local-ai] SGRD Cheritable Hospital: extracted
[local-ai] Acharya Sushil Muni Charitable Hospital: extracted
[checkpoint] saved 8185 records
[local-ai] KDM Multi Speciality Hospital: extracted
[local-ai] Dr. Amit Skin and Eye Hospital: extracted
[local-ai] Nanda Nursing Home: extracted
[local-ai] Sai Hospital: extracted
[local-ai] Ashirwad Hospital: extracted
[local-ai] Kler Hospital: extracted
[local-ai] Gupta Hospital: extracted
[local-ai] Mangla Hospital: extracted
[local-ai] Drishti Eye Hospital: extracted
[local-ai] Sukhmani Hospital: extracted
[local-ai] Manu Hospital: extracted
[local-ai] Aggarwal Hospital: extracted
[local-ai] Naveen Hospital: extracted
[local-ai] Jindal Hospital: extracted
[local-ai] Sandhu Maternity & Nursing Home: extracted
[local-ai] Garmin Homeopathic and Ortho Hospital: extracted
[local-ai] Arogyam Health Care Hospital: extracted
[local-ai] Eye Hospital: extracted
[local-ai] Bhaini Walyea Da Hospital: extracted
[local-ai] Yogesh Care Hospital: extracted
[local-ai] Roy Hospital and Dental clinic: extracted
[local-ai] Chopra Clinic & Hospital: extracted
[local-ai] LBRC Hospital: extracted
[local-ai] Sidhu Hospital: extracted
[local-ai] Apex Hospital: extracted
[checkpoint] saved 8210 records
[local-ai] Dr. Ved Parkash Hospital: extracted
[local-ai] Guru Nanak Eyes Hospital: extracted
[local-ai] Government Hospital: extracted
[local-ai] Kiran Eye Hospital: extracted
[local-ai] Astha Hospital: extracted
[local-ai] Lord Rama Hospital: extracted
[local-ai] Aukalh Hospital: extracted
[local-ai] Government Hospital: extracted
[local-ai] Dr. Hindi Memorial Hospital & Dental Care Centre: extracted
[local-ai] Government Hospital: extracted
[local-ai] Government Hospital: extracted
[local-ai] Goyal Children Hospital: extracted
[local-ai] Amar Hospital: extracted
[local-ai] Sant Trivanigiri Punarjyoti Eye Hospital: extracted
[local-ai] Sahota Hospital: extracted
[local-ai] Saint Sahara Ayurvedic Hospital: extracted
[local-ai] Bansal Hospital: extracted
[local-ai] Guru Nanak Hospital: extracted
[local-ai] Dr. Mahavir Memorial Hospital: extracted
[local-ai] Mannat Hospital: extracted
[local-ai] Bahia Ayurvedic Hospital: extracted
[local-ai] Rao Memorial Hospital: extracted
[local-ai] Gian Hospital: extracted
[local-ai] Ranjit Hospital General Bone and Joint Care Centre: extracted
[local-ai] Dashmesh Hospital: extracted
[checkpoint] saved 8235 records
[local-ai] Arora Child Hospital and Maternity Home: extracted
[local-ai] DMC Hospital: extracted
[local-ai] Government Hospital: extracted
[local-ai] Rai Hospital Jang Bahadur Rai: extracted
[local-ai] Sofet Hospital: extracted
[local-ai] V K Hospital: extracted
[local-ai] Janta Dawakhana: extracted
[local-ai] Prem Hospital: extracted
[local-ai] Awtar Hospital and Maternity Home: extracted
[local-ai] Shubhkarman Charitable Hospital: extracted
[local-ai] Sutlej Hospital: extracted
[local-ai] Shri Satya Sai Charitable Swasthya Centre /Mandir/ hospital: extracted
[local-ai] Navjot Hospital: extracted
[local-ai] Purana Hospital, Skin and Laser Centre: extracted
[local-ai] Swaran Hospital and Nursing Home: extracted
[local-ai] Aggarwal Hospital: extracted
[local-ai] Mother Mary Hospital: extracted
[local-ai] Guru Nanak Eye Hospital: extracted
[local-ai] Shri Guru Har Rai Sahib Charitable Hospital: extracted
[local-ai] Sehaj Hospital: extracted
[local-ai] Sun Scan and Hospital: extracted
[local-ai] Bhagat Hari Singh Charitable Hospital: extracted
[local-ai] Kailash Hospital: extracted
[local-ai] Ramanpreet Hospital: extracted
[local-ai] Paul Hospital: extracted
[checkpoint] saved 8260 records
[local-ai] Goverment Hospital: extracted
[local-ai] Rural Hospital: extracted
[local-ai] Military Hospital: extracted
[local-ai] Kesari Hospital: extracted
[local-ai] Dadra Hospital: extracted
[local-ai] Amarjit Singh Hospital: extracted
[local-ai] Sant Baba Jawala Singh Ji Charitable Hospital: extracted
[local-ai] Tandon Hospital: extracted
[local-ai] JD Hospital: extracted
[local-ai] Basant Hospital: extracted
[local-ai] Dr. AP Sharma Hospital: extracted
[local-ai] chahal eye hospital: extracted
[local-ai] Hope Hospital: extracted
[local-ai] Dr. Atma Ram Eye & General Hospital: extracted
[local-ai] Government Hospital: extracted
[local-ai] Katyal Hospital: extracted
[local-ai] Sidhu Hospital: extracted
[local-ai] Vinayak Hospital: extracted
[local-ai] Civil Hospital: extracted
[local-ai] K.D. Hospital: extracted
[local-ai] Heart's Hospital: extracted
[local-ai] Goyal Orthopaedic Hospital: extracted
[local-ai] Prime Hospital: extracted
[local-ai] Chandigarh Eye Hospital: extracted
[local-ai] Dr. Atma Ram Dental Hospital: extracted
[checkpoint] saved 8285 records
[local-ai] Shri Balaji Hospital: extracted
[local-ai] Garg Hospital: extracted
[local-ai] ROY Hospital Homeopathic: extracted
[local-ai] Kashmiri's Hospital and Dental Clinic: extracted
[local-ai] Dr. Bangali Hospital: extracted
[local-ai] Chahal Hospital: extracted
[local-ai] Guru Nanak Eye Hospital: extracted
[local-ai] Government Hospital: extracted
[local-ai] Kashmiri's Hospital: extracted
[local-ai] GM Multispeciality Hospital: extracted
[local-ai] Partap Hospital: extracted
[local-ai] Janta Hospital: extracted
[local-ai] Dr. Rajiv Singla Hospital: extracted
[local-ai] Deol Hospital: extracted
[local-ai] Jindal Hospital: extracted
[local-ai] JBM Hospital: extracted
[local-ai] Bawa Dental Hospital: extracted
[local-ai] Dr. Gopal Hospital: extracted
[local-ai] Smt. Satya Devi Memorial Gupta Hospital: extracted
[local-ai] Dr. Jain Hospital: extracted
[local-ai] Longowal Piles and Maternity Hospital: extracted
[local-ai] Government Hospital: extracted
[local-ai] Government Hospital: extracted
[local-ai] Singla Hospital: extracted
[local-ai] Sharda Hospital: extracted
[checkpoint] saved 8310 records
[local-ai] Patiala Dental Hospital: extracted
[local-ai] Sran Hospital: extracted
[local-ai] Pankaj Hospital: extracted
[local-ai] Mother and Child Hospital: extracted
[local-ai] Dr. Chahal Hospital Patient ward: extracted
[local-ai] Garg Hospital: extracted
[local-ai] Chahal Hospital: extracted
[local-ai] Virk Hospital: extracted
[local-ai] Akashdeep Hospital: extracted
[local-ai] Dr. Suresh Kumar Hospital: extracted
[local-ai] Dr. Sat Paul Jindal Hospital: extracted
[local-ai] Adasa Hospatil: extracted
[local-ai] Tarlok Centred Ortho Hospital: extracted
[local-ai] Sidhu Hospital: extracted
[local-ai] General Hospital: extracted
[local-ai] Sethi Hospital: extracted
[local-ai] Kansal Orthopaedic Hospital: extracted
[local-ai] ECHS Polyclinic: extracted
[local-ai] Navjivan Hospital: extracted
[local-ai] Child and Maternity Government Hospital: extracted
[local-ai] Madhe Moge Hospital: extracted
[local-ai] Garg ENT HOSPITAL: extracted
[local-ai] Mohan Hospital: extracted
[local-ai] Ritu Nursing and Maternity Hospital: extracted
[local-ai] Civil Hospital: extracted
[checkpoint] saved 8335 records
[local-ai] Chandigarh Heart Care: extracted
[local-ai] Mangla Children Hospital: extracted
[local-ai] Jai Gau Mata Sewa Dal Hospital: extracted
[local-ai] Kakkar Hospital: extracted
[local-ai] Civil Hospital: extracted
[local-ai] Government Hospital: extracted
[local-ai] Deepika Maternity Centre & Hospital: extracted
[local-ai] ਕੇਪੀ ਮਲਟੀਸਪੈਸ਼ਲਿਟੀ ਹਸਪਤਾਲ (ਬਰੇਟੇ ਵਾਲੇ): extracted
[local-ai] Guru Nanak Hospital: extracted
[local-ai] ਅਕਾਸ਼ ਹਸਪਤਾਲ: extracted
[local-ai] Asha Hospital: extracted
[local-ai] Singhal Stars Hospital: extracted
[local-ai] Dr. Sunit Jindal's Jindal Hospital: extracted
[local-ai] Brar Hospital: extracted
[local-ai] Sanjeevni Hospital: extracted
[local-ai] Civil Hospital: extracted
[local-ai] Khan Hospital: extracted
[local-ai] Apex Hospital & IVF Centre: extracted
[local-ai] Sidhu Hospital: extracted
[local-ai] Harbhajan Hospital: extracted
[local-ai] Ashirwad Hospital: extracted
[local-ai] Civil Hospital: extracted
[local-ai] Ludhiana Eye Hospital: extracted
[local-ai] Jindal Multispeciality Hospital: extracted
[local-ai] Government Hospital: extracted
[checkpoint] saved 8360 records
[local-ai] Guru Nanak Hospital: extracted
[local-ai] Bangali Hospital: extracted
[local-ai] Health Care General & Dental Hospital: extracted
[local-ai] Rama Hospital: extracted
[local-ai] Nirmal Hospital: extracted
[local-ai] Kalra Hospital: extracted
[local-ai] Civil Hospital: extracted
[local-ai] Dr. Rampal Hospital: extracted
[local-ai] Surya Ayurveda Hospital: extracted
[local-ai] Dr. Abnish's Homeopathy Hospital: extracted
[local-ai] Dangar Government Hospital: extracted
[local-ai] Ram Hospital Care Centre: extracted
[local-ai] Bansal Hospital: extracted
[local-ai] Vaid Ram Das Memorial Udasin Ayurvedic Hospital: extracted
[local-ai] Bangali hospital: extracted
[local-ai] Government Hospital: extracted
[local-ai] GGS Hospital: extracted
[local-ai] Jaipur Janta Hospital: extracted
[local-ai] Sukhpal Eye Hospital: extracted
[local-ai] Uppal Hospital: extracted
[local-ai] Deep Dental Hospital: extracted
[local-ai] Ekjyot Eye Hospital: extracted
[local-ai] Garg Hospital: extracted
[local-ai] HMF Hospital: extracted
[local-ai] Aggarwal Hospital: extracted
[checkpoint] saved 8385 records
[local-ai] Government Hospital: extracted
[local-ai] New Yadwindera Hospital: extracted
[local-ai] Sran Hospital: extracted
[local-ai] Sawna's Clinic: extracted
[local-ai] Krishna Hospital: extracted
[local-ai] Bansal Hospital: extracted
[local-ai] Dr. Tayal Hospital: extracted
[local-ai] Vandana Hospital: extracted
[local-ai] G.K. Hospital: extracted
[local-ai] D.A.V. Edward Ganj Hospital: extracted
[local-ai] Guru Ram Das Hospital: extracted
[local-ai] Chabbra Hospital: extracted
[local-ai] Kamra Hospital: extracted
[local-ai] Chhabra Hospital: extracted
[local-ai] Gurucharan Dental Clinic: extracted
[local-ai] Juneja Hospital: extracted
[local-ai] Samra Hospital: extracted
[local-ai] Government Hospital: extracted
[local-ai] Primary Health Center: extracted
[local-ai] Savitri Devi Hospital: extracted
[local-ai] Kiran Hospital: extracted
[local-ai] Dr. Jaswider Singh: extracted
[local-ai] Bhullar Hospital, Malout: extracted
[local-ai] Mehrok Hospital: extracted
[local-ai] Navjeevan EH Hospital: extracted
[checkpoint] saved 8410 records
[local-ai] Pirtpal Hospital: extracted
[local-ai] Doomra Children Hospital: extracted
[local-ai] Bhup Sing Hospital: extracted
[local-ai] Sekhon Hospital, Malout: extracted
[local-ai] Dr. Prahlad Gupta Hospital: extracted
[local-ai] Civil Hospital: extracted
[local-ai] Khan Hospital: extracted
[local-ai] New Shri Ram Hospital & Heart Care: extracted
[local-ai] Dr. Ashok Verma: extracted
[local-ai] Kumar Hospital: extracted
[local-ai] Dr. Jaswant Singh Hospital: extracted
[local-ai] Sidhana Hospital: extracted
[local-ai] Darshan Hospital: extracted
[local-ai] Guru Nanak Hospital: extracted
[local-ai] Bansal Laser & Skin Care Centre: extracted
[local-ai] Arora Health Care - Trauma and Joint Replacement Centre: extracted
[local-ai] Jaipur Dental Clinic In Abohar: extracted
[local-ai] Gagan Prakash Hospital &Test Tube Baby Centre: extracted
[local-ai] Jyoti Hospital: extracted
[local-ai] Om Dental Care & Implant Centre: extracted
[local-ai] Atul Gupta Hospital: extracted
[local-ai] Smt. Jamna Devi Memorial Balaji Health Centre: extracted
[local-ai] Dr.Vijay Bajaj Clinic: extracted
[local-ai] Chandravati Hospital: extracted
[local-ai] Dr Vivek Munjal Hospital: extracted
[checkpoint] saved 8435 records
[local-ai] Amit Clinic: extracted
[local-ai] Balaji Health Centre: extracted
[local-ai] Loonga Hospital: extracted
[local-ai] Mukti's Dental Clinic: extracted
[local-ai] Jang Memorial Hospital: extracted
[local-ai] Dream Care Dental Clinic: extracted
[local-ai] Nagpal Nursing Home: extracted
[local-ai] Loona Hospital & Child Care Centre: extracted
[local-ai] Dr. Sham's Clinic: extracted
[local-ai] Dr. Kaali's Clinic: extracted
[local-ai] Delhi Eye Hospital: extracted
[local-ai] Dr. Sethi Hospital: extracted
[local-ai] Sharda Trust Eye Hospital: extracted
[local-ai] Gupta Hospital: extracted
[local-ai] Dang Eye Hospital: extracted
[local-ai] Vijay Memorial Hospital: extracted
[local-ai] Dr Sethi Hospital: extracted
[local-ai] Grover Hospital: extracted
[local-ai] Deol Hospital: extracted
[local-ai] Amandeep Children Hospital: extracted
[local-ai] Dr. Wadhwa Children's Hospital: extracted
[local-ai] Varun Dham Charitable Physiotherapy Hospital: extracted
[local-ai] Dr.Sethi Clinic: extracted
[local-ai] Om Sai Hospital & Health Centre: extracted
[local-ai] Shakti Nursing Home: extracted
[checkpoint] saved 8460 records
[local-ai] Khurana Nursing Home: extracted
[local-ai] Khera Dental Clinic: extracted
[local-ai] Sanjivani Hospital: extracted
[local-ai] Sidana Child Hospital: extracted
[local-ai] Subhash Midha Memorial Hospital: extracted
[local-ai] Mutneja Dental Hospital: extracted
[local-ai] Dentistree Clinic: extracted
[local-ai] V Care Hospital: extracted
[local-ai] Choudhary Nanu Ram Dhayal Bone & Joint Hospital: extracted
[local-ai] Savita Hospital: extracted
[local-ai] Sharma Eye Hospital: extracted
[local-ai] V Care Multi Speciality Hospital: extracted
[local-ai] Gautam Maternity Hospital: extracted
[local-ai] Maxcare Hospital: extracted
[local-ai] Amrit Hospital: extracted
[local-ai] Sandhu Hospital: extracted
[local-ai] J Hospital: extracted
[local-ai] Sanjivani Hospital: extracted
[local-ai] Government Hospital: extracted
[local-ai] Raghukul Hospital: extracted
[local-ai] Pahwa Heart Care: extracted
[local-ai] Jaskaran Hospital: extracted
[local-ai] Balvir Hospital: extracted
[local-ai] Sharma Nursing Home: extracted
[local-ai] Life Line Hospital: extracted
[checkpoint] saved 8485 records
[local-ai] New Life Hospital: extracted
[local-ai] German Hospital: extracted
[local-ai] Rana Hospital: extracted
[local-ai] Hi-Tech Eye Hospital: extracted
[local-ai] Maan Hospital: extracted
[local-ai] Om Sai Hospital: extracted
[local-ai] Doaba Hospital: extracted
[local-ai] Mittal Hospital: extracted
[local-ai] RV Badhan Children Hospital: extracted
[local-ai] Mandeep Eye Hospital: extracted
[local-ai] City Hospital: extracted
[local-ai] Pitaar Hospital: extracted
[local-ai] Aashirwad Hospital & Fertility Centre: extracted
[local-ai] Kainth Children Hospital: extracted
[local-ai] Dhawan Hospital: extracted
[local-ai] Sidhu Hospital: extracted
[local-ai] Mahi Hospital: extracted
[local-ai] Pahwa Children Hospital: extracted
[local-ai] Sudan Hospital: extracted
[local-ai] Onkar Hospital: extracted
[local-ai] Hansraj Charitable Hospital: extracted
[local-ai] Arora Hospital: extracted
[local-ai] Sanjeevni Hospital: extracted
[local-ai] Asha Hospital: extracted
[local-ai] Dr. Digvijay Kidney Stone Centre: extracted
[checkpoint] saved 8510 records
[local-ai] Bedi ENT & HeartCare Hospital: extracted
[local-ai] Gill Hospital: extracted
[local-ai] Sai Prakash Hospital: extracted
[local-ai] Purewal Hospital: extracted
[local-ai] Civil Hospital: extracted
[local-ai] Guru Nanak Mission Hospital: extracted
[local-ai] Indo Canadian Hospital: extracted
[local-ai] Guru Nanak Hospital: extracted
[local-ai] Mangewalia Hospital: extracted
[local-ai] Bains Charitable Hospital: extracted
[local-ai] Eknoor Hospital & Maternity Home: extracted
[local-ai] Soori Hospital: extracted
[local-ai] JP Hospital: extracted
[local-ai] Dr. Kataria Hospital: extracted
[local-ai] Sadhbhavna Charitable Hospital: extracted
[local-ai] Bhupindera Nursing Home: extracted
[local-ai] Kariha Hospital: extracted
[local-ai] Jaideep Hospital: extracted
[local-ai] Amrit Hospital: extracted
[local-ai] Saini Institute & Hospital: extracted
[local-ai] Gurmit Hospital: extracted
[local-ai] Dr. Bhagat Singh Hospital: extracted
[local-ai] Dr. Jasvir Singh Hospital: extracted
[local-ai] Saini Hospital & Surgical Centre: extracted
[local-ai] Sukh Sagar Hospital: extracted
[checkpoint] saved 8535 records
[local-ai] Kartar Hospital: extracted
[local-ai] Sant Gurmail Singh Ji Memorial Hospital: extracted
[local-ai] Gurunanak Charitable Hospital: extracted
[local-ai] Satguru Lal Dass Bhuriwale Charitable Hospital: extracted
[local-ai] Narindera Hospital: extracted
[local-ai] Tyagi Hospital: extracted
[local-ai] Marry's Hospital: extracted
[local-ai] Jeewanjot Hospital: extracted
[local-ai] Government Hospital: extracted
[local-ai] Swaiman Singh Pakhoke Hospital: extracted
[local-ai] Civil Hospital: extracted
[local-ai] Kakkad Hospital: extracted
[local-ai] Arjun Hospital: extracted
[local-ai] Khushman Hospital: extracted
[local-ai] Gupta Nursing Home: extracted
[local-ai] G.S Pannu Eye Care Centre: extracted
[local-ai] Sandhu Hospital, Chamba Kalan: extracted
[local-ai] Government Hospital: extracted
[local-ai] Bawa Hospital: extracted
[local-ai] Akashdeep Hospital: extracted
[local-ai] Bajwa Hospital: extracted
[local-ai] Kiran Nursing Home: extracted
[local-ai] Uppal Neuro Hospital: extracted
[local-ai] Josan Holistic Hospital: extracted
[local-ai] Life Kare Multi Super Speciality Hospital: extracted
[checkpoint] saved 8560 records
[local-ai] Guru Amar Das Hospital: extracted
[local-ai] Apollo Hospital: extracted
[local-ai] Marwari Hospital: extracted
[local-ai] Jyoti Hospital: extracted
[local-ai] Government Hospital: extracted
[local-ai] Hartej Hospital: extracted
[local-ai] Florem Hospital: extracted
[local-ai] Ranjit Hospital: extracted
[local-ai] Kapoor Hospital: extracted
[local-ai] Bhi Khania Hospital: extracted
[local-ai] Jeevan Care Hospital: extracted
[local-ai] Smt. Paarvati Devi Hospital: extracted
[local-ai] Bibi Kaulan Ji Charitable Hospital: extracted
[local-ai] Dr. Adarsh Heart & Superspeciality Hospital: extracted
[local-ai] Sandhu Multispeciality Hospital: extracted
[local-ai] Military Hospital: extracted
[local-ai] Amritsar Eye Hospital: extracted
[local-ai] Swift Hospital: extracted
[local-ai] Navpreet Hospital: extracted
[local-ai] Sartaj and Balraj Hospital: extracted
[local-ai] New Life Hospital: extracted
[local-ai] Josan Multispeciality Hospital: extracted
[local-ai] Dhillon Hospital: extracted
[local-ai] Dr. Kamal Mahajan Children Hospital: extracted
[local-ai] Care & Cure Medicity Hospital: extracted
[checkpoint] saved 8585 records
[local-ai] Civil Hospital: extracted
[local-ai] Guru Amar Dass Hospital: extracted
[local-ai] Government Hospital: extracted
[local-ai] Guru Kripa Multispeciality Hospital: extracted
[local-ai] Lal Hospital: extracted
[local-ai] ENT Hospital: extracted
[local-ai] Government Hospital: extracted
[local-ai] Amandeep Medicity: extracted
[local-ai] Dr. Om Parkash Eye Institute: extracted
[local-ai] LSG Multi Speciality Hospital: extracted
[local-ai] Omax Cancer Hospital: extracted
[local-ai] Ashok Memorial Hospital: extracted
[local-ai] Satkartar Hospital: extracted
[local-ai] Government Hospital: extracted
[local-ai] Civil Hospital: extracted
[local-ai] Dhaliwal Children Hospital: extracted
[local-ai] Kamal Hospital & Nursing Home: extracted
[local-ai] Dr. Mahla Amol Nursing Home: extracted
[local-ai] Dhawan Maternity Genral Hospital: extracted
[local-ai] Dr. Surat Singh Hospital: extracted
[local-ai] Bhullar Hospital: extracted
[local-ai] Sukhmani Hospital: extracted
[local-ai] Rana Hospital: extracted
[local-ai] Medicare Hospital: extracted
[local-ai] Mission Hospital: extracted
[checkpoint] saved 8610 records
[local-ai] Baba Bidhi Chand Multi Speciality Hospital: extracted
[local-ai] Chopra General Hospital: extracted
[local-ai] Government General Hospital: extracted
[local-ai] Government Hospital: extracted
[local-ai] Baba Deep Singh Ji Lifecare Hospital: extracted
[local-ai] Eknoor Hospital: extracted
[local-ai] Harjas Hospital: extracted
[local-ai] Khahra Hospital: extracted
[local-ai] Civil Hospital: extracted
[local-ai] Government Hospital: extracted
[local-ai] Halti Hospital: extracted
[local-ai] Sandhu Hospital, Bhikhiwind: extracted
[local-ai] Dr Durga Dass Hospital: extracted
[local-ai] Sandhu Hospital, Gharyala: extracted
[local-ai] Gupta Hospital: extracted
[local-ai] Civil Hospital: extracted
[local-ai] Jeevandeep Hospital: extracted
[local-ai] Algon Hospital: extracted
[local-ai] S.G. Hospital: extracted
[local-ai] Rajoke Hospital: extracted
[local-ai] Punjab Goverment Hospital: extracted
[local-ai] Zira Medicity Hospital: extracted
[local-ai] Shri Mati Jaswant Kaur Memorial Hospital: extracted
[local-ai] Kalra Hospital: extracted
[local-ai] Baba Budha Ji Charitable Hospital: extracted
[checkpoint] saved 8635 records
[local-ai] Patiala Children Hospital: extracted
[local-ai] Dant Hospital, Gharyala: extracted
[local-ai] Government Hospital: extracted
[local-ai] Sandhu Hospital, Patti: extracted
[local-ai] Amrit Hospital: extracted
[local-ai] Navpreet Nursing Home: extracted
[local-ai] Dr. Heera Nursing Home: extracted
[local-ai] Baba Deep Singh Hospital: extracted
[local-ai] Sekhon Hospital: extracted
[local-ai] Akal Sahai Eye Hospital: extracted
[local-ai] Gill Child Care Hospital: extracted
[local-ai] Saroj Nethralaya: extracted
[local-ai] Dr. Kuldeep Hospital: extracted
[local-ai] Des Raj Hospital: extracted
[local-ai] Medicare Hospital: extracted
[local-ai] Bharti Hospital: extracted
[local-ai] Guru Nanak Hospital: extracted
[local-ai] Jindal Hospital & Heart Centre: extracted
[local-ai] Gawari Hospital: extracted
[local-ai] Parnami Ortho Hospital: extracted
[local-ai] Dr. Arpana's Maternity Centre: extracted
[local-ai] Dr. Satish Hospital: extracted
[local-ai] Sham Nariyan Hospital: extracted
[local-ai] Dhillon Hospital: extracted
[local-ai] Dr. Ram Chand Hospital: extracted
[checkpoint] saved 8660 records
[local-ai] Dr. Rajindra Newborn Child Care Hospital: extracted
[local-ai] Wadhwa Ortho Hospital: extracted
[local-ai] Sandhu Hospital, Sri Muktsar Sahib: extracted
[local-ai] Ravindra Nursing Home: extracted
[local-ai] Janta Hospital: extracted
[local-ai] Mujral Hospital: extracted
[local-ai] Darshan Memorial Ortho and General Hospital: extracted
[local-ai] Dhaliwal Hospital: extracted
[local-ai] Ik Onkar Hospital: extracted
[local-ai] Adesh Charitable Cancer Hospital: extracted
[local-ai] Rohtak Electrohomoeopathic Hospital: extracted
[local-ai] Malwa Ortho Hospital: extracted
[local-ai] Dr. Sandhu Ortho Hospital: extracted
[local-ai] Muktsar Medicity Hospital: extracted
[local-ai] Immaculate Mission Hospital: extracted
[local-ai] Sukh Hospital: extracted
[local-ai] Kavita Maternity Hospital: extracted
[local-ai] Bikaner Children Hospital: extracted
[local-ai] Civil Hospital: extracted
[local-ai] Anand Hospital: extracted
[local-ai] Ravi Hospital: extracted
[local-ai] Kamara Hospital: extracted
[local-ai] New Shyam Narayan Hospital: extracted
[local-ai] Vijay Hospital: extracted
[local-ai] Dr. Baldev Raj's Hospital: extracted
[checkpoint] saved 8685 records
[local-ai] Prem Surgery and ENT Hospital: extracted
[local-ai] Dr. Ashok Hospital: extracted
[local-ai] Jindal Hospital: extracted
[local-ai] Metro Hospital & Skincare Centre: extracted
[local-ai] Umeed Multi-Speciality Hospital: extracted
[local-ai] Punia Eye & Gynae Hospital: extracted
[local-ai] Karuna Neuro Psychiatry Hospital: extracted
[local-ai] Dr. Jain Hospital: extracted
[local-ai] Best Eye Hospital: extracted
[local-ai] Singla ENT and Surgery Hospital: extracted
[local-ai] Chirinjeev Hospital: extracted
[local-ai] Shardul Shinde Hospital: extracted
[local-ai] Dr. D P Singla Child Hospital: extracted
[local-ai] Garcha Orthopaedic and Dental Care Hospital: extracted
[local-ai] Mittal Eye Hospital: extracted
[local-ai] Guru Nanak Charitable Eye Hospital: extracted
[local-ai] Dharmpal Child Hospital: extracted
[local-ai] Dr. L.D Chhabra Medical Hospital: extracted
[local-ai] Dr. Inderjeet Hospital: extracted
[local-ai] Homi Baba Cancer Hospital: extracted
[local-ai] Shishu Care Hospital: extracted
[local-ai] Civil Hospital: extracted
[local-ai] Kansal Hospital: extracted
[local-ai] Civil Hospital: extracted
[local-ai] Dr. Harbans Singh Memorial Hospital & Nursing Home: extracted
[checkpoint] saved 8710 records
[local-ai] Aggarwal Hospital: extracted
[local-ai] Dashmesh Hospital: extracted
[local-ai] Aulakh Ayurvedic Hospital: extracted
[local-ai] Aakash Hospital & Sifat Test Tube Baby Centre: extracted
[local-ai] Dr.Grover Ortho Care Hospital: extracted
[local-ai] Dhawan Hospital: extracted
[local-ai] Ferris Mission Hospital: extracted
[local-ai] Government Hospital: extracted
[local-ai] Aastha Hospital: extracted
[local-ai] Guru Nanak Hospital: extracted
[local-ai] Guru Nanak Dev Hospital: extracted
[local-ai] Dr. Jaggat Singh Hospital: extracted
[local-ai] Ramandeep Hospital: extracted
[local-ai] Sandhu Hospital: extracted
[local-ai] Sandhu Children Hospital: extracted
[local-ai] Dr Daljeet Hospital: extracted
[local-ai] Sindhi Hospital & Maternity Home: extracted
[local-ai] Dr.Baljit Singh: extracted
[local-ai] Kd Hospital: extracted
[local-ai] Arora Hospital: extracted
[local-ai] Bhullar Hospital and Physiotherapy Centre: extracted
[local-ai] Shammi Dental Clinic and Hospital: extracted
[local-ai] Gulzar Madina Hospital: extracted
[local-ai] Sania Hospital: extracted
[local-ai] Wadhwa Hospital: extracted
[checkpoint] saved 8735 records
[local-ai] Aggarwal Hospital: extracted
[local-ai] Pushpa Memorial Hospital: extracted
[local-ai] Pooran Hospital: extracted
[local-ai] Rajiv Hospital: extracted
[local-ai] Government Hospital: extracted
[local-ai] VM General and Child Care Hospital: extracted
[local-ai] Chopra Nursing Home: extracted
[local-ai] En-Live Health Clinic: extracted
[local-ai] Bikram Ortho Clinic: extracted
[local-ai] Krishav Hospital: extracted
[local-ai] Karan Hospital: extracted
[local-ai] Modgill Hospital: extracted
[local-ai] Kehal Hospital: extracted
[local-ai] Raj Hospital: extracted
[local-ai] Shahi Hospital: extracted
[local-ai] Gaffor Hospital: extracted
[local-ai] Channi hospital: extracted
[local-ai] Dhawan Hospital: extracted
[local-ai] Khan Hospital: extracted
[local-ai] Dr. Gurpreet Hospital: extracted
[local-ai] Dr. Pargat Singh Hospital: extracted
[local-ai] Dr. Deepak Goyal Hospital: extracted
[local-ai] Pearl Hospital: extracted
[local-ai] Civil Hospital: extracted
[local-ai] Mata Surjit Kaur Memorial Hospital: extracted
[checkpoint] saved 8760 records
[local-ai] Goyal Hospital: extracted
[local-ai] Saraon Hospital: extracted
[local-ai] Ansari Hospital: extracted
[local-ai] Singla Hospital: extracted
[local-ai] City Hospital: extracted
[local-ai] Dr. Sukhdev Batra Hospital: extracted
[local-ai] Gupta Hospital: extracted
[local-ai] MSM Hospital: extracted
[local-ai] Dr. Dev Raj Sharma Memorial Hospital: extracted
[local-ai] Kalyani Hospital: extracted
[local-ai] Atam Gyan Jyoti Charitable Hospital: extracted
[local-ai] Satgur Hospital: extracted
[local-ai] Amandeep Hospital: extracted
[local-ai] Dev Hospital: extracted
[local-ai] Civil Hospital: extracted
[local-ai] Dr. Tilak Raj Dental Dental Hospital: extracted
[local-ai] Civil Hospital: extracted
[local-ai] Gurvinder Hospital: extracted
[local-ai] Gurveer Dental Hospital: extracted
[local-ai] Civil Hospital: extracted
[local-ai] Saleem Bones and Joints Hospital: extracted
[local-ai] Ambala Eyes Hospital: extracted
[local-ai] Khan Hospital Bone and Joints: extracted
[local-ai] Meenu Nursing Home Hospital: extracted
[local-ai] Gulzar Hospital: extracted
[checkpoint] saved 8785 records
[local-ai] DAV Hospital: extracted
[local-ai] Singla hospital: extracted
[local-ai] Ali Bons and Joints Hospital: extracted
[local-ai] Sharma Hospital and Maternity Home: extracted
[local-ai] Pehalwan Hospital: extracted
[local-ai] Dr. Khan Eknoor Hospital: extracted
[local-ai] Nizam Bone & Joint Hospital: extracted
[local-ai] Al-Hayat Hospital: extracted
[local-ai] Vinod Hospital: extracted
[local-ai] Ameen Hospital: extracted
[local-ai] Kakkar Hospital: extracted
[local-ai] Singla Charitable Dental Hospital: extracted
[local-ai] Arora Eye Hospital: extracted
[local-ai] Dr. Charanjit Hospital: extracted
[local-ai] Dukh Niwarn Hospital: extracted
[local-ai] Gurmukh Hospital: extracted
[local-ai] Hazrat Haleema Maternity and General Hospital: extracted
[local-ai] Meenu Hospital: extracted
[local-ai] Deep Hospital & Research Centre: extracted
[local-ai] Dr. Chhajju Homoeopathic Hospital and Khatna Centre: extracted
[local-ai] Ekjyot Eye Hospital: extracted
[local-ai] Ekjot Eye Hospital: extracted
[local-ai] Om hospital: extracted
[local-ai] Gurwinder Hospital: extracted
[local-ai] Dr. Karnail Hospital: extracted
[checkpoint] saved 8810 records
[local-ai] Virdi Hospital: extracted
[local-ai] Roshan Hospital: extracted
[local-ai] Kapoor Homoeo Hospital: extracted
[local-ai] Khan Hospital: extracted
[local-ai] Gurprem Hospital: extracted
[local-ai] Sodhi Hospital: extracted
[local-ai] Abhishek Hospital: extracted
[local-ai] Dr. Khan Eknoor Eye Hospital: extracted
[local-ai] Gulzar Joint Bone Hospital: extracted
[local-ai] Singla General & Dental Hospital: extracted
[local-ai] Khangura Hospital: extracted
[local-ai] Government Hospital: extracted
[local-ai] Government Hospital: extracted
[local-ai] Shri Guru Hargobind Sahib Charitable Hospital: extracted
[local-ai] Dhalewan Hospital: extracted
[local-ai] Deep Hospital: extracted
[local-ai] Government Hospital: extracted
[local-ai] Reet Hospital: extracted
[local-ai] Harihar Hospital: extracted
[local-ai] Sharma Hospital: extracted
[local-ai] Kewal Hospital: extracted
[local-ai] Garg Dental Hospital: extracted
[local-ai] Mehta hospital: extracted
[local-ai] Goverment Hospital: extracted
[local-ai] Moun Hospital: extracted
[checkpoint] saved 8835 records
[local-ai] Janta Hospital: extracted
[local-ai] Dr. Surjit Hospital: extracted
[local-ai] R.K Hospital: extracted
[local-ai] Civil Hospital: extracted
[local-ai] Kiran Nursing Home & Hospital: extracted
[local-ai] Janta Dental Hospital: extracted
[local-ai] Government Hospital: extracted
[local-ai] Government Hospital: extracted
[local-ai] Inderjeet hospital: extracted
[local-ai] Shri Balaji Hospital: extracted
[local-ai] Vijay Hospital: extracted
[local-ai] Dr. Shelly Hospital: extracted
[local-ai] Rohtak Health hospital: extracted
[local-ai] Shri Guru Hargobind Sahib Ji Charitable Hospital: extracted
[local-ai] Mohan Hospital and Ultrasound Scan Centre: extracted
[local-ai] Ayurveda Hospital: extracted
[local-ai] Uppal Hospital: extracted
[local-ai] Dr. Kewal Hospital: extracted
[local-ai] Life Care Hospital: extracted
[local-ai] Davinder Hospital: extracted
[local-ai] Civil Hospital: extracted
[local-ai] Dhola hospital: extracted
[local-ai] Suby Ayurvedic Hospital: extracted
[local-ai] Channa Hospital: extracted
[local-ai] Dangar Hospital: extracted
[checkpoint] saved 8860 records
[local-ai] Government Hospital: extracted
[local-ai] Garg Hospital: extracted
[local-ai] Government Hospital: extracted
[local-ai] Sanjivani Hospital: extracted
[local-ai] Government Hospital: extracted
[local-ai] Sanjivani Hospital: extracted
[local-ai] Bansal Hospital: extracted
[local-ai] Marok Hospital: extracted
[local-ai] Kewal Docter Mini Hospital: extracted
[local-ai] Mittal Eyes Hospital: extracted
[local-ai] Khan Hospital: extracted
[local-ai] Jindal Hospital: extracted
[local-ai] Gupta Hospital and Heart Centre: extracted
[local-ai] Civil Hospital: extracted
[local-ai] Bansal Dental Hospital: extracted
[local-ai] Amar Hospital: extracted
[local-ai] Ali Hospital: extracted
[local-ai] Arora Medical Hall and Dental Hospital: extracted
[local-ai] Dr Khosla Hospital: extracted
[local-ai] Dental Care Hospital: extracted
[local-ai] Dental Hospital: extracted
[local-ai] Paul's Children Hospital: extracted
[local-ai] Balian Heart Centre and Hospital: extracted
[local-ai] Rajputna Hospital: extracted
[local-ai] Charles Hospital: extracted
[checkpoint] saved 8885 records
[local-ai] Farjand Hospital: extracted
[local-ai] Kaushal Hospital: extracted
[local-ai] Sanatam Dharam Charitable Hospital: extracted
[local-ai] Vidya Memorial Hospital: extracted
[local-ai] Bhullar Hospital: extracted
[local-ai] Gian Hospital: extracted
[local-ai] Rishi Hospital: extracted
[local-ai] Cherry Table Hospital: extracted
[local-ai] Dr. Bansal's Dental Hospital: extracted
[local-ai] Sharma Eye Hospital: extracted
[local-ai] Vijay Hospital and Child Care Centre: extracted
[local-ai] Ravi Hospital: extracted
[local-ai] Natt hospital: extracted
[local-ai] Gupta Hospital: extracted
[local-ai] Platel Hospital: extracted
[local-ai] Bawa Hospital: extracted
[local-ai] Kamal Hospital: extracted
[local-ai] Paul Hospital: extracted
[local-ai] Sindhar Hospital: extracted
[local-ai] Naresh Hospital and Scanning Centre: extracted
[local-ai] Bhagwan Singh Juneja ENT Hospital: extracted
[local-ai] Preekta Hospital: extracted
[local-ai] Sangam Hospital: extracted
[local-ai] Mahajan Hospital: extracted
[local-ai] Dr. Sukhjeet Hospital and Maternity Home: extracted
[checkpoint] saved 8910 records
[local-ai] Health Medcare Hospital: extracted
[local-ai] Bhalla Hospital: extracted
[local-ai] Namdev Hospital and Maternity Home: extracted
[local-ai] Vishal Hospital: extracted
[local-ai] Surindera Hospital Private Limited: extracted
[local-ai] Navjot Eye and Dental Hospital: extracted
[local-ai] Bedi Hospital: extracted
[local-ai] Gumber Hospital: extracted
[local-ai] Kaura Hospital: extracted
[local-ai] Behal Hospital: extracted
[local-ai] Patanjali Chikitsalaya: extracted
[local-ai] Navyug Hospital: extracted
[local-ai] Josan Hospital: extracted
[local-ai] Bansal Homeo Hospital: extracted
[local-ai] Baba Banuana Hospital: extracted
[local-ai] Jain Hospital: extracted
[local-ai] Chhabra Hospital: extracted
[local-ai] Dhesi Eye Hospital: extracted
[local-ai] Prime Hospital: extracted
[local-ai] Vijay Hospital: extracted
[local-ai] Aujla Hospital: extracted
[local-ai] Tagore Hospital: extracted
[local-ai] Rana Hospital, Shahkot: extracted
[local-ai] Guru Nanak Hospital and Physiotherapy Centre: extracted
[local-ai] Manjit Hospital: extracted
[checkpoint] saved 8935 records
[local-ai] Sadana Hospital: extracted
[local-ai] Anand Hospital: extracted
[local-ai] Gupta Hospital: extracted
[local-ai] Chandi Hospital and Physiotherapy: extracted
[local-ai] City Hospital: extracted
[local-ai] Sekhri Hospital: extracted
[local-ai] Sukhmani Hospital and Physiotherapy Centre: extracted
[local-ai] Thind Hospital: extracted
[local-ai] Oculus Eye Hospital: extracted
[local-ai] Bhandal Hospital: extracted
[local-ai] Akal Eye Hospital and Lasik Laser Centre: extracted
[local-ai] Mehta Hospital: extracted
[local-ai] Boor Hospital: extracted
[local-ai] Bhupindra Maternity Home: extracted
[local-ai] Eyes Hospital: extracted
[local-ai] City Hospital: extracted
[local-ai] Goyal Hospital: extracted
[local-ai] Lalit Children and General Hospital: extracted
[local-ai] Government Hospital: extracted
[local-ai] Chandigarh Eye Hospital: extracted
[local-ai] Baba Ayurvedic Dawakhana: extracted
[local-ai] Deep Laparoscopic and Surgical Hospital: extracted
[local-ai] Shri Balaji Ladha Hospital: extracted
[local-ai] Chandigarh Child Care: extracted
[local-ai] Sadguru Hospital: extracted
[checkpoint] saved 8960 records
[local-ai] Garg Multi Speciality Hospital: extracted
[local-ai] Maini Hospital: extracted
[local-ai] Vikram Child Hospital: extracted
[local-ai] S.P Hospital: extracted
[local-ai] Railway Hospital: extracted
[local-ai] Rahat Hospital: extracted
[local-ai] Sethi Hospital: extracted
[local-ai] Civil Hospital: extracted
[local-ai] Ashirvad Hospital: extracted
[local-ai] Gill Eye Hospital: extracted
[local-ai] Khosa Physiotherapy: extracted
[local-ai] Dr. Ramana Goyal Eye and Maternity Hospital: extracted
[local-ai] Raminder Narang Hospital: extracted
[local-ai] Dr. Ramesh Garg Hospital: extracted
[local-ai] Maluwal Dawakhana: extracted
[local-ai] Baba Farid Centre for Special Children: extracted
[local-ai] Amardeep Hospital: extracted
[local-ai] Bikram Joint and Trauma Centre: extracted
[local-ai] Sandhu Hospital: extracted
[local-ai] Harbans Lal Sikri Hospital: extracted
[local-ai] Dhingra Skin and Laser Centre: extracted
[local-ai] Vijay Hospital: extracted
[local-ai] Arogya Hospital and Medical Centre: extracted
[local-ai] Nulife Hospital: extracted
[local-ai] Garg Heart Care Centre: extracted
[checkpoint] saved 8985 records
[local-ai] Sachdeva Hospital: extracted
[local-ai] Mittal Hospital: extracted
[local-ai] Shri Shaam Hospital: extracted
[local-ai] Dr. Daulat Ram Da Hospital: extracted
[local-ai] Seth Heart and General Hospital: extracted
[local-ai] Balbir Hospital: extracted
[local-ai] Dhaliwal Hospital: extracted
[local-ai] Kataria Hospital: extracted
[local-ai] Dhillon Hospital: extracted
[local-ai] Malhi Hospital: extracted
[local-ai] Kamboj Hospital: extracted
[local-ai] Civil Hospital: extracted
[local-ai] Lions Club Eye Care Hospital: extracted
[local-ai] Civil Hospital: extracted
[local-ai] Jain Sabha Eye Hospital: extracted
[local-ai] Civil Hospital: extracted
[local-ai] Gill Hospital: extracted
[local-ai] World Cancer Care Camp In Punjab: extracted
[local-ai] Guru Nanak Hospital: extracted
[local-ai] Public Hospital: extracted
[local-ai] Brar Hospital: extracted
[local-ai] Janta Hospital and Emergency Care Centre: extracted
[local-ai] Vijay Hospital: extracted
[local-ai] Sardar Piles Hospital: extracted
[local-ai] Government Hospital: extracted
[checkpoint] saved 9010 records
[local-ai] Government General Hospital: extracted
[local-ai] Sukhdas Hospital: extracted
[local-ai] Gahla Hospital: extracted
[local-ai] Sukhmani Hospital: extracted
[local-ai] Satvic Hospital: extracted
[local-ai] Aman Hospital: extracted
[local-ai] Government Hospital: extracted
[local-ai] Gargi Life Care Hospital: extracted
[local-ai] Government Hospital: extracted
[local-ai] Government Hospital: extracted
[local-ai] Usha Nursing Home: extracted
[local-ai] Dr. Daryai Lal Hospital: extracted
[local-ai] Government Hospital: extracted
[local-ai] Memorial Hospital: extracted
[local-ai] Janta Hospital: extracted
[local-ai] Dr. Gobind Hospital: extracted
[local-ai] Government Hospital: extracted
[local-ai] Sukhbal Hospital: extracted
[local-ai] HS Romana Hospital: extracted
[local-ai] Janta Hospital: extracted
[local-ai] Alfaj Hospital: extracted
[local-ai] Samadhar Hospital: extracted
[local-ai] Chandigarh Hospital: extracted
[local-ai] Sant T.D Eye Hospital: extracted
[local-ai] Chahal Ayurvedic Hospital: extracted
[checkpoint] saved 9035 records
[local-ai] Dr. Bitu Village Hospital: extracted
[local-ai] Santosh Memorial Hospital: extracted
[local-ai] Care Hosptal: extracted
[local-ai] Arora Nursing Home: extracted
[local-ai] Major Mission Hospital: extracted
[local-ai] Arora Hospital: extracted
[local-ai] Khosla Hospital: extracted
[local-ai] Sekhon Hospital: extracted
[local-ai] Bajaj Hospital: extracted
[local-ai] S. Meher Singh Sura Hospital: extracted
[local-ai] Maingi Hospital and Trauma Centre: extracted
[local-ai] Dr. B.K Sodhi's Govindam Medicity Hospital: extracted
[local-ai] Sharma Eye Hospital and Maternity Home: extracted
[local-ai] Shahi Hospital: extracted
[local-ai] Bhai Sadhu Charitable Hospital: extracted
[local-ai] Dada Hospital: extracted
[local-ai] Bahga Hospital and Nursing Home: extracted
[local-ai] Dr. Rama Spine Care Hospital: extracted
[local-ai] Sidhu Hospital and Nursing Home: extracted
[local-ai] Sharma Hospital and Maternity Home: extracted
[local-ai] Jyoti Hospital: extracted
[local-ai] Lalit Om Hospital and Maternity Home: extracted
[local-ai] New Life Hospital and Ultrasound Centre: extracted
[local-ai] Rao Hospital: extracted
[local-ai] Momi Bone and Joint Hospital: extracted
[checkpoint] saved 9060 records
[local-ai] Krishna Hospital: extracted
[local-ai] Apollo Tyres Healthcare Centre: extracted
[local-ai] Deep Hospital: extracted
[local-ai] Gupta Hospital: extracted
[local-ai] Suman Bone and Joint Hospital: extracted
[local-ai] Joshi Hospital: extracted
[local-ai] Pal Hospital: extracted
[local-ai] Sant Baba Pritam Das Ji Memorial Charitable Hospital: extracted
[local-ai] Vikas Hospital: extracted
[local-ai] ESI Hospital: extracted
[local-ai] AAPI Charitable Hospital: extracted
[local-ai] Simran Hospital: extracted
[local-ai] Kamal Hospital: extracted
[local-ai] B.R Hospital: extracted
[local-ai] Dr. Rajan Eye Care Hospital: extracted
[local-ai] Ali Mohammad Bone Hospital: extracted
[local-ai] Kalyan Charitable Hospital: extracted
[local-ai] New Janta Bone and Joint Hospital: extracted
[local-ai] Pasla Hospital: extracted
[local-ai] Kaura General Hospital: extracted
[local-ai] S.J Hospital: extracted
[local-ai] Bal Hospital and Maternity Home: extracted
[local-ai] Ghai Hospital: extracted
[local-ai] Rama Hospital: extracted
[local-ai] Shri Guru Teg Bahadur Hospital: extracted
[checkpoint] saved 9085 records
[local-ai] Amar Hospital: extracted
[local-ai] Global Multi Speciality Hospital: extracted
[local-ai] Ruby Nelson Memorial Hospital Of Seventh Day Adventists: extracted
[local-ai] Kahlon Hospital: extracted
[local-ai] Sargun Hospital: extracted
[local-ai] Blossom Hospital: extracted
[local-ai] Satkartar Hospital: extracted
[local-ai] Vikram Hospital: extracted
[local-ai] Dass Eye Hospital: extracted
[local-ai] Gera ENT Hospital: extracted
[local-ai] A N Neuro and Critical Care Centre: extracted
[local-ai] Pearl Maternity and Eye Hospital: extracted
[local-ai] Sant Jashwant Singh Hospital: extracted
[local-ai] Dr. Karam Singh Bhatti Hospital: extracted
[local-ai] K.M Hospital and Fertility Clinic: extracted
[local-ai] Amar Hospital: extracted
[local-ai] Ace Family Healthcare: extracted
[local-ai] Raj Kamal Hospital: extracted
[local-ai] Exalt Expert Helath Care: extracted
[local-ai] Cosmos Hospital: extracted
[local-ai] Dr. Darshan Singh Hospital and Maternity Home: extracted
[local-ai] Ryan Hospital - Kidney and Laparoscopic Suegery Centre: extracted
[local-ai] Goodwill Hospital and Maternity Home: extracted
[local-ai] Guru Nanak Mission Hospital: extracted
[local-ai] Shubhkarman Hospital: extracted
[checkpoint] saved 9110 records
[local-ai] Shivam Veer Hospital: extracted
[local-ai] Jammu Hospital: extracted
[local-ai] Sukhchain Hospital: extracted
[local-ai] Healing Touch Gastrosurgery and Gynacaelogy Hospital: extracted
[local-ai] Dukhniwaran Hospital: extracted
[local-ai] Sarkari Ayurvedic Hospital: extracted
[local-ai] Blue Star Hospital: extracted
[local-ai] Dr. Kuldeep Perhar Memorial Charitable Hospital: extracted
[local-ai] Lal Hospital and Maternity Home: extracted
[local-ai] Sarvodya Hospital: extracted
[local-ai] Shanti Hospital: extracted
[local-ai] Parminder Hospital: extracted
[local-ai] NHS Hospital: extracted
[local-ai] Chawla Eye Care Centre: extracted
[local-ai] Sanjivani Health Care: extracted
[local-ai] Hakim Tilak Raj Kapoor Hospital: extracted
[local-ai] Asian Super Speciality Hospital: extracted
[local-ai] Dr. Anil Sud - Children Hospital: extracted
[local-ai] Shri Gurutej Bahadur Charitable Hospital: extracted
[local-ai] Aggarwal Liver and Gut Super Speciality Hospital: extracted
[local-ai] Neurotherapy Centre: extracted
[local-ai] Rattan Hospital: extracted
[local-ai] Bhatia Eye Hospital: extracted
[local-ai] Rajan Memorial Eye Hospital: extracted
[local-ai] Golden Hospital: extracted
[checkpoint] saved 9135 records
[local-ai] Dhingra Hospital: extracted
[local-ai] Guru Hargobind Hospital Charitable Trust: extracted
[local-ai] J.K Medicity Healthcare Centre: extracted
[local-ai] Mahajan Carewell Hospital: extracted
[local-ai] Malhotra Hospital: extracted
[local-ai] Chodha Multi Speciality Hospital: extracted
[local-ai] Khosla Hospital: extracted
[local-ai] Sehyog Hospital: extracted
[local-ai] Sodhi Hospital: extracted
[local-ai] Saini Heart Centre: extracted
[local-ai] Ankur Kids Hospital: extracted
[local-ai] Desi Dawakhana: extracted
[local-ai] Oberoi Hospital and Trauma Centre: extracted
[local-ai] Panacea Women and Heart Centre: extracted
[local-ai] Amar Hospital: extracted
[local-ai] Adarsh Hospital and Maternity Home: extracted
[local-ai] Dhaman Eye Hospital: extracted
[local-ai] Asha Kirana Hospital: extracted
[local-ai] Dr. Nasir Physiotherapy: extracted
[local-ai] Vedantha Multi Speciality Hospital: extracted
[local-ai] Kakkar Hospital: extracted
[local-ai] Handa Neuro Hospital: extracted
[local-ai] Dr. Manjeet Saini Hospital: extracted
[local-ai] Mannat Super Speciality Hospital: extracted
[local-ai] Rayon Hospital: extracted
[checkpoint] saved 9160 records
[local-ai] Ranjit Hospital: extracted
[local-ai] Nidhi Malhotra Chindrens Hospital: extracted
[local-ai] Armaan Hospital: extracted
[local-ai] Randhava Children Hospital: extracted
[local-ai] Sigma Hospital: extracted
[local-ai] Jammu Hospital: extracted
[local-ai] Ganga Orthocare Hospital: extracted
[local-ai] Astha Neuro Centre: extracted
[local-ai] Sethi Hospital: extracted
[local-ai] Dang Hospital: extracted
[local-ai] Paul Hospital: extracted
[local-ai] Goel Hospital: extracted
[local-ai] Childrens Specialist: extracted
[local-ai] Dr. Shangara Singh Hospital: extracted
[local-ai] Shri Saar Hospital: extracted
[local-ai] Nasa Neurocare and Trauma Centre: extracted
[local-ai] Aastha Hospital: extracted
[local-ai] Bhatia Chest Centre: extracted
[local-ai] Dr. Sabarwal's Hospital: extracted
[local-ai] PMG Children Hospital: extracted
[local-ai] Anand ENT Hospital and Nursing Home: extracted
[local-ai] Seth ENT Care: extracted
[local-ai] Shivam IVF and Fertililty Centre: extracted
[local-ai] AVM Laser Hospital: extracted
[local-ai] Gandhi Hospital: extracted
[checkpoint] saved 9185 records
[local-ai] S.T Hospital and Infertility Centre: extracted
[local-ai] Global Hospital: extracted
[local-ai] R.B. Sewak Ram Maternity and Children Hospital: extracted
[local-ai] Amrit Hospital and Maternity Home: extracted
[local-ai] Cardinova Hospital: extracted
[local-ai] Malhotra ENT Hospital: extracted
[local-ai] Sahara Medical Centre and Maternity Home: extracted
[local-ai] Chhabra Maternity Hospital and General Hospital: extracted
[local-ai] Dr. Manveen Maan Hospital and Maternity Home: extracted
[local-ai] Aarogyam Kidney Hospital: extracted
[local-ai] S.B. Hospital: extracted
[local-ai] Dogra Ayurvedic Eye Hospital: extracted
[local-ai] Naveen General Hospital: extracted
[local-ai] Shri Ram Clinic and Maternity Home: extracted
[local-ai] Amarjit Hospital: extracted
[local-ai] Akash Hospital: extracted
[local-ai] Aekam Hospital: extracted
[local-ai] Guru Arjan Dev Charitable Hospital: extracted
[local-ai] Manjit Nursing Home: extracted
[local-ai] Jagdev Hospital and Maternity Home: extracted
[local-ai] Guru Nanak Mission Hospital: extracted
[local-ai] M. J. Life Care Hospital: extracted
[local-ai] Guru Nanak Hospital: extracted
[local-ai] Shri Guru Ravidas Mission Charitable Hospital: extracted
[local-ai] Jivitesh Hospital and Heart Care Centre: extracted
[checkpoint] saved 9210 records
[local-ai] Dhir Hospital: extracted
[local-ai] Goel Surgical Hospital: extracted
[local-ai] Arora Hospital: extracted
[local-ai] Mahindra Hospital: extracted
[local-ai] City Charitable Hospital: extracted
[local-ai] Maharaja Agarsain Hospital: extracted
[local-ai] Raja Sahib Hospital: extracted
[local-ai] Goel Hospital: extracted
[local-ai] Pal Hospital: extracted
[local-ai] Baweja Eye Hospital: extracted
[local-ai] Rural Hospital: extracted
[local-ai] Government Hospital: extracted
[local-ai] Sondhi Hospital and Scanning Centre: extracted
[local-ai] Swami Shukal Chand Charitable Hospital: extracted
[local-ai] Gondi Eye Care Hospital: extracted
[local-ai] Guru Tej Bahadur Charitable Hospital: extracted
[local-ai] Navjiwan Hospital: extracted
[local-ai] Prem Eye Hospital: extracted
[local-ai] Kashmir Hospital: extracted
[local-ai] Dogra Hospital: extracted
[local-ai] Birdi General Hospital: extracted
[local-ai] Bains Surgical & General Hospital: extracted
[local-ai] Khosla Hosptial: extracted
[local-ai] Cheema Hospital: extracted
[local-ai] Savitri Hospital and Maternity Home: extracted
[checkpoint] saved 9235 records
[local-ai] Sareen Hospital: extracted
[local-ai] Rai Heart Hospital: extracted
[local-ai] Sharma Medicare and Maternity Home: extracted
[local-ai] The Shoe Rack Store Apra: extracted
[local-ai] Rohtak Nursing Home: extracted
[local-ai] S T Hospital: extracted
[local-ai] Subhan Hospital: extracted
[local-ai] Yukti Herbs: extracted
[local-ai] Dr. Sunandan's Arogya Hospital: extracted
[local-ai] Vandana Hospital: extracted
[local-ai] Hargun Hospital: extracted
[local-ai] Shree Radha Krishna Medicity: extracted
[local-ai] VS Multispeciality hospital: extracted
[local-ai] Goel Kidney Care Hospital: extracted
[local-ai] Satish Jindal Child Care Hospital: extracted
[local-ai] Maharaj Sawan Singh Charitable Hospital: extracted
[local-ai] Unique Medicine Traders: extracted
[local-ai] Dr. Rajneesh Sidhu Child Care Hospital: extracted
[local-ai] Sarab Healthcare: extracted
[local-ai] Baba Bairsiana Sahib Charitable Hospital: extracted
[local-ai] Helios Hospital: extracted
[local-ai] Sharda Multi-speciality Hospital: extracted
[local-ai] Crystal Healthcare: extracted
[local-ai] AK Liver & Gastro Care: extracted
[local-ai] ਡਾ. ਰਾਜ ਕੁਮਾਰ ਬੱਚਿਆਂ ਦਾ ਹਸਤਪਤਾਲ ਅਤੇ ਟੀਕਾਕਰਨ ਕੇਂਦਰ: extracted
[checkpoint] saved 9260 records
[local-ai] ਕੌਰੇਆਣਾ ਹੈਲਥ ਸਰਵਿਸਜ਼: extracted
[local-ai] ਜਿੰਦਲ ਓਰਥੋ ਕੇਅਰ: extracted
[local-ai] Akaal Medical Center (Akaal Clinic): extracted
[local-ai] Dental Diaries: extracted
[local-ai] Dr Dwaraka Nath Kotnis Health and education center: extracted
[local-ai] Sri Guru Harkrishan Sahib Charitable Hospital (TRUST): extracted
[local-ai] Dayanand Medical College and Hospital: extracted
[local-ai] Christian Medical College and Hospital: extracted
[local-ai] CH Ludhiana: extracted
[local-ai] Dispensary: extracted
[local-ai] Vetianary Hospital, Fazilka: extracted
[local-ai] Punjab Institute Of Medical Science: extracted
[local-ai] Civil Hospital Kuthala: extracted
[local-ai] Government Vaternary Hospital: extracted
[local-ai] Ivy Health and Life Sciences Pvt. Ltd: extracted
[local-ai] Animal's Hospital: extracted
[local-ai] Civil Hospital, Sangrur: extracted
[local-ai] Guru Nanak Mission Hospital: extracted
[local-ai] Civil Hospital: extracted
[local-ai] Raja Diagnostic Centre And Hospital: extracted
[local-ai] Sirish Nursing Home: extracted
[local-ai] Civil Hospital: extracted
[local-ai] Civil Hospital Raikot: extracted
[local-ai] Civil Hospital Jagraon: extracted
[local-ai] Sandhu Hospital: extracted
[checkpoint] saved 9285 records
[local-ai] Gurkeerat Hospital: extracted
[local-ai] Bala Hospital: extracted
[local-ai] Bath Memorial Charitable Hospital: extracted
[local-ai] kalyani Hospital: extracted
[local-ai] Vidhya Sagar Mental Hospital: extracted
[local-ai] Guru Nanak Dev Hospital: extracted
[local-ai] Shaheed Kartar Singh Sarabha Ayurvedic Medical College & Hospital: extracted
[local-ai] Life Care Hospital: extracted
[local-ai] Patel Hospital Pvt. Ltd.: extracted
[local-ai] Anandjyot Hospital: extracted
[local-ai] Sant Baba Rangi Ram Charitable Hoshpital: extracted
[local-ai] Homeopathic Hospital: extracted
[local-ai] Govt. Dispensary Burma: extracted
[local-ai] Civil Hospital Samrala: extracted
[local-ai] Fortis Hospital: extracted
[local-ai] Civil Hospital Zira: extracted
[local-ai] Deepak Hospital: extracted
[local-ai] Roop Rai Nursing Home: extracted
[local-ai] Civil Hospital Sultanpur lodhi: extracted
[local-ai] CHC VERKA: extracted
[local-ai] Ivy Hospital: extracted
[local-ai] Narain Hospital: extracted
[local-ai] Rajindra Hospital: extracted
[local-ai] Civil hospital: extracted
[local-ai] ਗੁਰੂ ਤੇਗ ਬਹਾਦਰ ਹਸਪਤਾਲ: extracted
[checkpoint] saved 9310 records
[local-ai] Mata Kaushalya Government Hospital: extracted
[local-ai] Apollo Hospital: extracted
[local-ai] New Bhandari Hospital: extracted
[local-ai] Vivek Ashram And Charitable Hospital: extracted
[local-ai] Civil Hospital: extracted
[local-ai] CHC Hospital Bhawanigarh: extracted
[local-ai] All India Institute of Medical Sciences, Bathinda: extracted
[local-ai] Bathinda Cancer Hospital: extracted
[local-ai] Algon Kothi Hospital: extracted
[local-ai] SIS Charitable Hospital: extracted
[local-ai] LPU Architecture Deisgn: extracted
[local-ai] Dr. Sharda Ayurveda- Ayurvedic clinic in Ludhiana: extracted
[local-ai] Fathima Rasheed Hospital: extracted
[local-ai] Sukh Hospital: extracted
[local-ai] Maa Nanki Charitable Hospital: extracted
[local-ai] Max Super Speciality Hospital: extracted
[local-ai] Pahwa Hospital: extracted
[local-ai] PGIMER Satellite Centre: extracted
[local-ai] Rajpura Civil Hospital Blood Bank: extracted
[local-ai] Pannu Hospital: extracted
[local-ai] Acharya Shri Atma Ram Jain Charitable Hospital: extracted
[local-ai] Civil Hospital Ropar: extracted
[local-ai] NFL Hospital: extracted
[local-ai] Baba Eye & Dental Care Hospital: extracted
[local-ai] NATIONAL DENTAL CLINIC-FAMILY DENTISTREE: extracted
[checkpoint] saved 9335 records
[local-ai] Rehpa car wash: extracted
[local-ai] BMC Superspeciality Hospital: extracted
[local-ai] Goel Kidney Care Hospital: extracted
[local-ai] Neelam Hospital: extracted
[local-ai] Noor Hospital: extracted
[local-ai] Civil Hospital, Qadian: extracted
[local-ai] Soni Dental Hospital & Implant Centre: extracted
[16/36] Punjab                                 fetched=  3051 kept=  3032 already_saved=0 total=  9342
[17/36] Chhattisgarh: requesting source data (timeout=90s, retries=3)
[local-ai] Life Care Scan & Research: extracted
[local-ai] Gayatri Hospital, Durg: extracted
[local-ai] District Hospital: extracted
[local-ai] ABC: extracted
[local-ai] Holi Cross Hospital (Mission Hospital): extracted
[local-ai] bagri nursing home: extracted
[local-ai] jila chikitsalay: extracted
[local-ai] Chhattisgarh Institute of Medical Sciences Hospital: extracted
[local-ai] lal chandani hospital: extracted
[local-ai] Ramkrishna Care Hospital: extracted
[local-ai] Narayana Hrudayalaya Mmi Hospital (Managed By Narayana Hrudayalaya Pvt Ltd - Bangalore) - Raipur: extracted
[local-ai] Suyash Superspeciality Hospital: extracted
[local-ai] Shri Ganesh Vinayak Eye Hospital: extracted
[local-ai] Vardaan Hospital (Unit Of Jindal Medicare): extracted
[local-ai] Bal Gopal Children Hospital and Research Institute: extracted
[local-ai] Yashwant Hospital: extracted
[local-ai] Balodabazar: extracted
[local-ai] Mittal Hospital: extracted
[local-ai] Gindodi Devi Memorial Charitable Reserch Center: extracted
[local-ai] jain mandir: extracted
[local-ai] chandak hospital: extracted
[local-ai] sukriti hospital: extracted
[local-ai] agrwal hospital: extracted
[local-ai] primary government hospital Bangoli: extracted
[local-ai] Shri Sai Ganesh Hospital: extracted
[checkpoint] saved 9367 records
[local-ai] Om Hospital: extracted
[local-ai] Manoharlal Government Hospital: extracted
[local-ai] jeevandeep hospital: extracted
[local-ai] mandi gate: extracted
[local-ai] Mother Mary Hospital, Kanker: extracted
[local-ai] Navkar Hospital and Maternity Home: extracted
[local-ai] sharda hospital birgaon: extracted
[local-ai] N.K.D. Hospital: extracted
[local-ai] hospital pt. rsu: extracted
[local-ai] Aanchal Nursing Home: extracted
[local-ai] Nursing Home: extracted
[local-ai] hospital: extracted
[local-ai] Government Hospital: extracted
[local-ai] Rawlani Nursing Home: extracted
[local-ai] Dispensary: extracted
[local-ai] Hari Hospital: extracted
[local-ai] Mishra Hospital: extracted
[local-ai] Goverment Hospital, Sakti: extracted
[local-ai] Dhamtari Christian Hospital: extracted
[local-ai] Karma Hospital: extracted
[local-ai] Chhattisgarh Eye Hospital: extracted
[local-ai] Devi Laxmi Hospital: extracted
[local-ai] Sanjeevani Cbcc Usa Cancer Hospital: extracted
[local-ai] Vinayak Netralaya: extracted
[local-ai] Shri Ram Hospital, Bilaspur: extracted
[checkpoint] saved 9392 records
[local-ai] Shri Ram Care Hospital - Bilaspur: extracted
[local-ai] Shivangi Hospital: extracted
[local-ai] Shirsti Children Hospital: extracted
[local-ai] Sai Baba Heart and Kidney Center: extracted
[local-ai] Onkar Chikitsalaya: extracted
[local-ai] Nulife Heart Care Emergency Hospital: extracted
[local-ai] Ll Paliwal Memorial Hospital: extracted
[local-ai] Ladikar Hospital: extracted
[local-ai] Dr Sharma Hospital and Maternity Home: extracted
[local-ai] Care N Cure Multspeciality Hospital: extracted
[local-ai] Bastar Seva Hospital: extracted
[local-ai] Ashirwad Nursing Home: extracted
[local-ai] Bilaspur Hospital: extracted
[local-ai] Budhia Hospital and Maternity Home: extracted
[local-ai] S.S. Hospital: extracted
[local-ai] Priyanka Hospital: extracted
[local-ai] Mahima Hospital Utai: extracted
[local-ai] Lal Bahadur Shastri Civil Hospital: extracted
[local-ai] Apollo Bsr Hospital: extracted
[local-ai] Aastha Hospital, Durg: extracted
[local-ai] Martin Hospital: extracted
[local-ai] Hospital Tulsi-Amrit: extracted
[local-ai] Secl Main Hospital: extracted
[local-ai] Sahu Hospital, Korba: extracted
[local-ai] Prasad Netralaya And Laser Center Korba: extracted
[checkpoint] saved 9417 records
[local-ai] Cseb Hospital: extracted
[local-ai] Radiance Hospital And Research Center: extracted
[local-ai] Kabirdham Fracture Hospital and Trauma Center: extracted
[local-ai] Oshodhara Hospital and Surgical Center: extracted
[local-ai] Champa Christian Hospital: extracted
[local-ai] Verma Hospital, Durg: extracted
[local-ai] Swasthya Sanchay: extracted
[local-ai] Shree Ambe Hospital: extracted
[local-ai] Aashirwad Fertility and Endoscopy Center: extracted
[local-ai] Government Hospital HATI: extracted
[local-ai] Assisi Shanti Bhavan: extracted
[local-ai] Christian Hospital: extracted
[local-ai] Sukhnandan Hospital: extracted
[local-ai] Goraj Children Hospital: extracted
[local-ai] Samarpan Hospital, Raipur: extracted
[local-ai] Sai Sushrusha Hospital: extracted
[local-ai] Sai Kalayan Hospital And Icu: extracted
[local-ai] Sai Baba Eye Hospital: extracted
[local-ai] Raipur Institute Of Medical Sciences Hospital: extracted
[local-ai] Prannath Mission Hospital: extracted
[local-ai] Piles Care Hospital: extracted
[local-ai] Tharani Children Hospital And Dental Clinic: extracted
[local-ai] Dr. M.R. Bhagwat Memorial Hospital: extracted
[local-ai] Kalda Plastic and Cosmetic Surgery Institute and Burn Centre: extracted
[local-ai] Shweta Nursing Home: extracted
[checkpoint] saved 9442 records
[local-ai] Krishna Hospital, Korba: extracted
[local-ai] Indra Gandhi District Hospital: extracted
[local-ai] D K Hospital: extracted
[local-ai] Ntpc Hospital: extracted
[local-ai] Shristi Institute Of Medical Science Hospital And Research Center: extracted
[local-ai] Shri Sai Krupa Hospital: extracted
[local-ai] Shri Childrens Hospital: extracted
[local-ai] Sukham Arogyalya: extracted
[local-ai] Mittal Hospital, Bilaspur: extracted
[local-ai] Mehta Children Nursing Home: extracted
[local-ai] Jan Swasthaya Sahyog: extracted
[local-ai] District Hospital, Jaspur Nagar: extracted
[local-ai] Vidya Hospital And Kidney Centre: extracted
[local-ai] Shri Aurobindo Medical Research Centre: extracted
[local-ai] Shree Sai Care Hospital: extracted
[local-ai] Shree Medishine Hospital - Raipur: extracted
[local-ai] Sarvodaya Hospital and Maternity Center: extracted
[local-ai] Chandulal Chandrakar Hospital: extracted
[local-ai] Kamlesh Netralaya and Kurana Dant Chikitsalay: extracted
[local-ai] Vishal Eye Care: extracted
[local-ai] Visharad Hospital: extracted
[local-ai] Urmila Memorial Multispeciality Hospital: extracted
[local-ai] Upadhyay Hospital, Raipur: extracted
[local-ai] Subham Hospital and Maternity Home: extracted
[local-ai] Subba Rao Hospital: extracted
[checkpoint] saved 9467 records
[local-ai] Srimaa Sarada Arogyadham: extracted
[local-ai] Soni and Kaur Multispeciality Hospital And Maternity Home: extracted
[local-ai] Sobhagya Hospital: extracted
[local-ai] Shri Ram Hospital, Raipur: extracted
[local-ai] Shri Balaji Institute Of Medical Science Pvt Ltd: extracted
[local-ai] Pathak Hospital, Raipur: extracted
[local-ai] Gbg Kidney Care Hospital: extracted
[local-ai] Parvati Hospital: extracted
[local-ai] Shri Vinayak Hospital: extracted
[local-ai] Bhilai Gayatri Hospital: extracted
[local-ai] Suraj Hospital, Durg: extracted
[local-ai] Modi Hospital: extracted
[local-ai] Jagjivan Urology Centre: extracted
[local-ai] Sahai Hospital: extracted
[local-ai] Pragya Hospital, Raipur: extracted
[local-ai] P D Jethani Memorial Hospital and Diagnostic Center: extracted
[local-ai] Nigam Ent Hospital: extracted
[local-ai] Ganpati Hospital (Banthia Hospital): extracted
[local-ai] Yashwant Hospital, Raipur: extracted
[local-ai] Tripathi Hospital, Raipur: extracted
[local-ai] Jeewan Memorial Hospital For Plastic Surgery and Uro: extracted
[local-ai] Om Netra Kendra: extracted
[local-ai] Roopjeevan Hospital: extracted
[local-ai] Jubesta Hospital: extracted
[local-ai] Jain Hospital, Raipur: extracted
[checkpoint] saved 9492 records
[local-ai] Dr. Rajehwari Kulkarni Surgical Hospital And Dia: extracted
[local-ai] Pragya Hospital, Durg: extracted
[local-ai] Ekta Institute Of Child Health: extracted
[local-ai] Rajiv Lochan Hospital: extracted
[local-ai] United Hospital, Rajnandgaon: extracted
[local-ai] Arihant Hospital: extracted
[local-ai] Pushpa Hospital, Durg: extracted
[local-ai] Sanjivani Hospital, Durg: extracted
[local-ai] Ayush Hospital and Maternity Home: extracted
[local-ai] Ayushman Hospital and Diagnostic Institute: extracted
[local-ai] Bachpan Hospital: extracted
[local-ai] Bhattar Hospital: extracted
[local-ai] City Hospital And Research Centre: extracted
[local-ai] Devkripa Hospital and Doctor Plaza: extracted
[local-ai] Dr. Jaulkar Ent Hospital: extracted
[local-ai] Dr. Sandeep Bhagwat Orthopedic Hospital: extracted
[local-ai] Eye and Ent Hospital: extracted
[local-ai] Heritage Hospital, Raipur: extracted
[local-ai] Jyoti Hospital and Prasuti Griha: extracted
[local-ai] K G N Surical and Maternity Centre: extracted
[local-ai] K.M. Hospital: extracted
[local-ai] M. M. Hospital: extracted
[local-ai] Mahadev Hospital: extracted
[local-ai] Mishra Speciality Hospital: extracted
[local-ai] Matra Smriti Hospital: extracted
[checkpoint] saved 9517 records
[local-ai] M D Hospital and Iccu: extracted
[local-ai] Maa Babmleshwari Dharmarth Chikitsalaya: extracted
[local-ai] Mgm Eye Hospital: extracted
[local-ai] Amrit Kalash Hospital: extracted
[local-ai] Akshay Hospital: extracted
[local-ai] Shree Balaji Hospital, Durg: extracted
[local-ai] Rajvanshi Memorial Hospital: extracted
[local-ai] Suprita Hospital: extracted
[local-ai] Luthra Hospital And Research Centre: extracted
[local-ai] Evangelical Mission Hospital: extracted
[local-ai] Lifeworth Super Speciality Hospital: extracted
[local-ai] Vardhman Hospital, Durg: extracted
[local-ai] Shri Manulal Memorial Medical Centre: extracted
[local-ai] Sahu Hospital, Raipur: extracted
[local-ai] N.M.D.C. Appolo Central Hospital: extracted
[local-ai] Vision Eye Care and Surgical Centre: extracted
[local-ai] Kundla Memorial Hopital: extracted
[local-ai] Gautam Hospital: extracted
[local-ai] Agrasen Hospital: extracted
[local-ai] Nibha Mitra Memorial Hospital: extracted
[local-ai] Sewabhawan Hospital: extracted
[local-ai] Government Medical College Hospital, Bastar: extracted
[local-ai] Pt.J N M Medical College Hospital: extracted
[local-ai] Tlm Laprocy Mission Hospital: extracted
[local-ai] Government Hospital,Darima: extracted
[checkpoint] saved 9542 records
[local-ai] Kanwar Hospital, Raipur: extracted
[local-ai] Raipur Hospital: extracted
[local-ai] Sharma Nethralaya: extracted
[local-ai] Christian Fellowship Hospital: extracted
[local-ai] The Leprosy Mission Hospital: extracted
[local-ai] Sanjeewan Hospital, Raipur: extracted
[local-ai] Fortis O. P. Jindal Hospital And Research Center: extracted
[local-ai] Shriram Hospital, Surguja: extracted
[local-ai] M P M Hospital: extracted
[local-ai] Holy Cross Hospital, Jashpur: extracted
[local-ai] Jmj Morning Star Hospital: extracted
[local-ai] Arihant Netralaya: extracted
[local-ai] City Hospital: extracted
[local-ai] Jan Kalyan Hospital, Bhilai: extracted
[local-ai] Govt. hospitel baloda: extracted
[local-ai] Ravindra Nath Tagore District Hospital: extracted
[local-ai] Govt.hospital jhuranadi: extracted
[local-ai] Government Hospital Koyalibeda: extracted
[local-ai] Govt. T.B. Hospital: extracted
[local-ai] Govt. Hospital Keshkal: extracted
[local-ai] Government Hospital,Dongargaon: extracted
[local-ai] Government Hospital Lawan: extracted
[local-ai] Government Hospital Farfoud: extracted
[local-ai] Government Hospital ,Lalbhadur Nagar: extracted
[local-ai] Government Hospital Mohala: extracted
[checkpoint] saved 9567 records
[local-ai] Government Hospital Uparwara: extracted
[local-ai] Dhamdha Government Hospital: extracted
[local-ai] Government Hospital Bartori: extracted
[local-ai] Government Hospital, Tilda: extracted
[local-ai] Government Hospital Dumardihkala: extracted
[local-ai] Government Hospital ,Arjuni: extracted
[local-ai] DH Baloda Bazar: extracted
[local-ai] Govt. Hospital,Gandai: extracted
[local-ai] Kanker Hospital: extracted
[local-ai] District Hospital Bemetara: extracted
[local-ai] Sharda Hospital: extracted
[local-ai] Hospital Chhindgarh: extracted
[local-ai] Govt hospital dokarpali: extracted
[local-ai] Tongpal Hospital: extracted
[local-ai] Government Hospital,Purena: extracted
[local-ai] Govt. Hospital Chuikhadan: extracted
[local-ai] Government hospital,Khokhopara: extracted
[local-ai] Government Hospital Sarsiwa: extracted
[local-ai] Civil Hospital Pakhanjur: extracted
[local-ai] Government hospital Nagri: extracted
[local-ai] Govt Hospital Khallari: extracted
[local-ai] PHC Kochwai: extracted
[local-ai] Govt.Hospital S.Lohara Dist - Kawardha: extracted
[local-ai] Government hospital arang: extracted
[local-ai] Govt Hospital Rasmada: extracted
[checkpoint] saved 9592 records
[local-ai] Government hospital Malkharoda: extracted
[local-ai] Civil Hospital Kurud: extracted
[local-ai] Public Hospital Kondagaon: extracted
[local-ai] District Hospital Raipur: extracted
[local-ai] Goverment hospital Gobra Nawapara: extracted
[local-ai] Shri Khudadad Dungaji Government Ayurved College Hospital: extracted
[local-ai] Primary Health Centre Kapsi: extracted
[local-ai] Government Hospital Chhuria: extracted
[local-ai] Government Hospital Sarona: extracted
[local-ai] District Hospital Baloda: extracted
[local-ai] Government Hospital Shahwada: extracted
[local-ai] Old District Hospital Mahasamund: extracted
[local-ai] Government Hospital, Saraipa: extracted
[local-ai] DH Gariaband: extracted
[local-ai] DH Balod: extracted
[local-ai] Government Hospital Ahiwara: extracted
[local-ai] Government Hospital Sukul Daihan: extracted
[local-ai] Dantewada: extracted
[local-ai] Government Hospital, Ambagarh Chowki: extracted
[local-ai] Government Hospital ,Khandupara: extracted
[local-ai] Khairagarh Hospital: extracted
[local-ai] Government Hospital Umarwahi: extracted
[local-ai] Government Hospital Bade Sajapali: extracted
[local-ai] Government Hospital: extracted
[local-ai] Government Hospital Bitkuli: extracted
[checkpoint] saved 9617 records
[local-ai] Labhandhi Government Hospital: extracted
[local-ai] District Hospital Kanker: extracted
[local-ai] Government hospital balpur: extracted
[local-ai] Government Medical College Hospital,: extracted
[local-ai] Government Hospital Basna: extracted
[local-ai] Konta Hospital: extracted
[local-ai] Government Hospital Charbhata: extracted
[local-ai] Government Hospital Chikhalakasa: extracted
[local-ai] Govt Hospital DABHARA: extracted
[local-ai] DH Dhamtari: extracted
[local-ai] Government Hospital Tumgaon: extracted
[local-ai] Govt Hospital Lawsara: extracted
[local-ai] District Hospital Janjgir: extracted
[local-ai] Government Hospital,Bargidih: extracted
[local-ai] Indira Gandhi Jila Chikitsalay: extracted
[local-ai] District Hospital,Ambikapur: extracted
[local-ai] ESI Hospital,Rampur: extracted
[local-ai] Government Hospital, Ramanujnagar: extracted
[local-ai] Regional Hospital Kurasia Chirimiri: extracted
[local-ai] Civil Hospital Dharamjaigarh: extracted
[local-ai] Government Hospital Manendragarh: extracted
[local-ai] Govt hospital TUMAN: extracted
[local-ai] District Hospital Baikunthpur: extracted
[local-ai] Govt Hospital Dhurkot: extracted
[local-ai] Government Hospital BILHA: extracted
[checkpoint] saved 9642 records
[local-ai] Government Hospital Nawagaon: extracted
[local-ai] Govt. Hospital Bagia: extracted
[local-ai] Govt hospital Saragbundia: extracted
[local-ai] Civil Hospital Kharsia: extracted
[local-ai] Government Hospital, Ramkola: extracted
[local-ai] Govt Hospital Hardibazar: extracted
[local-ai] DH MUNGELI: extracted
[local-ai] Government hospital Baki Mogara: extracted
[local-ai] Sub Hospital Nakana: extracted
[local-ai] Government HospitalRuse: extracted
[local-ai] Jachaa Bachaa Hospital: extracted
[local-ai] Gov.Hospital Saraskela: extracted
[local-ai] Central Hospital Manendragarh: extracted
[local-ai] Government Hospital Pathalgaon: extracted
[local-ai] Government Hospital Chakarbhata: extracted
[local-ai] Kota,Government Hospital: extracted
[local-ai] Chandni Biharpur Government Hospital: extracted
[local-ai] Government Hospital Taregaon: extracted
[local-ai] Kamalpur Hospital: extracted
[local-ai] Surajpur District Hospital: extracted
[local-ai] Government Hospital,Balajha: extracted
[local-ai] Government Hospital,Songara: extracted
[local-ai] Kunkuri hospital: extracted
[local-ai] Government hospital Bhainswar: extracted
[local-ai] Government Hospital, Lundra: extracted
[checkpoint] saved 9667 records
[local-ai] Govt Hospital Dhitori: extracted
[local-ai] Government Hospital: extracted
[local-ai] Government Hospital Barbaspur: extracted
[local-ai] Govt.Hospital Pantora: extracted
[local-ai] Government hospital Khairwar khurd: extracted
[local-ai] Government hospital,Kawardha: extracted
[local-ai] Bisahu Das Mahant Govt. Hospital: extracted
[local-ai] Government Hospital Chirimiri: extracted
[local-ai] Govt Hospital Navagrh: extracted
[local-ai] Government Hospital,Shahpu: extracted
[local-ai] Goverment Hospital Kenda: extracted
[local-ai] Duyshant Sonboier: extracted
[local-ai] Shri Balaji Hospital: extracted
[local-ai] Shree Sai Hospital: extracted
[local-ai] Umeed Health Care Multispeciality Hospital: extracted
[local-ai] Jeevan Anmol Hospital: extracted
[local-ai] City Hospital: extracted
[local-ai] Madhumeet Hospital: extracted
[local-ai] Shri Krishna Hospital: extracted
[local-ai] Jawhar Lal Nehru Hospital: extracted
[local-ai] Mary Hospital: extracted
[local-ai] Tiwari Hospital: extracted
[local-ai] OM Hospital: extracted
[local-ai] Raipura Hospital: extracted
[local-ai] Awasthi Hospital: extracted
[checkpoint] saved 9692 records
[local-ai] SVM, Shailesh Verma Memorial Hospital: extracted
[local-ai] Om Superspeciality Hospital: extracted
[local-ai] Transist Hostel District Hospital Campus Dantewada: extracted
[local-ai] Government SHC Hospital: extracted
[local-ai] Mahima Hospital: extracted
[local-ai] Shreyansh Hospital: extracted
[local-ai] Dr Vikas chandrakar: extracted
[local-ai] V Y Hospital: extracted
[local-ai] Santosh hospital: extracted
[local-ai] Navjeevan Hospitals: extracted
[local-ai] Someshwar private hospital: extracted
[local-ai] Kankali Hospital Parisar: extracted
[local-ai] Anjali Children Hospital: extracted
[local-ai] We Care Super Specialty Hospital: extracted
[local-ai] Jayanti Hospital: extracted
[local-ai] shri akal purakh hospital: extracted
[local-ai] District Police Hospital: extracted
[local-ai] Puspha Hospital: extracted
[local-ai] Dr Manoj Agrwal: extracted
[local-ai] Sagar Hospital: extracted
[local-ai] Avanti Hospital: extracted
[local-ai] Jamul Hospital: extracted
[local-ai] RLC Multispeciality Hospital: extracted
[local-ai] Anand Shree Hospital: extracted
[local-ai] Life Line Hospital: extracted
[checkpoint] saved 9717 records
[local-ai] Dr. B.C.PINCHA: extracted
[local-ai] Dr. V.S. Baghel hospital: extracted
[local-ai] Shriyansh Hospital: extracted
[local-ai] Shri Jagannath Multispeciality Hospital: extracted
[local-ai] Gayatri Hospital: extracted
[local-ai] Vijaya durga hospital: extracted
[local-ai] District Hospital: extracted
[local-ai] Rajdhani Super Speciality Hospital: extracted
[local-ai] Steel City Medical center - Multispeciality Hospital: extracted
[local-ai] Dr Nigam Hospital: extracted
[local-ai] Shubham Hospital: extracted
[local-ai] Government Homeopathy Hospital: extracted
[local-ai] S R Hospital and Research Centre: extracted
[local-ai] Dr Hari Krishna Agrawal Hospital: extracted
[local-ai] ESIC Office: extracted
[local-ai] Sai Sanjivani Multi Speciality Hospital: extracted
[local-ai] S.K.B. Multispeciality Hospital And Trauma Center: extracted
[local-ai] Christian Hospital: extracted
[local-ai] Virdi Hospital: extracted
[local-ai] DKS Super Speciality Hospital: extracted
[local-ai] Shri Janak Hospital: extracted
[local-ai] Apex Super Speciality Hospital and IVF Centre: extracted
[local-ai] GUIN Hospital: extracted
[local-ai] Kanha Hospital: extracted
[local-ai] Sihare Children's Hospital: extracted
[checkpoint] saved 9742 records
[local-ai] surya netralaya: extracted
[local-ai] Mamta Hospital: extracted
[local-ai] Ganga Smart Hospital: extracted
[local-ai] Mahima Hospital: extracted
[local-ai] GBR Nihar Hospital Jeora Sirsa Durg: extracted
[local-ai] Dr Suchitra Tripathi: extracted
[local-ai] The Rembo Eye Optrome: extracted
[local-ai] Om Hospital , Burn Plastic & Cosmetic Surgery Center: extracted
[local-ai] Dr.Piyush Agrawal: extracted
[local-ai] Ankur children's hospital: extracted
[local-ai] Shree Children Hospital: extracted
[local-ai] Ayushman Hospital: extracted
[local-ai] Star Children Hospital: extracted
[local-ai] Parihar Hospital: extracted
[local-ai] MAKHIJA TEST TUBE BABY CENTRE: extracted
[local-ai] Shri Mahaveer Hospital: extracted
[local-ai] Megh Hospital: extracted
[local-ai] Gaurav Hospital: extracted
[local-ai] Rakesh Tiwari Homeo Hospital: extracted
[local-ai] Lotus Hospital & Advance Urology Center: extracted
[local-ai] Agrawal Eye hospital: extracted
[local-ai] Tawari Hospital: extracted
[local-ai] Kalyani Hospital: extracted
[local-ai] DR. Jangde nursing home: extracted
[local-ai] Shalom Hospital: extracted
[checkpoint] saved 9767 records
[local-ai] Sankalp Eye Hospital: extracted
[local-ai] siddheshwar netralaya: extracted
[local-ai] Chand Rani Sardari Lal Speciality EYE And ENT Hospital: extracted
[local-ai] Dr.sumit Tiwari's Asha Super Speciality Dental Hospital: extracted
[local-ai] Petals Newborn And Children Hospital: extracted
[local-ai] Debra Eye Hospital: extracted
[local-ai] Lifeline Hospital: extracted
[local-ai] Jindal Hospital: extracted
[local-ai] ESIC Hospital: extracted
[local-ai] Shashwat Hospital: extracted
[local-ai] SRS Multispeciality Hospital: extracted
[local-ai] Shri Balaji Metro Hospital: extracted
[local-ai] mahila hospital: extracted
[local-ai] seva sadan hospital: extracted
[local-ai] Sagar Multi Speciality Hospital: extracted
[local-ai] RoopJeewan Hospital: extracted
[local-ai] G. B. Hospital & Meternity Home: extracted
[local-ai] Dr John Hospital: extracted
[local-ai] Sankalp Hospital: extracted
[local-ai] Siddharth Hospital: extracted
[local-ai] Sns Hospital: extracted
[local-ai] Jeevan Jyoti Hospital: extracted
[local-ai] Kamala Memorial Hospital: extracted
[local-ai] Suraj District Hospital: extracted
[local-ai] CSEB West Hospital: extracted
[checkpoint] saved 9792 records
[local-ai] Dr Rupesh Namdev MBBS DMRE: extracted
[local-ai] Sree Ram Eye Hospital: extracted
[local-ai] Uday Children Hospital: extracted
[local-ai] shri Ganesh Vinayak Eye Hospital: extracted
[local-ai] Arogya Niketan Hospital: extracted
[local-ai] Endoscopy & Surgical Clinic (Cancer Hospital): extracted
[local-ai] Prakash Hospital: extracted
[local-ai] Saaol Heart Center: extracted
[local-ai] Railway Hospital: extracted
[local-ai] Shi Ganesh Vinayak Eye Hospital: extracted
[local-ai] Dr.Amin Rizvi Ayurvedic Hospital: extracted
[local-ai] Jeevan Asha Hospital: extracted
[local-ai] Narayani Hospital: extracted
[local-ai] Ashirwad Hospital: extracted
[local-ai] Sunshine hospital: extracted
[local-ai] Sarvamangla Maternity Hospital: extracted
[local-ai] District Hospital: extracted
[local-ai] Chaturvedi Dental Hospital: extracted
[local-ai] City Multispeciality Hospital and Research Centre: extracted
[local-ai] Sanjivani Hospital & Research Centre: extracted
[local-ai] JP Surgical Hospital & Advance Laparoscopic Centre: extracted
[local-ai] District Ayurveda Hospital Ambikapur: extracted
[local-ai] Sankalp Multispeciality Hospital: extracted
[local-ai] Ujjwal Hospital & Maternity Home: extracted
[local-ai] Atharva Hospital: extracted
[checkpoint] saved 9817 records
[local-ai] MIRA DEVI MEMORIAL HOSPITAL: extracted
[local-ai] Rani Dhanraj Kuwar Devi Govt. Hospital: extracted
[local-ai] Dr S.Samuel Anugrah Clinic & Research Centre: extracted
[local-ai] HOLY CHRIST MULTISPECIALITY HOSPITAL: extracted
[local-ai] Siddhartha Hospital: extracted
[local-ai] District Hospital,Kobra: extracted
[local-ai] Shri Mahavir Hospital: extracted
[local-ai] Dr. Rahalkar Hospital: extracted
[local-ai] Nirmala hospital surgical and dental care: extracted
[local-ai] Renu Agarwal Eye Hospital,: extracted
[local-ai] Dr.B.S.Sengar Ortho Surg.: extracted
[local-ai] Jamuna Devi Memorial: extracted
[local-ai] NIYOGI HOSPITAL AND SONOGRAPHY CENTER: extracted
[local-ai] Vandana Hospital: extracted
[local-ai] Maternity Hospital: extracted
[local-ai] Usha memorial Skin & Eye Hospital: extracted
[local-ai] Dr K K Agrawal Heart Center: extracted
[local-ai] SHISHU MANGLAM HOSPITAL/CITY HOSPITAL: extracted
[local-ai] City Hospital-Kobra: extracted
[local-ai] Maharajganj: extracted
[local-ai] Mata Rajrani Memorial Healthcare & Tej Diagnostic: extracted
[local-ai] NKH Super Specialty Hospital: extracted
[local-ai] Rewatpur Hospital: extracted
[local-ai] Sanskriti Hospital: extracted
[local-ai] CCNH Hospital: extracted
[checkpoint] saved 9842 records
[local-ai] Kautilya Hospital: extracted
[local-ai] Dr.Sanjeev Sinha AKRITI HOSPITAL: extracted
[local-ai] Shri Krishna Hospital: extracted
[local-ai] BALCO HOSPITAL: extracted
[local-ai] Kilkari Hospital: extracted
[local-ai] Shri Balaji Trauma And Super Speciality Hospital: extracted
[local-ai] District Hospital, Balrampur: extracted
[local-ai] Shri Prasuti & Shishu Mandir: extracted
[local-ai] parmar hospital a child care unit: extracted
[local-ai] gita devi memorial hospital: extracted
[local-ai] Aarbee Hospital: extracted
[local-ai] City Dental Hospital: extracted
[local-ai] City Hospital: extracted
[local-ai] Veterinary Hospital: extracted
[local-ai] Dr. Mukesh Lunkad Nursing Home: extracted
[local-ai] K.N.H Hospital: extracted
[local-ai] Rameshwaram Hospital: extracted
[local-ai] Dr. Niranjan Mahawar Hospital: extracted
[local-ai] Mithali Hospital: extracted
[local-ai] Dr. Shri Naresh Jain- Hospital: extracted
[local-ai] Shriram Hospital: extracted
[local-ai] Baby Care Children Hospital: extracted
[local-ai] Bal Krishna Hospital: extracted
[local-ai] Maharani Hospital: extracted
[local-ai] Dr. Gangwani: extracted
[checkpoint] saved 9867 records
[local-ai] Government Hospital: extracted
[local-ai] Government Maternal Hospital: extracted
[local-ai] Gupta Hospital: extracted
[local-ai] Sarwani Devi Mittal Memorial Hospital: extracted
[local-ai] Narayanpur Veterinary Hospital: extracted
[local-ai] Dhamtari Hospital: extracted
[local-ai] Amoda Hospital: extracted
[local-ai] Danteshwari Hospital: extracted
[local-ai] Manmohan Vaishno Hospital: extracted
[local-ai] Shree Ram Hospital & Research Centre: extracted
[local-ai] Sahu Hospital: extracted
[local-ai] Netam Hospital & Infertility Centre: extracted
[local-ai] Dharmarth Hospital: extracted
[local-ai] District Veterinary Hospital: extracted
[local-ai] Dr.Iqbal Pervez Orthopaedics Hospital: extracted
[local-ai] Fracture Trauma Hospital: extracted
[local-ai] Purnima Homeo & Dental Hospital: extracted
[local-ai] Santosh Hospital: extracted
[local-ai] Ravindra Nath Tagore Hospital: extracted
[local-ai] Sri Badyanath Ayurvedic Dawakhana: extracted
[local-ai] Vatenery Hospital: extracted
[local-ai] CG MEDCALS: extracted
[local-ai] Hospital Pharasgaon: extracted
[local-ai] Government Hospital, Palari: extracted
[local-ai] Government Hospital, Bitkuli: extracted
[checkpoint] saved 9892 records
[local-ai] Government Hospital, Bhatgaon: extracted
[local-ai] Government Hospital, Sarkhor: extracted
[local-ai] Government Hospital, Charoda: extracted
[local-ai] Government Hospital, Hirmi: extracted
[local-ai] Government Hospital, Kosmi: extracted
[local-ai] Government Hospital, Sautnar: extracted
[local-ai] Government Hospital, Ghotiya: extracted
[local-ai] City Center Medicals: extracted
[local-ai] Baba Taj-Sai Hospital: extracted
[local-ai] LSLAM Government Medical College Hospital, Raigarh: extracted
[local-ai] A.S.M DENTAL CLINIC: extracted
[local-ai] Shreevedam Dental and Aryuvedic Clinic: extracted
[local-ai] Thawani dental clinic: extracted
[local-ai] chhattisgarh hospital: extracted
[local-ai] bhatiya hospital: extracted
[local-ai] Shreenidhi Ayurved Consulting & Panchkarma clinic: extracted
[local-ai] Shree Ram Multispeciality Hospital (SRMH) Raipur: extracted
[local-ai] Smc Multy Specility Hospital: extracted
[local-ai] Msster Ubaid Therapy Center (CHITOPRACTOR): extracted
[local-ai] Prem Shankar Hospital: extracted
[local-ai] All India Institute of Medical Sciences (AIIMS), Raipur: extracted
[local-ai] Life Care Hospital And Emergency Care Unit: extracted
[local-ai] Chhattisgarh Institute of Medical Sciences: extracted
[local-ai] Jachman Memorail Mission Hospital: extracted
[local-ai] N C HOSPITAL: extracted
[checkpoint] saved 9917 records
[local-ai] Jawaharlal Nehru Hospital and Research Centre: extracted
[local-ai] Shree Narayana Hospital: extracted
[local-ai] Dr. B.R. Ambedkar Memorial Hospital: extracted
[local-ai] Kims Super Speciality Hospital: extracted
[local-ai] jila hospital: extracted
[local-ai] Shre Ramkinkar Medical Institute Hospital: extracted
[local-ai] DR SALEEM HOSPITAL: extracted
[local-ai] hospital: extracted
[local-ai] Apollo Hospitals: extracted
[local-ai] Smt. Ashrafi Devi Womens Hospital: extracted
[local-ai] Kirodimal District Hospital Raigarh: extracted
[local-ai] Harsh Childrens Hospital: extracted
[local-ai] Trust's Hospital: extracted
[local-ai] Venus Multi Speciality Hospital: extracted
[local-ai] Mahatma Gandhi Eye Hospital: extracted
[local-ai] Sardar Vallabh Bhai Patel: extracted
[local-ai] Government Medical College, Raigarh: extracted
[local-ai] Arihant Hospital: extracted
[local-ai] Sri Sathya Sai Sanjeevani Hospital: extracted
[local-ai] AROGYA NIKETAN HOPITAL: extracted
[local-ai] KEM: extracted
[local-ai] Multi Super Specialty Hospital: extracted
[local-ai] Central Hospital Railway: extracted
[local-ai] Bhilai Hospital Sector 1: extracted
[local-ai] District Hospital Bijapur: extracted
[checkpoint] saved 9942 records
[local-ai] DKS Super Speciality Hospital: extracted
[local-ai] Bharat Mata Hospital: extracted
[local-ai] Suyash Hospital: extracted
[local-ai] Kirodimal Government Hospital: extracted
[17/36] Chhattisgarh                           fetched=   614 kept=   604 already_saved=0 total=  9946
[18/36] Haryana: requesting source data (timeout=90s, retries=3)
[local-ai] Paras Hospital, Gurgaon: extracted
[local-ai] Max Hospital: extracted
[local-ai] Aparna hospital: extracted
[local-ai] Pushpanjali Hospital: extracted
[local-ai] Astha Hospital: extracted
[local-ai] Gobind Hospital: extracted
[local-ai] Sai Heart and Trauma Center: extracted
[local-ai] Sitaram Bhartia: extracted
[local-ai] Civil Hospital: extracted
[local-ai] Civil Hospital: extracted
[local-ai] Aikya Hospital: extracted
[local-ai] Jakhar Hospital: extracted
[local-ai] Govt Vety Hospital: extracted
[local-ai] Prime Hospital & Ortho Centre: extracted
[local-ai] Amar Hospital: extracted
[local-ai] Metro Hospital and Heart Institute, Gurgaon: extracted
[local-ai] Hospital Amritdhara: extracted
[local-ai] السكن: extracted
[local-ai] Preet clinic: extracted
[local-ai] Pheladelephia Mission Hospital: extracted
[local-ai] Metro Multi Speciality Hospital: extracted
[local-ai] Amrita Hospital, Faridabad: extracted
[local-ai] ANJULI NURSING HOME: extracted
[local-ai] ARSH HOSPITAL: extracted
[local-ai] Ganga Ram Hospital: extracted
[checkpoint] saved 9971 records
[local-ai] Anahat Hospital: extracted
[local-ai] Civil Hospital, Narwana: extracted
[local-ai] Primary Health Centre, PHC Muana: extracted
[local-ai] Civil Hospital Kath Mandi: extracted
[local-ai] Vardhaman Hospital, Chandigarh: extracted
[local-ai] PC Sharma Eye Hospital: extracted
[local-ai] Gupta Eye Hospital, Chandigarh: extracted
[local-ai] Rai Multi Speciality Hospital: extracted
[local-ai] Sarvodya Hospital: extracted
[local-ai] Saraswati Hospital, Gurgaon: extracted
[local-ai] Shree Krishna Hospital, Gurgaon: extracted
[local-ai] Sharma Hospital, Gurgaon: extracted
[local-ai] Ballabgarh Nursing Home: extracted
[local-ai] Shri Balaji Hospital and Trauma Center: extracted
[local-ai] Janki Children Hospital: extracted
[local-ai] Ashutosh Mission Hospital: extracted
[local-ai] Shri Balaji`S Multispeciality Hospital: extracted
[local-ai] Neeraj Hospital: extracted
[local-ai] Shri Ram Hospital: extracted
[local-ai] Arogya Dham Hospital: extracted
[local-ai] A R Mittal Hospital: extracted
[local-ai] ESI Hospital, NH-3: extracted
[local-ai] Loomba Maternity and E.N.T. Hospital: extracted
[local-ai] R.R Free Seva Hospital Eye Hospital: extracted
[local-ai] Pahwa Orthopaedic Hospital: extracted
[checkpoint] saved 9996 records
[local-ai] Rama Hospital, Sonipat: extracted
[local-ai] Pulse Hospital, Faridabad: extracted
[local-ai] Institute Of Reproduction and Child Cares: extracted
[local-ai] Kalawati Hospital, Sonipat: extracted
[local-ai] Civil Hospital Ambala City: extracted
[local-ai] Khetarpaul Hospital: extracted
[local-ai] Siyaram Hospital: extracted
[local-ai] Dr. Ashok Gupta Hospital: extracted
[local-ai] Ishwar Children Hospital: extracted
[local-ai] Ganpati Surgical and Trauma Hospital: extracted
[local-ai] Jaipur Hospital: extracted
[local-ai] Aarogyadham Charitable Eye Hospital: extracted
[local-ai] Garg Children Hospital: extracted
[local-ai] Dhawan Orthopadicand Fracture Hospital: extracted
[local-ai] Gold Field Hospital and Research Center: extracted
[local-ai] Anand Hospital, Gurgaon: extracted
[local-ai] Dr Sudhir Sabharwal Orthopaedic Center: extracted
[local-ai] Sood Eye Hospital: extracted
[local-ai] Amritdhara Hospital: extracted
[local-ai] Vishnu Devi Janana Hospital: extracted
[local-ai] Bathla Psychiatric Hospital: extracted
[local-ai] Arvind Children Hospital: extracted
[local-ai] Dhamija Hospital: extracted
[local-ai] Pahwa Skin Hospital: extracted
[local-ai] Aruya Aspatal: extracted
[checkpoint] saved 10021 records
[local-ai] Mittal Maternity and Super-specialty Hospital , Yamunanagar: extracted
[local-ai] ESI Hospital, Panipat: extracted
[local-ai] Kakkar Eye Hospital /Kakar Eye Hospital: extracted
[local-ai] Ayujyoti Ayurvedic College and Hospital: extracted
[local-ai] Alka Hospital: extracted
[local-ai] Sunflag Hospital, Rohtak: extracted
[local-ai] Shri Krishna Hospital, Mahendragarh: extracted
[local-ai] Madukhar Bharti Hospital: extracted
[local-ai] Khurana Hospital, Panchkula: extracted
[local-ai] Sabharwal Children Hospital: extracted
[local-ai] Navjeevan Hospital, Nirmal Market, Karnal: extracted
[local-ai] Tikku Hoapital: extracted
[local-ai] Singla Orthopaedic Centre / Ortho Nava Hospital: extracted
[local-ai] Shree Hari Hospital / Shree Hari Om Hospital: extracted
[local-ai] Mehra Hospital: extracted
[local-ai] Navjeevan Hospital and Maternity Centre: extracted
[local-ai] Jawa Child Care Centre: extracted
[local-ai] Dr. G.C. Gupta Hospital: extracted
[local-ai] Sethi Hospital: extracted
[local-ai] Navjeevan Hospital, Sonipat: extracted
[local-ai] Dr Nand Lal Sharma Memorial Hospital: extracted
[local-ai] Maharaja Agrasen Medical College and Hospital: extracted
[local-ai] Sarvodaya Hospital, Faridabad: extracted
[local-ai] Surgicare Hospital, Gurgaon: extracted
[local-ai] Life Care Hospital, Karnal: extracted
[checkpoint] saved 10046 records
[local-ai] Park Hospital Gurgaon: extracted
[local-ai] Dr B Lal Hospital: extracted
[local-ai] Pasricha Hospital and Maternity Home: extracted
[local-ai] Raffels Hospital: extracted
[local-ai] D.N.Batra Hospital: extracted
[local-ai] Sharma Hospital, Bhiwani: extracted
[local-ai] Sukhdev Hospital, Rewari: extracted
[local-ai] Shakuntla Hospital: extracted
[local-ai] Mittal Chest Hospital: extracted
[local-ai] Maya Devi Hospital / Maya Medicare: extracted
[local-ai] Ganga Devi Pandey Eye Hospital: extracted
[local-ai] Jain Eye Hospital, Hisar: extracted
[local-ai] N. D. Hospital, Hisar: extracted
[local-ai] Shalini Surgical and Maternity Hospital: extracted
[local-ai] Vignesh Hospital: extracted
[local-ai] Vardaan Hospital and Trauma Centre: extracted
[local-ai] Kesar Hospital, Faridabad: extracted
[local-ai] Life Care Hospital, Rewari: extracted
[local-ai] Upkar Hospital Palwal: extracted
[local-ai] Vardhman General Hospital: extracted
[local-ai] Hemant Hospital, Mahendragarh: extracted
[local-ai] Pandit Bhagwat Dayal Sharma Post Graduate Institute of Medical Science Hospital: extracted
[local-ai] Bhola Orthopaedics and Dental Hospital: extracted
[local-ai] Mahavir Hospital, Jind: extracted
[local-ai] Eye Q Super Speciality Eye Hospitals, Hisar: extracted
[checkpoint] saved 10071 records
[local-ai] Sukhram Hospital, Mahendragarh: extracted
[local-ai] N.K. Garg Children Hospital: extracted
[local-ai] A S Dahiya Hospital: extracted
[local-ai] Satyam Clinic, Sirsa: extracted
[local-ai] Faridabad City Hospital and Pilex: extracted
[local-ai] Sihint Ear Nose Throat Hospital: extracted
[local-ai] Aggarwal Hospital: extracted
[local-ai] Nandra Hospital, Ambala: extracted
[local-ai] J P Hospital, Kurukshetra: extracted
[local-ai] Madhumita Hospital and Diagnostic Centre: extracted
[local-ai] Gaba Hospital: extracted
[local-ai] Sarita Jain Hospital: extracted
[local-ai] Chadha Hospital: extracted
[local-ai] Shri Suresh Chandra Memorial Eye and General Hospit: extracted
[local-ai] Dayal Eye & Maternity Centre: extracted
[local-ai] Nirmal Eye Hospital: extracted
[local-ai] Garg Ent Hospital: extracted
[local-ai] City Hospital: extracted
[local-ai] Smt. Shanti Devi Kalra Eye and Maternity Hospital: extracted
[local-ai] Mittal Hospital, Faridabad: extracted
[local-ai] Skg Hospital, Faridabad: extracted
[local-ai] Dr. Rahul Mittal Memorial Hospital: extracted
[local-ai] Palwal Hospital: extracted
[local-ai] Shubham Hospital: extracted
[local-ai] Jindal Child Care And Laboratory: extracted
[checkpoint] saved 10096 records
[local-ai] Apex Hospital & IVF Centre: extracted
[local-ai] Mehnidratta Hospital: extracted
[local-ai] Kalyani Hospital, Gurgaon: extracted
[local-ai] Deswal Hospital Childrens and Maternity Centre: extracted
[local-ai] Dev Eye Hospital: extracted
[local-ai] Christian Hospital: extracted
[local-ai] Bansal Eye Hospital: extracted
[local-ai] Goel Hospital, Yamunanagar: extracted
[local-ai] Rameshwar Dass Memorial Hospital: extracted
[local-ai] S.K. Hospital - Jagadhri: extracted
[local-ai] Mahendra Hospital: extracted
[local-ai] Jindal Hospital, Yamunanagar: extracted
[local-ai] Sh O P Memorial Jain Hospital: extracted
[local-ai] Rana Hospital, Panchkula: extracted
[local-ai] Sanjivani Multispeciality Hospital: extracted
[local-ai] General Hospital, Yamunanagar: extracted
[local-ai] Kapil Eye Hospital: extracted
[local-ai] Santosh Hospital and Maternity Home: extracted
[local-ai] Tomar Nursing Home: extracted
[local-ai] Gaj Raj Hospital: extracted
[local-ai] Sanskar Hospital: extracted
[local-ai] Mittal Heart and Poison Hospital: extracted
[local-ai] Jeevan Nursing Home: extracted
[local-ai] Shivmani Hospital: extracted
[local-ai] Dr. Bal Krishna Gupta Hospital: extracted
[checkpoint] saved 10121 records
[local-ai] Rajan Hospital, Yamunanagar: extracted
[local-ai] Aarogyam Hospital, Yamunanagar: extracted
[local-ai] Mukand Lal Civil Hospital, Jagadhri: extracted
[local-ai] Aastha Hospital, Rohtak: extracted
[local-ai] Aditya Neuro and Spine Speciality Hospital: extracted
[local-ai] Gaur Brahman Ayurvedic College Hospital: extracted
[local-ai] Civil Hospital, Rohtak: extracted
[local-ai] Sabbarwal Hospital: extracted
[local-ai] S.P. Hospital: extracted
[local-ai] Chandrawati Child and Maternity Hospital: extracted
[local-ai] Saini Children Hospital: extracted
[local-ai] Uma Sanjeevani Health Centre And Hospital: extracted
[local-ai] Sharma Maternity and Eye Centre: extracted
[local-ai] Janta Charitable Hospital: extracted
[local-ai] Memorial Hospital: extracted
[local-ai] Navjeevan Children Hospital: extracted
[local-ai] Poonia Hospital: extracted
[local-ai] Aashirwad Nursing Home, Ambala: extracted
[local-ai] Haryana Multispeciality Hospital - Sonipat: extracted
[local-ai] Sachdeva Hospital And Nursing Home: extracted
[local-ai] Privat Hospital: extracted
[local-ai] Haryana Multispeciality Hospital - Sonipat: extracted
[local-ai] Prem Hospital, Bhiwani: extracted
[local-ai] Gokul Surgical Hospital: extracted
[local-ai] Vandana Hospital and Research Center: extracted
[checkpoint] saved 10146 records
[local-ai] IBS Ashwani Hospital: extracted
[local-ai] Raj Child Health Care and Immunization Centre: extracted
[local-ai] Geeta Hospital: extracted
[local-ai] Shivalik Hospital, Faridabad: extracted
[local-ai] Saraswati Hospital and Nursing Home: extracted
[local-ai] Dahiya Hospital: extracted
[local-ai] Bachpan Child Hospital: extracted
[local-ai] Shri Baba Mast Nath Charitable Hospital: extracted
[local-ai] Delhi Hospital and Nursing Home: extracted
[local-ai] M.M Hospital: extracted
[local-ai] Shanti Bindlish Charitable Hospital: extracted
[local-ai] Chauhan Hospital: extracted
[local-ai] Bal Dharmath Hospital/Bal Dharmarth Hospital: extracted
[local-ai] Sidhesh Hospital, Gurgaon: extracted
[local-ai] Savant Hospital: extracted
[local-ai] Ayushman Hospital: extracted
[local-ai] Bansal Eye Hospital, Rishi Nagar: extracted
[local-ai] Churamani Multispeciality Charitable Hospital: extracted
[local-ai] Dr Mahajan Family Care Hospital: extracted
[local-ai] Soni Ortho Hospital and Trauma Research Center: extracted
[local-ai] Dr. Anant Ram janta Hospital, Barwala: extracted
[local-ai] Jp Hospital, Yamunanagar: extracted
[local-ai] Sarwal Hospital: extracted
[local-ai] Baveja Hospital: extracted
[local-ai] Salona's Dental Care: extracted
[checkpoint] saved 10171 records
[local-ai] Royal Multispeciality Hospital: extracted
[local-ai] Kos Hospital: extracted
[local-ai] Garg Maternity and Nursing Home, Ambala: extracted
[local-ai] Khuranas Hospital: extracted
[local-ai] Sharma Nursing Home, Faridabad: extracted
[local-ai] Orthomax Bone and Joint Hospital: extracted
[local-ai] ESI Hospital: extracted
[local-ai] Madaan Hospital, Panipat: extracted
[local-ai] Life Care Hospital, Rohtak: extracted
[local-ai] R. K. Hospital, Faridabad: extracted
[local-ai] Pawan Surgical Hospital: extracted
[local-ai] Arya Eye Hospital: extracted
[local-ai] Kalawati Hospital, Rewari: extracted
[local-ai] Dewan Memorial Eye Hospital: extracted
[local-ai] Manish Hospital, Faridabad: extracted
[local-ai] Siwach Hospital: extracted
[local-ai] Deep Hospital: extracted
[local-ai] Chiranjiv Hospital: extracted
[local-ai] Asian Institute of Medical Sciences: extracted
[local-ai] Nandal Hospital: extracted
[local-ai] Bharti Psychiatric Hospital: extracted
[local-ai] Civil Hospital, Jind: extracted
[local-ai] Shivam Hospital, Jhajjar: extracted
[local-ai] Balaji Hospital: extracted
[local-ai] Shanti Yadav Hospital: extracted
[checkpoint] saved 10196 records
[local-ai] Ravindra Hospital And Heart Center - Hisar: extracted
[local-ai] Kirti Hospital, Kaithal: extracted
[local-ai] B K Neurocare Hospital: extracted
[local-ai] New Apollo Hospital: extracted
[local-ai] Singla Hospital, Rewari: extracted
[local-ai] J N Shori Multi Speciality Hospital: extracted
[local-ai] The Heart Line Hospital: extracted
[local-ai] Eye-Q Super Speciality Eye Hospitals, Sonipat: extracted
[local-ai] B R Memorial Hospital: extracted
[local-ai] N.K. Urology Centre And Stone Clinic: extracted
[local-ai] K.P. Heart and Skin Centre: extracted
[local-ai] Dr. Praveen Eye Hospital and Research Centre: extracted
[local-ai] Mukhi Hospital and Nursing Home Pvt. Ltd.: extracted
[local-ai] Nawal Hospital: extracted
[local-ai] Dr. Ramjass Hospital: extracted
[local-ai] Ravindra Hospital, Panipat: extracted
[local-ai] Gandhi Hospital, Panipat: extracted
[local-ai] Bhardwaj Maternity and Children Hospital: extracted
[local-ai] Yafe Indoor: extracted
[local-ai] Kharab Hospital: extracted
[local-ai] Mehta Surgical and Maternity Hospital: extracted
[local-ai] Friends Ear Nose Throat Centre: extracted
[local-ai] B K Gupta Eye Hospital: extracted
[local-ai] Kalyan Hospital, Gurgaon: extracted
[local-ai] Nagpal Maternity and Orthopaedic Hospital: extracted
[checkpoint] saved 10221 records
[local-ai] Sangwan Hospital, Gurgaon: extracted
[local-ai] Thakur Eye And Maternity Hospital: extracted
[local-ai] Gaurav Hospital And Heart Care Centre: extracted
[local-ai] Arvinde Eye Hospital: extracted
[local-ai] Aashirwad Hospital, Yamunanagar: extracted
[local-ai] Aastha Hospital, Yamunanagar: extracted
[local-ai] S.R.S. Hospital and Critical Care Unit: extracted
[local-ai] Anand Eye Hospital: extracted
[local-ai] Saxena Multispeciality Hospital Pvt Ltd: extracted
[local-ai] Apurva Hospital: extracted
[local-ai] Sehrawat Hospital, Sonipat: extracted
[local-ai] Prakash Hospital, Bhiwani: extracted
[local-ai] R. Yadav Surgical and Rekha Eye Hospital: extracted
[local-ai] Dr. Nayyar's Hospital: extracted
[local-ai] Sharma Eye Hospital, Sonipat: extracted
[local-ai] S.M. Hospital Dental and Chest Care Centre: extracted
[local-ai] Holy Help Hospital: extracted
[local-ai] Shri Komal Eye Hospital and Dr Saxena's Nursing Home: extracted
[local-ai] Jaspal Hospital: extracted
[local-ai] Kapil Hospital, Yamunanagar: extracted
[local-ai] Kailash Hospital, Hisar: extracted
[local-ai] Gulati Hospital, Yamunanagar: extracted
[local-ai] Santosh Hospital, Faridabad: extracted
[local-ai] Goyal Eye Care Centre: extracted
[local-ai] Jaipur Children Hospital: extracted
[checkpoint] saved 10246 records
[local-ai] Umkal Hospital: extracted
[local-ai] Paras Hospital, Yamunanagar: extracted
[local-ai] Rana Hospital, Yamunanagar: extracted
[local-ai] Mago Maternity and Children Hospital: extracted
[local-ai] Life Line Care Multi Speciality Hospital: extracted
[local-ai] Radha Krishan Hospital: extracted
[local-ai] Khurana Nursing Home: extracted
[local-ai] Dr. Puran Chand Memorial Dental and Eye Hospital: extracted
[local-ai] Kohli Hospital: extracted
[local-ai] Dr R K Gupta Hospital: extracted
[local-ai] Thukral Hospital: extracted
[local-ai] Saini Eye Care Centre: extracted
[local-ai] Triveni Hospital, Gurgaon: extracted
[local-ai] Bagla Eye Hospital and Laser Centre: extracted
[local-ai] Taneja Hospital: extracted
[local-ai] Giridhar Hospital: extracted
[local-ai] Kamal Hospital, Karnal: extracted
[local-ai] Mittal Surgical and Maternity Hospital: extracted
[local-ai] Dr. Meenakshi Jain Hospital: extracted
[local-ai] K.P.M. Charitable Hospital: extracted
[local-ai] Pushpanjali Hospital, Gurgaon: extracted
[local-ai] J.K Hindu Charitable Hospital: extracted
[local-ai] Rawal Multi Speciality Hospital: extracted
[local-ai] Ranvir Hospital: extracted
[local-ai] Garg Eye Hospital: extracted
[checkpoint] saved 10271 records
[local-ai] Shah Satnam Ji Speciality Hospital: extracted
[local-ai] Yashroop Medical Centre: extracted
[local-ai] Chirag Hospital Pvt. Ltd: extracted
[local-ai] Ashwani Hospital, Faridabad: extracted
[local-ai] Agarwal Nursing Home: extracted
[local-ai] Geetanjali Hospital, Hisar: extracted
[local-ai] Aggarwal Hospital, Ganaur: extracted
[local-ai] Fortis Memorial Research Institute / Fortis Vivekanand Hospital: extracted
[local-ai] Kawatra Eye Hospital: extracted
[local-ai] Seva Samiti Charitable Hospital and Research Centre: extracted
[local-ai] Lotus Hospital, Gurgaon: extracted
[local-ai] Goswami Hospital: extracted
[local-ai] Sanjivani Hospital (Multi and Super Speciality Hospital): extracted
[local-ai] Sukhram Hospital, Palwal: extracted
[local-ai] Civil Hospital, Barwala: extracted
[local-ai] Sh. Moolchand Kidney Hospital and Urological Institute: extracted
[local-ai] Aastha Children Hospital: extracted
[local-ai] Imran Ent Hospital: extracted
[local-ai] Sparsh Hospital, Gurgaon: extracted
[local-ai] K D Hospital and C T Scan: extracted
[local-ai] Kuldeep Hospital, Ambala: extracted
[local-ai] Soni Hospital, Panipat: extracted
[local-ai] Mangalam Hospital and Heart Centre: extracted
[local-ai] Chauhan Eye and Maternity Hospital: extracted
[local-ai] Aman Hospital, Ballabgarh: extracted
[checkpoint] saved 10296 records
[local-ai] Dr Shashi Sharma Maternity Hospital: extracted
[local-ai] Mool Chand Jain Hospital: extracted
[local-ai] Gobind Nursing Home: extracted
[local-ai] Ahuja Hospital and Maternity Home: extracted
[local-ai] Tandon Hospital, Panipat: extracted
[local-ai] City Hospital, Sonipat: extracted
[local-ai] Shivam Hospital, Gurgaon: extracted
[local-ai] Cmc Hospital: extracted
[local-ai] Mittal Hospital, Ballabhgarh: extracted
[local-ai] Rajiv Memorial Eye Infirmary, Jacobpura: extracted
[local-ai] Sai Hospital, Hisar: extracted
[local-ai] Dhir Hospital: extracted
[local-ai] Brahm Shakti Sanjivani Hospital Pvt Ltd: extracted
[local-ai] Kamla Hospital, Rewari: extracted
[local-ai] Sneh Hospital, Gurgaon: extracted
[local-ai] Sona Devi Memorial Hospital and Trauma Centre: extracted
[local-ai] National Fertility and Test Tube Baby Centre: extracted
[local-ai] Nav Jeevan Hospital: extracted
[local-ai] Jatindera Hospital: extracted
[local-ai] Sharma Ravin Hospital: extracted
[local-ai] Shama Hospital: extracted
[local-ai] Ginni Orthopaedic Centre: extracted
[local-ai] Sharma Nursing Home, Hisar: extracted
[local-ai] Sewak Sabha Charitable Trust Hospital: extracted
[local-ai] Arora Orthopaedic Hospital: extracted
[checkpoint] saved 10321 records
[local-ai] Shree Kali Devi Eye and General Hospital: extracted
[local-ai] Sushil Garg Hospital / Sushil Garg Eye and Maternity Hospital: extracted
[local-ai] Chum Children Hospital: extracted
[local-ai] Shanti Ano-Rectal Hospital and Kshar Sutra Centre: extracted
[local-ai] Dhatarwal Hospital -Maternity and Laproscopic Center: extracted
[local-ai] Holy Help Hospital: extracted
[local-ai] Ayushman Hospital And Trauma Centre: extracted
[local-ai] Aryan Hospital: extracted
[local-ai] Sai Dharamraj Hospital: extracted
[local-ai] Rama Hospital & Nursing Home: extracted
[local-ai] Chakravarty Polyclinics: extracted
[local-ai] Ekta Hospital: extracted
[local-ai] Saraswati Mission Hospital: extracted
[local-ai] Jain Sant Phool Chand Ji Charitable Hospital: extracted
[local-ai] Lalita Memorial Hospital: extracted
[local-ai] Singla Hospital, Bhiwani: extracted
[local-ai] Dr Bejnathsharma Hospital: extracted
[local-ai] Sidharth Hospital: extracted
[local-ai] Rotary Cancer and General Hospital: extracted
[local-ai] Bharti Hospital: extracted
[local-ai] Kalani Hospital: extracted
[local-ai] K.M Hospital: extracted
[local-ai] Drishti Eye Hospital: extracted
[local-ai] Jagdamba Hospital: extracted
[local-ai] Suri Hospital: extracted
[checkpoint] saved 10346 records
[local-ai] Jyani Hospital: extracted
[local-ai] Sanjeevani Hospital, Gurgaon: extracted
[local-ai] Abhinav Hospital: extracted
[local-ai] Atam Prakash Hospital: extracted
[local-ai] Dr. S.P.Yadav Hospital: extracted
[local-ai] C.K. Memorial Kapoor Hospital: extracted
[local-ai] Bharat ENT Hospital: extracted
[local-ai] Saradana Hospital: extracted
[local-ai] Gupta Maternity And General Hospital: extracted
[local-ai] RG Stone Urology and Laparoscopy Hospital, Faridabad: extracted
[local-ai] Gujaria Hospital: extracted
[local-ai] Kathuria Hospital: extracted
[local-ai] Devanshi Hospital: extracted
[local-ai] Bhisham Hospital: extracted
[local-ai] Panwar Maternity and Children Hospital: extracted
[local-ai] Mittal Nursing Home, Ambala: extracted
[local-ai] Chaudry Medical And Maternity Hospital: extracted
[local-ai] Poojaneeya Mata Aas kaur Ji Ayurvedic Hospital: extracted
[local-ai] Tirath Ram Hospitals Pvt Ltd: extracted
[local-ai] Khurana Hospital and Maternity Centre: extracted
[local-ai] Mission Hospital, Jhajjar: extracted
[local-ai] Sakthi Kerala Ayurvedic Treatment Centre: extracted
[local-ai] Goel Children Hospital: extracted
[local-ai] Surya Ortho And Trauma Centre: extracted
[local-ai] Chaturbhuj Leelawati Trust Hospital and Nursing Home / Chaterbuj Trust Hospital: extracted
[checkpoint] saved 10371 records
[local-ai] Rama Nursing Home, Yamunanagar: extracted
[local-ai] Lall Nursing and Maternity Home: extracted
[local-ai] Akash Hospital, Ballabgarh: extracted
[local-ai] Disha Mission Hospital: extracted
[local-ai] Prabhakar Hospital: extracted
[local-ai] Dr. Baini Parshad Hospital: extracted
[local-ai] Eye-Q Super Speciality Eye Hospitals, Hisar, Jindal Chowk: extracted
[local-ai] Centre For Sight, Gurgaon, New Railway Road: extracted
[local-ai] Santosh Hospital, Yamunanagar: extracted
[local-ai] Pradeep Kansal Multispeciality Hospital: extracted
[local-ai] Sharma Hospital, Sonipat: extracted
[local-ai] Satyam Hospital, Gurgaon: extracted
[local-ai] Apex Multispeciality and Aparoscopy Hospital: extracted
[local-ai] Raghudeep Hospital: extracted
[local-ai] Bansal Hospital: extracted
[local-ai] Dr Bharat General and Dental Hospital: extracted
[local-ai] Saumya Nursing Home: extracted
[local-ai] Malik Hospital, Sonipat: extracted
[local-ai] Surya Hospital, Hisar: extracted
[local-ai] Valencia Emergency and Criti Care: extracted
[local-ai] Aarogya Hospital, Panchkula: extracted
[local-ai] Dr Sethis Amar Hospital: extracted
[local-ai] Aastha Childrens Hospital: extracted
[local-ai] Rajan Eye and Heart Care Center: extracted
[local-ai] Surendra Hospital, Mahendragarh: extracted
[checkpoint] saved 10396 records
[local-ai] Aakash Hospital, Hisar: extracted
[local-ai] Shri Ashwini Saxena Hospital: extracted
[local-ai] M.R. Memorial Navjeevan Hospital: extracted
[local-ai] Jain Orthopedic Hospital: extracted
[local-ai] Veero Devi Memorial Orthopaedic And Trauma Centre: extracted
[local-ai] Mk Datta Hospital: extracted
[local-ai] Bansal Hospital, Pehowa Chowk: extracted
[local-ai] Life Line Hospital of Medical Sciences: extracted
[local-ai] Anchal Maternity And Nursing Home, Bhiwani: extracted
[local-ai] Chhabra Star Hospital: extracted
[local-ai] Geeta Nursing Home, Rsby: extracted
[local-ai] Bhatia Hospital, S.G.M. Nagar: extracted
[local-ai] Dr. Prabhudayal Arya Hospital: extracted
[local-ai] Narain Hospital, Ambala: extracted
[local-ai] Aggarwal Heart And Surgical Hospital: extracted
[local-ai] Aar Pee Hospital: extracted
[local-ai] Kundu Hospital: extracted
[local-ai] Ahooja Eye and Dental Institute Hospital: extracted
[local-ai] Kumar Medical Park: extracted
[local-ai] Lall Eye Care Centre: extracted
[local-ai] Verma E.N.T. Hospital: extracted
[local-ai] Gupta Hospital, Gurgaon: extracted
[local-ai] Aneja Hospital and Bhogal Ortho Centre: extracted
[local-ai] Akash Hospital: extracted
[local-ai] Saraswati Medicare (Pvt) Ltd: extracted
[checkpoint] saved 10421 records
[local-ai] Jackson Hospital: extracted
[local-ai] Apollo Cradle Hospital,Gurgaon: extracted
[local-ai] Sukhmani Hospital Pvt. Ltd: extracted
[local-ai] R K Hospital, Gurgaon: extracted
[local-ai] Parijat Hospital, Faridabad: extracted
[local-ai] City Orthopaedic Hospital / City Orthopadic and Trauma Hospital: extracted
[local-ai] Vardaan Hospital, Faridabad: extracted
[local-ai] Bharat Hospital, Sonepat: extracted
[local-ai] Malik Hospital, Panipat: extracted
[local-ai] MK Hospital: extracted
[local-ai] Soni Burns Hospital: extracted
[local-ai] Gautam Hospital, Yamunanagar: extracted
[local-ai] Pawan Children's Hospital: extracted
[local-ai] Landmark Hospital, Kurukshetra: extracted
[local-ai] Manisha Maternity and General Hospital: extracted
[local-ai] Janta Hospital: extracted
[local-ai] Dr. Har Bhagwan Memorial Hospital: extracted
[local-ai] Pawananjali Hospital: extracted
[local-ai] Kishan Singh Hospital: extracted
[local-ai] Medicity Hospital: extracted
[local-ai] Phoenix Hospital, Panchkula: extracted
[local-ai] Madan Memorial Children Hospital: extracted
[local-ai] Apna Hospital: extracted
[local-ai] Arora Eye and Lasik Laser Centre: extracted
[local-ai] Anand Orthopaedic Hospital: extracted
[checkpoint] saved 10446 records
[local-ai] Tagore Hospital: extracted
[local-ai] Shri Ram Hospital, Faridabad: extracted
[local-ai] Sombir Hospital: extracted
[local-ai] Nav Jyoti Hospital, Karnal: extracted
[local-ai] Guru Nanak Hospital, Palwal: extracted
[local-ai] Dr. Ravi Vermas Hospital: extracted
[local-ai] Ratna Hospital: extracted
[local-ai] Bhawani Memorial Hospital: extracted
[local-ai] Sanjivan Hospital: extracted
[local-ai] Hisar Children Hospital: extracted
[local-ai] Bikaner Children Hospital: extracted
[local-ai] Bhagwati Hospital: extracted
[local-ai] Dmc Hospital: extracted
[local-ai] Chaudhary Ortho and General Hospital: extracted
[local-ai] Malhotra Hospital: extracted
[local-ai] Navjeevan Eye & Maternity Hospital: extracted
[local-ai] Pahuja Hospital: extracted
[local-ai] BPS Government Medical College Hospital, Khanpur Kalan: extracted
[local-ai] Dhamija Chest Hospital: extracted
[local-ai] Sharma Hospital: extracted
[local-ai] Dr Prem Hospital: extracted
[local-ai] Metro Health Care: extracted
[local-ai] Mediciti Hospital: extracted
[local-ai] Ganga Multispeciality Hospital: extracted
[local-ai] Dr Mohar Singh Surgical and Maternity Hospital: extracted
[checkpoint] saved 10471 records
[local-ai] Dr Pasricha Eye And Dental Hospital: extracted
[local-ai] Shanti Hospital and Research Center: extracted
[local-ai] Guru Nanak Hospital, Karnal: extracted
[local-ai] Dr. G.C.Gupta Hospital: extracted
[local-ai] Dayal Hospital, Faridabad: extracted
[local-ai] Mehta Eye and General Hospital: extracted
[local-ai] Sangam Charitable Hospital: extracted
[local-ai] Neeraj Hospital, Shiv Chowk: extracted
[local-ai] Arora Hospital: extracted
[local-ai] Sihag Children Hospital: extracted
[local-ai] Sigma Surgical and General Hospital: extracted
[local-ai] Shri Radha Krishna Charitable Eye Hospital: extracted
[local-ai] Chowdhary Maternity and Surgical Center: extracted
[local-ai] Dr. K.C. Sachdeva Hospital: extracted
[local-ai] Sanjeevani Hospital, Karnal: extracted
[local-ai] Amar Hospital: extracted
[local-ai] Seth Hospital, Karnal: extracted
[local-ai] Sood General and Maternity Hospital: extracted
[local-ai] Chandra Bawasir Hospital: extracted
[local-ai] Surya Hospital, Karnal: extracted
[local-ai] Radhakishan Children Hospital: extracted
[local-ai] Pdm General Hospital / Pd Memorial General Hospital: extracted
[local-ai] Shanti Mission Hospital: extracted
[local-ai] Monga Hospital And Stone Centre: extracted
[local-ai] Eye-Q Super Speciality Hospital, Rewari: extracted
[checkpoint] saved 10496 records
[local-ai] Kamla Hospital: extracted
[local-ai] District Civil Hospital Hisar: extracted
[local-ai] Soni Orthopaedic Hospital: extracted
[local-ai] Bharat Ortho Hospital: extracted
[local-ai] Abrol Orthopaedics Hospital: extracted
[local-ai] N P Singh Hospital: extracted
[local-ai] Patnaik Hospital: extracted
[local-ai] Zenith Hospital, Ballabgarh: extracted
[local-ai] Masih Hospital: extracted
[local-ai] Sammat Multispeciality Hospital: extracted
[local-ai] Getwell Hospital, Mahendragarh: extracted
[local-ai] Sree Baba Bihari Charitable Hospital: extracted
[local-ai] Moolchand Hospital: extracted
[local-ai] Sarvodaya Hospital and I C U: extracted
[local-ai] Sri Shyam Hospital and Maternity Home: extracted
[local-ai] S.K.Mudgil Hospital: extracted
[local-ai] Pooja Hospital, Mahendragarh: extracted
[local-ai] Mansarovar Hospital, Rohtak: extracted
[local-ai] Apex Health Care: extracted
[local-ai] M Goel Hospital: extracted
[local-ai] Girdhar Hospital: extracted
[local-ai] Harsh Hospital, Mahendragarh: extracted
[local-ai] Abhenil Hospital: extracted
[local-ai] Satija Hospital: extracted
[local-ai] Channan Devi Memorial Hospital: extracted
[checkpoint] saved 10521 records
[local-ai] Ravi Hospital, Yamunanagar: extracted
[local-ai] Drishti Eye Centre, Faridabad: extracted
[local-ai] Sunrise Hospital: extracted
[local-ai] Rc Sharma Hospital: extracted
[local-ai] Rajendra Hospital: extracted
[local-ai] Sharbati Surgical and Maternity Home: extracted
[local-ai] Amit Wasil Eye Hospital: extracted
[local-ai] Shakti Neuroscience Centre and Dev Mri Centre: extracted
[local-ai] Kishanlal Jalan Government Eye Hospital: extracted
[local-ai] Batra Hospital: extracted
[local-ai] Samvedna Hospital and Diagnostic Center: extracted
[local-ai] Sri Rattan Singh Memorial Hospital: extracted
[local-ai] Sandooja Ent Hospital: extracted
[local-ai] Sheetal Hospital, Palwal: extracted
[local-ai] Kriti Hospital: extracted
[local-ai] Taneya Nursing Home: extracted
[local-ai] Ajmani General and Maternity Hospital: extracted
[local-ai] Bohra Hospital: extracted
[local-ai] Triveni Hospital, Ambala: extracted
[local-ai] Ganpatrai Maternity and General Hospital: extracted
[local-ai] Veer Hospital, Hisar: extracted
[local-ai] Ahuja Hospital Pvt.Ltd: extracted
[local-ai] Centre For Sight, Faridabad: extracted
[local-ai] Garg Ortho and Medicare Centre: extracted
[local-ai] Jeevan Jyoti Hospital, Gurgaon: extracted
[checkpoint] saved 10546 records
[local-ai] Dr.Dilip Hospital: extracted
[local-ai] Aastha Hospital, Bahadurgarh: extracted
[local-ai] Samvit Health Care: extracted
[local-ai] Goel Orthopaedic Hospital: extracted
[local-ai] Gaur Maternity and Surgical Hospital: extracted
[local-ai] Gupta Multispeciality Hospital: extracted
[local-ai] Sarin Hospital, Bhiwani: extracted
[local-ai] Kamal Hospital and Maternity Centre: extracted
[local-ai] Aastha Eye Centre: extracted
[local-ai] Yadav Hospital, Gurgoan: extracted
[local-ai] Saini Hospital, Rohtak: extracted
[local-ai] Dr. Kaushal Surgical Hospital and Maternity Home: extracted
[local-ai] City Hospital, Rohtak: extracted
[local-ai] Sachdeva Nursing Home, Faridabad: extracted
[local-ai] Arogyadham Hospital: extracted
[local-ai] Prakash Hospital, Faridabad: extracted
[local-ai] Nangia Hospital Ent and Maternity: extracted
[local-ai] Satya-Om Eye and Maternity Hospital: extracted
[local-ai] Tanwar Hospital, Hisar: extracted
[local-ai] Anuj Hospital: extracted
[local-ai] C Lall Hospital: extracted
[local-ai] Jeevan Jyoti Hospital, Jhajjar: extracted
[local-ai] Sonia Dental and Child Hospital: extracted
[local-ai] Sukhda Multispeciality Hospital: extracted
[local-ai] Manocha Hospital, Ambala: extracted
[checkpoint] saved 10571 records
[local-ai] Shanti Malik Memorial Hospital: extracted
[local-ai] Darya Ram Hospital: extracted
[local-ai] Rishi Ram Memorial Hospital: extracted
[local-ai] Sarvodaya Multispeciality Hospital / Dr. Kalra: extracted
[local-ai] Ishwar Orthopaedic Hospital: extracted
[local-ai] Vinayak Hospital: extracted
[local-ai] Eye-Q Super Speciality Eye Hospitals, Bhiwani: extracted
[local-ai] Sehrawat Hospital, Bhiwani: extracted
[local-ai] Hamidia Hospital and Poly Clinic: extracted
[local-ai] Sachin Hospital: extracted
[local-ai] Bhagwan Mahavir Hospital and Research Centre: extracted
[local-ai] Arunodaya Deseret Eye Hospital: extracted
[local-ai] Kalawati Hospital and Maternity Center: extracted
[local-ai] Sawhney Hospital: extracted
[local-ai] Singla Children and Maternity Hospital: extracted
[local-ai] Sunil Hospital: extracted
[local-ai] Civil Hospital, Palwal: extracted
[local-ai] Sachdeva Maternity and General Hospital: extracted
[local-ai] Aggarwal Eye Hospital: extracted
[local-ai] Punia Maternity and Orthopaedic Hospital: extracted
[local-ai] Lord Krishna Hospital: extracted
[local-ai] Aruna Ear Nose Throat Head and Neck Hospital: extracted
[local-ai] Arora Eye Hospital and Laser Centre: extracted
[local-ai] Manav Seva Sangh Dhramarth Hospital: extracted
[local-ai] Sangwan Hospital, Hisar: extracted
[checkpoint] saved 10596 records
[local-ai] City Hospital and Eye Care Centre: extracted
[local-ai] Maharaja Agarsen Hospital / Maharaja Agrasen Hospital: extracted
[local-ai] Metro Umkal Hospital And Heart Institute: extracted
[local-ai] Able Charitable Hospital: extracted
[local-ai] Likha Hospital: extracted
[local-ai] Civil Hospital, Kaithal: extracted
[local-ai] Arihant Hospital: extracted
[local-ai] Jeevan Dhara Hospital: extracted
[local-ai] Yadav Hospital, Bhiwani: extracted
[local-ai] Aabhari Plastic Surgery Center: extracted
[local-ai] Singhal Medical, Surgical and Maternity Center: extracted
[local-ai] Virendra Hospital, Rewari: extracted
[local-ai] Amita Maternity Home: extracted
[local-ai] Brighton Kavita Hospital: extracted
[local-ai] Shivam Hospital, Mewat: extracted
[local-ai] Ahmed Hospital Multi Speciality: extracted
[local-ai] Anirudh Hospital: extracted
[local-ai] Gupta Hospital, Ambala: extracted
[local-ai] Delhi Eye Hospital: extracted
[local-ai] Aneja Hospital and Nursing Home: extracted
[local-ai] Batra Hospital, G. T. Road: extracted
[local-ai] Jain Ent Center: extracted
[local-ai] Cygnus Mata Kalawati Charitable Hospital: extracted
[local-ai] Dr Narayana Datta Hospital: extracted
[local-ai] Sharda Hospital, Hisar: extracted
[checkpoint] saved 10621 records
[local-ai] Cygnus Maharaja Agarsain Hospital: extracted
[local-ai] Manchanda Ortho and Physio-Care Centre: extracted
[local-ai] Aarvy Hospital: extracted
[local-ai] Shri Ram Memorial Hospital: extracted
[local-ai] Shri Sai Hospital, Ambala: extracted
[local-ai] Mittal Chest Allegery and General Hospital: extracted
[local-ai] AAS Infertility & Maternity centre: extracted
[local-ai] Kumar Nursing Home and Dental Hospital: extracted
[local-ai] Dev Nursing and Maternity Home: extracted
[local-ai] Rainbow Hospital, Panipat: extracted
[local-ai] Jangda Multispeciality Hospital and Maternity Centre: extracted
[local-ai] Ravi Janana Hospital: extracted
[local-ai] Dashmesh Ent and Maternity Hospital: extracted
[local-ai] Wadhava Surgical And Maternity Hospital: extracted
[local-ai] Kamla Devi Jaswant Singh Saini Hospital: extracted
[local-ai] Dr Menon ENT Hospital: extracted
[local-ai] Medicheck Hospital: extracted
[local-ai] Lohan Children Hospital: extracted
[local-ai] K.B Hospital: extracted
[local-ai] Ghai Hospital: extracted
[local-ai] Gangaputra Hospital and Research Centre: extracted
[local-ai] Yadav Surgical Hospital / Yadav Heart Care Centre and Hospital: extracted
[local-ai] Dayasheel Hospital: extracted
[local-ai] Sikka Maternity And Surgical Center: extracted
[local-ai] Pritam Nursing Home: extracted
[checkpoint] saved 10646 records
[local-ai] Leelawati Hospital, Ambala: extracted
[local-ai] Aditi Clinic and Kapoor Hospital: extracted
[local-ai] Madan Hospital: extracted
[local-ai] Sanjiv Singla Children Hospital: extracted
[local-ai] Vaishnavi Nursing Home: extracted
[local-ai] Astha Hospital: extracted
[local-ai] New Life Care Hospital: extracted
[local-ai] Jeevan Jyoti Children Hospital: extracted
[local-ai] Hissar Hospital: extracted
[local-ai] Mamta Hospital, Gurgaon: extracted
[local-ai] M.S Hospital: extracted
[local-ai] New Bhatia Hospital: extracted
[local-ai] Aman Hospital: extracted
[local-ai] Chotu Ram Hospital: extracted
[local-ai] Yadav Bachon Ka Hospital: extracted
[local-ai] Rajendra Institute: extracted
[local-ai] Dr. Guptas Children Hospital and General Nursing Home: extracted
[local-ai] Maniktalia E.N.T. Hospital: extracted
[local-ai] Krishnawati Hospital: extracted
[local-ai] Al aafiya civil hospital: extracted
[local-ai] Shiva Hospital: extracted
[local-ai] Sanjeevani Hospital, Jind: extracted
[local-ai] Shri Ram Physiotherapy Centre: extracted
[local-ai] Parnami Ortho and Spine Hospital: extracted
[local-ai] Bhardwaj Hospital: extracted
[checkpoint] saved 10671 records
[local-ai] Rathore Imt Hospital: extracted
[local-ai] Anirud Hospital: extracted
[local-ai] Virk Hospital Private Limited: extracted
[local-ai] Bansal Eye Hospital, Ambala City: extracted
[local-ai] Bansal Hospital, Barwala: extracted
[local-ai] Shree Shyam Surgical and Maternity Hospital: extracted
[local-ai] Shanti Hospital and Maternity Home: extracted
[local-ai] Krishna Eye Hospital, Bhiwani: extracted
[local-ai] Shri Ram Ji Charitable Hospital Society: extracted
[local-ai] Healing Touch Hospital: extracted
[local-ai] Lala Jai Kishan Hindu Charitable Hospital: extracted
[local-ai] Handa Hospital and Heart Care Centre: extracted
[local-ai] Vishal Hospital: extracted
[local-ai] Aryan Hospital: extracted
[local-ai] Aaroh Hospital: extracted
[local-ai] Gupta Neonatal Hospital: extracted
[local-ai] Jeewan Jyoti Hospital, Faridabad: extracted
[local-ai] Om Spero Hospital: extracted
[local-ai] Jain Hospital and Fertility Centre: extracted
[local-ai] Garg Orthopaedic and Janana Hospital: extracted
[local-ai] Parashar Hospital: extracted
[local-ai] Garg Heart and Child Care Centre: extracted
[local-ai] Sneha Children Hospital: extracted
[local-ai] Carewell Hospital: extracted
[local-ai] Khera Hospital: extracted
[checkpoint] saved 10696 records
[local-ai] Sita Hospital, Gurgaon: extracted
[local-ai] Chandni Hospital: extracted
[local-ai] Dr. Vivek Yadav Hospital: extracted
[local-ai] Eye Q Super Speciality Eye Hospitals, Fatehabad: extracted
[local-ai] Kapoor General and Maternity Hospital: extracted
[local-ai] Vandana Surgical and Maternity Home: extracted
[local-ai] Genreal Hospital: extracted
[local-ai] Civil Hospital Bilaspur: extracted
[local-ai] Government Hospital Ghogharian: extracted
[local-ai] Rania: extracted
[local-ai] Government Hospital, Kalanwali: extracted
[local-ai] Government Hospital, Chhattar: extracted
[local-ai] Civil Hospital, KOT MUSTRAKA: extracted
[local-ai] Civil Hospital, Taraori: extracted
[local-ai] Civil Hospital Ladwa: extracted
[local-ai] Government Hospital, Atta: extracted
[local-ai] Civil Hospital Safidon: extracted
[local-ai] Government Hospital , Mirchpur: extracted
[local-ai] Government Hospital Mundri: extracted
[local-ai] Civil Hospital INDRI: extracted
[local-ai] Civil Hospital, Ballah: extracted
[local-ai] Civil Hospital Kharian: extracted
[local-ai] Civil Hospital, Mathana: extracted
[local-ai] Sub-District Hospital, Dabwali: extracted
[local-ai] Government Hospital Gagsina: extracted
[checkpoint] saved 10721 records
[local-ai] Civil Hospital Nissing: extracted
[local-ai] Government Hospital Jagsi: extracted
[local-ai] Government hospital, Mustfabad: extracted
[local-ai] Civil Hospital Ratia: extracted
[local-ai] Government Hospital Ellenabad: extracted
[local-ai] Hospital, Baroda: extracted
[local-ai] Government Hospital Sambhali: extracted
[local-ai] Civil Hospital Guhla: extracted
[local-ai] Civil Hospital ,Chhachhrauli: extracted
[local-ai] Civil Hospital Narnaund: extracted
[local-ai] Civil Hospital Naraingarh: extracted
[local-ai] Government hospital, kharwan: extracted
[local-ai] General Hospital: extracted
[local-ai] Civil Hospital Kalayat: extracted
[local-ai] Government Hospital Rajana Kalan: extracted
[local-ai] Government Hospital Mamu Pur: extracted
[local-ai] Government Hospital Jagmalwali: extracted
[local-ai] Civil Hospital Kalka: extracted
[local-ai] Civil Hospital Ambala cantt: extracted
[local-ai] Government Hospital Uklana: extracted
[local-ai] Government Hospital Khanpur Kolian: extracted
[local-ai] Government Hospital Naultha: extracted
[local-ai] Civil Hospital Adampur: extracted
[local-ai] Civil Dispensary Sec.6, Karnal: extracted
[local-ai] Civil Hospital Pili Mandori: extracted
[checkpoint] saved 10746 records
[local-ai] Government Hospital Ujha: extracted
[local-ai] Government Hospital Siwah: extracted
[local-ai] Civil Hospital Pundri: extracted
[local-ai] Civil Hospital Rori: extracted
[local-ai] Government Hospital Hasangarh: extracted
[local-ai] Civil Hospital Hodal: extracted
[local-ai] Civil Hospital Juan: extracted
[local-ai] Airforce Hospital: extracted
[local-ai] Civil Hospital jhajjar: extracted
[local-ai] Civil Hospital, Beri: extracted
[local-ai] Civil Hospital Sisai: extracted
[local-ai] Government Hospital Tankri: extracted
[local-ai] Hospital, Dhani Mahu: extracted
[local-ai] Government Hospital Kadma: extracted
[local-ai] Government Hospital Nahar: extracted
[local-ai] GH Palwal: extracted
[local-ai] Civil Hospital Mankawas: extracted
[local-ai] Government Hospital Tappa: extracted
[local-ai] Government Hospital Feroj Pur Bangar: extracted
[local-ai] Government Hospital Purkhas: extracted
[local-ai] Ch. Bansilal Civil Hospital, Bhiwani: extracted
[local-ai] Hospital, Baland: extracted
[local-ai] Civil Hospital Tosham: extracted
[local-ai] GH Gurgaon: extracted
[local-ai] Civil Hospital Bahadurgarh: extracted
[checkpoint] saved 10771 records
[local-ai] Government Hospital, Talwandi Rukka: extracted
[local-ai] Government Hospital Birdhana: extracted
[local-ai] Government Hospital Ferozpur Jhirka: extracted
[local-ai] Civil Hospital, Farrukh Nagar: extracted
[local-ai] Civil Hospital Kanonda: extracted
[local-ai] Government Hospital Rukhi: extracted
[local-ai] GH Kosli: extracted
[local-ai] Government Hospital Singar: extracted
[local-ai] Government Hospital Bayal: extracted
[local-ai] Government Hospital Jhumpa: extracted
[local-ai] Government Hospital Loharu: extracted
[local-ai] Government Hospital Birohar: extracted
[local-ai] Government hospital Bawal: extracted
[local-ai] Civil Hospital Mahendergarh: extracted
[local-ai] Civil Hospital Tauru: extracted
[local-ai] Government Hospital Sandwa: extracted
[local-ai] Government hospital, Mohana: extracted
[local-ai] Civil Hospital Manheru: extracted
[local-ai] Civil Hospital Sohna: extracted
[local-ai] Civil Hospital, Bahadur Colony: extracted
[local-ai] Civil Hospital Nalwa: extracted
[local-ai] Government Hospital Nakipur: extracted
[local-ai] GH Dadri: extracted
[local-ai] Government General Hospital Jhajjar: extracted
[local-ai] Government hospital, Khol: extracted
[checkpoint] saved 10796 records
[local-ai] Government Hospital Mahra: extracted
[local-ai] Government Hospital Jhojhu Kalan: extracted
[local-ai] Civil Hospital Meham: extracted
[local-ai] Government Hospital Tigaon: extracted
[local-ai] Government Hospital Bond Kalan: extracted
[local-ai] Hospital, Chhara: extracted
[local-ai] Civil Hospital Sisana: extracted
[local-ai] Esic Hospital, Gurugram: extracted
[local-ai] Government Hospital Dulbaldhan: extracted
[local-ai] Civil Hospital, Balsamand: extracted
[local-ai] District Civil Hospital, Rohtak: extracted
[local-ai] Shah Hospital: extracted
[local-ai] Sahai Hospital: extracted
[local-ai] Lotus Hospital: extracted
[local-ai] Vikas Hospital: extracted
[local-ai] Geeta Hospital: extracted
[local-ai] Aashirwad Hospital and Trauma Centre: extracted
[local-ai] IBM Hospital & Trauma Centre: extracted
[local-ai] Supreety Hospital: extracted
[local-ai] CR Hospital and Allergy Centre: extracted
[local-ai] Dr. Gopal Hospital: extracted
[local-ai] Nagpal Hospital: extracted
[local-ai] Karmyog Multi Speciality Hospital: extracted
[local-ai] N.F.L Hospital: extracted
[local-ai] Jk Jai Krishna Hospital: extracted
[checkpoint] saved 10821 records
[local-ai] Panchal Hospital: extracted
[local-ai] Global Hospital &Trauma Centre: extracted
[local-ai] Rajat Mastishk Evam Manorog Kendra: extracted
[local-ai] Siddharth Nursing Home: extracted
[local-ai] Singla Children Hospital: extracted
[local-ai] Galaxy Multi Speciality Hospital: extracted
[local-ai] Singla Child Hospital: extracted
[local-ai] Dr. . Ved Gupta Hospital: extracted
[local-ai] Shree Balaji Multi-Speciality Hospital & Heart Care Centre: extracted
[local-ai] Captain Subey Singh Memorial Eye Hospital: extracted
[local-ai] Mohak Hospital: extracted
[local-ai] Om Prakash Hospital: extracted
[local-ai] Sukh Sagar Hospital: extracted
[local-ai] Raman Hospital: extracted
[local-ai] Prabodhini Hospital: extracted
[local-ai] Sunil Memorial Hospital: extracted
[local-ai] Chirayu Hospital: extracted
[local-ai] Dr. Chandarbhan Memorial Hospital: extracted
[local-ai] Janseva Hospital: extracted
[local-ai] Sheelawanti Multi Speciality Hospital: extracted
[local-ai] Soni Eye Hospital: extracted
[local-ai] Dr. Buttar Hospital: extracted
[local-ai] R.M. Anand Hospital: extracted
[local-ai] Jivan Jyoti Hospital: extracted
[local-ai] Hyderabadi Hospital: extracted
[checkpoint] saved 10846 records
[local-ai] KG Hospital: extracted
[local-ai] Mahendra Hospital: extracted
[local-ai] Sankalp Hospital: extracted
[local-ai] Dharam Devi Hospital: extracted
[local-ai] Qrg Hospital: extracted
[local-ai] Lala Diwan Chand Charitable Hospital: extracted
[local-ai] Park Hospital: extracted
[local-ai] Thakkar Hospital: extracted
[local-ai] Navjeevan Hospital: extracted
[local-ai] Sambyal Hospital and Diabetes Care Centre: extracted
[local-ai] Dhuria Hospital: extracted
[local-ai] Pahwa Ortho Hospital: extracted
[local-ai] Jeewan Hospital: extracted
[local-ai] Nand Hospital: extracted
[local-ai] Saini Hospital: extracted
[local-ai] Lifeline Hospital: extracted
[local-ai] Sant Hospital: extracted
[local-ai] Tara Hospital: extracted
[local-ai] Wadhwa Surgical Hospital: extracted
[local-ai] Awan Children Hospital: extracted
[local-ai] Godara Hospital: extracted
[local-ai] Holy Hospital Fatehabad: extracted
[local-ai] Siddharth Hospital: extracted
[local-ai] Ms Care Centre Hospital: extracted
[local-ai] Chakrvarty Hospital: extracted
[checkpoint] saved 10871 records
[local-ai] Kapoor Hospital: extracted
[local-ai] Trauma Centre Civil Hospital: extracted
[local-ai] Juneja Hospital: extracted
[local-ai] Aarogya Surgical Hospital: extracted
[local-ai] Luthra Hospital: extracted
[local-ai] Chauhan Children's Hospital: extracted
[local-ai] Sukhmeet Bawaseer Hospital: extracted
[local-ai] Dr. Ravi Children and Maternity Hospital: extracted
[local-ai] Anil Hospital: extracted
[local-ai] Ramgar Hospital: extracted
[local-ai] Old Civil Hospital: extracted
[local-ai] Punjabi Sabha Hospital: extracted
[local-ai] Shri Krishna Hospital: extracted
[local-ai] Vohra Eye Hospital: extracted
[local-ai] Dr. Navleen Jain Hospital: extracted
[local-ai] Dr. Ram Nath Sharma Hospital: extracted
[local-ai] Madan Hospital: extracted
[local-ai] Sham Hospital: extracted
[local-ai] Basati Hospital: extracted
[local-ai] Goel Hospital and Maternity Clinic: extracted
[local-ai] Sardari Lal Hospital: extracted
[local-ai] Kaushal Hospital: extracted
[local-ai] AM Eye Hospital: extracted
[local-ai] Chhabra Hospital: extracted
[local-ai] Life Line Hospital: extracted
[checkpoint] saved 10896 records
[local-ai] Kaushik Hospital: extracted
[local-ai] Bhiwani Janta Hospital: extracted
[local-ai] Dr. R. P. Sharma Hospital: extracted
[local-ai] Dev Hospital: extracted
[local-ai] Dagar Hospital: extracted
[local-ai] Kishanlal Jalan Hospital: extracted
[local-ai] J B Gupta Hospital: extracted
[local-ai] Rajbir Eyes Care Hospital: extracted
[local-ai] Navjeevan Multispeciality Hospital: extracted
[local-ai] Garg Hospital: extracted
[local-ai] Rambakhas Hospital: extracted
[local-ai] Toshamiya Hospital: extracted
[local-ai] Bhiwani Heart Hospital: extracted
[local-ai] Bharat Hospital: extracted
[local-ai] Dr. Dhanda Hospital: extracted
[local-ai] Advanta Hospital: extracted
[local-ai] Oscar Super Speciality Hospital and Trauma Centre: extracted
[local-ai] Datta Eye Hospital: extracted
[local-ai] Sanjivani Hospital: extracted
[local-ai] Vedanta Multispeciality Hospital & Maternity Centre: extracted
[local-ai] Atri Hospital: extracted
[local-ai] Sanjeevni Multispeciality Hospital: extracted
[local-ai] Mata Ratna Hospital: extracted
[local-ai] Luxmi Hospital: extracted
[local-ai] Dr. Naresh Dalal Hospital: extracted
[checkpoint] saved 10921 records
[local-ai] Arya Children Hospital: extracted
[local-ai] Anil Hospital: extracted
[local-ai] Khasa Child Hospital: extracted
[local-ai] Manohar Lal Multispeciality Hospital: extracted
[local-ai] Bharadwaj Multi-Speciality Hospital: extracted
[local-ai] Global Multispeciality Hospital-Dr. Gaur: extracted
[local-ai] Haryana Yog Naturopathy Hospital: extracted
[local-ai] Lakhi Ram Memorial Hospital: extracted
[local-ai] Kaddam Multispeciality Hospital: extracted
[local-ai] Dalip Singh Memorial Hospital: extracted
[local-ai] Dixit Skin Care Hospital: extracted
[local-ai] Anand Sagar Eye Hospital: extracted
[local-ai] Baba Haridas Hospital: extracted
[local-ai] Shiva Hospital, Bhiwani: extracted
[local-ai] Sukhdeva Hospital: extracted
[local-ai] Verma Child Hospital: extracted
[local-ai] Gupta Eye Hospital: extracted
[local-ai] Khurana Hospital: extracted
[local-ai] Girdhar Hospital: extracted
[local-ai] Medicare Super Speciality Hospital & Trauma Centre: extracted
[local-ai] Ansh Hospital: extracted
[local-ai] Delhi Hospital: extracted
[local-ai] Dhawan Hospital: extracted
[local-ai] Singhaniya Hospital: extracted
[local-ai] Jai Parkash Hospital: extracted
[checkpoint] saved 10946 records
[local-ai] Aashirwad Hospital: extracted
[local-ai] Mital Hospital: extracted
[local-ai] Shri Balaji Hospital: extracted
[local-ai] Aman Hospital: extracted
[local-ai] Jeevan Jyoti Hospital: extracted
[local-ai] Life Care Hospital: extracted
[local-ai] City Hospital, Kaithal: extracted
[local-ai] Aastha Hospital: extracted
[local-ai] Mehta Skin Disease Hospital and Advanced Laser Centre: extracted
[local-ai] Shree Krishna Hospital: extracted
[local-ai] Himachal Haddi Hospital: extracted
[local-ai] Sanjeevani Hospital: extracted
[local-ai] Rati Ram Chest & General Hospital: extracted
[local-ai] Jindal Hospital: extracted
[local-ai] Maan Hospital: extracted
[local-ai] Narayana Bawasir & General Hospital: extracted
[local-ai] Ujala Cygnus Hospital, Kaithal: extracted
[local-ai] Mor Hospital: extracted
[local-ai] Eye Q Hospital: extracted
[local-ai] Bijender Hospital: extracted
[local-ai] Onyx Hospital: extracted
[local-ai] Sunflag Global Hospital: extracted
[local-ai] Nandal Hospital: extracted
[local-ai] Navjeevan Hospital: extracted
[local-ai] Sharma Hospital: extracted
[checkpoint] saved 10971 records
[local-ai] Bamal Hospital: extracted
[local-ai] Dhanvantri Hospital: extracted
[local-ai] Life Care Hospital: extracted
[local-ai] Malabar Hospital: extracted
[local-ai] Sai Hospital: extracted
[local-ai] MGM Hospital: extracted
[local-ai] Dr. Dk Puri Hospital: extracted
[local-ai] Family General Hospital: extracted
[local-ai] Spes Children Hospital: extracted
[local-ai] Malik Hospital: extracted
[local-ai] Oscar Super Speciality Hospital, Rohtak: extracted
[local-ai] Apex Plus Super Speciality Hospital: extracted
[local-ai] Asha Sanjeevni Hospital: extracted
[local-ai] Amrit Hospital & Sharda Pathlabs: extracted
[local-ai] Shivam Hospital: extracted
[local-ai] Nidaan ENT & Cancer Hospital: extracted
[local-ai] Prakash Memorial Hospital: extracted
[local-ai] Amrit Hospital & Sharda Pathology: extracted
[local-ai] Positron -Multi Speciality & Cancer Hospital, Rohtak: extracted
[local-ai] Sanghi Multi Speciality Hospital: extracted
[local-ai] City Hospital: extracted
[local-ai] Joyfeel Hospital: extracted
[local-ai] Lotus Hospital: extracted
[local-ai] Dr. Swami Shanti Devi Charitable Hospital: extracted
[local-ai] Dr. Dhanwantri Hospital: extracted
[checkpoint] saved 10996 records
[local-ai] Advanta Hospital: extracted
[local-ai] Dr. Anil Hospital: extracted
[local-ai] Bimal Jain Children Hospital: extracted
[local-ai] Sukhda Hospital: extracted
[local-ai] Dr. Sandeep Yadav Hospital: extracted
[local-ai] Eye Hospital: extracted
[local-ai] Shri Krishan Hospital: extracted
[local-ai] Sunil Hospital: extracted
[local-ai] Dr. Narender Sharma Hospital: extracted
[local-ai] Prakash Hospital and Nursing Home: extracted
[local-ai] Dr. R B Yadav Hospital: extracted
[local-ai] Meera Devi Hospital and Piles Treatment Centre: extracted
[local-ai] Dr. RS Chauhan Hospital: extracted
[local-ai] Narayani Hospital: extracted
[local-ai] Dr. Vats Maternity Hospital: extracted
[local-ai] Shri Ram Das Hospital: extracted
[local-ai] Dr. Sajjan Singh Hospital.: extracted
[local-ai] Surender Yadav Charitable Hospital: extracted
[local-ai] Navodaya Hospital: extracted
[local-ai] Sai Kirpa Hospital: extracted
[local-ai] Dr. Vats Hospital: extracted
[local-ai] Janaki Eye Hospital: extracted
[local-ai] Ashok Hospital: extracted
[local-ai] Ahuja Hospital: extracted
[local-ai] Mars Hospital: extracted
[checkpoint] saved 11021 records
[local-ai] Dr. Sunil's Skin Hospital: extracted
[local-ai] Hariram Skin Care Hospital: extracted
[local-ai] Vinayak Hospital: extracted
[local-ai] Jindal Hospital: extracted
[local-ai] Mrs Pranami Hospital: extracted
[local-ai] Life Line Hospital: extracted
[local-ai] Pooja Skin Hospital: extracted
[local-ai] Dr. Banarasi Dass Sharma Hospital: extracted
[local-ai] Dr. Roop Basant Hospital: extracted
[local-ai] Sewak Hospital: extracted
[local-ai] Vardaan Hospital: extracted
[local-ai] Balwada Hospital: extracted
[local-ai] Dr. Dinesh Children's Hospital: extracted
[local-ai] Shri Bala Ji Hospital, Sehlang: extracted
[local-ai] Tulip Women Hospital: extracted
[local-ai] Om Sai Hospital: extracted
[local-ai] Ajit Hospital: extracted
[local-ai] Khatri Hospital: extracted
[local-ai] Raj Hospital: extracted
[local-ai] Dr. Ashok Sharma Hospital: extracted
[local-ai] Janki Hospital: extracted
[local-ai] Dr. Aishish Rawal Hospital: extracted
[local-ai] Dr. Parveen Godara Kalkal Hospital: extracted
[local-ai] Jan Seva Hospital: extracted
[local-ai] Dayanand Hospital: extracted
[checkpoint] saved 11046 records
[local-ai] Arvind Hospital: extracted
[local-ai] Bansal Eye Care Hospital: extracted
[local-ai] H.D.Khatri Hospital: extracted
[local-ai] Preet Hospital: extracted
[local-ai] R.J.S. Memorial Multispeciality Hospital: extracted
[local-ai] Ved Gyarshi Lal Hospital: extracted
[local-ai] Nihal Hospital: extracted
[local-ai] Sanjeevani Hospital: extracted
[local-ai] Dankhar Hospital: extracted
[local-ai] Swami Hospital: extracted
[local-ai] Chandrawati Memorial Hospital: extracted
[local-ai] Mittal Hospital: extracted
[local-ai] Gaurav Hospital: extracted
[local-ai] Om Hospital: extracted
[local-ai] Om Surgical Hospital: extracted
[local-ai] Kalkal Hospital: extracted
[local-ai] Krishna Eye Hospital: extracted
[local-ai] Yadav Hospital: extracted
[local-ai] Shree Shyam Bawasir Hospital: extracted
[local-ai] Jai Hospital: extracted
[local-ai] Nawal Hospital: extracted
[local-ai] Sammat Hospital: extracted
[local-ai] St Stephen's Hospital Health Care Facility: extracted
[local-ai] Children Hospital: extracted
[local-ai] Gautam Hospital: extracted
[checkpoint] saved 11071 records
[local-ai] Nidan Hospital and Trauma Centre: extracted
[local-ai] Lal Superspeciality Hospital: extracted
[local-ai] Shri Gobind Hospital: extracted
[local-ai] Prakash Hospital: extracted
[local-ai] Poonia Hospital: extracted
[local-ai] Saroadana Purusharthi Hospital: extracted
[local-ai] Saraswati Eye Care Hospital: extracted
[local-ai] Sony Charam Rog Hospital: extracted
[local-ai] Sadbhaavna Hospital: extracted
[local-ai] Sabharwal Hospital: extracted
[local-ai] Rama Super Speciality Hospital: extracted
[local-ai] Jain Eye Hospital: extracted
[local-ai] Shiv Shakti Hospital: extracted
[local-ai] Navjeevan Hospital: extracted
[local-ai] Aashirwad Neuropsychiatry and Advanced Skin Care Hospital: extracted
[local-ai] Bsd Hospital and Hair Transplant Centre: extracted
[local-ai] Raj Hospital: extracted
[local-ai] Ishwar Kripa Hospital: extracted
[local-ai] Medline Hospital: extracted
[local-ai] Arya Dharmarth Hospital: extracted
[local-ai] Gandhi Hospital: extracted
[local-ai] Dr. Praveen Garg Hospital: extracted
[local-ai] Shri Tara Chand Middha Memorial Hospital: extracted
[local-ai] Sharma Hospital: extracted
[local-ai] Bhatia Hospital: extracted
[checkpoint] saved 11096 records
[local-ai] Gera Skin Hospital: extracted
[local-ai] Dr. Renu Aggarwal Maternity Hospital & Ultrasound Centre: extracted
[local-ai] Malik Hospital: extracted
[local-ai] Shree Kailash Hospital: extracted
[local-ai] Cosmos Hospital: extracted
[local-ai] Radha Kishan Hospital: extracted
[local-ai] Shri Bala G Hospital and Trauma Centre: extracted
[local-ai] City Hospital: extracted
[local-ai] Nidhi Hospital & Trauma Centre: extracted
[local-ai] Prabha Eye Hospital: extracted
[local-ai] Lord Krishna Hospital: extracted
[local-ai] Sehrawat Hospital: extracted
[local-ai] Agrasen Hospital: extracted
[local-ai] Omaxe Hospital: extracted
[local-ai] Atlas Hospital: extracted
[local-ai] Prabhu Dyal Hospital: extracted
[local-ai] New Aaradhya Hospital: extracted
[local-ai] Sai Ram Hospital: extracted
[local-ai] Om Premia Hospital: extracted
[local-ai] R G Hospital: extracted
[local-ai] Vedanta Hospital: extracted
[local-ai] Murad Hospital: extracted
[local-ai] Swami Amardev Hospital: extracted
[local-ai] Joshi Hospital: extracted
[local-ai] Braunwald Hospitals: extracted
[checkpoint] saved 11121 records
[local-ai] Dr. Yograj Hospital: extracted
[local-ai] Mahesh Hospital: extracted
[local-ai] Geetanjali Hospital: extracted
[local-ai] Rajeev Hospital: extracted
[local-ai] Eye Q Hospital: extracted
[local-ai] Kailash Hospital: extracted
[local-ai] Dr. Bl Bhardwaj Eye Hospital: extracted
[local-ai] Anmol Hospital: extracted
[local-ai] Batra Hospital: extracted
[local-ai] Prem Jivan Hospital: extracted
[local-ai] Chauhan Hospital: extracted
[local-ai] Tilak Hospital: extracted
[local-ai] Lokesh Hospital: extracted
[local-ai] Perfect Vision Eye Hospital: extracted
[local-ai] Golden Hospital: extracted
[local-ai] Garg Hospital,Pehowa: extracted
[local-ai] Harsh Hospital: extracted
[local-ai] Guru Nanak Charitable Eye & Dental Hospital: extracted
[local-ai] Rani Maa Hospital: extracted
[local-ai] Kamal Hospital: extracted
[local-ai] Dev Hospital, Ladwa: extracted
[local-ai] Sant Ishar Singh General and Multi-Speciality Hospital: extracted
[local-ai] Satya Om Eye and Maternity Hospital: extracted
[local-ai] Kamboj Hospital, Ladwa: extracted
[local-ai] Boolchand Hospital: extracted
[checkpoint] saved 11146 records
[local-ai] Verma Hospital: extracted
[local-ai] Raj Hospital, Kurukshetra: extracted
[local-ai] Sunder Hospital: extracted
[local-ai] Kamboj Hospital: extracted
[local-ai] Mohindru Hospital: extracted
[local-ai] Goyal Hospital: extracted
[local-ai] Arvind Hospital & Heart Centre: extracted
[local-ai] Lotus Women Hospital: extracted
[local-ai] Nirvana Hospital: extracted
[local-ai] ECHS Hospital: extracted
[local-ai] Panwar Hospital: extracted
[local-ai] Ram Hospital: extracted
[local-ai] Seth Laxmi Narain Sanwaria Ayurvedic Hospital: extracted
[local-ai] SMS Hospital: extracted
[local-ai] Kundan Hospital: extracted
[local-ai] Mariya Hospital: extracted
[local-ai] Jaisingh Bawaseer Hospital: extracted
[local-ai] Lakra Hospital: extracted
[local-ai] M. Kumar Hospital: extracted
[local-ai] Phogat Hospital: extracted
[local-ai] Shri Ram Hospital: extracted
[local-ai] Pardhan Hospital: extracted
[local-ai] Swastik Hospital: extracted
[local-ai] Ch. Kashiram Hospital: extracted
[local-ai] Mittal Hospital: extracted
[checkpoint] saved 11171 records
[local-ai] R K Hospital: extracted
[local-ai] Beniwal Hospital: extracted
[local-ai] Partap Heart & Chest Hospital: extracted
[local-ai] Balaji Hospital: extracted
[local-ai] Asha Pahwa Nursing Home: extracted
[local-ai] CS Hospital: extracted
[local-ai] Jain Hospital: extracted
[local-ai] Sangwan Hospital: extracted
[local-ai] Apoorva Hospital: extracted
[local-ai] Dr. Devender Hospital and Laser Cosmetic Centre: extracted
[local-ai] Geetanjali Hospital: extracted
[local-ai] Amcare Hospital: extracted
[local-ai] Netra Eye Hospital: extracted
[local-ai] Jai Shree Shyam Skin Hospital: extracted
[local-ai] Prehlad Hospital: extracted
[local-ai] Park Hospital: extracted
[local-ai] Srishti Maternity Hospital: extracted
[local-ai] Dr Ashwani Garg Hospital: extracted
[local-ai] DR KAPOOR'S Dental Care and Implant Centre: extracted
[local-ai] Josan Scan Centre: extracted
[local-ai] BKN Ayurveda Medical College & Hospital: extracted
[local-ai] Yaduvanshi Hospital: extracted
[local-ai] Station Medicare Center: extracted
[local-ai] ESI hospital: extracted
[local-ai] HOD Faridabad - House Of Diagnostics: extracted
[checkpoint] saved 11196 records
[local-ai] Malik Multi-Speciality Hospital: extracted
[local-ai] AADHAR HOSPITAL: extracted
[local-ai] Matrika Hospital: extracted
[local-ai] Jain Hospital: extracted
[local-ai] Marengo Asia Hospitals: extracted
[local-ai] Girdhar Multispeciality Hospital: extracted
[local-ai] SMSG Multispeciality Hospital: extracted
[local-ai] Mittal Eye Hospital: extracted
[local-ai] Dr Lal Path Labs: extracted
[local-ai] Rajesh Medical Store: extracted
[local-ai] Accord Hospital: extracted
[local-ai] supreme hospital: extracted
[local-ai] Rainbow Hospital: extracted
[local-ai] Dr Lal Pathlabs: extracted
[local-ai] Verizon Hospital: extracted
[local-ai] C.LAL Old Hospital: extracted
[local-ai] C LAL Old Hospital: extracted
[local-ai] Dr. Himani Yadav: extracted
[local-ai] Prayag Hospital, Newborn: extracted
[local-ai] Apex Dhanwantri Trauma Centre PGI Rohtak: extracted
[local-ai] Lala Shyamlal Super Specialty Center PGI Rohtak: extracted
[local-ai] Saini Hospital: extracted
[local-ai] Sanjivni Eye Care Hospital: extracted
[local-ai] Pandit Nandlal Medical & Maternity Hospital: extracted
[local-ai] Siddhi Hospital: extracted
[checkpoint] saved 11221 records
[local-ai] Gurunanak Ayurveda Hospital: extracted
[local-ai] Deep Homeopathic Clinic: extracted
[local-ai] Garg Medicall Hall: extracted
[local-ai] Aggarwal Homoeopathic: extracted
[local-ai] Rainbow Multispeciality Hospital and Trauma Center: extracted
[local-ai] Shree Gyani Ram Memorial Hospital: extracted
[local-ai] CHAHAL HOSPITAL: extracted
[local-ai] Vinayak Hospital: extracted
[local-ai] OM Hospital: extracted
[local-ai] Devki Nandan Hospital: extracted
[local-ai] SUNDERLAL HOSPITAL: extracted
[local-ai] Krishna Eye Hospital: extracted
[local-ai] STAYA JYOTI BHAWAN: extracted
[local-ai] JAI HOSPITAL: extracted
[local-ai] KANISHKA: extracted
[local-ai] SUNCARE: extracted
[local-ai] DR VEER MALIK JEET: extracted
[local-ai] SHANTI: extracted
[local-ai] ISHAAN HOMEOPATHIC: extracted
[local-ai] KATARIA MEDICOSE: extracted
[local-ai] SIDHI VINAYAK HOSPITAL: extracted
[local-ai] SPES HOSPITAL: extracted
[local-ai] INDIA MEDICAL STORE: extracted
[local-ai] Narayana multispeciaity hospital: extracted
[local-ai] अर्बन हेल्थ केंद्र, सेक्टर 1-4: extracted
[checkpoint] saved 11246 records
[local-ai] Primary Healthcare Center -Bansudhar: extracted
[local-ai] Aurnoli Hospital: extracted
[local-ai] Barnala Hospital: extracted
[local-ai] Govt. GNM Nursing Training Center, GH, Hisar: extracted
[local-ai] Medanta: extracted
[local-ai] Dr Vipin Maheshwari: extracted
[local-ai] Queen’s Multispeciality Hospital: extracted
[local-ai] Primary Health Center: extracted
[local-ai] Gastro Liver Pancreas Clinic: extracted
[local-ai] Shivam Hospital: extracted
[local-ai] Aarogya Hospital: extracted
[local-ai] Jeeven Hospital and Surgical Centre: extracted
[local-ai] Shyam Kunj Hospital: extracted
[local-ai] The Dental Solace: extracted
[local-ai] Center For Sight: extracted
[local-ai] T.R.U.E Hospitals: extracted
[local-ai] Dr. Alokik Gupta: extracted
[local-ai] Dr. Alokik Gupta: extracted
[local-ai] Shyam Hospital: extracted
[local-ai] Tulasi Healthcare: extracted
[local-ai] Park Nidaan Hospital: extracted
[local-ai] Sanjay Hospital: extracted
[local-ai] Neelkanth Hospital Pvt. Ltd: extracted
[local-ai] Sheetla Hospital And Eye Institute Private Ltd: extracted
[local-ai] World Laparoscopy Hospital: extracted
[checkpoint] saved 11271 records
[local-ai] Civil Hospital Panchkula: extracted
[local-ai] Command Hospital: extracted
[local-ai] Alchemist Hospital, Panchkula: extracted
[local-ai] Escorts Hospital and Research Centre Limited - Faridabad: extracted
[local-ai] Escorts Hospital Research Centre: extracted
[local-ai] Esi Hospital: extracted
[local-ai] Goyal Hospital: extracted
[local-ai] Sarvodya Hospital: extracted
[local-ai] ESI Dispensary: extracted
[local-ai] Badshah Khan Hospital: extracted
[local-ai] ESI Hospital: extracted
[local-ai] Vibal Hospital Private Limited - Faridabad: extracted
[local-ai] Sapra Hospital: extracted
[local-ai] Columbia Asia Hospital: extracted
[local-ai] Civil Hospital, Sector 10, Gurugram: extracted
[local-ai] General Hospital: extracted
[local-ai] महाबीर दल अस्पताल: extracted
[local-ai] Civil Hospital Nilokheri: extracted
[local-ai] Civil Hospital, Sonipat: extracted
[local-ai] Jankidas Kapur Memorial Hospital: extracted
[local-ai] Mayom Hospital: extracted
[local-ai] Shalby International Hospital: extracted
[local-ai] Poly Clinic, Sector- 3: extracted
[local-ai] PHC, Dhatrath: extracted
[local-ai] Veterinary Hospital, Dhatrath: extracted
[checkpoint] saved 11296 records
[local-ai] Mukuand Lal Civil Hospital: extracted
[local-ai] Waryam Singh Hospital: extracted
[local-ai] Military Hospital, Ambala: extracted
[local-ai] Max Hospital: extracted
[local-ai] Civil Hospital: extracted
[local-ai] Government Heath Centre Bhuthan Kalan: extracted
[local-ai] Sparsh Hospital, Faridabad: extracted
[local-ai] Artemis Health Institute: extracted
[local-ai] Medanta The Medicity: extracted
[local-ai] Cloudnine Fertility Hospital: extracted
[local-ai] Asian Institute of Medical Science: extracted
[local-ai] AB Hospitals: extracted
[local-ai] Civil Hospital Devi Nagar: extracted
[local-ai] RBS Hospital: extracted
[local-ai] Sudha Rustagi College of Dental Sciences and Research Hospital: extracted
[local-ai] Kainos Super-Speciality Hospital: extracted
[local-ai] Amritdhara My Hospital: extracted
[local-ai] OPD PGI Rohtak: extracted
[local-ai] Mann Multispeciality Hospital: extracted
[local-ai] Primary Health Centre, PHC Muana: extracted
[local-ai] Balaji Plastic Surgery and Burn Centre: extracted
[local-ai] Oscar Medical Center: extracted
[local-ai] New Government Hospital, Pataudi: extracted
[local-ai] Indira Gandhi Government Hospital: extracted
[local-ai] PHC DUJANA: extracted
[checkpoint] saved 11321 records
[local-ai] Kalpana Chawla Govt. Medical College & Hospital: extracted
[local-ai] Dr Sandeep Chaudhry: extracted
[local-ai] Ojas Hospital: extracted
[local-ai] Government Poly Clinic: extracted
[local-ai] Om Hospital: extracted
[local-ai] Paras Hospital: extracted
[local-ai] Metro Hospital & Heart Institute: extracted
[local-ai] Bright Kidney Care Hospital: extracted
[local-ai] SGT Medical College Hospital & Research Institute: extracted
[local-ai] Prolife Hospital: extracted
[local-ai] Asian Fidelis Multi Speciality Hospital: extracted
[local-ai] Amrita Hospital: extracted
[local-ai] SHIV RAM HOSPITAL: extracted
[local-ai] Maharaja Agrasen Hospital: extracted
[local-ai] Mother Teresa Saket Orthopaedic Hospital: extracted
[local-ai] Yatharth Hospital: extracted
[local-ai] CK Birla Hospital Gurgaon: extracted
[local-ai] Sarvesh Health city: extracted
[local-ai] crossroads hospital: extracted
[local-ai] Rockland Hospital: extracted
[local-ai] All India Institute of Medical Sciences - AIIMS Jhajjar: extracted
[18/36] Haryana                                fetched=  1425 kept=  1396 already_saved=0 total= 11342
[19/36] Delhi: requesting source data (timeout=90s, retries=3)
[local-ai] Base Hospital Delhi Cantt: extracted
[local-ai] Saint soham hospital private: extracted
[local-ai] Dr. Indra Hospital: extracted
[local-ai] Dr. Rajeev Hospital: extracted
[local-ai] Bawana Dispensary: extracted
[local-ai] Delhi Heart and Lung Institute Super Speciality Hospital: extracted
[local-ai] Indraprastha Apollo Hospital: extracted
[local-ai] Ayushman Hospital: extracted
[local-ai] Govt Dispensory: extracted
[local-ai] Ayurvedic Mental Hospital: extracted
[local-ai] Sukhda Hospital: extracted
[local-ai] Ram Lal Kundan Lal Orthopaedic Hospital: extracted
[local-ai] Dr. Shyama Prasad Mukherjee Chest Hospital: extracted
[local-ai] Sujan Mohinder Singh Hospital: extracted
[local-ai] PHC Ujjwa: extracted
[local-ai] Goyal MRI & Diagnostic Centre: extracted
[local-ai] MGS Hospital: extracted
[local-ai] Maharaja Agrasen Hospital: extracted
[local-ai] A One Hospital: extracted
[local-ai] Majeedia Hospital: extracted
[local-ai] Somdatt Medical: extracted
[local-ai] Krypton Global Health: extracted
[local-ai] Surbhi hospital: extracted
[local-ai] Tamish: extracted
[local-ai] Chandiwala Institute of Eye: extracted
[checkpoint] saved 11367 records
[local-ai] Pushpawati Singhania Hospital and Research Institute: extracted
[local-ai] Savera Hospital: extracted
[local-ai] Gamca: extracted
[local-ai] Asha kiran mental hospital: extracted
[local-ai] Sharp Sight Center: extracted
[local-ai] Bhagat Chandra Hospital: extracted
[local-ai] Adiva Hospital: extracted
[local-ai] Guru Harkishan Hospital: extracted
[local-ai] Sir Ganga Ram Kolmet Hospital: extracted
[local-ai] Cygnus Orthocare Hospital: extracted
[local-ai] Apollo Spectra Hospitals: extracted
[local-ai] Max Multi Speciality Centre: extracted
[local-ai] Balhara's Le Cure Hospital: extracted
[local-ai] Mangalam Hospital: extracted
[local-ai] Fortis C-DOC Hospital: extracted
[local-ai] Tirath Ram Hospital: extracted
[local-ai] Doctor Rajendra Prasad Centre for Opthalmic Sciences: extracted
[local-ai] Safdarjung H back gate: extracted
[local-ai] ESIC Hospital: extracted
[local-ai] City Hospital: extracted
[local-ai] Rural Medical Centre: extracted
[local-ai] Institute of Brain and Spine: extracted
[local-ai] Saral Diagnostics: extracted
[local-ai] Sama Hospital: extracted
[local-ai] Apollo: extracted
[checkpoint] saved 11392 records
[local-ai] National Institute of TB and Respiratory Diseases: extracted
[local-ai] Narang Hospital: extracted
[local-ai] Manchanda Hospital: extracted
[local-ai] Paschim Vihar West: extracted
[local-ai] World Brain Center Hospital: extracted
[local-ai] Max Medcentre: extracted
[local-ai] Mehta Hospital: extracted
[local-ai] Diyos: extracted
[local-ai] Aakash Hospital: extracted
[local-ai] Saras Hospital: extracted
[local-ai] Sunrise Hospital, Faridabad: extracted
[local-ai] Mata Sumitra Devi Hospital: extracted
[local-ai] Metro Hospital and Heart Institute: extracted
[local-ai] AIIMS Emergency: extracted
[local-ai] CRPF Composite Hospital: extracted
[local-ai] Doctor Grover's Nursing Home: extracted
[local-ai] Sushruta Trauma Centre: extracted
[local-ai] Bharti Nursingh Home: extracted
[local-ai] Dr B R Sur Homoeopathic Medical college and Hospital: extracted
[local-ai] Orthoplus Hospital: extracted
[local-ai] Vardhman Mahavir Medical College (VMMC) & Safdarjung Hospital, New Delhi: extracted
[local-ai] Prem Chiktsa Kendra: extracted
[local-ai] Shree Dhanvantri Hospital: extracted
[local-ai] Kalawati Saran Children's Hospital: extracted
[local-ai] Sports Injury Centre, Safdarjung Hospital (Part of SJH), New Delhi: extracted
[checkpoint] saved 11417 records
[local-ai] Maulana Azad Institute of Dental Sciences: extracted
[local-ai] Divya Prastha Hospital: extracted
[local-ai] Attar Sain Jain Hospital: extracted
[local-ai] Satyawadi Raja Harish Chander Hospital: extracted
[local-ai] Charak Palika Hospital NDMC: extracted
[local-ai] Kesar Nursing Home Dabri: extracted
[local-ai] Chacha Nehru Bal Chikitsalaya: extracted
[local-ai] Maharishi Valmiki Hospital: extracted
[local-ai] Medeor Hospital: extracted
[local-ai] Shakuntla Nursing Home Sagarpur: extracted
[local-ai] Malik Maternity Home and Surgical Centre: extracted
[local-ai] Government Hospital, Jawalapuri: extracted
[local-ai] Central Hospital (Northern Railways): extracted
[local-ai] Singhal Hospital Palam Colony: extracted
[local-ai] Doctors Diagnostic Centre Najafgarh: extracted
[local-ai] Lady Hardinge Medical College & Associated Hospitals: extracted
[local-ai] Free Maternity & Child Welfare Centeri: extracted
[local-ai] Kaya Kalp Hospital: extracted
[local-ai] Sunder Lal Jain Eye Hospital: extracted
[local-ai] Aman Medical Centre: extracted
[local-ai] Navjeevan Nursing Home: extracted
[local-ai] Kasturba Hospital: extracted
[local-ai] Mayur Medicare Center: extracted
[local-ai] Sukhmani Hospital: extracted
[local-ai] Vardaan Hospital: extracted
[checkpoint] saved 11442 records
[local-ai] VMMC & SAFDARJANG HOSPITAL: extracted
[local-ai] Leekha Nursing Home: extracted
[local-ai] Kukreja Hospital: extracted
[local-ai] Bhagwati Hospital: extracted
[local-ai] Sparsh Mother & child care hospital: extracted
[local-ai] Medeor Hospital: extracted
[local-ai] NGO Lok Kalyan Samiti: extracted
[local-ai] Parmarth Mission Hospital: extracted
[local-ai] Aruna Asaf Ali Government Hospital: extracted
[local-ai] Raj Rani Hospital: extracted
[local-ai] Dr. N. C. Joshi Memorial Hospital: extracted
[local-ai] Malhotra Nursing Home: extracted
[local-ai] Shree Jeewan Hospital: extracted
[local-ai] Mohan Eye Institute: extracted
[local-ai] Navjoyti Eye Centre: extracted
[local-ai] Mahesh Hospital: extracted
[local-ai] Jag Pravesh Chandra Hospital: extracted
[local-ai] Healing Touch Hospital: extracted
[local-ai] Gouri Hospital Ltd: extracted
[local-ai] Malik Nursing Home: extracted
[local-ai] Sanjivini Nursing Home: extracted
[local-ai] Sharma Medical Center: extracted
[local-ai] Sunil Hospital and Nursing Home: extracted
[local-ai] Mohan Nursing Home & Hospital: extracted
[local-ai] Vibhu Nursing Home: extracted
[checkpoint] saved 11467 records
[local-ai] Satyam Medical Centre: extracted
[local-ai] Tirath Ram Shah Hospital: extracted
[local-ai] Sankhwar Hospital: extracted
[local-ai] Neera Eye Centre: extracted
[local-ai] Mahavir International Eye Hospital: extracted
[local-ai] Nazar Kanwar Surana Hospital: extracted
[local-ai] Savitri Hospital: extracted
[local-ai] MH Haiderpur: extracted
[local-ai] Kuber Hospital: extracted
[local-ai] Children & Maternity Centre: extracted
[local-ai] Max Multi Speciality Centre, Pitampura: extracted
[local-ai] Dr BD Attam Hospital and Medical Research Centre: extracted
[local-ai] Fortis Bloom: extracted
[local-ai] Gupta Nursing Home: extracted
[local-ai] Kamaal Nursing Home: extracted
[local-ai] Muni Maya Ram Jain Hospital: extracted
[local-ai] jp memorial: extracted
[local-ai] Medha Hospital: extracted
[local-ai] Sai Charitable Dispensary & Nursing Home: extracted
[local-ai] Saroj Hospital: extracted
[local-ai] MCD Maternity Government Hospital: extracted
[local-ai] Arora Nursing Home: extracted
[local-ai] Jiwan Charitable Hospital: extracted
[local-ai] Karala Government Hospital: extracted
[local-ai] Government Hospital: extracted
[checkpoint] saved 11492 records
[local-ai] Jeevan Jyoti Hospital: extracted
[local-ai] Chandiwala Hospital Shahdara: extracted
[local-ai] Upchar Nursing Home: extracted
[local-ai] Talwar Medical Centre: extracted
[local-ai] Manav Medicare Centre: extracted
[local-ai] Kesar Hospital: extracted
[local-ai] st. stephen hospital: extracted
[local-ai] Garg Nursing Home: extracted
[local-ai] Santom Hospital: extracted
[local-ai] Manna Clinic & Maternity Home, Rani Bagh: extracted
[local-ai] Prashant Nursing Home: extracted
[local-ai] Sai Drishti Maternity Centre: extracted
[local-ai] IG ESI Hospital: extracted
[local-ai] Hakeem Abdul Hameed Centenary Hospital: extracted
[local-ai] Vallabh Hospital: extracted
[local-ai] Red Cross Hospital Society Mat. Welfare and Child Care Hospital: extracted
[local-ai] Phoenix Hopsital: extracted
[local-ai] Rashmi Hospital: extracted
[local-ai] Bhagwan Mahavir Super Speciality Hospital: extracted
[local-ai] Jhamb Maternity and Medical Centre: extracted
[local-ai] Capital Eye Centre: extracted
[local-ai] Bhagwati Hospital: extracted
[local-ai] Tondan hospital: extracted
[local-ai] Primary Urban Health Centre Cum Maternity Home & Poly Clinic: extracted
[local-ai] North Delhi Nursing Home: extracted
[checkpoint] saved 11517 records
[local-ai] shanti nursing home LLP: extracted
[local-ai] Banarsidas Chandiwala Insitute of Medical Sciences: extracted
[local-ai] Family Hospital: extracted
[local-ai] Kumar Medical & Maternity Centre: extracted
[local-ai] Parivar Sewa Sansthan: extracted
[local-ai] MCW Sewa Nagar: extracted
[local-ai] Brahm Shakti Hospital: extracted
[local-ai] Sona Maternity and Nursing Home: extracted
[local-ai] DGD Vivek Vihar: extracted
[local-ai] D.R. Nursing Home: extracted
[local-ai] Netrayatan Hospital: extracted
[local-ai] MCW Giri Nagar: extracted
[local-ai] Kanta Sethi Hospital: extracted
[local-ai] Delhi Common Wealth Women Association: extracted
[local-ai] Kalyan Nursing Home: extracted
[local-ai] best care hospital: extracted
[local-ai] Maheshwari Hospital: extracted
[local-ai] NDMS Park: extracted
[local-ai] PGH Hospitals: extracted
[local-ai] Sanjivani Hospital: extracted
[local-ai] Saraswati Hospital and Laproscopic Centre: extracted
[local-ai] Kalra Hospital: extracted
[local-ai] MKW Hospital: extracted
[local-ai] UK Nursing Home: extracted
[local-ai] Goyal Hospital: extracted
[checkpoint] saved 11542 records
[local-ai] Aakash Healthcare Super Speciality Hospital: extracted
[local-ai] Care n Cure 24: extracted
[local-ai] Sunand Hospital & IVF Centre: extracted
[local-ai] Medstar Hospital: extracted
[local-ai] Karuna Sindhu Charitable Hospital: extracted
[local-ai] Government Ayurvedic Hospital: extracted
[local-ai] Kiran Das Charitable Hospital: extracted
[local-ai] Apollo Cradle Maternity & Children's Hospital: extracted
[local-ai] Satyabhama Hospital: extracted
[local-ai] Dashmesh Hospital: extracted
[local-ai] Sumiti Vishal Charitable Hospital: extracted
[local-ai] Gandhi Hospital: extracted
[local-ai] Khetarpal Hospital: extracted
[local-ai] Hardik Hospital: extracted
[local-ai] Mata Chandana Devi Hospital: extracted
[local-ai] R. Nayyar Hospital: extracted
[local-ai] Bagga Nursing Home: extracted
[local-ai] Rao Raghubir Hospital: extracted
[local-ai] Surya Laxmi Hospital: extracted
[local-ai] Kanojia Hospital: extracted
[local-ai] Rathi Hospital: extracted
[local-ai] Sodhi Nursing Home and ENT Hospital: extracted
[local-ai] Nijhara Hospital: extracted
[local-ai] Mehra Hospital: extracted
[local-ai] Sonia Hospital: extracted
[checkpoint] saved 11567 records
[local-ai] JankiDas Kapur Memorial Hospital: extracted
[local-ai] Sehgal Neo Hospital: extracted
[local-ai] Mahindru Hospital: extracted
[local-ai] Arya Hospital: extracted
[local-ai] RLKC Hospital: extracted
[local-ai] SR Krishna Hospital: extracted
[local-ai] Bhatia Global Hospital: extracted
[local-ai] Satya Multi Speciality Hospital: extracted
[local-ai] Asha Hospital: extracted
[local-ai] Jeevan Jyoti Hospital: extracted
[local-ai] Bala Ji Hospital: extracted
[local-ai] Shri Mahant Gurmukh Singhji Charitable Hospital: extracted
[local-ai] R.R.Hospital: extracted
[local-ai] Sanjeevani Maternity & Children Hospital: extracted
[local-ai] Konarc Hospital: extracted
[local-ai] Santosh Hospital: extracted
[local-ai] Care New born & Child Hospital: extracted
[local-ai] Tarak Hospital India Private Limited: extracted
[local-ai] Jainar Hospital: extracted
[local-ai] Khushi Hospital: extracted
[local-ai] Amit Nursing Home: extracted
[local-ai] Nanak Darbar Charitable Hospital: extracted
[local-ai] Mata Chanan Devi Hospital: extracted
[local-ai] Lotus Hospital: extracted
[local-ai] Aashirwad Nursing Home: extracted
[checkpoint] saved 11592 records
[local-ai] Sumitra Hospital: extracted
[local-ai] Asi Hospital: extracted
[local-ai] Matrchaya Child Care: extracted
[local-ai] Sanchet Hospital: extracted
[local-ai] Mata Roop Rani Maggo Hospital: extracted
[local-ai] Sai Nursing Home: extracted
[local-ai] Governmentt Eye Hospital: extracted
[local-ai] Goyal Hospital, Nilothi: extracted
[local-ai] Gaudham Cancer Ayurvedic Treatment & Research Center: extracted
[local-ai] SRG Hospital: extracted
[local-ai] B.M. Gupta Hospital Pvt. Ltd.: extracted
[local-ai] Kamlesh Nursing Home: extracted
[local-ai] Shubh Nursing Home: extracted
[local-ai] Sushruta Maternity And Surgical Centre: extracted
[local-ai] Dwarika Medicare & Maternity Centre: extracted
[local-ai] Jasrotia Hospital: extracted
[local-ai] Sanjivani Gynec & Children Hospital: extracted
[local-ai] Genesis Hospital: extracted
[local-ai] Ardent Ganpati Hospital: extracted
[local-ai] Dhruv Hospital: extracted
[local-ai] Dr Suresh Garg - Eye & Laser Hospital: extracted
[local-ai] Mansaram Hospital: extracted
[local-ai] Gendox Hospital: extracted
[local-ai] Vashishta Clinics & Hospital: extracted
[local-ai] Sabharwal Hospital: extracted
[checkpoint] saved 11617 records
[local-ai] Sunrise Healthcare Centre: extracted
[local-ai] Dehli Hospital: extracted
[local-ai] Apollo Spectra Hospitals: extracted
[local-ai] Luv Kush Hospital: extracted
[local-ai] K.R. Hospital: extracted
[local-ai] Neptune Hospital: extracted
[local-ai] Lal Hospital: extracted
[local-ai] Alshifa Multispeciality Hospital: extracted
[local-ai] Kalindi Hospital: extracted
[local-ai] Vasist Hospital: extracted
[local-ai] Orthostar Hospital: extracted
[local-ai] Behl Hospital: extracted
[local-ai] Yogmaya Multispeciality Hospital: extracted
[local-ai] Dr Chaudhry's Moral Hospital: extracted
[local-ai] RK Hospital: extracted
[local-ai] Lions Kidney Hospitals: extracted
[local-ai] Taravati Hospital: extracted
[local-ai] Panchsheel Hospital: extracted
[local-ai] Jai Maa Tara Hospital: extracted
[local-ai] Viola Hospital: extracted
[local-ai] Safdarjung Hospital: extracted
[local-ai] BSF Hospital: extracted
[local-ai] Bal Kishan Memorial Hospital: extracted
[local-ai] Neha Hospital: extracted
[local-ai] L.D. Hospital: extracted
[checkpoint] saved 11642 records
[local-ai] Triveni Hospital: extracted
[local-ai] Kunj Eye Hospital: extracted
[local-ai] Virmani Hospital: extracted
[local-ai] Faraz Hospital: extracted
[local-ai] Aashlok Hospital: extracted
[local-ai] Vinod Karhana Hospital: extracted
[local-ai] Curewell Hospital: extracted
[local-ai] National Hospital: extracted
[local-ai] Sawan Neelu Angel's Multispeciality Hospital: extracted
[local-ai] Muskan Hospital: extracted
[local-ai] Arpan Hospital: extracted
[local-ai] Asian Samra Multi Speciality Hospital: extracted
[local-ai] Iqbal Faizy Hospital: extracted
[local-ai] Vikas Hospital: extracted
[local-ai] Base Hospital: extracted
[local-ai] Batla Hospital: extracted
[local-ai] AIIMS Urban Health Centre: extracted
[local-ai] Silver Line Nursing Home: extracted
[local-ai] Cribs Hospital: extracted
[local-ai] Dr. Sunder Lal Memorial Hospital: extracted
[local-ai] Kavita Poly Clinic & Hospital: extracted
[local-ai] Sanjeevan Hospital: extracted
[local-ai] Jeewan Hospital: extracted
[local-ai] Bhagat Hospital: extracted
[local-ai] Mavi Hospital: extracted
[checkpoint] saved 11667 records
[local-ai] Sri Guru Nanak Charitable Hospital: extracted
[local-ai] Guru Harkrishan Hospital: extracted
[local-ai] Aarogya Hospital: extracted
[local-ai] Bansal Hospital: extracted
[local-ai] Apex Citi Hospital: extracted
[local-ai] Adarsh Hospital: extracted
[local-ai] ECHS Polyclinic Hospital: extracted
[local-ai] Dhan Devi Charitable Hospital: extracted
[local-ai] White House Hospital: extracted
[local-ai] Delhi ENT Multispeciality Hospital: extracted
[local-ai] Khadija National Hospital: extracted
[local-ai] Apex Hospital: extracted
[local-ai] Balak Ram Hospital: extracted
[local-ai] Nature Care Hospital: extracted
[local-ai] Raj Poly Clinic Hospital: extracted
[local-ai] Jain Muni Roshan Lal Charitable Hospital: extracted
[local-ai] Chouhan Hospital: extracted
[local-ai] Sinha Hospital: extracted
[local-ai] Nirmal Hospital: extracted
[local-ai] Rohan Hospital: extracted
[local-ai] Dr. Meena Indra Hospital: extracted
[local-ai] Indus Valley Hospitals: extracted
[local-ai] Naman Hospital: extracted
[local-ai] Pearl Hospital: extracted
[local-ai] Kesar Hospital: extracted
[checkpoint] saved 11692 records
[local-ai] Shree Hospital: extracted
[local-ai] Devansh Hospital: extracted
[local-ai] Hitaishi Hospital: extracted
[local-ai] Dispensary Child Welfare Centre: extracted
[local-ai] Vishwakarma Hospital: extracted
[local-ai] Airmid Hospital: extracted
[local-ai] Gahlot Hospital: extracted
[local-ai] Sanjeevani Hospital: extracted
[local-ai] ESI TB Hospital: extracted
[local-ai] Navjeevan Hospital: extracted
[local-ai] Bm Hospital: extracted
[local-ai] Delhi Global Hospital: extracted
[local-ai] Choudhary Hospital: extracted
[local-ai] Narayani Hospital: extracted
[local-ai] Sunil Memorial Nursing Home: extracted
[local-ai] Sudarshan Hospital: extracted
[local-ai] Saransh Hospital: extracted
[local-ai] Jeevandan Hospital: extracted
[local-ai] Manipal Hospitals: extracted
[local-ai] Sant Soham Hospital: extracted
[local-ai] Clifton Springs Hospital: extracted
[local-ai] Surya Kiran Hospital: extracted
[local-ai] Jeevan Daan Hospital: extracted
[local-ai] Ardent Hospital: extracted
[local-ai] Dr. Rakesh Multispeciality Hospital: extracted
[checkpoint] saved 11717 records
[local-ai] New Heera Hospital: extracted
[local-ai] Shanti Mohan Hospital: extracted
[local-ai] Marg Hospital: extracted
[local-ai] Dwarka Heart Centre: extracted
[local-ai] Kalpavriksh Super Speciality Center: extracted
[local-ai] Maujiram Lions Eye Hospital: extracted
[local-ai] Skylife Multispeciality Hospital: extracted
[local-ai] Naturopathy Hospital: extracted
[local-ai] Vikas Hospital Private Limited: extracted
[local-ai] City Health Hospital: extracted
[local-ai] Shri Sanjivani Hospital: extracted
[local-ai] Tyagi Hospital: extracted
[local-ai] Ortho Care Hospital: extracted
[local-ai] Avantika Multispeciality Hospital: extracted
[local-ai] Aastha Hospital: extracted
[local-ai] Shri Multan Sewa Samiti Eye Care Hospital: extracted
[local-ai] Ayushman Hospital: extracted
[local-ai] Shree Balaji Hospital: extracted
[local-ai] Ishan Hospital: extracted
[local-ai] City Hospital 42: extracted
[local-ai] Aryan Hospital: extracted
[local-ai] Vinayak Hospital: extracted
[local-ai] Bhagat Chandra Hospital: extracted
[local-ai] Aggarwal Nursing Home: extracted
[local-ai] Shradha Multi Speciality Hospital: extracted
[checkpoint] saved 11742 records
[local-ai] Rosewood Hospital: extracted
[local-ai] Jackson Hospital & Research Centre: extracted
[local-ai] Orchid Hospital Maternity and Heart Centre: extracted
[local-ai] Ekta Hospital: extracted
[local-ai] O.P. Memorial Hospital: extracted
[local-ai] Foji Hospital: extracted
[local-ai] Arogya Care: extracted
[local-ai] Apaar Nursing Home: extracted
[local-ai] Dwarka Hospital: extracted
[local-ai] Savitri Hospital: extracted
[local-ai] Bawasher Hospital: extracted
[local-ai] Budhho Devi Hospital: extracted
[local-ai] Kalyani Hospital: extracted
[local-ai] Dhanwati Hospital: extracted
[local-ai] Janki Hospital: extracted
[local-ai] Angel Agastya Multi Speciality Hospital: extracted
[local-ai] Jay Hospital: extracted
[local-ai] Deepan Hospital: extracted
[local-ai] Sunrise Hospital: extracted
[local-ai] Sushila Hospital: extracted
[local-ai] Shiv Jivodaya Janta Hospital: extracted
[local-ai] Dwarka New Born and Child Hospital: extracted
[local-ai] Lifeline Hospital: extracted
[local-ai] Chander Leela Hospital: extracted
[local-ai] K R Gangwal Hospital: extracted
[checkpoint] saved 11767 records
[local-ai] Nirmala Hospital: extracted
[local-ai] Kukreja Hospital: extracted
[local-ai] New Rohini Hospital: extracted
[local-ai] Samarpan Multispeciality Hospital: extracted
[local-ai] Sanjevani Hospital: extracted
[local-ai] Sanjeevan Surgical Centre: extracted
[local-ai] Janta Hospital: extracted
[local-ai] Nirvana Hospital: extracted
[local-ai] Government Dispensary: extracted
[local-ai] DGD Prem Nagar: extracted
[local-ai] Kelvin Diagnostics: extracted
[local-ai] Gyanchandra Joshi Ayurvedic Hospital: extracted
[local-ai] DR CHOPRAS SPINE JOINT SOLUTIONS INDIA - joint replacement doctor in west Delhi: extracted
[local-ai] Guru Ram Dass Charitable Hospital: extracted
[local-ai] Arvind Medicare: extracted
[local-ai] General Williams Hospital: extracted
[local-ai] Sanjay Gandi Hospital: extracted
[local-ai] Aggarwal Dharmarth Hospital: extracted
[local-ai] Delhi City, Medical: extracted
[local-ai] Indraprastha Apollo Hospital: extracted
[local-ai] SCI IVF Hospital: extracted
[local-ai] HAH century hospital: extracted
[local-ai] Tirupati Stone Hospital: extracted
[local-ai] Chaudhary Braham Prakash Ayurvedic Charak Sansthan: extracted
[local-ai] HOD Karkardooma - House Of Diagnostics: extracted
[checkpoint] saved 11792 records
[local-ai] HOD Ashok Vihar - House Of Diagnostics: extracted
[local-ai] HOD Rajouri Garden - House Of Diagnostics: extracted
[local-ai] al-shifa: extracted
[local-ai] Oncoplus Hospital: extracted
[local-ai] SITE: extracted
[local-ai] Vardayani Charitable Multi-Speciality Hospital: extracted
[local-ai] Anand Maya Multi Speciality Hospital: extracted
[local-ai] Mahajan Hospital: extracted
[local-ai] Parnami Orthopaedic Hospital: extracted
[local-ai] Shanti Kumud Hospital: extracted
[local-ai] Guru Harkrishan Polyclinic Bangla Sahib: extracted
[local-ai] ESIC Hospital: extracted
[local-ai] Patel Hospital: extracted
[local-ai] JNU Health Centre: extracted
[local-ai] Hans Charitable Hospital: extracted
[local-ai] KK SURGICAL CENTRE: extracted
[local-ai] TYGAI DIAGNOSTIC CENTER: extracted
[local-ai] INDIAN BAGHEERA VETERINARY HOSPITAL: extracted
[local-ai] BHARAT VIKAS PARISHAD(FREE EYE CAMP): extracted
[local-ai] MIND BRAIN & MENTAL HOSPITAL: extracted
[local-ai] MAHALAKSHMI HOSPITAL: extracted
[local-ai] DUKH NIWARAN MEDICAL CENTER: extracted
[local-ai] Aakash Hospital: extracted
[local-ai] Injury Centre: extracted
[local-ai] Saroj Medical Institute: extracted
[checkpoint] saved 11817 records
[local-ai] BR Healthcare Rohini: extracted
[local-ai] Indian Cancer Institute: extracted
[local-ai] Airport Health Organization: extracted
[local-ai] Ravi Nursing Home: extracted
[local-ai] IndraGandhi ESI HOSPITAL: extracted
[local-ai] Ambedkar Nagar Hospital: extracted
[local-ai] Banwari Lal Charitable Trust Diagnostic Centre: extracted
[local-ai] Kasturba Hospital: extracted
[local-ai] Under Construction Hospital: extracted
[local-ai] Apollo Fertility: extracted
[local-ai] Dr. Shroff Charity Eye Hospital: extracted
[local-ai] Medical Room: extracted
[local-ai] Tyagi Hospital: extracted
[local-ai] SRG Speciality Hospital: extracted
[local-ai] Malik Radix: extracted
[local-ai] Shanti Nursing Home: extracted
[local-ai] Dr. Batra's Clinic: extracted
[local-ai] Shanti Medical Centre: extracted
[local-ai] Ariston Multispeciality Hospital: extracted
[local-ai] Dr Sarita Jaiswal: extracted
[local-ai] PUSHPANJAL hospital: extracted
[local-ai] Sant Nirankari Health City (SNHC): extracted
[local-ai] Infirmary: extracted
[local-ai] Nulife Multi Specialty Hospital: extracted
[local-ai] Diabetes & Hormone Clinic: extracted
[checkpoint] saved 11842 records
[local-ai] Pristyn Care Elantis: extracted
[local-ai] Jayprakash Infotech: extracted
[local-ai] R G Hospitals: extracted
[local-ai] Dr. Ram Manohar Lohia Hospital: extracted
[local-ai] Fortis Hospital: extracted
[local-ai] Lady Hardinge Medical College: extracted
[local-ai] Moolchand Khairati Ram Hospital: extracted
[local-ai] Bensups Hospital: extracted
[local-ai] Batra Hospital: extracted
[local-ai] Nayati Sunder Lal Jain Hospital: extracted
[local-ai] ESI Hospital, Rohini: extracted
[local-ai] Babu Jagjivan Ram Memorial Hospital: extracted
[local-ai] Escorts Heart Institute: extracted
[local-ai] Holy Family Hospital: extracted
[local-ai] Northern Railway Hospital: extracted
[local-ai] Shamsi Clinic: extracted
[local-ai] MAX Hospital: extracted
[local-ai] Shree Balaji Action Medical Hospital: extracted
[local-ai] Sir Ganga Ram Hospital: extracted
[local-ai] Vimhans: extracted
[local-ai] Rao Tula Ram Memorial Hospital: extracted
[local-ai] Bhagwan Mahavir Hospital: extracted
[local-ai] Jivodaya Hospital: extracted
[local-ai] Sanjay Gandhi Memorial Hospital: extracted
[local-ai] Indian Spinal Injuries Centre: extracted
[checkpoint] saved 11867 records
[local-ai] Chaudhary Brahm Prakash Charak Sansthan: extracted
[local-ai] Rural Health Training Centre: extracted
[local-ai] Doctor B.L. Kapoor Memorial Hospital: extracted
[local-ai] Jyoti Memorial Charitable Hospital: extracted
[local-ai] JANAKPURI SUPER SPECIALITY HOSPITAL: extracted
[local-ai] Maharaja Agarsain Hospital (Charitable): extracted
[local-ai] Dispensary: extracted
[local-ai] ESI: extracted
[local-ai] Jaipur Golden: extracted
[local-ai] Primus Super Specialty Hospital: extracted
[local-ai] Ramakrishna Mission T.B.Clinic and Medical Centre: extracted
[local-ai] Deen Dayal Upadhyaya Hospital: extracted
[local-ai] Westend Hospital: extracted
[local-ai] Sardar Vallabh Bhai Patel Hospital: extracted
[local-ai] Acharya Shree Bhikshu Hospital: extracted
[local-ai] Apollo Hospital: extracted
[local-ai] Tibetan Medical and Astro Institute: extracted
[local-ai] Deep Chand Bandhu Government Hospital: extracted
[local-ai] Max Healthcare: extracted
[local-ai] Dharamshila Hospital: extracted
[local-ai] Saket City Hospital: extracted
[local-ai] Lal Bahadur Shastri Hospital: extracted
[local-ai] Lal Bahadur Shastri Hospital: extracted
[local-ai] Govind Ballabh Pant Hospital: extracted
[local-ai] Guru Nanak Eye Hospital: extracted
[checkpoint] saved 11892 records
[local-ai] Lok Nayak Hospital: extracted
[local-ai] Balak Ram Hospital: extracted
[local-ai] Hindu Rao Hospital: extracted
[local-ai] Maharishi Valmiki Disease Hospital: extracted
[local-ai] Rajan Babu Tuberculosis Hospital: extracted
[local-ai] Central Armed Police Forces Institute of Medical Sciences: extracted
[local-ai] Krypton Global Health: extracted
[local-ai] Guru Gobind Singh Hospital: extracted
[local-ai] Indiraj Hospital: extracted
[local-ai] Mrs. Girdhar Lal Maternity Hospital: extracted
[local-ai] Doctor Baba Saheb Ambedkar Hospital: extracted
[local-ai] Rajiv Gandhi Cancer Institute and Research Center: extracted
[local-ai] Government Dispensary: extracted
[local-ai] Eye Mantra Hospital: extracted
[local-ai] Gupta Ultrasound & Heart Care Centre: extracted
[local-ai] Mantra Care: extracted
[local-ai] Dhanvantari Ayurvedic Hospital: extracted
[local-ai] C.G.H.S. Maternity & Gynae Hospital: extracted
[local-ai] Fortis Hospital: extracted
[local-ai] The Leprosy Mission Community Hospital: extracted
[local-ai] Pushpanjali Medical Centre: extracted
[local-ai] Shanti Mukund Hospital: extracted
[local-ai] Aayana Clinic: extracted
[local-ai] Holistic Skin Care: extracted
[local-ai] Sawan Neelu Angel's Multispeciality Hospital: extracted
[checkpoint] saved 11917 records
[local-ai] sai nursing home: extracted
[local-ai] Shankar Hospital: extracted
[local-ai] Government Maternity Hospital, Laxmi Nagar: extracted
[local-ai] Delhi Cantonment General Hospital: extracted
[local-ai] Chaudhary Eye Centre: extracted
[local-ai] Pt. Madan Mohan Malviya Hospital: extracted
[local-ai] Safdarjung Hospital: extracted
[local-ai] Saint Stephen's Hospital: extracted
[local-ai] Guru Teg Bahadur Hospital: extracted
[local-ai] Army Research and Referral Hospital: extracted
[local-ai] Station Medicare Centre: extracted
[local-ai] Station Medicare Center: extracted
[local-ai] Triton Hospital: extracted
[local-ai] Madhukar Rainbow Children's Hospital: extracted
[local-ai] MCD Dispensary: extracted
[local-ai] Primary Health Centre: extracted
[local-ai] Jeevan Anmol Hospital: extracted
[local-ai] Madhav Nursing Home: extracted
[local-ai] Walia Nursing Home: extracted
[local-ai] Garg Hospital: extracted
[local-ai] Parivar Seva Clinic: extracted
[local-ai] Surya hospital: extracted
[local-ai] Shri Ram Singh Hospital: extracted
[local-ai] MCW Defence Colony: extracted
[local-ai] Dr. Swati Srivastava | Gynecologist in Delhi: extracted
[checkpoint] saved 11942 records
[local-ai] Max Superspeciality Hospital: extracted
[local-ai] Maharaja Agrasen Hospital: extracted
[local-ai] Anandam Psychiatry Center: extracted
[local-ai] Galaxy Hospital: extracted
[local-ai] Gopal Nursing Home: extracted
[local-ai] Makkar Multispeciality Hospital: extracted
[local-ai] Rajiv Gandhi Super Speciality Hospital: extracted
[local-ai] Delhi State Cancer Institute: extracted
[local-ai] HOD Green Park - House Of Diagnostics: extracted
[local-ai] Sanjeevni Hospital: extracted
[local-ai] SITE BOUNDARY: extracted
[local-ai] Munshi Shiv Charan Sadar Lions Hospital: extracted
[local-ai] Sant Nirankari Health City (SNHC): extracted
[local-ai] DGD Surajmal Vihar: extracted
[local-ai] Nazar Kanwar Surana Hospital: extracted
[local-ai] Burari Hospital: extracted
[local-ai] Palika Maternity Hospital: extracted
[local-ai] Kailash Deepak Hospital: extracted
[local-ai] Metro Hospital and Cancer Institute: extracted
[local-ai] Sant Parmanand Hospital: extracted
[local-ai] Sant Soham Hospital: extracted
[local-ai] SCI International Hospital: extracted
[local-ai] Lajpat Nagar Colony Hospital: extracted
[local-ai] Shri Dada Dev Matri Avum Shishu Chikitsalaya: extracted
[local-ai] Central Government Health Scheme Wellness Centre: extracted
[checkpoint] saved 11967 records
[local-ai] Birla Fertility & IVF: extracted
[local-ai] Minimal Access Smart Surgery Hospital: extracted
[local-ai] Manipal Hospitals: extracted
[local-ai] New Outpatient Department Complex: extracted
[local-ai] MCW Hauz Khas: extracted
[local-ai] Medeor Hospital: extracted
[local-ai] Indira Gandhi Hospital: extracted
[local-ai] Institute of Human Behaviour and Allied Sciences: extracted
[local-ai] Swami Dayanand Hospital: extracted
[local-ai] Aakash Healthcare Superspeciality Hospital: extracted
[local-ai] Banarsidas Chandiwala Hospital: extracted
[local-ai] Viswanathan Chest Hospital: extracted
[local-ai] Sant Parmanand Hospital: extracted
[local-ai] Vacant Plot for Hospital C-Block: extracted
[local-ai] ESIC Dispensary-cum-Diagnostic Center: extracted
[local-ai] Dharmarth Hospital: extracted
[local-ai] Bhagat Chandra Hospital: extracted
[local-ai] B K Memorial Hospital: extracted
[local-ai] Maharaja Agrasen Hospital: extracted
[19/36] Delhi                                  fetched=   670 kept=   644 already_saved=0 total= 11986
[20/36] Jammu and Kashmir: requesting source data (timeout=90s, retries=3)
[local-ai] Batra Hospital: extracted
[local-ai] GB Pant Hospital: extracted
[local-ai] Madaan Hospital And Research Centre: extracted
[local-ai] erc eye care: extracted
[local-ai] sub dist hospi tal khansahib: extracted
[local-ai] Government Sub District Hospital: extracted
[local-ai] primary health center: extracted
[local-ai] Bee Enn General Hospital: extracted
[local-ai] Primary Health Centre Sudhmahadev: extracted
[local-ai] Govt. Unani Hospital: extracted
[local-ai] Sub-District Hospital Nehama: extracted
[local-ai] Bone and Joint Hospital: extracted
[local-ai] Casualty: extracted
[local-ai] Disst Hospital Doda: extracted
[local-ai] District Hospital: extracted
[local-ai] Dr. K.D's Eye Hospital: extracted
[local-ai] Maharishi Dayanand Hospital And Research Centre: extracted
[local-ai] Kalindi Hospital And Diagnostic Centre: extracted
[local-ai] SHS Memorial Nursingh Home: extracted
[local-ai] Shree Aum Hospital: extracted
[local-ai] St. Joseph's Hospital: extracted
[local-ai] Altaf Nursing Home: extracted
[local-ai] Florence Hospital, Srinagar: extracted
[local-ai] Care-N-Cure Hospital: extracted
[local-ai] Hakim Sana Ullah Specialist Hospital and Cancer Center: extracted
[checkpoint] saved 12011 records
[local-ai] Kristu Jyoti Hospital: extracted
[local-ai] District Hospital Gandhi Nagar: extracted
[local-ai] Sudan Heart Care Centre: extracted
[local-ai] Al-Aziz Hospital: extracted
[local-ai] The New City Hospital: extracted
[local-ai] Klsm Rotary Eye and Ent Hospital: extracted
[local-ai] Sheikh Ul Alam Hospital: extracted
[local-ai] Mubarak Hospital: extracted
[local-ai] Ahmed Hospital and Nursing Homes: extracted
[local-ai] Ramzan Hospital: extracted
[local-ai] Jhon Bishop Memorial Hospital: extracted
[local-ai] Sopore Sub District Hospital: extracted
[local-ai] St Josephs Community Hospital: extracted
[local-ai] Tahira Khanams Hospital and Nursing Home: extracted
[local-ai] Sub-District Hospital, Bishnah: extracted
[local-ai] S H S Memorial Hospital: extracted
[local-ai] Jk Medicity Hospital Pvt Ltd: extracted
[local-ai] Arya Hospital: extracted
[local-ai] Bone and Joint Hospital: extracted
[local-ai] Classic Hospital and Diagnostic Center: extracted
[local-ai] Hiranagar: extracted
[local-ai] Government Hospital, Shahgund Sonawari: extracted
[local-ai] Konibal: extracted
[local-ai] Sub District Hospital, Qaimoh: extracted
[local-ai] Sub-District hospital, Kremshore: extracted
[checkpoint] saved 12036 records
[local-ai] Sub District hospital, Khansahib: extracted
[local-ai] Majalta: extracted
[local-ai] Sub District hospital, Dawar: extracted
[local-ai] TARIGAM: extracted
[local-ai] Sub District hospital, R.S.Pura: extracted
[local-ai] Sub District Hospital, Damhal Hanji Pora: extracted
[local-ai] District hospital, Beerwah: extracted
[local-ai] Sub District Hospital, Tral: extracted
[local-ai] Government Pediatric Hospital, Sopore: extracted
[local-ai] District Hospital Pulwama: extracted
[local-ai] Pinjura Primary hospital: extracted
[local-ai] Sub-District hospital, Chadoora: extracted
[local-ai] Government Medical hospital Ramkote: extracted
[local-ai] Primary Health Centre: extracted
[local-ai] Sub District hospital, Shangus: extracted
[local-ai] Government Maternity Hospital: extracted
[local-ai] North Kashmir Nursing Home & Hospital: extracted
[local-ai] Sub District Hospital: extracted
[local-ai] Govt. Hospital Hafthrada: extracted
[local-ai] Kashmir Tibbia College Hospital & Research Centre: extracted
[local-ai] Tuberculosis Hospital: extracted
[local-ai] Quality Healthcare Hospital: extracted
[local-ai] Public Health Centre: extracted
[local-ai] Brath Hospital: extracted
[local-ai] MM Hospital: extracted
[checkpoint] saved 12061 records
[local-ai] M.M. Hospital: extracted
[local-ai] Qalamabad Hospital: extracted
[local-ai] Bomai Hospital: extracted
[local-ai] Government Hospital: extracted
[local-ai] Hospital, Naidkhai: extracted
[local-ai] Sahara Hospital: extracted
[local-ai] Guru Multispeciality Hospital: extracted
[local-ai] District Maternity and Children Hospital: extracted
[local-ai] Govt Primary Health Centre Trehgam: extracted
[local-ai] Government Hospital: extracted
[local-ai] Kangan Trauma Hospital: extracted
[local-ai] Government Health Centre: extracted
[local-ai] Masjid Sharief Hospital: extracted
[local-ai] Mother and Child Care Hospital: extracted
[local-ai] Trauma Hospital: extracted
[local-ai] Unani Hospital: extracted
[local-ai] District Hospital: extracted
[local-ai] Alaie Hospital: extracted
[local-ai] Government Health Centre: extracted
[local-ai] Government Hospital: extracted
[local-ai] Sub Hospital: extracted
[local-ai] Unani Hospital: extracted
[local-ai] Government Hospital: extracted
[local-ai] Sub District Hospital: extracted
[local-ai] Sub District Hospital: extracted
[checkpoint] saved 12086 records
[local-ai] Child Care Hospital: extracted
[local-ai] Meeran Memorial Hospital: extracted
[local-ai] Sub District Hospital: extracted
[local-ai] Base Camp Hospital: extracted
[local-ai] Max Superspeciality Hospital: extracted
[local-ai] Haya Unani Hospital: extracted
[local-ai] New Sub District Hospital: extracted
[local-ai] Government Unani Hospital Shalteng: extracted
[local-ai] T.K. Hospital: extracted
[local-ai] Government Health Centre: extracted
[local-ai] Trauma Hospital: extracted
[local-ai] CMO Hospital: extracted
[local-ai] Abdullah Hospital: extracted
[local-ai] Noora Hospital: extracted
[local-ai] Anganwadi Hospital: extracted
[local-ai] Dr. Farooq's Unani Hospital: extracted
[local-ai] Safa Marwah Hospital: extracted
[local-ai] Government Sub District Hospital: extracted
[local-ai] ASG Eye Hospital: extracted
[local-ai] Albarq Multi Speciality Hospital: extracted
[local-ai] Dr. Naseer's Unani & Panchkarma Hospital: extracted
[local-ai] New Government Hospital: extracted
[local-ai] Star Hospitals: extracted
[local-ai] Government Bone & Joint Hospital: extracted
[local-ai] IBN Sina Hospital: extracted
[checkpoint] saved 12111 records
[local-ai] Government Hospital: extracted
[local-ai] Maternity Hospital: extracted
[local-ai] Gousia Nursing Home: extracted
[local-ai] Chenab Hospital: extracted
[local-ai] Al Hayat Maternity Laparoscopy Hospital: extracted
[local-ai] Achabal Hospital: extracted
[local-ai] Nijam Memorial Hospital: extracted
[local-ai] Sub District Hospital: extracted
[local-ai] Government Primary Hospital: extracted
[local-ai] Sub District Hospital: extracted
[local-ai] Dr. Naseer's Unani and Panchkarma Hospital: extracted
[local-ai] New Sin District Hospital: extracted
[local-ai] Sub District Hospital: extracted
[local-ai] Thyphoid Hospital: extracted
[local-ai] J and K Government Hospital: extracted
[local-ai] Government Tuberculosis Hospital: extracted
[local-ai] Life Care Hospital: extracted
[local-ai] DTC Hospital: extracted
[local-ai] Government Hospital: extracted
[local-ai] The SKJ Hospital: extracted
[local-ai] Government New Type Primary Health Center Chakora: extracted
[local-ai] Rahmat-E-Aalam Hospital: extracted
[local-ai] Unani and Panchakarma Hospital: extracted
[local-ai] Government Hosiptal: extracted
[local-ai] Jasco Nursing Home: extracted
[checkpoint] saved 12136 records
[local-ai] Sub District Hospital: extracted
[local-ai] Sub District Hospital: extracted
[local-ai] New Sub District Hospital: extracted
[local-ai] Unani Hospital: extracted
[local-ai] Govt.Ayush Health and Wellness Centre Chakoora Pulwama: extracted
[local-ai] Nowpachi Hospital: extracted
[local-ai] Government Hospital: extracted
[local-ai] Sub Hospital: extracted
[local-ai] Wani Hospital: extracted
[local-ai] Government Hospital: extracted
[local-ai] Sub District Hospital: extracted
[local-ai] Sub District Hospital: extracted
[local-ai] Government Medical College and Hospital: extracted
[local-ai] Unani Hospital: extracted
[local-ai] Civil Hospital: extracted
[local-ai] Naina Hospital: extracted
[local-ai] Government PHC Bugam: extracted
[local-ai] Drab General Hospital: extracted
[local-ai] Trikunta Nursing Home: extracted
[local-ai] District Hospital: extracted
[local-ai] Mahatma Gandhi Civil Hospital: extracted
[local-ai] Accidental Hospital: extracted
[local-ai] Government Hospital: extracted
[local-ai] Pir Panchal Hospital: extracted
[local-ai] TB Hospital: extracted
[checkpoint] saved 12161 records
[local-ai] Sub District Hospital: extracted
[local-ai] Nagar Hospital: extracted
[local-ai] Government Hospital: extracted
[local-ai] Government Accidental Hospital: extracted
[local-ai] Drab General Hospital: extracted
[local-ai] Sub District Hospital: extracted
[local-ai] Sub District Hospital: extracted
[local-ai] Government Hospital: extracted
[local-ai] A.K.Gupta Hospital and Reserch Centre: extracted
[local-ai] Jasrotia Super Speciality Hospital: extracted
[local-ai] Government District Hospital: extracted
[local-ai] Sub District Hospital: extracted
[local-ai] Government Sub District Hospital: extracted
[local-ai] Government Ayurvedic Hospital: extracted
[local-ai] Government Sub District Hospital: extracted
[local-ai] Ranjit Hospital: extracted
[local-ai] Dr. KD's Eye Hospital: extracted
[local-ai] Swami Vivekanand Medical Mission& Charitable Ayurvedic Hospital: extracted
[local-ai] S.T. Hospital & Inferility Centre: extracted
[local-ai] Lajwanti Women Hospital: extracted
[local-ai] ESIC Model Hospital: extracted
[local-ai] Shri Matha Vaishno Devi Netralaya MultiSpeciality Clinic: extracted
[local-ai] New Life Hospital: extracted
[local-ai] 72 BPM Health Care & MultiSpeciality Hospital: extracted
[local-ai] Indian Hospital: extracted
[checkpoint] saved 12186 records
[local-ai] SDDM Hospital: extracted
[local-ai] Guru Nanak Dev Netralaya: extracted
[local-ai] Government Accidental Hospital: extracted
[local-ai] Jourian Hospital: extracted
[local-ai] SOS Charitable Hospital: extracted
[local-ai] Suri Nursing Home: extracted
[local-ai] Green Court Maternity & Nursing Home: extracted
[local-ai] Government Hospital: extracted
[local-ai] Swami Vivekananda Hospital: extracted
[local-ai] Shreya Bhat Mission Hospital: extracted
[local-ai] TRT Hospital: extracted
[local-ai] Badrinath Hospital: extracted
[local-ai] National Hospital: extracted
[local-ai] Rajiv Gandhi Hospital: extracted
[local-ai] Government Hospital: extracted
[local-ai] Choudhary Hospital: extracted
[local-ai] Government Hospital: extracted
[local-ai] Government Dental Hospital: extracted
[local-ai] Government Hospital: extracted
[local-ai] Maxx Lyfe Hospital & Trauma Centre: extracted
[local-ai] Government Ayurvedic Hospital: extracted
[local-ai] SD Hospital Lar: extracted
[local-ai] CHC Hajan: extracted
[local-ai] Government Hospital, Udhampur: extracted
[local-ai] District Hospital,Kathua: extracted
[checkpoint] saved 12211 records
[local-ai] Sharp Sight Eye Hospital: extracted
[local-ai] Aamina Hospital And Nursing Home: extracted
[local-ai] Al-Ameen Charitable Hospital And Nursing Home: extracted
[local-ai] Unani amd Panchkarma Hospital: extracted
[local-ai] Kong Posh Hospital: extracted
[local-ai] Unani and Panchkarma Hospital: extracted
[local-ai] JLNM Hospital Gate Entrance: extracted
[local-ai] BHM Hospital: extracted
[local-ai] Government New Type Primary Health Center Chakora: extracted
[local-ai] Health sub centre: extracted
[local-ai] Ujala Cygnus Hospital: extracted
[local-ai] Sub District Hospital Devsar: extracted
[local-ai] MedStar Medical Centre: extracted
[local-ai] Govt. Hospital Lethpora: extracted
[local-ai] Govt AYUSH Dispensary Kawoosa Khalisa: extracted
[local-ai] Ayush Health & Wellness Centre Kawoosa Khalisa (Under Construction): extracted
[local-ai] Kawoosa Medical Hospital: extracted
[local-ai] Mass Med Hospital: extracted
[local-ai] Ayush Dispensary Palpora: extracted
[local-ai] PHC Narbal: extracted
[local-ai] Hospital: extracted
[local-ai] Primary Healthcare Center Boniyar: extracted
[local-ai] The North End Hospital Tapper: extracted
[local-ai] Kawoosa Hospital: extracted
[local-ai] New District Hospital Bandipora: extracted
[checkpoint] saved 12236 records
[local-ai] Shifa Medical Center: extracted
[local-ai] KMC SRINAGAR کے ایم - سی سرینگر: extracted
[local-ai] SMGS Hospital: extracted
[local-ai] Government Medical College And Hospital: extracted
[local-ai] Sher-i-Kashmir Institute of Medical Sciences: extracted
[local-ai] Dispensary: extracted
[local-ai] JVC SKIMS Medical College & Hospital: extracted
[local-ai] Government Hospital Sarwal: extracted
[local-ai] Khyber Medical Institute hospital: extracted
[local-ai] Sub Centre Bhatyari: extracted
[local-ai] District Hospital: extracted
[local-ai] Government Gousia Hospital Khanyar: extracted
[local-ai] Government Super Speciality Hospital: extracted
[local-ai] Lalla Ded Hospital: extracted
[local-ai] Jawahar Lal Nehru Memorial Hospital: extracted
[local-ai] Modern Hospital: extracted
[local-ai] Kidney Hospital: extracted
[local-ai] MMAB memorial District Hospital, Anantnag: extracted
[local-ai] Institute of Mental Health and Neurosciences Kashmir: extracted
[local-ai] Govt. Urban Primary Health Centre Lalbazar: extracted
[local-ai] Al Noor Hospital: extracted
[local-ai] Government Sub District Hospital: extracted
[local-ai] ASCOMS Hospital: extracted
[local-ai] Sub-District Hospital Pampore: extracted
[local-ai] Shri Mata Vaishno Devi Naraina Superspeciality Hospital: extracted
[checkpoint] saved 12261 records
[local-ai] All India Institute of Medical Sciences Awantipora: extracted
[local-ai] government land semi public: extracted
[local-ai] University Health Centre: extracted
[local-ai] Government District Hospital Kulgam: extracted
[local-ai] Maternity Hospital SKIMS Soura: extracted
[local-ai] SMHS Hospital: extracted
[local-ai] Trauma Hospital: extracted
[local-ai] Govt. Children Hospital Bemina Srinagar: extracted
[local-ai] Govt. Dental College: extracted
[local-ai] Government Sub District Hospital 24x7 Hazratbal: extracted
[local-ai] Shifa Medical Centre: extracted
[local-ai] J&K Police Hospital: extracted
[local-ai] Chest Diseases Hospital: extracted
[local-ai] Paras Health: extracted
[local-ai] District Hospital, Ganderbal: extracted
[local-ai] Leprosy Hospital: extracted
[local-ai] G.B. Panth Children Hospital: extracted
[local-ai] QUALITY CARE HOSPITAL: extracted
[local-ai] PHC Nutnussa: extracted
[local-ai] Govt PHC Kralpora: extracted
[local-ai] Amandeep BR Medicity: extracted
[local-ai] Unani Hospital Hazratbal: extracted
[local-ai] All India Institute of Medical Sciences, Jammu: extracted
[20/36] Jammu and Kashmir                      fetched=   307 kept=   298 already_saved=0 total= 12284
[21/36] Uttarakhand: requesting source data (timeout=90s, retries=3)
[local-ai] Landour Community hospital: extracted
[local-ai] Heart Clinic: extracted
[local-ai] General Hospital: extracted
[local-ai] CMI: extracted
[local-ai] Ashirwad Hospital: extracted
[local-ai] Astha Hospital: extracted
[local-ai] Wynberg Health Center: extracted
[local-ai] Synergy Hospital;Synergy Institute Of Medical Science: extracted
[local-ai] Ramkrishan Mission Hospital: extracted
[local-ai] Matrichaya Hospital: extracted
[local-ai] City Hospital: extracted
[local-ai] City Hospital: extracted
[local-ai] SUBHARTI HOSPITAL: extracted
[local-ai] INFIRMARY: extracted
[local-ai] Government Doon Hospital: extracted
[local-ai] wedding by fourth munky: extracted
[local-ai] GOVERNMENT VETERINARY HOSPITAL: extracted
[local-ai] Deen Dayal Upadhyay hospital: extracted
[local-ai] Mother And Child Hospital, Haridwar: extracted
[local-ai] AIIMS's Blood Bank Rishikesh: extracted
[local-ai] AIIMS Blood Bank, Rishikesh: extracted
[local-ai] Lavanya Hospital, Udham Singh Nagar: extracted
[local-ai] St. Joseph's Hospital: extracted
[local-ai] Sambhavi Hospital Maternity Home: extracted
[local-ai] Shri Mahant Indiresh Hospital: extracted
[checkpoint] saved 12309 records
[local-ai] Amrit Hospital: extracted
[local-ai] Dr. Turna Surgical Hospital: extracted
[local-ai] Pragati Hospital and Physiotherapy Centre: extracted
[local-ai] Hi - Tech Eye And Laser Centre: extracted
[local-ai] Karnatic Hospital: extracted
[local-ai] Surya Hospital, Dehradun: extracted
[local-ai] National Hospital, Haridwar: extracted
[local-ai] Param Hospital, Dehradun: extracted
[local-ai] Ramakrishna Mission Sevashrama, Haridwar: extracted
[local-ai] Chamunda Hospital: extracted
[local-ai] Ananya Maternity and Medical Center: extracted
[local-ai] Yash Respiratory and Medical Disease Centre: extracted
[local-ai] Vishal Eye Hospital, Dehradun: extracted
[local-ai] Vardaan Children Hospital: extracted
[local-ai] Joshi Hospital, Udham Singh Nagar: extracted
[local-ai] Vaidya Chandra Prakash Cancer Research Foundation: extracted
[local-ai] Uttranchal Ayurvedic Hospital: extracted
[local-ai] Jeevandeep Hospital, Udham Singh Nagar: extracted
[local-ai] Joshi Health Care Hospital: extracted
[local-ai] Jeevan Rekha Hospital, Udham Singh Nagar: extracted
[local-ai] Harisar Hospital Child And Maternity Hospital: extracted
[local-ai] Jamuna Memorial Hospital: extracted
[local-ai] Guru Ramdas Hospital: extracted
[local-ai] Ahan Hospital: extracted
[local-ai] Ambeka Eye Hospital: extracted
[checkpoint] saved 12334 records
[local-ai] Arora Bone Hospital and Surgical Centre: extracted
[local-ai] Atul Hospital: extracted
[local-ai] Ananya Hospital: extracted
[local-ai] Bhagwati Devi Eye Hospital: extracted
[local-ai] Ayushman Hospital: extracted
[local-ai] B. D. Pathak Hospital: extracted
[local-ai] Government Medical College Hospital, Haldwani: extracted
[local-ai] Brahma Hospital: extracted
[local-ai] Devbhoomi Hospital: extracted
[local-ai] CHC Doiwala: extracted
[local-ai] Chauhan Hospital: extracted
[local-ai] Guru Teg Bahadur Sahib Hospital: extracted
[local-ai] Govind Hospital, Dehradun: extracted
[local-ai] Healing Touch Hospital: extracted
[local-ai] Kala E.N.T And Laser Centre: extracted
[local-ai] Herbertpur Christian Hospital: extracted
[local-ai] Jan Kalyan Hospital And Research Insititute: extracted
[local-ai] Kanishk Surgical and Super Speciality Hospital: extracted
[local-ai] Kamra`s Urinary and Surgical Diseasea Centre: extracted
[local-ai] Ayurmax Multispeciality Hospital: extracted
[local-ai] Bhandari Hospital: extracted
[local-ai] Shiv Shakti Hospital: extracted
[local-ai] Nanhe Munnon Ka Hospital: extracted
[local-ai] Richhariya Hospital: extracted
[local-ai] Sirohi Bone Hospital: extracted
[checkpoint] saved 12359 records
[local-ai] Sai Hospital, Nainital: extracted
[local-ai] Ganga Valley Hospital: extracted
[local-ai] Sanjivani Hospital, Dehradun: extracted
[local-ai] St. Marys Hospital, Udham Singh Nagar: extracted
[local-ai] Govind Singh Nehra Government Hospital: extracted
[local-ai] Sood Hospital: extracted
[local-ai] Ashadeep Hospital: extracted
[local-ai] Ganga Mata Charitable Eye Hospital and Research Institute: extracted
[local-ai] Dr. Shiromani Hospital: extracted
[local-ai] Sharda Surgical and Urology Centre: extracted
[local-ai] L.D. Bhatt Govt Hospital: extracted
[local-ai] Shri J.N.S.M. Government Hospital: extracted
[local-ai] Govardhan Tiwari Rajkiya Base Hospital Almora: extracted
[local-ai] Oli Eye Hospital: extracted
[local-ai] Bhagwati Hospital Pvt Ltd: extracted
[local-ai] Sitapur Hospital: extracted
[local-ai] Sanjay Orthopaedic and Spine Centre: extracted
[local-ai] Narendra Heart Center (Only For Sahara): extracted
[local-ai] Mehrotra Hospital: extracted
[local-ai] Anjali Hospital: extracted
[local-ai] Dr Mehras Nursing Home and Hospital: extracted
[local-ai] M N Srivastava Hospital: extracted
[local-ai] Mahavir Childen Hospital: extracted
[local-ai] Lilawati Hospital: extracted
[local-ai] Garg ENT and Dental Clinic: extracted
[checkpoint] saved 12384 records
[local-ai] Renal Care and Dialysis Center: extracted
[local-ai] Bd Pandey District Male Hospital: extracted
[local-ai] Yashlok Hospital, Haridwar: extracted
[local-ai] R.K. Hospital, Udham Singh Nagar: extracted
[local-ai] Radheyshyam Memorial Hospital: extracted
[local-ai] Prakash Eye Hospital And Laser Centre, Udham Singh Nagar: extracted
[local-ai] Shivanjan Hospital: extracted
[local-ai] Shed Hospital: extracted
[local-ai] SGRR Medical College hospital: extracted
[local-ai] Anand Hospital & Research Centre: extracted
[local-ai] Arpit Hospital: extracted
[local-ai] Devki Nandan Hospital: extracted
[local-ai] Dr Futelas Hospital: extracted
[local-ai] Dr. Pandes Hospital: extracted
[local-ai] Dr Vishal Rastogi hospital: extracted
[local-ai] Archana Hospital & Lithotripsy Centre: extracted
[local-ai] Ananda Hospital: extracted
[local-ai] Shri Swami Bhumanand Hospital: extracted
[local-ai] Hemant Hospital, Haridwar: extracted
[local-ai] Saini Ivf and Fertility Research Centre: extracted
[local-ai] Navjyoti Eye Hospital: extracted
[local-ai] Government Mela Hospital: extracted
[local-ai] Minocha Hospital and Maternity Home: extracted
[local-ai] Pandit Hargovind Pant District Hospital: extracted
[local-ai] Chaudhary Hospital: extracted
[checkpoint] saved 12409 records
[local-ai] Bombay Hospital and Research Centre: extracted
[local-ai] Kishore Hospital and Endoscopy Centre: extracted
[local-ai] Shyam Lal Shah Gangola District Hospital: extracted
[local-ai] Naveen Eye Hospital: extracted
[local-ai] Doon Valley Hospital: extracted
[local-ai] Prem Sukh B Hospital And Dailysis Centre: extracted
[local-ai] S. K. Memorial Hospital: extracted
[local-ai] Krishna Surgical Centre: extracted
[local-ai] Dr Renu Jagdish Hospital: extracted
[local-ai] Lifeline Hospital and Urology Institute: extracted
[local-ai] Sanjeevan Hospital, Haridwar: extracted
[local-ai] Shatabdi Hospital: extracted
[local-ai] Tulsi Hospital, Haridwar: extracted
[local-ai] Tapan Hospital and Research Centre: extracted
[local-ai] Eye-Q Super Speciality Eye Hospitals, Roorkee: extracted
[local-ai] Sakya Hospital: extracted
[local-ai] Singh Eye Clinic and Hospital: extracted
[local-ai] Government Hospital Mehuwala: extracted
[local-ai] Banbasa Governnment Hospital: extracted
[local-ai] Kota Murad Nagar Hospital: extracted
[local-ai] Toli Dudharkhal Government Hospital: extracted
[local-ai] Government Hospital Imlikhera: extracted
[local-ai] Government civil Hospital, Bannakhera: extracted
[local-ai] Cantt General Hospital Lansdowne: extracted
[local-ai] Sakaniya Government Hospital: extracted
[checkpoint] saved 12434 records
[local-ai] Bageshwar Governnment Hospital: extracted
[local-ai] Kafra Governnment Hospital: extracted
[local-ai] Government Hospital, Bara: extracted
[local-ai] Government Hospital: extracted
[local-ai] St. Marry Hospital Mussoorie: extracted
[local-ai] Champawat District Hospital: extracted
[local-ai] Government Hospital, Buggawala: extracted
[local-ai] Dhamdeval Governnment Hospital: extracted
[local-ai] Government Female Hospital, Pithoragarh: extracted
[local-ai] Government Hospital premnagar Dehradun: extracted
[local-ai] Chaukhutiya Governnment Hospital: extracted
[local-ai] Government Hospital Muwani: extracted
[local-ai] Government Hospital, sitarganj: extracted
[local-ai] Ram Dutt Joshi Hospital Ramnagar: extracted
[local-ai] Government Hospital Tiuni: extracted
[local-ai] Government Hospital, Kherakhal: extracted
[local-ai] Chandramohan Singh Negi Base Government Combined Hospital: extracted
[local-ai] Government Ayurvedic Hospital, Lalpur: extracted
[local-ai] Godi Governnment Hospital: extracted
[local-ai] Naugaonkhal Government Hospital: extracted
[local-ai] Baurari District Hospital: extracted
[local-ai] Ashgoli Governnment Hospital: extracted
[local-ai] Government Hospital, Baldogi: extracted
[local-ai] Govardhan Tiwari Rajkiya Base Hospital Almora: extracted
[local-ai] Deghat Governnment Hospital: extracted
[checkpoint] saved 12459 records
[local-ai] Pabau Government Hospital: extracted
[local-ai] Government Hospital, Bailparav: extracted
[local-ai] Government Hospital, Mori: extracted
[local-ai] Patisain Government Hospital: extracted
[local-ai] Government Hospital, Chamba: extracted
[local-ai] Bhatraunj Khan Governnment Hospital: extracted
[local-ai] Combined Hospital Tanakpur: extracted
[local-ai] Nainidanda Government Hospital: extracted
[local-ai] Government Hospital, Nakot: extracted
[local-ai] Government Hospital Chakrata: extracted
[local-ai] District Hospital Rudraprayag: extracted
[local-ai] Government Hospital, Jhabreda: extracted
[local-ai] Nandprayag Governnment Hospital: extracted
[local-ai] DH Pauri: extracted
[local-ai] Goverment Hospital, Nanakmatta: extracted
[local-ai] Government Medical College Hospital, Almora: extracted
[local-ai] Government Hospital, Karnaprayag: extracted
[local-ai] Parkhal Hospital: extracted
[local-ai] Raj Hospital And Diagnostic Centre: extracted
[local-ai] Trauma Centre: extracted
[local-ai] Governnment Hospital: extracted
[local-ai] Aarogyadham Super Speciality Hospital: extracted
[local-ai] Ghavle Hospital: extracted
[local-ai] Lakva Hospital: extracted
[local-ai] Jeewan Jyoti Women Hospital: extracted
[checkpoint] saved 12484 records
[local-ai] Governnment Hospital, Tuneda: extracted
[local-ai] Pipalkoti SD Ground Hospital: extracted
[local-ai] Sitapur Eye Hospital: extracted
[local-ai] Vohra Mother & Child Care Hospital: extracted
[local-ai] Charitable Hospital, Mayavati Ashrama: extracted
[local-ai] Mayawati Gaushala and Hospital: extracted
[local-ai] Berkandai Tharali Hospital: extracted
[local-ai] CMI Hospital: extracted
[local-ai] Government Hospital, Matela Almora: extracted
[local-ai] Doon Public Hospital: extracted
[local-ai] ITBP Hospital: extracted
[local-ai] Subharti Hospital and College: extracted
[local-ai] Government Hospital, Jalmani: extracted
[local-ai] Jeevan Anmol Nursing Home: extracted
[local-ai] Punetha Hospital: extracted
[local-ai] Kailash Hospital, Dehradun: extracted
[local-ai] Nethra Jovan Eyes Hospital: extracted
[local-ai] Dr. Ajay Sharma Hospital: extracted
[local-ai] Synergy Hospital: extracted
[local-ai] BNK Hospital: extracted
[local-ai] Government Hospital, Dehradun: extracted
[local-ai] Chaukhutia Hospital: extracted
[local-ai] City Heart Centre: extracted
[local-ai] Luthra Maternity & Infertility Centre: extracted
[local-ai] Goverment Hospital: extracted
[checkpoint] saved 12509 records
[local-ai] ONGC Hospital: extracted
[local-ai] Param Hospital: extracted
[local-ai] The Leprosy Mission Hospital: extracted
[local-ai] Swami Vivekanand Dharmarth Chikitsalay: extracted
[local-ai] Government Hospital, Dharamgarh: extracted
[local-ai] Fortis Escorts Hospital, Dehradun: extracted
[local-ai] Jay Shakunthala Hospital: extracted
[local-ai] Nayyar Nursing Home: extracted
[local-ai] Mishra Maternity Hospital: extracted
[local-ai] Rahmet Hospital: extracted
[local-ai] Karam Chand Gupta Hospital: extracted
[local-ai] Vardhman Hospital: extracted
[local-ai] Maxwell Janjeevan Hospital: extracted
[local-ai] Bhagwati Hospital, Kashipuri: extracted
[local-ai] Deep Hospital: extracted
[local-ai] Tripta Hospital: extracted
[local-ai] Agarwal Nursing Home: extracted
[local-ai] Naayasha Nursing Home & Avam Maternity Centre: extracted
[local-ai] Military Hospital: extracted
[local-ai] Daksh Balaji Ortho Hospital: extracted
[local-ai] Sanjeevani Hospital: extracted
[local-ai] Happy Family Hospital: extracted
[local-ai] Jeevan Jyoti Hospital: extracted
[local-ai] Vardaan Hospital: extracted
[local-ai] Mission Hospital: extracted
[checkpoint] saved 12534 records
[local-ai] Roorkee Max Hospital: extracted
[local-ai] Saksham Hospital, Malviya Chowk: extracted
[local-ai] Vedanta Hospital: extracted
[local-ai] Vinay Vishal HealthCare: extracted
[local-ai] Metro City Hospital: extracted
[local-ai] Sahara Hospital: extracted
[local-ai] Sangeeta Hospital: extracted
[local-ai] Himalayan Arogya Niketan Ayurveda Naturopathy Hospital & Research Centre: extracted
[local-ai] Mohan Tiwari Hospital: extracted
[local-ai] Bhatt Hospital: extracted
[local-ai] Nirvan Hospital: extracted
[local-ai] Sushila Tewari Cancer Care Unit: extracted
[local-ai] Ramsay Hospital: extracted
[local-ai] Nilamber Bhatt Hospital: extracted
[local-ai] Sitapur Hospital: extracted
[local-ai] Dr. Archana Singh Hospital: extracted
[local-ai] Amakona Hospital: extracted
[local-ai] Bhatt Skin Allergy and General Hospital: extracted
[local-ai] Nirvan Neuro Hospital: extracted
[local-ai] Rawal Hospital - Maternity & Orthopaedic Hospital: extracted
[local-ai] Mattrix Hospital & Accident Care: extracted
[local-ai] Sanwal Hospital: extracted
[local-ai] Government Hospital, Rikhnikhal: extracted
[local-ai] Global Hospital, Kichha: extracted
[local-ai] Masiha Hospital: extracted
[checkpoint] saved 12559 records
[local-ai] Arogyam Health Care Centre: extracted
[local-ai] Siddhi Vinayak Hospital: extracted
[local-ai] Kilkari Hospital: extracted
[local-ai] Government Hospital, Farsarigad: extracted
[local-ai] T.B. Hospital: extracted
[local-ai] Life Care Nursing Home & Panchkarma Centre: extracted
[local-ai] Srikotkhal Government Hospital: extracted
[local-ai] Basera Hospital: extracted
[local-ai] Dar Ul Sukoon Hospital: extracted
[local-ai] Shubham Surgical Hospital: extracted
[local-ai] Zila Mahila Chikitsalaya: extracted
[local-ai] Mansa Maternity and Surgical Centre: extracted
[local-ai] Metrocity Hospital & Research Centre: extracted
[local-ai] The Hans Foundation General Hospital: extracted
[local-ai] Bisht Ortho Hospital: extracted
[local-ai] Healing Touch Hospital: extracted
[local-ai] Government Hospital, Satpuli: extracted
[local-ai] Jankalyan Hospital, Rudraprayag: extracted
[local-ai] Max Hospital: extracted
[local-ai] Arora Heart Care Centre: extracted
[local-ai] Om Hospital, Rudrapur: extracted
[local-ai] Patanjali Chikitsalya: extracted
[local-ai] The Leprosy Mission Chandak Hospital: extracted
[local-ai] Major Sharma Surgical Hospital: extracted
[local-ai] St. Paul Hospital, Satpuli: extracted
[checkpoint] saved 12584 records
[local-ai] B.D. Pathak Hospital: extracted
[local-ai] Sanjivani Physiotherapy Centre & Laser Therapy Hospital: extracted
[local-ai] Government Hospital, Paiga: extracted
[local-ai] K.A Hospital: extracted
[local-ai] Garima Hospital: extracted
[local-ai] Dr. Oli Hospital & Infertility Centre: extracted
[local-ai] Government Hospital, Kabdola: extracted
[local-ai] Government Hospital, Bantoli: extracted
[local-ai] Government Hospital, Mehalchauri: extracted
[local-ai] Government Hospital, Rahat: extracted
[local-ai] Government Hospital, Sabdarkhal: extracted
[local-ai] Government Hospital, Lalpani Kotdwara: extracted
[local-ai] Government Hospital, Chipalghat: extracted
[local-ai] Government Hospital, Bhagwati Taliya: extracted
[local-ai] Government Hospital, Katghar: extracted
[local-ai] Government Hospital, Jhandichour: extracted
[local-ai] Government Hospital, Lansdowne: extracted
[local-ai] Government Hospital, Adalikhal: extracted
[local-ai] Government Hospital, Sirchandi: extracted
[local-ai] Government Hospital, Manakpur: extracted
[local-ai] Government Hospital, Garh Meerpur: extracted
[local-ai] Government Hospital, Madhopur Hazaratpur: extracted
[local-ai] Government Hospital, Belra: extracted
[local-ai] Government Hospital, Makdupur: extracted
[local-ai] Government Hospital, Rampur Lamachaur: extracted
[checkpoint] saved 12609 records
[local-ai] Government Hospital, Paharpani: extracted
[local-ai] Government Hospital, Barbe: extracted
[local-ai] Government Hospital, Askote: extracted
[local-ai] Government Hospital, Pathalidhar: extracted
[local-ai] Government Hospital, Jakhal Bhardar: extracted
[local-ai] Government Hospital, Basukedar: extracted
[local-ai] Government Hospital, Makku Math: extracted
[local-ai] Government Hospital, Nainbagh: extracted
[local-ai] Government Hospital, Satyon: extracted
[local-ai] Government Hospital, Madannegi: extracted
[local-ai] Government Hospital, Bhagirathi Puram: extracted
[local-ai] Government Hospital, Tiliyapur: extracted
[local-ai] Government Hospital, Garhinegi: extracted
[local-ai] Government Hospital, Mahua Dabra Haripura: extracted
[local-ai] Government Hospital, Gadarpur: extracted
[local-ai] Government Hospital, Angadpur: extracted
[local-ai] Government Hospital, Barkidandi: extracted
[local-ai] Government Hospital, Ramnagar: extracted
[local-ai] Government Hospital, Nanakmatta: extracted
[local-ai] Government Hospital, Dhakia Kalan: extracted
[local-ai] Government Hospital, Chhinaki: extracted
[local-ai] Government Hospital, Chakoni: extracted
[local-ai] Government Hospital, Maneri: extracted
[local-ai] Government Hospital, Nakulia: extracted
[local-ai] Government Hospital, Dichli: extracted
[checkpoint] saved 12634 records
[local-ai] Dr Smriti Eye Centre: extracted
[local-ai] CHC Jauljibi: extracted
[local-ai] ए.आर.टी. प्लस केंद्र: extracted
[local-ai] CRPF Hospital: extracted
[local-ai] ART Plus Centre Doon Hospital: extracted
[local-ai] Swami vikenand charitable hospital: extracted
[local-ai] Government Ayurvedic Hospital: extracted
[local-ai] Mehta Charitable Hospital: extracted
[local-ai] Archit Clinic: extracted
[local-ai] Kediya Hospital: extracted
[local-ai] Agarwal Neuro And Medical Centre: extracted
[local-ai] Saol Heart Centre: extracted
[local-ai] Balaji Hospital: extracted
[local-ai] Government Hospital, Babiyar: extracted
[local-ai] Jawahar Lal Nehru District Hospital: extracted
[local-ai] The Medicity: extracted
[local-ai] Kalyan Hospital: extracted
[local-ai] Merm Chikitsa Kendra: extracted
[local-ai] Medi Centre Hospital: extracted
[local-ai] Gurukul Kangri Ayurvedic College & Hospital: extracted
[local-ai] Healing Touch Hospital: extracted
[local-ai] VAISH NURSING HOME: extracted
[local-ai] Dr. Vineet Kala: extracted
[local-ai] Rana eye center: extracted
[local-ai] Neeraj epilepsy clinic: extracted
[checkpoint] saved 12659 records
[local-ai] Medical Store: extracted
[local-ai] Seema dental college and hospital: extracted
[local-ai] Tulas owner: extracted
[local-ai] cheema hospital &trauma centre: extracted
[local-ai] Gautam Hospital: extracted
[local-ai] trauma & joint repalcement: extracted
[local-ai] Ayushwaan Multi Speciality Hospital: extracted
[local-ai] Jawla Hospital: extracted
[local-ai] Panacea Super Speciality Hospital Dehradun: extracted
[local-ai] Primary Health Centre Dhaun: extracted
[local-ai] Laxman Jhula Governement Hospital: extracted
[local-ai] Ashram Hospital: extracted
[local-ai] Bajinath Governnment Hospital: extracted
[local-ai] District Hospital Uttarkashi: extracted
[local-ai] Max Super Speciality Hospital: extracted
[local-ai] Shri Ram Hospital Multi Specialist Centre: extracted
[local-ai] S.P.S Government Hospital Rishikesh: extracted
[local-ai] Krishna Hospital And Research Centre: extracted
[local-ai] Joshi Surgicial and Maternity Center: extracted
[local-ai] Bharadwaj Hospital and Maternity Home: extracted
[local-ai] Puri Sanjivani Hospital: extracted
[local-ai] Dashmesh Hospital and Sandhu Surgicial Center: extracted
[local-ai] Sri Krishna Sewa Ashram Hospital: extracted
[local-ai] Nirmal Ashram Hospital: extracted
[local-ai] Emergeny Healthcare Centre, Lalkuan: extracted
[checkpoint] saved 12684 records
[local-ai] All India Institute of Medical Sciences, Rishikesh: extracted
[local-ai] Combined Hospital Srinagar: extracted
[local-ai] Ujala Cygnus Central Hospital: extracted
[local-ai] Neelkanth Hospital: extracted
[local-ai] Sanjivani Hospital: extracted
[local-ai] District Hospital Gopeshwar: extracted
[local-ai] Pantnagar University Hospital: extracted
[local-ai] Himalayan Institute Hospital Trust: extracted
[local-ai] Dr. Susheela Tiwari Government Hospital: extracted
[local-ai] BHEL Hospital: extracted
[local-ai] Hemwati Nandan Bahuguna Base Hospital Srinagar: extracted
[local-ai] Lakshmi Dental Hospital: extracted
[local-ai] Government Female Hospital Haldwani: extracted
[local-ai] Brijlal Hospital And Research Centre Pvt Ltd: extracted
[local-ai] Primary Health Centre, Pnadey Nawad: extracted
[local-ai] ssbhospital: extracted
[local-ai] gwaldam hospital: extracted
[local-ai] Government Veterinary Hospital: extracted
[local-ai] Soban Singh Jeena Base Hospital, Haldwani: extracted
[local-ai] Institute Hospital: extracted
[local-ai] Primary Healthcare Center, Motahaldu: extracted
[local-ai] Government Hospital, Kaladhungi: extracted
[local-ai] Shankar Hospital and Research Centre: extracted
[local-ai] Sitapur Eye Hospital Branch Haldwani: extracted
[local-ai] Jeevandan Hospital: extracted
[checkpoint] saved 12709 records
[local-ai] Maharaja Agrasen Hospital, Udham Singh Nagar: extracted
[local-ai] Chandola Homeopathic Medical College & Hospital: extracted
[local-ai] Sardar Baldev Bhai Patel Government Hospital: extracted
[local-ai] ESIC Hospital: extracted
[local-ai] Ujala Cygnus SH Multi Speciality Hospital: extracted
[local-ai] City Hospital and Research Centre: extracted
[local-ai] Graphic Era Institue Of Medical Sciences: extracted
[local-ai] Shivalik Hospital (Ayurvedic): extracted
[local-ai] Anurjun Maternity and Surgical Centre: extracted
[local-ai] ENT and Maternity Hospital: extracted
[local-ai] BD Pandey District Hospital: extracted
[local-ai] Disaster Relief Center: extracted
[local-ai] St. Paul Hospital: extracted
[local-ai] Ujala Cygnus Cancer Hospital: extracted
[21/36] Uttarakhand                            fetched=   447 kept=   439 already_saved=0 total= 12723
[22/36] Himachal Pradesh: requesting source data (timeout=90s, retries=3)
[local-ai] Mahindroo Nursing Home: extracted
[local-ai] Aurvedic Hospital, Maholi: extracted
[local-ai] Ayurvedic Hospital, Bharmour: extracted
[local-ai] Ayurvedic Health Centre, Kilar: extracted
[local-ai] Ayurvedic Health Centre, Triloknath: extracted
[local-ai] Army Hospital: extracted
[local-ai] Shimla Sanitarium and Hospital: extracted
[local-ai] GovernmentDental Collage: extracted
[local-ai] Men Tsee Khang: extracted
[local-ai] Tibetan Primary Health Centre: extracted
[local-ai] PHC, Chhaila: extracted
[local-ai] Mandav Hospital: extracted
[local-ai] Dr. Radhakrishnan Government Medical College Hospital: extracted
[local-ai] Glodha Hospital: extracted
[local-ai] Ripon Hospital: extracted
[local-ai] Hospital in Kamand: extracted
[local-ai] Dr. Lobsang Dolma Khangsar Memorial Clinic: extracted
[local-ai] Tara Devi Hospital: extracted
[local-ai] Sri Ram Hospital, Shimla: extracted
[local-ai] Dr.Rajendra Prasad Govt. Medical College & Hospital: extracted
[local-ai] Sri Harihar Hospital and Research Center: extracted
[local-ai] Mission Hospital: extracted
[local-ai] Malhotra Super Specialty Hospital: extracted
[local-ai] Indus Hospital: extracted
[local-ai] Kullu Valley Hospital, Kullu: extracted
[checkpoint] saved 12748 records
[local-ai] Military Hospital: extracted
[local-ai] Tenzin Hospital: extracted
[local-ai] Civil Hospital, Manali: extracted
[local-ai] Dr Behl's Hospital: extracted
[local-ai] Fortis Hospital: extracted
[local-ai] Mapel Leaf Hospital: extracted
[local-ai] Civil Hospital, Kangra: extracted
[local-ai] Civil Hospital, Ghumarwin: extracted
[local-ai] Rainbow Hospital: extracted
[local-ai] Shiva Hospital: extracted
[local-ai] Bharati Hospital: extracted
[local-ai] BBMB Hospital Slapper Colony: extracted
[local-ai] Vyas Hospital, Bilaspur: extracted
[local-ai] Tibetan Hospital: extracted
[local-ai] T B Hosptial: extracted
[local-ai] Referral Hospital, Bilaspur: extracted
[local-ai] Aastha Hospital & IVF Centre, Hamirpur: extracted
[local-ai] Sai Hospital, Dugha: extracted
[local-ai] Government Hopsital: extracted
[local-ai] Suket Hospital: extracted
[local-ai] Veterans Hospital: extracted
[local-ai] Government Primary Hospital: extracted
[local-ai] Samaila PHC: extracted
[local-ai] Tara Hospital: extracted
[local-ai] Karan Hospital, Kangra: extracted
[checkpoint] saved 12773 records
[local-ai] Astha Hospital: extracted
[local-ai] Government Hospital Kummi: extracted
[local-ai] Lifeline Hospital: extracted
[local-ai] Saxena Hospital, Jassur: extracted
[local-ai] Civil Hospital, Nurpur: extracted
[local-ai] Katgaon PHC: extracted
[local-ai] Him Medicare Centre: extracted
[local-ai] City Hospital: extracted
[local-ai] Solan RH: extracted
[local-ai] Child Hospital JP Bisht: extracted
[local-ai] Ayurvedic Hospital: extracted
[local-ai] Civil Hospital, Chail: extracted
[local-ai] Civil Hospital, Junga: extracted
[local-ai] Government Hospital: extracted
[local-ai] Tender Care Hopsital: extracted
[local-ai] Civil Hospital, Chadiar: extracted
[local-ai] Primary Health Center: extracted
[local-ai] Primary Hospital: extracted
[local-ai] Primary Health Center: extracted
[local-ai] Primary Health Center: extracted
[local-ai] Government Dispensary: extracted
[local-ai] Government Hospital: extracted
[local-ai] Charitable Hospital: extracted
[local-ai] Sanjiven Hospital: extracted
[local-ai] Netaji Subash Chandra Bose Civil Hospital: extracted
[checkpoint] saved 12798 records
[local-ai] Zonal Hospital: extracted
[local-ai] Nirdosh Children Hospital: extracted
[local-ai] Kapila Nursing Home: extracted
[local-ai] Sushma Hospital And Women Care Centre: extracted
[local-ai] Primary Health Centre Sagnam: extracted
[local-ai] Civil Hospital, Banjar: extracted
[local-ai] City Hospital: extracted
[local-ai] Neelkanth Multispeciality Hospital: extracted
[local-ai] PHC, Bhambla: extracted
[local-ai] Ribba Government Hospital: extracted
[local-ai] Rotary Eye Hospital: extracted
[local-ai] Rajgrah Civil Hospital: extracted
[local-ai] Civil Hospital, Chopal: extracted
[local-ai] Government Hospital: extracted
[local-ai] Sri Harihar Hospital: extracted
[local-ai] Karsog CH: extracted
[local-ai] Shiva Hospital, Solan: extracted
[local-ai] Govt Ayurvedic Hospital: extracted
[local-ai] Akal Hospital: extracted
[local-ai] Civil Hospital, Naduan: extracted
[local-ai] Ratti Civil Hospital: extracted
[local-ai] Civil Hospital, Nagrota Bagwan: extracted
[local-ai] Government Hospital, Bhawarna: extracted
[local-ai] Civil Hospital, Jogindernagar: extracted
[local-ai] S.M Eye Hospital: extracted
[checkpoint] saved 12823 records
[local-ai] Apna Hospital: extracted
[local-ai] Civil Hospital, Kandaghat: extracted
[local-ai] Civil Hospital, Sandole: extracted
[local-ai] Sukhmani Hospital, Chamba: extracted
[local-ai] Civil Hospital, Kotgarh: extracted
[local-ai] K.S.Hospital Ent & Orthopedic, Mandi: extracted
[local-ai] Sri Krishna Hospital: extracted
[local-ai] Shree Balaji Hospital, Adarsh Colony: extracted
[local-ai] JNS Eye Centre: extracted
[local-ai] Civil Hospital, Una: extracted
[local-ai] Civil Hospital, Chowari: extracted
[local-ai] Civil Hospital, Dehra: extracted
[local-ai] Regional Hospital, Una: extracted
[local-ai] District Ayurvedic Hospital, Nahan: extracted
[local-ai] Sai Sanjivni Hospital: extracted
[local-ai] Sai Mahima Hospital, Dharamshala: extracted
[local-ai] Gupta Surgical Hospital and Maternity Home: extracted
[local-ai] Civil Hospital, Dalhousi: extracted
[local-ai] Civil Hospital, Arki: extracted
[local-ai] Civil Hospital, Jubbal: extracted
[local-ai] Vohra Hospital, Sirmaur: extracted
[local-ai] District Ayurvedic Hospital, Chamba: extracted
[local-ai] E.S.I. Hospital, Parwanoo: extracted
[local-ai] Sushrut Hospital: extracted
[local-ai] Parvati Charitable Hospital: extracted
[checkpoint] saved 12848 records
[local-ai] Himachal Dental Collage Hospital: extracted
[local-ai] Civil Hospital, Paonta Sahib: extracted
[local-ai] Aakash Hospital, Solan: extracted
[local-ai] Civil Hospital, Shahpur: extracted
[local-ai] Anandraj Malik Hospital and Diagnostic Centre: extracted
[local-ai] Deen Dayal Upadhyaya Zonal Hospital: extracted
[local-ai] Grover Eye and E.N.T Hospital: extracted
[local-ai] Civil Hospital, Sarkaghat: extracted
[local-ai] Reckong Peo Regional Hospital: extracted
[local-ai] Sri Krishna Hospital, Hamirpur: extracted
[local-ai] Bhardwaj Hospital: extracted
[local-ai] Shri Kant Memorial Hospital: extracted
[local-ai] Refferal Hospital, Dadahu: extracted
[local-ai] Civil Hospital, Bhoranj: extracted
[local-ai] Shesh Awashti Memorial Dtil Hospital: extracted
[local-ai] Dr.Vijay Chaudhary Hospital: extracted
[local-ai] Civil Hospital, Tissa: extracted
[local-ai] Swami Shri Hari Giri Hospital: extracted
[local-ai] Puran Hospital, Sirmaur: extracted
[local-ai] Dr. Lashkari Ram Rathore Civil Hospital, Tauni Devi: extracted
[local-ai] Regional Hospital, Hamirpur: extracted
[local-ai] District Ayurvedic Hospital, Mandi: extracted
[local-ai] Kanwar Hospital, Una: extracted
[local-ai] Agnihotri Life Line Hospital: extracted
[local-ai] Eshan Eye Hospital And Research Centre: extracted
[checkpoint] saved 12873 records
[local-ai] Rainbow Hospital: extracted
[local-ai] Malhotra Super Speciality Hospital: extracted
[local-ai] Dr.Jatinder Eye Hospital: extracted
[local-ai] Suket Hospital: extracted
[local-ai] Himachal Institute of Dental Sciences Hospital: extracted
[local-ai] Altis Hospital, Auckland Complex: extracted
[local-ai] JP Hospital and Paediatric Centre: extracted
[local-ai] Civil Hospital, Bajinath: extracted
[local-ai] Guleria ENT Hospital: extracted
[local-ai] Bbmb Hospital: extracted
[local-ai] Ayurvedic Hospital, Rohru: extracted
[local-ai] Civil Hospital, Theog: extracted
[local-ai] Maya Dass Shiv Dass Rotary Eye Hospital: extracted
[local-ai] Government Ayurvedic Hospital, Ispur: extracted
[local-ai] Civil Hospital, Nerwa: extracted
[local-ai] Ayurvedic Hospital, Katrai: extracted
[local-ai] Bhojia General Hospital: extracted
[local-ai] District Ayurvedic Hospital, Dharamshala: extracted
[local-ai] Shivalik Hospital, Una: extracted
[local-ai] Ayurvedic Hospital, KANDRAUR: extracted
[local-ai] Civil Hospital, Sujanpur Tira: extracted
[local-ai] Leelawati Hospital, Bilaspur: extracted
[local-ai] Civil Hospital, Thural: extracted
[local-ai] Regional Hospital, Chamba: extracted
[local-ai] Civil Hospital, Darlaghat: extracted
[checkpoint] saved 12898 records
[local-ai] SDKL Memorial Gloda Hospital: extracted
[local-ai] Civil Hospital, Manali: extracted
[local-ai] Aastha Multi Speciality Hospital & Test Tube Baby Centre: extracted
[local-ai] Beas Hospital: extracted
[local-ai] Banga Eye Hospital: extracted
[local-ai] Chauhan Eye Hospital: extracted
[local-ai] District Ayurvedic Hospital, Una: extracted
[local-ai] Lakhi Hospital: extracted
[local-ai] Lord Mahavira Hospital: extracted
[local-ai] Civil Hospital, Padhar: extracted
[local-ai] Civil Hospital, Janjehli: extracted
[local-ai] Civil Hospital, Gohar: extracted
[local-ai] Civil Hospital, Chintpurni: extracted
[local-ai] Primary Health Centre, Rampur: extracted
[local-ai] Neuro Centre, Shimla: extracted
[local-ai] Regional Ayurvedic Hospital: extracted
[local-ai] Bhartiya Chikitsa And Homeopethic Department: extracted
[local-ai] District Ayurvedic Hospital, Reckong Peo: extracted
[local-ai] Government Hospital, Mashobra: extracted
[local-ai] Civil Hospital, Fatehpur: extracted
[local-ai] Sri Harihar Hospital and Research Centre, Mandi: extracted
[local-ai] NavJeewan Hospital, Kangra: extracted
[local-ai] Civil Hospital, Bharmour: extracted
[local-ai] Vishal Eye Hospital, Una: extracted
[local-ai] Government Hospital: extracted
[checkpoint] saved 12923 records
[local-ai] Vijay Multispeciality Hospital: extracted
[local-ai] Nanda Hospital: extracted
[local-ai] Civil Hospital, Amb: extracted
[local-ai] Sarahan Civil Hospital: extracted
[local-ai] Government Hospital, Diggal: extracted
[local-ai] Government Hospital, Baggi: extracted
[local-ai] Nahan CH: extracted
[local-ai] Government Hospital, Bhumti: extracted
[local-ai] Kunihar CH: extracted
[local-ai] Government Hospital, Hatwar: extracted
[local-ai] Government Hospital, Batal: extracted
[local-ai] Civil Hospital, Dadahu: extracted
[local-ai] Government Ayurvedic Health Centre, Bhagani: extracted
[local-ai] Hospital, Haripurdhar: extracted
[local-ai] Civil Hospital, Barsar: extracted
[local-ai] Rajpura Government Hospital: extracted
[local-ai] Government Hospital, Anni: extracted
[local-ai] Government Hospital, Arsu: extracted
[local-ai] Kumarsain CH: extracted
[local-ai] Hospital, Basantpur: extracted
[local-ai] Hospital, Jangi: extracted
[local-ai] First Aid Hospital: extracted
[local-ai] Government Hospital, Holi: extracted
[local-ai] Lippa Government hospital: extracted
[local-ai] Hospital, Cholthara: extracted
[checkpoint] saved 12948 records
[local-ai] Civil Hospital, Banikhet: extracted
[local-ai] Government Hospital, Badukhar: extracted
[local-ai] Government Hospital, Chango: extracted
[local-ai] Government Hospital, Balichowki: extracted
[local-ai] Government Hospital, Kakira: extracted
[local-ai] Rajiv Gandhi Government Ayurvedic Hospital: extracted
[local-ai] Civil Hospital, Jawalamukhi: extracted
[local-ai] Government Hospital, Dadasibha: extracted
[local-ai] Civil Hospital, Jaisinghpur: extracted
[local-ai] Government Hospital, Haripur: extracted
[local-ai] Hospital, Churi: extracted
[local-ai] Civil Hospital, Garli: extracted
[local-ai] Government Hospital, Kot: extracted
[local-ai] Government Hospital, Gokhra: extracted
[local-ai] Jawali Hospital: extracted
[local-ai] Amrit Hospital: extracted
[local-ai] Dr. Neena Pahwa Hospital: extracted
[local-ai] Rajendra Hospital: extracted
[local-ai] Dr. Satinder Chauhan Megacare Hospital: extracted
[local-ai] Delek Hospital: extracted
[local-ai] Ashok Memorial Hospital: extracted
[local-ai] Shukla Hospital: extracted
[local-ai] AMC Hospital: extracted
[local-ai] Lady Wellington Hospital: extracted
[local-ai] Vini Hospital: extracted
[checkpoint] saved 12973 records
[local-ai] Sneh Hospital: extracted
[local-ai] Rana Hospital: extracted
[local-ai] Sukhamni Hospital: extracted
[local-ai] Ashirwad Hospital: extracted
[local-ai] Jan Jeevan Hospital: extracted
[local-ai] Jagat Hospital: extracted
[local-ai] Pamma General Hospital: extracted
[local-ai] Global Multispeciality Hospital: extracted
[local-ai] NHPC Hospital: extracted
[local-ai] Priyanshi Hospital: extracted
[local-ai] Arpana Charitable Hospital: extracted
[local-ai] Sukhmani Hospital: extracted
[local-ai] Chaudhary Hospital: extracted
[local-ai] Dr. KD Eye Hospital: extracted
[local-ai] Surya Life Care Hospital: extracted
[local-ai] Shukla Hospital: extracted
[local-ai] Ayurvedic Hospital: extracted
[local-ai] Civil Hospital: extracted
[local-ai] Ortho Hospital: extracted
[local-ai] Jeeevan Jyoti Hospital: extracted
[local-ai] Shri Siddhivinayak Hospital: extracted
[local-ai] NHPC Hospital: extracted
[local-ai] Sushil Clinic: extracted
[local-ai] Sai Hospital: extracted
[local-ai] Rotary Eye Hospital: extracted
[checkpoint] saved 12998 records
[local-ai] Modern Hospital: extracted
[local-ai] Haqqan Hospital: extracted
[local-ai] Surya Hospital: extracted
[local-ai] City Hospital: extracted
[local-ai] JVR Eye Hospital: extracted
[local-ai] Shukla Hospital: extracted
[local-ai] Nurpur Hospital: extracted
[local-ai] Anand Hospital: extracted
[local-ai] Civil Hospital: extracted
[local-ai] Soni Hospital: extracted
[local-ai] Johal Hospital: extracted
[local-ai] Tuna Hospital: extracted
[local-ai] Dev Bhumi Hospital: extracted
[local-ai] Mishra Hospital: extracted
[local-ai] Sanjeevani Hospital: extracted
[local-ai] Manat Hospital: extracted
[local-ai] Pandit Purvia Ram Memorial Hospital: extracted
[local-ai] Governament Ayurvedic Health Centre: extracted
[local-ai] Guleria Eye Care Centre: extracted
[local-ai] Bhambla Multiispecality Hospital: extracted
[local-ai] Himachal Head Neck Hospital: extracted
[local-ai] Aarogyam Hospital: extracted
[local-ai] Shriram Hospital: extracted
[local-ai] Thakur Maternity Home: extracted
[local-ai] Government Hospital: extracted
[checkpoint] saved 13023 records
[local-ai] Aditya Jyoti Eye Hospital: extracted
[local-ai] Neelkanth Hospital: extracted
[local-ai] Meena Sood Memorial Life Line Hospital: extracted
[local-ai] Government Hospital: extracted
[local-ai] Jagriti Hospital: extracted
[local-ai] Abhilashi Hospital: extracted
[local-ai] Advance Dental Hospital: extracted
[local-ai] Ashoka Hospital: extracted
[local-ai] Gouri Eye Care Centre: extracted
[local-ai] S. Jaswant Singh Charitable Hospital: extracted
[local-ai] Rana Hospital: extracted
[local-ai] Mahadev Hospital: extracted
[local-ai] Government Ayurvedic Health Centre: extracted
[local-ai] Kamla Hospital: extracted
[local-ai] Government Hospital: extracted
[local-ai] K.S. Hospital Eye, ENT & Orthopedic: extracted
[local-ai] Aapka Hospital: extracted
[local-ai] Sanjeevani Hospital: extracted
[local-ai] Bhanoo Hospital: extracted
[local-ai] Ameesh Hospital: extracted
[local-ai] Government Hospital: extracted
[local-ai] Kullu Valley Hospital: extracted
[local-ai] ESIC Hospital: extracted
[local-ai] Shrikhand Hospital: extracted
[local-ai] Brooklyn Himalaya Hospital: extracted
[checkpoint] saved 13048 records
[local-ai] ACC Hospital: extracted
[local-ai] Dr. Virender Mohan Hospital: extracted
[local-ai] Civil Hospital: extracted
[local-ai] Lady Readings Hospital: extracted
[local-ai] Bhanoo Hospital: extracted
[local-ai] Tanishtha Hospital: extracted
[local-ai] Manu Diagnostic Centre and Hospital: extracted
[local-ai] Rotary Eye Hospital: extracted
[local-ai] Government Hospital: extracted
[local-ai] Dr. B K Arora Hospital: extracted
[local-ai] Civil Hospital: extracted
[local-ai] Gagan Hospital: extracted
[local-ai] Newlife Hospital: extracted
[local-ai] Thakur Hospital: extracted
[local-ai] Rahi Care Kidney Hospital: extracted
[local-ai] Hari Har Hospital: extracted
[local-ai] Leelawati Nursing Home: extracted
[local-ai] Malhotra Hospital: extracted
[local-ai] Simla Hospital: extracted
[local-ai] Chuni Hospital: extracted
[local-ai] Phoenix Hospital: extracted
[local-ai] Manav Hospital: extracted
[local-ai] Aashirwad Hospital: extracted
[local-ai] Ayurvedic Hospital: extracted
[local-ai] Goverment Hospital: extracted
[checkpoint] saved 13073 records
[local-ai] Rotary Eye Hospital: extracted
[local-ai] Dr Sant Ram Clinc: extracted
[local-ai] Government Ayurvedic Heatlh Center: extracted
[local-ai] Health Sub Center: extracted
[local-ai] Primary Health Center Gushaini: extracted
[local-ai] New OPD Civil Hospital Nahan: extracted
[local-ai] Aashirwad Hospital ( Dr Ratika Jindal): extracted
[local-ai] Sunder Nagar CH: extracted
[local-ai] BBMB Hospital: extracted
[local-ai] Government Hospital: extracted
[local-ai] Zonal Hospital, Dharamshala: extracted
[local-ai] Shri Lal Bahadur Shastri Government Medical College & Hospital Mandi: extracted
[local-ai] Civil Hospital, Palampur: extracted
[local-ai] Military Hospital: extracted
[local-ai] District Civil Hosptial: extracted
[local-ai] Radha Soami Charitable Hospital: extracted
[local-ai] Regional Hospital, Kullu: extracted
[local-ai] Sai Mahima Hospital: extracted
[local-ai] District Hospital, Keylong: extracted
[local-ai] Mela Mal Sood Rotary Eye Hospital: extracted
[local-ai] Primary Health Centre: extracted
[local-ai] Medical Unit, Kamand Campus: extracted
[local-ai] Military Hospital: extracted
[local-ai] Shree Swami Harigiri Charitable Hospital: extracted
[local-ai] Kamla Nehru State Hospital For Mother & Child: extracted
[checkpoint] saved 13098 records
[local-ai] Ray Health Center & Community Facility: extracted
[local-ai] Civil Hospital, Sarahan: extracted
[local-ai] Civil Hospital, Nirmand: extracted
[local-ai] Civil Hospital, Kotli: extracted
[local-ai] Civil Hospital, Killar: extracted
[local-ai] Lady Willingdon Hospital: extracted
[local-ai] All India Institute of Medical Sciences, Bilaspur: extracted
[local-ai] Bhanoo Hospital: extracted
[22/36] Himachal Pradesh                       fetched=   388 kept=   383 already_saved=0 total= 13106
[23/36] Tripura: requesting source data (timeout=90s, retries=3)
[local-ai] Brijondernagar: extracted
[local-ai] Gomati District Hospital: extracted
[local-ai] Kanchanpur Sub-divisional Hospital: extracted
[local-ai] Manubazar Rural Hospital: extracted
[local-ai] Rajib Gandhi Memorial Hospital: extracted
[local-ai] Tripura Sundari Sub divisional Hospital: extracted
[local-ai] Belonia Sub-divisional Hospital: extracted
[local-ai] Mahanam Seva Sadan: extracted
[local-ai] Agartala Hospital And Research Centre: extracted
[local-ai] Bishalghar S.D. Hospital, West Tripura: extracted
[local-ai] Amarpur Sub divisional Hospital: extracted
[local-ai] Dharmanagar Sub-divisional Hospital: extracted
[local-ai] Chailengta Sub Divisional Hospital: extracted
[local-ai] Bimal Sinha Memorial S.D. Hospital, Dhalai: extracted
[local-ai] Khowai District Hospital: extracted
[local-ai] Govinda Ballav Panth Hospital, West Tripura: extracted
[local-ai] Devlok Hospital: extracted
[local-ai] Cancer Hospital,West Tripura: extracted
[local-ai] Agartala Govt Medical College and GBP Hospital: extracted
[local-ai] District Integrated AYUSH Hospital, Gomati: extracted
[local-ai] Sub-Divsional Hospital: extracted
[local-ai] Gandacherra Sub Divisional Hospital: extracted
[local-ai] Pecharthal Hospital: extracted
[local-ai] District Hospital, Unakoti: extracted
[local-ai] Taksapara hospital: extracted
[checkpoint] saved 13131 records
[local-ai] Sonamura Gramin Hospital: extracted
[local-ai] District Hospital South: extracted
[local-ai] Dhalai District Hospital: extracted
[local-ai] Melaghar hospital: extracted
[local-ai] Daluchara Ayorvedik Hospital: extracted
[local-ai] ASR Hospital: extracted
[local-ai] Venkataeswara Hospitals: extracted
[local-ai] Irani Hospital: extracted
[local-ai] Ambassa Government Hospital: extracted
[local-ai] VHAT Eye Hospital: extracted
[local-ai] Rajkandi Hospital: extracted
[local-ai] Jalabasa Hospital: extracted
[local-ai] Makunda Christian Missionary Hospital: extracted
[local-ai] Homoeopathic Hospital: extracted
[local-ai] Ganganagar Hospital: extracted
[local-ai] Hapania Hospital: extracted
[local-ai] Eye Hospital: extracted
[local-ai] Kherengbar Hospital: extracted
[local-ai] Krishnatilla Hospital: extracted
[local-ai] IGM Civil Hospital: extracted
[local-ai] ILS Hospital: extracted
[local-ai] Sub-Divisional Hospital: extracted
[local-ai] Sabroom Sub-divisional Hospital: extracted
[23/36] Tripura                                fetched=    48 kept=    48 already_saved=0 total= 13154
[24/36] Meghalaya: requesting source data (timeout=90s, retries=3)
[local-ai] Civil Hospital Shillong: extracted
[local-ai] Bethany Hospital Outreach OPD Services: extracted
[local-ai] Nongpoh Civil Hospital: extracted
[local-ai] R.P. Chest Hospital: extracted
[local-ai] Tura Civil Hospital(DH): extracted
[local-ai] Dr. H. Gordon Robert Hospital (Khasi-Jaintia Presbyterian): extracted
[local-ai] Nongstoin District Hospital: extracted
[local-ai] Supercare Hospital: extracted
[local-ai] The Children's Hospital: extracted
[local-ai] Holy Cross Hospital: extracted
[local-ai] Nongstoin Civil Hospital: extracted
[local-ai] Capt. Williamson Memorial Hospital, Baghmara: extracted
[local-ai] Holy Cross Private Hospital: extracted
[local-ai] Dr. Norman Tunnel Hospital: extracted
[local-ai] Tura Maternity and Child Hospital(SDH): extracted
[local-ai] Tirot Sing Memorial Hospital: extracted
[local-ai] Jowai Civil Hospital: extracted
[local-ai] Williamnagar Civil Hospital: extracted
[local-ai] Reid Provincial Chest Hospital: extracted
[local-ai] Civil Hospital, Hatsingimari: extracted
[local-ai] Rasongsli Nursing Home: extracted
[local-ai] CAPF Hospital: extracted
[local-ai] Regional Cancer Centre: extracted
[local-ai] Ayurvedic & Homoeopathy Hospital: extracted
[local-ai] Nigrimes Hospital: extracted
[checkpoint] saved 13179 records
[local-ai] Composite Hospital: extracted
[local-ai] ICAR Hospital: extracted
[local-ai] Civil Hospital: extracted
[local-ai] Nazareth Hospital: extracted
[local-ai] Woodland WK Hospital: extracted
[local-ai] Jiban Ram Goenka Hospital: extracted
[local-ai] CHGS Wellness Centre: extracted
[local-ai] John Roberts Hospital: extracted
[local-ai] Danak Samguri Hospital: extracted
[local-ai] Civil Hospital, Ampati: extracted
[local-ai] Adventis Mission Hospital: extracted
[local-ai] Sampalgre Hospital: extracted
[local-ai] Maternity and Child Hospital: extracted
[local-ai] CRPF Composite Hospital: extracted
[local-ai] Gangdobi Hospital: extracted
[local-ai] T.B. Hospital: extracted
[local-ai] T.B. Hospital: extracted
[local-ai] Civil Hospital: extracted
[local-ai] Military Hospital: extracted
[local-ai] District PHE Lab, Tura: extracted
[local-ai] Tura Civil Hospital: extracted
[local-ai] Tura Christian Hospital: extracted
[local-ai] Ichamati Community Health Center: extracted
[local-ai] Bethany Hospital: extracted
[local-ai] 108 Emergency: extracted
[checkpoint] saved 13204 records
[local-ai] Bethany Hospital Outreach: extracted
[local-ai] Tura Christian Hospital: extracted
[local-ai] NENGKHRA AWE SUB_CENTRE: extracted
[24/36] Meghalaya                              fetched=    61 kept=    53 already_saved=0 total= 13207
[25/36] Manipur: requesting source data (timeout=90s, retries=3)
[local-ai] Community Health Centre, Sagolmang: extracted
[local-ai] Raj Medicity: extracted
[local-ai] District Hospital, Bishnupur: extracted
[local-ai] Sipuikawn PHSC: extracted
[local-ai] 50 bed Hospital: extracted
[local-ai] Mothers Care Children Hospital and Research Centre: extracted
[local-ai] Jivan Hospital, Kakching: extracted
[local-ai] Suba Hospital and Assisted Reproductive Centre: extracted
[local-ai] Shija Hospitals and Research Institute, Langol: extracted
[local-ai] Christian Hospital: extracted
[local-ai] Public Hospital and Research Institute: extracted
[local-ai] J.N. Hospital Management Society: extracted
[local-ai] Peoples Health Foundation Centre: extracted
[local-ai] Sielmat Christian Hospital and Research Center: extracted
[local-ai] CHC Nungba: extracted
[local-ai] Ukhrul District Hospital: extracted
[local-ai] Churachandpur District Hospital: extracted
[local-ai] District Hospital, Tamenglong: extracted
[local-ai] Jiribam CHC: extracted
[local-ai] Parbung district Hospital: extracted
[local-ai] PHSC & HWC Suangdoh: extracted
[local-ai] Remedy Hospital: extracted
[local-ai] Noor Hospital And Research Institute: extracted
[local-ai] Incinerator Plant Hospital: extracted
[local-ai] Care Foundation Hospital: extracted
[checkpoint] saved 13232 records
[local-ai] Hillside Charitable Hospital & Research Institute: extracted
[local-ai] Piles Clinic & Hospital: extracted
[local-ai] Apex Hospital & Research Centre: extracted
[local-ai] Advanced Hospital: extracted
[local-ai] Peace Hospital And Research Institute: extracted
[local-ai] District Hospital: extracted
[local-ai] Ayush Hospital: extracted
[local-ai] Robins Lisa Hack Hospitals: extracted
[local-ai] Asian Hospital: extracted
[local-ai] City Hospital: extracted
[local-ai] Vision Plus Hospital: extracted
[local-ai] City Hospital & Research Centre: extracted
[local-ai] Iboyaima Hospital & Research Centre: extracted
[local-ai] Maipakpi Maternity and Child Hospital: extracted
[local-ai] Chamber Hospital: extracted
[local-ai] Shija ENT Hospital: extracted
[local-ai] Sky Hospital & Research Centre: extracted
[local-ai] Mangal Hospital: extracted
[local-ai] Igastrocare Hospital: extracted
[local-ai] District Hospital: extracted
[local-ai] Ayurvedic Hospital: extracted
[local-ai] Women Hospital: extracted
[local-ai] Tuberculosis Hospital: extracted
[local-ai] Nazaret Hospital: extracted
[local-ai] Sun Hospital: extracted
[checkpoint] saved 13257 records
[local-ai] District Hospital: extracted
[local-ai] Rangini Hospital: extracted
[local-ai] Nambol Hospital: extracted
[local-ai] CHSRC Hospital: extracted
[local-ai] Nature Cure Hospital: extracted
[local-ai] EMA Hospital: extracted
[local-ai] ACS Hospital: extracted
[local-ai] Dam Dam Hospital: extracted
[local-ai] Kangpoki Mission Hospital: extracted
[local-ai] District Hospital: extracted
[local-ai] Atipu Hospital: extracted
[local-ai] CHC, Jiribam: extracted
[local-ai] District Hospital: extracted
[local-ai] Jiribam Hospital: extracted
[local-ai] Trevi Hospital: extracted
[local-ai] Thoubal District Hospital: extracted
[local-ai] Regional Institute of Medical Sciences: extracted
[local-ai] Imphal Hospital and Research Centre: extracted
[25/36] Manipur                                fetched=    68 kept=    68 already_saved=0 total= 13275
[26/36] Nagaland: requesting source data (timeout=90s, retries=3)
[local-ai] Modern Clinic: extracted
[local-ai] Doctor's Clinic & Mediciner: extracted
[local-ai] Impur Mission Hospital Clinic: extracted
[local-ai] Govt Dispensary: extracted
[local-ai] Community Health Centre: extracted
[local-ai] CHIS (referal hospital): extracted
[local-ai] Eden Hospital: extracted
[local-ai] Naga Hospital: extracted
[local-ai] Oking Hospital And Research Clinic Pvt Ltd: extracted
[local-ai] Faith Hospital: extracted
[local-ai] Zion Hospital and Research Centre: extracted
[local-ai] Eleutheros Christian Society Hospital: extracted
[local-ai] Y. Rochill Hospital: extracted
[local-ai] Nikos Hospital And Research Centre: extracted
[local-ai] Metro Hospital, Dimapur: extracted
[local-ai] Mon, District Hospital: extracted
[local-ai] Tuensang, District Hospital: extracted
[local-ai] Kiphire, District Hospital: extracted
[local-ai] Longleng, District Hospital: extracted
[local-ai] District Hospital, Dimapur: extracted
[local-ai] Zunheboto, District Hospital: extracted
[local-ai] CHC, Medziphema: extracted
[local-ai] Peren, District Hospital: extracted
[local-ai] Govt. Hospital, Noklak: extracted
[local-ai] Lenjem Hospital: extracted
[checkpoint] saved 13300 records
[local-ai] Civil Hospital: extracted
[local-ai] City Hospital: extracted
[local-ai] Unit Hospital: extracted
[local-ai] Sanis Hospital: extracted
[local-ai] Khuzama T.B. Hospital: extracted
[local-ai] Assamrifle Hospital: extracted
[local-ai] Civil Hospital: extracted
[local-ai] Dimapur Hospital and Research Centre: extracted
[local-ai] N.Ezung Hospital: extracted
[local-ai] Assamrifle Hospital: extracted
[local-ai] Fellowship Nursing Home: extracted
[local-ai] Zuketsa Hospital: extracted
[local-ai] Nagaland Multispeciality Hospital & Research Centre: extracted
[local-ai] Kezocha Hospital: extracted
[local-ai] Shamator Hospital: extracted
[local-ai] Regimental Hospital: extracted
[local-ai] General Hospital: extracted
[local-ai] Olive Christian Hospital and Reserch Centre: extracted
[local-ai] Rapha Hospital: extracted
[local-ai] JK Hospital: extracted
[local-ai] New Puilwa Hospital: extracted
[local-ai] Kohima Mental Hospital: extracted
[local-ai] Unit Hospital: extracted
[local-ai] Referral Hospital: extracted
[local-ai] NPPC Hospital: extracted
[checkpoint] saved 13325 records
[local-ai] Civil Hospital: extracted
[local-ai] Shamrock Hospital: extracted
[local-ai] Government Hospital, Zakhama: extracted
[local-ai] Kohima Diagnostic Center: extracted
[local-ai] Pharmacy: extracted
[local-ai] Pharmacy: extracted
[local-ai] Nagaland Institute of Medical Sciences and Research (NIMSR): extracted
[local-ai] Impur Christian Hospital: extracted
[local-ai] Christian Institute of Health Sciences and Research Hospital: extracted
[local-ai] Phek, District Hospital: extracted
[local-ai] Civil Hospital: extracted
[local-ai] Wokha, District Hospital: extracted
[26/36] Nagaland                               fetched=    62 kept=    62 already_saved=0 total= 13337
[27/36] Goa: requesting source data (timeout=90s, retries=3)
[local-ai] Aurveda clinic: extracted
[local-ai] Dr. Lawande's Hospital: extracted
[local-ai] Dr. Subhash Nagzekar Hospital: extracted
[local-ai] Kamat Criticare & Research Centre: extracted
[local-ai] Mother Care Hospital, South Goa: extracted
[local-ai] Kerker Hospital: extracted
[local-ai] Trinity Health Care and Medical Research: extracted
[local-ai] Royal Hospital: extracted
[local-ai] Prabhu Dessai Hospitals Private Limited: extracted
[local-ai] Mardolkar: extracted
[local-ai] Grace Intensive Cardiac Care Center: extracted
[local-ai] Dr. M.M. Mesquita Maternity & Eye Hospital: extracted
[local-ai] INHS Jeevanti: extracted
[local-ai] Sushruti Hospital: extracted
[local-ai] Shri Damodar Nursing Home: extracted
[local-ai] PHC, Curtorim: extracted
[local-ai] Dhumaskar Hospital: extracted
[local-ai] Chaitanya Mental Health Care Centre: extracted
[local-ai] Coral Clinic Systems: extracted
[local-ai] Antonio Vicante Da Costa Memorial Clinic / A V Da Costa Hospital: extracted
[local-ai] Mandovi Clinic: extracted
[local-ai] Asilo Hospital: extracted
[local-ai] Guleli Govt Hospital: extracted
[local-ai] Dr. Correia Afonso Hospital: extracted
[local-ai] Sanjeevani Hospital: extracted
[checkpoint] saved 13362 records
[local-ai] Gracias Maternity Hospital: extracted
[local-ai] Yashodhan Hospital, South Goa: extracted
[local-ai] Infant Jesus Hospital: extracted
[local-ai] Indus Health Plus P. Ltd.: extracted
[local-ai] Platicare Hospital: extracted
[local-ai] Janakibai Memorial Hospital: extracted
[local-ai] Shri Ram Hospital: extracted
[local-ai] Dr. Rajadhyaksha Hospital: extracted
[local-ai] Rg Stone Urology and Laparoscopy Hospital, North Goa: extracted
[local-ai] Indus Health Plus - Goa Scan Center, Wockhardt: extracted
[local-ai] Divine Medical Centre: extracted
[local-ai] PHC, Loutolim: extracted
[local-ai] Elshaddai House: extracted
[local-ai] Adhar Hospital, Collan: extracted
[local-ai] Parekh Hospital: extracted
[local-ai] Sudha Nursing Hospital: extracted
[local-ai] Samrat Hospital: extracted
[local-ai] Dr. Geeta Javali Hospital: extracted
[local-ai] Shree Dwarka Hospital: extracted
[local-ai] Sushrut: extracted
[local-ai] Girish: extracted
[local-ai] Dr.Rebellos Clinic And Hospital: extracted
[local-ai] Sofiya clinic mandrem: extracted
[local-ai] OHS Orthopedic Hospital for Surgery: extracted
[local-ai] Патанджали: extracted
[checkpoint] saved 13387 records
[local-ai] Dharwadkar Nursing Home: extracted
[local-ai] Aster hospital: extracted
[local-ai] Pai Hospital: extracted
[local-ai] Archis Ayurved: extracted
[local-ai] Juwarkars Hospital: extracted
[local-ai] Ghanshyam Govind Kamat Memorial Hospital: extracted
[local-ai] Amshekar Hospital: extracted
[local-ai] Sinai Clinic and Hospital: extracted
[local-ai] Adarsh Family Hospital: extracted
[local-ai] Sanjeevani Hospital, South Goa: extracted
[local-ai] Sri Damodar Hospital, South Goa: extracted
[local-ai] Bhagyoday Hospital: extracted
[local-ai] Usgaonkers Children Hospital and iNICU: extracted
[local-ai] Chikitsa Hospital - Verna: extracted
[local-ai] Indira Smruti Raikar Nursing Home: extracted
[local-ai] Campal Clinic: extracted
[local-ai] Mahatme Nursing Home - Bicholim: extracted
[local-ai] Kaisare Eye And Dental Hospital: extracted
[local-ai] Dr Caeiros Bichollm Polyclinic: extracted
[local-ai] Dr. Parulekars Eye- Site (Superspeciality Eye Hospital): extracted
[local-ai] Trimurti General Hospital: extracted
[local-ai] Cottage Hospital: extracted
[local-ai] Kurias Earth Ayurveda Hospital: extracted
[local-ai] Dr.Sawant's Ayurvedic Panchakarma Clinic: extracted
[local-ai] Ankur Hospital: extracted
[checkpoint] saved 13412 records
[local-ai] Mathew Braganza Hospital: extracted
[local-ai] Dr. Prabhu Hospital: extracted
[local-ai] Marwahi Hospital: extracted
[local-ai] Prabhu Hospital: extracted
[local-ai] Dr. Anil D'Silva's Multispeciality Dental Hospital: extracted
[local-ai] Chodankar Hospital: extracted
[local-ai] Dr. Dhulapkar's Hospital: extracted
[local-ai] Subodh Maternity Home: extracted
[local-ai] Bicholim Hospital: extracted
[local-ai] Saud EMS Hospital: extracted
[local-ai] Dr. Roque Ferreira's Memorial Hospital: extracted
[local-ai] Kakodkar Hospital: extracted
[local-ai] CMM Hospital: extracted
[local-ai] Dr. Dev's Children Hospital: extracted
[local-ai] Vrundavan Hospital: extracted
[local-ai] ESI Hospital: extracted
[local-ai] Dr.Amit Naik Maternity Hospital: extracted
[local-ai] Vaidya Hospital: extracted
[local-ai] Platicare hospital: extracted
[local-ai] Singbal Hospital: extracted
[local-ai] Dr. Priyolkar's Surgery Hospital: extracted
[local-ai] Drishti Eye Hospital & Laser Centre: extracted
[local-ai] Dr. Shirsat Hospital: extracted
[local-ai] Kaisares Hospital: extracted
[local-ai] Dr. Parab's Hospital: extracted
[checkpoint] saved 13437 records
[local-ai] Anandi Maternity & Nursing Home: extracted
[local-ai] Dr. Juwarkar's Hospital: extracted
[local-ai] Singbal Hospital: extracted
[local-ai] Vedicure Wellness Clinics and Hospital: extracted
[local-ai] Anthony Gonsalves Hospital: extracted
[local-ai] Raikar Hospital: extracted
[local-ai] Dr. Ajit Kamat Hospital: extracted
[local-ai] Chodankar Ortho Care: extracted
[local-ai] Priolkar Nursing Home: extracted
[local-ai] Noble Super Speciality Eye Hospital: extracted
[local-ai] Holy Spirit Nursing Home: extracted
[local-ai] Desai Hospital: extracted
[local-ai] Vintage Hospital: extracted
[local-ai] Sunshine Hospital: extracted
[local-ai] Government Hospital: extracted
[local-ai] Baracho Hospital: extracted
[local-ai] Dr. Braganza's Maternity Hospital: extracted
[local-ai] Vaatsalya Hospital: extracted
[local-ai] Arcanjo Menezes Nursing Home: extracted
[local-ai] Prakaash Eye Hospital: extracted
[local-ai] Kudchadkar Hospital: extracted
[local-ai] Shri Kamaxidevi Homoeopathic Hospital: extracted
[local-ai] Shetty Eye Hospital: extracted
[local-ai] ESI Hospital: extracted
[local-ai] Kamat Nursing Home: extracted
[checkpoint] saved 13462 records
[local-ai] Santhgiri Ayurveda Hospital: extracted
[local-ai] Noble Hospital: extracted
[local-ai] Vishwa Sanjeevani Hospital: extracted
[local-ai] Sangath: extracted
[local-ai] Health And Wellness Centre: extracted
[local-ai] ASG EYE Hospital: extracted
[local-ai] Kerkar Clinic: extracted
[local-ai] Goa Medical College Hospital: extracted
[local-ai] Bosio Hospital: extracted
[local-ai] Ponda Sub District Hospital: extracted
[local-ai] Victor Hospital: extracted
[local-ai] Verna Hospital: extracted
[local-ai] Sonu Kamat Hospital: extracted
[local-ai] Dr. Kolwalkar's Galaxy Hospital: extracted
[local-ai] E S I Hospital: extracted
[local-ai] Distict Hospital, South Goa: extracted
[local-ai] Патанджали: extracted
[local-ai] St. Anthony's Hospital And Research Centre: extracted
[local-ai] Primary Health Centre, Sanquelim: extracted
[local-ai] Chaitanya Hospital: extracted
[local-ai] Sanguem Primary Health Centre: extracted
[local-ai] Goa Dental College And Hospital: extracted
[local-ai] PHC, Marcaim: extracted
[local-ai] Manipal Goa Cancer and General Hospital: extracted
[local-ai] PHC, Aldona: extracted
[checkpoint] saved 13487 records
[local-ai] Military Hospital: extracted
[local-ai] District Hospital, Mapusa: extracted
[local-ai] CHC, Tuem Pernem: extracted
[local-ai] Redkar Hospital And Research Center: extracted
[local-ai] MPT Hospital: extracted
[local-ai] Government Hospital: extracted
[local-ai] Vision Hospital Emergency And Operation Complex: extracted
[local-ai] Urban Primary Health Centre Mapusa: extracted
[local-ai] Holy Cross General Remanso Hospital: extracted
[local-ai] Gauns Child Care Hospital: extracted
[local-ai] Hospicio Hospital: extracted
[local-ai] TB Hospital: extracted
[local-ai] Vision Multispeciality Hospital: extracted
[local-ai] TB and Chest Disease Hospital: extracted
[local-ai] Community Health Centre, Canacona: extracted
[local-ai] Govt Hospital Valpoi: extracted
[local-ai] Healthway Hospitals: extracted
[local-ai] Primary Health Centre, Candolim: extracted
[local-ai] Jesus, Mary and Joseph (JMJ) Hospital: extracted
[local-ai] PHC, Porvorim: extracted
[local-ai] Dr. Olavo Ribeiro Hospital: extracted
[local-ai] Vrundavan Shalby Hospital: extracted
[local-ai] Dr. Dukle's Hospital & Research Centre: extracted
[local-ai] Institute of Psychiatry and Human Behaviour (IPHB): extracted
[local-ai] Super Speciality Block Goa Medical College: extracted
[checkpoint] saved 13512 records
[local-ai] Pediatrics Neuro Rehabilitation Centre: extracted
[local-ai] Healthway Hospital: extracted
[local-ai] Primary Health Centre, Shiroda: extracted
[local-ai] Primary Health Centre, Dharbandora: extracted
[local-ai] PHC, Bicholim: extracted
[local-ai] Primary Health Centre, Quepem: extracted
[local-ai] VM Salgaoncar Hospital: extracted
[local-ai] Victor Hospital: extracted
[27/36] Goa                                    fetched=   187 kept=   183 already_saved=0 total= 13520
[28/36] Arunachal Pradesh: requesting source data (timeout=90s, retries=3)
[local-ai] NERIST Medical Unit: extracted
[local-ai] Community Health Centre: extracted
[local-ai] Community Health Center: extracted
[local-ai] NE Homeopathic College and Hospital: extracted
[local-ai] District Hospital: extracted
[local-ai] Primary Health Center Etalin: extracted
[local-ai] General hospital: extracted
[local-ai] Yingkiong District Hospital: extracted
[local-ai] District Hospital, Tawang: extracted
[local-ai] Boriatari Memorial Hospital: extracted
[local-ai] Tara Memorial Hospital: extracted
[local-ai] Polo Hospital Pvt Ltd: extracted
[local-ai] CHC Government Hospital: extracted
[local-ai] District Hospital, Bomdila: extracted
[local-ai] District Hospital, Yingkiong: extracted
[local-ai] Government Hospital, Nampong: extracted
[local-ai] District Hospital, Khonsa: extracted
[local-ai] Samaritan Hormin Hospital: extracted
[local-ai] Governmnet Hospital: extracted
[local-ai] Seppa District Hospital: extracted
[local-ai] Niba Hospital: extracted
[local-ai] District Hospital: extracted
[local-ai] Tago Memorial Hospital: extracted
[local-ai] Heema Hospital: extracted
[local-ai] District Hospital: extracted
[checkpoint] saved 13545 records
[local-ai] Longing Hospital: extracted
[local-ai] District Hospital: extracted
[local-ai] Men-Tsee-Khang Hospital: extracted
[local-ai] RGU Health Centre: extracted
[local-ai] Government Hospital: extracted
[local-ai] Hayuliang Hospital: extracted
[local-ai] Ramakrishna Mission Hospital, Lower Subansiri: extracted
[local-ai] Arunachal State Hospital: extracted
[local-ai] Government Hospital: extracted
[local-ai] Bakin Pertin Hospital, Pasighat: extracted
[28/36] Arunachal Pradesh                      fetched=    36 kept=    35 already_saved=0 total= 13555
[29/36] Puducherry: requesting source data (timeout=90s, retries=3)
[local-ai] Indira Gandhi Medical College and Research Institute: extracted
[local-ai] Sri Manakula Vinayagar Hospital: extracted
[local-ai] iyyapan hospitel: extracted
[local-ai] East Coast Hospitals: extracted
[local-ai] Hôpital Saint-Joseph: extracted
[local-ai] PHC, Mettupalayam: extracted
[local-ai] Government Primary Health Centre, Lawspet: extracted
[local-ai] S.S. Remedy Hospital: extracted
[local-ai] Mahatma Gandhi Medical College and Hospital: extracted
[local-ai] Sai kiruba hospital: extracted
[local-ai] 33: extracted
[local-ai] ECHS Polyclinic: extracted
[local-ai] PIMS city centre: extracted
[local-ai] Govt Sub Centre: extracted
[local-ai] East Coast Hospital: extracted
[local-ai] Sugam Priya Hospital, Karaikal: extracted
[local-ai] St. Rock`S Cluny Hospital: extracted
[local-ai] St. Josephs Hospital, Puducherry: extracted
[local-ai] JIPMER Hospital: extracted
[local-ai] Certh India Hospital: extracted
[local-ai] Sri Venkateshwaraa Medical College Hospital and Research Centre, Puducherry: extracted
[local-ai] Sri Arunachalam Hospital: extracted
[local-ai] Aarupadai Veedu Medical College and Hospital: extracted
[local-ai] Puducherry City Hospitals Pvt Ltd.: extracted
[local-ai] Sri Lakshminarayana Institute of Medical Sciences: extracted
[checkpoint] saved 13580 records
[local-ai] Government Hospital, Palloor: extracted
[local-ai] Government General Hospital: extracted
[local-ai] GH, Vizhidiyur: extracted
[local-ai] Government Hospital Villianur: extracted
[local-ai] Community Health Centre: extracted
[local-ai] Padmavathi Hospital: extracted
[local-ai] Senthil Women & Child Hospital: extracted
[local-ai] CERTH India: extracted
[local-ai] Sacred Heart Physiotherapy Centre: extracted
[local-ai] Renuka Nursing Home: extracted
[local-ai] Rama Nature Cure Hospital: extracted
[local-ai] Government General Hospital: extracted
[local-ai] District Ayurveda Hospital: extracted
[local-ai] Veer Raju Nursing Home: extracted
[local-ai] V.K.N. Hospital: extracted
[local-ai] Dakshin Women Care Hospital and Fertility Center: extracted
[local-ai] AUM Hospital: extracted
[local-ai] ESI Hospital: extracted
[local-ai] Government Ayurveda Hospital: extracted
[local-ai] VMMC Hospital: extracted
[local-ai] Vasan Eye Care Hospital: extracted
[local-ai] KMC Hospital: extracted
[local-ai] Relax Body Spa: extracted
[local-ai] Government Hospital, Nallathur: extracted
[local-ai] L.K. Nursing Home: extracted
[checkpoint] saved 13605 records
[local-ai] கால்நடை சிறு மருந்தகம் புதிய கட்டிடம்: extracted
[local-ai] Mahi Hospital: extracted
[local-ai] Government Hospital for Chest Diseases: extracted
[local-ai] Primary health care, Thirubhuvanai: extracted
[local-ai] A. G. Padmavati's Hospital: extracted
[local-ai] General Hospital: extracted
[local-ai] Rajiv Gandhi Government Women And Children Hospital: extracted
[local-ai] Government General Hospital: extracted
[local-ai] Pondicherry Institute of Medical Sciences: extracted
[local-ai] Puducherry State Government General Hospital Mahe: extracted
[local-ai] LifeLine Hospital: extracted
[local-ai] Be well Hospital Puducherry: extracted
[local-ai] Madhava Hospital: extracted
[local-ai] Aravind Eye Hospital: extracted
[local-ai] Ashwini Maternity Hospital: extracted
[local-ai] Aarupadai Veedu Medical College & Hospital: extracted
[local-ai] JIPMER Rural Health Centre: extracted
[local-ai] Government General Hospital: extracted
[local-ai] Mahe Government General Hospital: extracted
[local-ai] Asha's Speech and Hearing Clinic: extracted
[local-ai] Eye Care Clinic: extracted
[local-ai] Mahatma Gandhi Dental College: extracted
[29/36] Puducherry                             fetched=    93 kept=    72 already_saved=1 total= 13627
[30/36] Mizoram: resuming saved response data\raw\osm_overpass_health_facilities\2026\09\09\osm_overpass_health_facilities-20260909164817-IN-MZ\response_001.json
[30/36] Mizoram                                fetched=    50 kept=     0 already_saved=49 total= 13627
[31/36] Sikkim: resuming saved response data\raw\osm_overpass_health_facilities\2026\09\09\osm_overpass_health_facilities-20260909164817-IN-SK\response_001.json
[31/36] Sikkim                                 fetched=    20 kept=     0 already_saved=17 total= 13627
[32/36] Chandigarh: resuming saved response data\raw\osm_overpass_health_facilities\2026\09\09\osm_overpass_health_facilities-20260909164817-IN-CH\response_001.json
[32/36] Chandigarh                             fetched=    68 kept=     0 already_saved=65 total= 13627
[33/36] Andaman and Nicobar Islands: resuming saved response data\raw\osm_overpass_health_facilities\2026\09\09\osm_overpass_health_facilities-20260909164817-IN-AN\response_001.json
[33/36] Andaman and Nicobar Islands            fetched=    22 kept=     0 already_saved=22 total= 13627
[34/36] Dadra and Nagar Haveli and Daman and Diu: resuming saved response data\raw\osm_overpass_health_facilities\2026\09\09\osm_overpass_health_facilities-20260909164817-IN-DH\response_001.json
[34/36] Dadra and Nagar Haveli and Daman and Diu fetched=    38 kept=     0 already_saved=37 total= 13627
[35/36] Ladakh: resuming saved response data\raw\osm_overpass_health_facilities\2026\09\09\osm_overpass_health_facilities-20260909164817-IN-LA\response_001.json
[35/36] Ladakh                                 fetched=    19 kept=     0 already_saved=16 total= 13627
[36/36] Lakshadweep: resuming saved response data\raw\osm_overpass_health_facilities\2026\09\09\osm_overpass_health_facilities-20260909164817-IN-LD\response_001.json
[36/36] Lakshadweep                            fetched=     4 kept=     0 already_saved=4 total= 13627

Done in 209.2 min: elements=56073 accepted=13627 skipped_out_of_area=1186 failed_chunks=0
Stored hospital rows in database: 56670
Attribution: © OpenStreetMap contributors (ODbL 1.0)
Wrote 56,670 hospitals record(s) with 77 distinct field(s) to data\exports\india_hospitals_local_ai.json (164.6 MB).
Attribution: © OpenStreetMap contributors (ODbL 1.0)
